epoch,step,train/c4_total_loss_epoch,train/c4_total_loss_step,train/f_prediction_alignment_mse_epoch,train/f_prediction_alignment_mse_step,train/goal_task_fraction_epoch,train/goal_task_fraction_step,train/loss_epoch,train/loss_step,train/predicted_goal_loss_epoch,train/predicted_goal_loss_step,train/predicted_prediction_mean_epoch,train/predicted_prediction_mean_step,train/predicted_vector_loss_epoch,train/predicted_vector_loss_step,train/random_task_fraction_epoch,train/random_task_fraction_step,train/real_goal_loss_epoch,train/real_goal_loss_step,train/real_prediction_mean_epoch,train/real_prediction_mean_step,train/real_vector_loss_epoch,train/real_vector_loss_step,train/td_pairs_epoch,train/td_pairs_step,train/td_target_mean_epoch,train/td_target_mean_step,train/terminal_fraction_epoch,train/terminal_fraction_step,validation/c4_total_loss,validation/f_prediction_alignment_mse,validation/goal_task_fraction,validation/loss,validation/predicted_goal_loss,validation/predicted_prediction_mean,validation/predicted_vector_loss,validation/random_task_fraction,validation/real_goal_loss,validation/real_prediction_mean,validation/real_vector_loss,validation/td_pairs,validation/td_target_mean,validation/terminal_fraction
0,49,,17170.98828125,,0.0046788486652076244,,0.46484375,,17170.98828125,,16970.408203125,,-0.005126953125,,199.91604614257812,,0.53515625,,16971.73828125,,-0.005035400390625,,199.91358947753906,,256.0,,0.0026182420551776886,,0.0078125,,,,,,,,,,,,,,
0,99,,18196.78125,,0.004781289957463741,,0.45703125,,18196.78125,,18005.169921875,,-0.0034332275390625,,195.55661010742188,,0.54296875,,17997.30078125,,-0.00341796875,,195.53651428222656,,256.0,,0.0031545439269393682,,0.00390625,,,,,,,,,,,,,,
0,149,,17203.70703125,,0.0049137817695736885,,0.49609375,,17203.70703125,,17010.501953125,,-0.00244140625,,196.13726806640625,,0.50390625,,17004.7265625,,-0.00238037109375,,196.05172729492188,,256.0,,0.014696749858558178,,0.01171875,,,,,,,,,,,,,,
0,199,,16242.57421875,,0.004541597329080105,,0.49609375,,16242.57421875,,16053.966796875,,-0.000499725341796875,,191.6529541015625,,0.50390625,,16047.95703125,,-0.0003414154052734375,,191.5701904296875,,256.0,,0.005986807402223349,,0.0078125,,,,,,,,,,,,,,
0,249,,18082.578125,,0.004699695855379105,,0.42578125,,18082.578125,,17889.34765625,,0.00095367431640625,,192.49949645996094,,0.57421875,,17890.810546875,,0.0009613037109375,,192.5006561279297,,256.0,,0.004816891625523567,,0.0,,,,,,,,,,,,,,
0,299,,17336.498046875,,0.005453660152852535,,0.47265625,,17336.498046875,,17142.892578125,,0.0025177001953125,,190.88681030273438,,0.52734375,,17148.361328125,,0.00250244140625,,190.8555450439453,,256.0,,0.002456036629155278,,0.0078125,,,,,,,,,,,,,,
0,349,,15934.755859375,,0.004849572665989399,,0.4375,,15934.755859375,,15745.8828125,,0.00628662109375,,189.7663116455078,,0.5625,,15744.10546875,,0.00616455078125,,189.75784301757812,,256.0,,0.008441394194960594,,0.0078125,,,,,,,,,,,,,,
0,399,,13958.33984375,,0.00473879836499691,,0.49609375,,13958.33984375,,13767.2998046875,,0.0076904296875,,184.68017578125,,0.50390625,,13780.0751953125,,0.007659912109375,,184.62435913085938,,256.0,,0.008550504222512245,,0.0,,,,,,,,,,,,,,
0,449,,14933.73828125,,0.004622691310942173,,0.5078125,,14933.73828125,,14740.916015625,,0.01300048828125,,189.03733825683594,,0.4921875,,14748.5556640625,,0.0130615234375,,188.9667510986328,,256.0,,0.016496073454618454,,0.01171875,,,,,,,,,,,,,,
0,499,,11311.3310546875,,0.005108570214360952,,0.45703125,,11311.3310546875,,11106.791015625,,0.017333984375,,195.7980499267578,,0.54296875,,11124.3828125,,0.0174560546875,,195.68995666503906,,256.0,,0.017334161326289177,,0.0078125,,,,,,,,,,,,,,
0,549,,11705.392578125,,0.004768901504576206,,0.44921875,,11705.392578125,,11481.4384765625,,0.02783203125,,219.72509765625,,0.55078125,,11489.6689453125,,0.028076171875,,219.95272827148438,,256.0,,0.015581009909510612,,0.0078125,,,,,,,,,,,,,,
0,599,,9987.828125,,0.004670967813581228,,0.4375,,9987.828125,,9698.4375,,0.036865234375,,285.5533447265625,,0.5625,,9706.7236328125,,0.036865234375,,284.94183349609375,,256.0,,0.015118605457246304,,0.01171875,,,,,,,,,,,,,,
0,649,,8377.1806640625,,0.004597686231136322,,0.4609375,,8377.1806640625,,8003.58984375,,0.0498046875,,368.4244384765625,,0.5390625,,8014.4814453125,,0.0498046875,,367.8648681640625,,256.0,,0.02372650057077408,,0.0,,,,,,,,,,,,,,
0,699,,6807.70458984375,,0.004869253374636173,,0.4609375,,6807.70458984375,,6343.34619140625,,0.07177734375,,454.40020751953125,,0.5390625,,6364.51904296875,,0.07177734375,,453.1433410644531,,256.0,,0.03179889917373657,,0.00390625,,,,,,,,,,,,,,
0,749,,5673.693359375,,0.004926656372845173,,0.59375,,5673.693359375,,5207.87060546875,,0.07275390625,,467.8311462402344,,0.40625,,5204.90771484375,,0.07275390625,,466.77740478515625,,256.0,,0.033272579312324524,,0.0078125,,,,,,,,,,,,,,
0,799,,4817.2314453125,,0.004544622264802456,,0.515625,,4817.2314453125,,4360.2109375,,0.06884765625,,468.63128662109375,,0.484375,,4335.5078125,,0.0693359375,,470.1131896972656,,256.0,,0.03725948929786682,,0.0,,,,,,,,,,,,,,
0,849,,5358.4521484375,,0.004977788310497999,,0.5390625,,5358.4521484375,,4913.4208984375,,0.07666015625,,468.6561279296875,,0.4609375,,4867.18212890625,,0.076171875,,467.6456604003906,,256.0,,0.051135700196027756,,0.00390625,,,,,,,,,,,,,,
0,899,,3587.171630859375,,0.00509136077016592,,0.44921875,,3587.171630859375,,3161.603759765625,,0.0849609375,,406.641845703125,,0.55078125,,3198.98974609375,,0.0849609375,,407.10784912109375,,256.0,,0.05167166888713837,,0.01171875,,,,,,,,,,,,,,
0,949,,3085.97021484375,,0.004919971339404583,,0.54296875,,3085.97021484375,,2703.98974609375,,0.0927734375,,365.7244873046875,,0.45703125,,2736.059326171875,,0.09326171875,,366.16680908203125,,256.0,,0.059441499412059784,,0.00390625,,,,,,,,,,,,,,
0,999,,2921.325927734375,,0.004708897788077593,,0.48828125,,2921.325927734375,,2576.384521484375,,0.1015625,,343.443115234375,,0.51171875,,2580.009521484375,,0.10205078125,,342.8146667480469,,256.0,,0.07959192991256714,,0.0078125,,,,,,,,,,,,,,
0,1049,,2261.47412109375,,0.004743844270706177,,0.50390625,,2261.47412109375,,1971.21337890625,,0.1279296875,,290.6926574707031,,0.49609375,,1970.8873291015625,,0.1279296875,,290.154541015625,,256.0,,0.0792304277420044,,0.0,,,,,,,,,,,,,,
0,1099,,3286.695068359375,,0.004618546925485134,,0.48046875,,3286.695068359375,,3003.9384765625,,0.1376953125,,299.505615234375,,0.51953125,,2975.221923828125,,0.13671875,,294.72406005859375,,256.0,,0.0917431116104126,,0.01171875,,,,,,,,,,,,,,
0,1149,,2983.0341796875,,0.005171181168407202,,0.5,,2983.0341796875,,2741.26806640625,,0.169921875,,301.3096923828125,,0.5,,2623.38623046875,,0.169921875,,300.1044921875,,256.0,,0.12680001556873322,,0.01171875,,,,,,,,,,,,,,
0,1199,,3030.92919921875,,0.0050021326169371605,,0.49609375,,3030.92919921875,,2760.268798828125,,0.19140625,,289.5965576171875,,0.50390625,,2722.064453125,,0.1923828125,,289.92901611328125,,256.0,,0.1252463161945343,,0.0,,,,,,,,,,,,,,
0,1249,,2117.273681640625,,0.004395435564219952,,0.48046875,,2117.273681640625,,1827.925537109375,,0.1943359375,,289.0445556640625,,0.51953125,,1830.907470703125,,0.1943359375,,286.66973876953125,,256.0,,0.12251900136470795,,0.0,,,,,,,,,,,,,,
0,1299,,3132.400146484375,,0.004688045009970665,,0.51953125,,3132.400146484375,,2824.876220703125,,0.169921875,,315.15869140625,,0.48046875,,2809.4501953125,,0.169921875,,315.3152160644531,,256.0,,0.12864241003990173,,0.0078125,,,,,,,,,,,,,,
0,1349,,4970.005859375,,0.004829094745218754,,0.49609375,,4970.005859375,,4616.40087890625,,0.21484375,,328.973388671875,,0.50390625,,4665.7861328125,,0.212890625,,328.85198974609375,,256.0,,0.1369362622499466,,0.00390625,,,,,,,,,,,,,,
0,1399,,3858.668212890625,,0.004737549927085638,,0.52734375,,3858.668212890625,,3553.25537109375,,0.21875,,321.2310791015625,,0.47265625,,3523.305419921875,,0.2197265625,,319.5447998046875,,256.0,,0.16431373357772827,,0.00390625,,,,,,,,,,,,,,
0,1449,,3141.41552734375,,0.00457645021378994,,0.4921875,,3141.41552734375,,2794.9072265625,,0.1669921875,,320.8645935058594,,0.5078125,,2849.284423828125,,0.16796875,,317.77490234375,,256.0,,0.1503380835056305,,0.0,,,,,,,,,,,,,,
0,1499,,2825.02587890625,,0.004284536466002464,,0.53125,,2825.02587890625,,2508.33447265625,,0.2373046875,,328.6658935546875,,0.46875,,2488.346923828125,,0.2373046875,,324.7040100097656,,256.0,,0.16073647141456604,,0.0,,,,,,,,,,,,,,
0,1549,,3331.981689453125,,0.004876207560300827,,0.4921875,,3331.981689453125,,2923.739990234375,,0.2353515625,,394.67169189453125,,0.5078125,,2949.55126953125,,0.2353515625,,396.00054931640625,,256.0,,0.18530705571174622,,0.0,,,,,,,,,,,,,,
0,1599,,3469.9892578125,,0.004805746953934431,,0.49609375,,3469.9892578125,,3066.33935546875,,0.21875,,400.75897216796875,,0.50390625,,3068.72265625,,0.2197265625,,404.1575927734375,,256.0,,0.18233558535575867,,0.0078125,,,,,,,,,,,,,,
0,1649,,5164.1259765625,,0.004871813580393791,,0.5625,,5164.1259765625,,4718.095703125,,0.255859375,,448.62744140625,,0.4375,,4716.84375,,0.255859375,,444.68438720703125,,256.0,,0.21411661803722382,,0.0078125,,,,,,,,,,,,,,
0,1699,,4121.2939453125,,0.004641575273126364,,0.51953125,,4121.2939453125,,3726.916015625,,0.26171875,,423.357421875,,0.48046875,,3669.136474609375,,0.263671875,,423.177734375,,256.0,,0.23330643773078918,,0.00390625,,,,,,,,,,,,,,
0,1749,,7500.443359375,,0.004697798751294613,,0.4921875,,7500.443359375,,7050.4453125,,0.302734375,,481.1889953613281,,0.5078125,,6987.984375,,0.302734375,,481.2680358886719,,256.0,,0.2439393401145935,,0.0078125,,,,,,,,,,,,,,
0,1799,,4429.49609375,,0.0046258894726634026,,0.45703125,,4429.49609375,,4017.000732421875,,0.318359375,,473.5250244140625,,0.54296875,,3894.78857421875,,0.31640625,,473.67803955078125,,256.0,,0.24647235870361328,,0.00390625,,,,,,,,,,,,,,
0,1849,,5124.9853515625,,0.0049680802039802074,,0.51953125,,5124.9853515625,,4610.46826171875,,0.33203125,,515.3372192382812,,0.48046875,,4608.94921875,,0.33203125,,515.2151489257812,,256.0,,0.25392818450927734,,0.0,,,,,,,,,,,,,,
0,1899,,6163.1962890625,,0.004714048467576504,,0.51171875,,6163.1962890625,,5569.7197265625,,0.32421875,,570.2312622070312,,0.48828125,,5614.55078125,,0.326171875,,571.8902587890625,,256.0,,0.2712268829345703,,0.0078125,,,,,,,,,,,,,,
0,1949,,4750.37109375,,0.004942021332681179,,0.46484375,,4750.37109375,,4216.06005859375,,0.349609375,,588.06494140625,,0.53515625,,4109.744140625,,0.3515625,,586.8724365234375,,256.0,,0.2889121174812317,,0.00390625,,,,,,,,,,,,,,
0,1999,,6410.5126953125,,0.004833653569221497,,0.48828125,,6410.5126953125,,5875.802734375,,0.373046875,,537.802490234375,,0.51171875,,5875.99267578125,,0.373046875,,531.4267578125,,256.0,,0.3126336336135864,,0.0,,,,,,,,,,,,,,
0,2049,,10019.11328125,,0.004948830232024193,,0.50390625,,10019.11328125,,9422.423828125,,0.3671875,,638.4442138671875,,0.49609375,,9344.44921875,,0.365234375,,632.9093017578125,,256.0,,0.28289809823036194,,0.00390625,,,,,,,,,,,,,,
0,2099,,6405.2568359375,,0.004843405447900295,,0.47265625,,6405.2568359375,,5750.19287109375,,0.40625,,614.5263671875,,0.52734375,,5827.31689453125,,0.408203125,,618.477783203125,,256.0,,0.32323718070983887,,0.0,,,,,,,,,,,,,,
0,2149,,4040.780029296875,,0.004908932372927666,,0.49609375,,4040.780029296875,,3413.862060546875,,0.384765625,,620.0787963867188,,0.50390625,,3431.099365234375,,0.38671875,,616.5197143554688,,256.0,,0.3464981019496918,,0.0,,,,,,,,,,,,,,
0,2199,,5104.287109375,,0.004965560510754585,,0.48046875,,5104.287109375,,4547.29345703125,,0.455078125,,614.2439575195312,,0.51953125,,4439.826171875,,0.455078125,,607.2099609375,,256.0,,0.3770105838775635,,0.0,,,,,,,,,,,,,,
0,2249,,10577.626953125,,0.00519994180649519,,0.46875,,10577.626953125,,9755.21484375,,0.412109375,,768.8892822265625,,0.53125,,9870.7587890625,,0.41015625,,760.3900146484375,,256.0,,0.3848068118095398,,0.0078125,,,,,,,,,,,,,,
0,2299,,5146.8818359375,,0.004746021702885628,,0.47265625,,5146.8818359375,,4390.58349609375,,0.40234375,,656.9599609375,,0.52734375,,4587.4853515625,,0.40234375,,658.7344360351562,,256.0,,0.35161423683166504,,0.0,,,,,,,,,,,,,,
0,2349,,5486.6787109375,,0.00450802780687809,,0.51171875,,5486.6787109375,,4705.794921875,,0.4453125,,775.0750122070312,,0.48828125,,4720.92724609375,,0.447265625,,771.5604248046875,,256.0,,0.35350656509399414,,0.00390625,,,,,,,,,,,,,,
0,2399,,7014.724609375,,0.004890670068562031,,0.51171875,,7014.724609375,,6292.52197265625,,0.486328125,,849.9766235351562,,0.48828125,,6035.9892578125,,0.486328125,,850.9610595703125,,256.0,,0.4007475972175598,,0.0,,,,,,,,,,,,,,
0,2449,,12626.486328125,,0.00476473942399025,,0.484375,,12626.486328125,,11743.4912109375,,0.474609375,,912.7420654296875,,0.515625,,11684.7255859375,,0.474609375,,912.0128173828125,,256.0,,0.42718446254730225,,0.01171875,,,,,,,,,,,,,,
0,2499,,21895.57421875,,0.004725513979792595,,0.44921875,,21895.57421875,,20955.720703125,,0.490234375,,1082.408935546875,,0.55078125,,20670.56640625,,0.48828125,,1082.450927734375,,256.0,,0.443075031042099,,0.01171875,,,,,,,,,,,,,,
0,2549,,28412.86328125,,0.0046008797362446785,,0.5078125,,28412.86328125,,27375.873046875,,0.4765625,,1160.491455078125,,0.4921875,,27128.564453125,,0.478515625,,1160.7989501953125,,256.0,,0.4015875458717346,,0.01171875,,,,,,,,,,,,,,
0,2599,,34699.8671875,,0.004948238842189312,,0.52734375,,34699.8671875,,33486.0,,0.54296875,,1289.659423828125,,0.47265625,,33325.76953125,,0.54296875,,1298.305908203125,,256.0,,0.4573702812194824,,0.01171875,,,,,,,,,,,,,,
0,2649,,8631.65234375,,0.004709085449576378,,0.5,,8631.65234375,,7866.3037109375,,0.546875,,924.586669921875,,0.5,,7557.1767578125,,0.546875,,915.2364501953125,,256.0,,0.4593857228755951,,0.0,,,,,,,,,,,,,,
0,2699,,16401.50390625,,0.00523187592625618,,0.4609375,,16401.50390625,,15221.7158203125,,0.57421875,,1061.95458984375,,0.5390625,,15455.1318359375,,0.578125,,1064.2066650390625,,256.0,,0.4731174409389496,,0.00390625,,,,,,,,,,,,,,
0,2749,,19108.576171875,,0.004767900332808495,,0.5,,19108.576171875,,17876.62109375,,0.546875,,1118.2430419921875,,0.5,,18097.958984375,,0.55078125,,1124.3304443359375,,256.0,,0.4438483715057373,,0.00390625,,,,,,,,,,,,,,
0,2799,,7983.1162109375,,0.004769624210894108,,0.49609375,,7983.1162109375,,6966.79833984375,,0.6484375,,993.9658203125,,0.50390625,,7019.09423828125,,0.64453125,,986.373779296875,,256.0,,0.5186842679977417,,0.00390625,,,,,,,,,,,,,,
0,2849,,7297.6787109375,,0.004816137719899416,,0.51953125,,7297.6787109375,,6257.34814453125,,0.490234375,,1011.9200439453125,,0.48046875,,6316.5302734375,,0.490234375,,1009.5587158203125,,256.0,,0.4864763021469116,,0.00390625,,,,,,,,,,,,,,
0,2899,,9261.365234375,,0.005019846837967634,,0.49609375,,9261.365234375,,8114.58740234375,,0.65234375,,1127.5093994140625,,0.50390625,,8163.71728515625,,0.65234375,,1116.9150390625,,256.0,,0.5410558581352234,,0.00390625,,,,,,,,,,,,,,
0,2949,,29314.328125,,0.004755228757858276,,0.5,,29314.328125,,27804.9296875,,0.61328125,,1352.4189453125,,0.5,,28115.19921875,,0.6171875,,1356.1104736328125,,256.0,,0.4982764720916748,,0.0078125,,,,,,,,,,,,,,
0,2999,,9495.82421875,,0.004587296396493912,,0.54296875,,9495.82421875,,8196.232421875,,0.5859375,,1180.5906982421875,,0.45703125,,8442.490234375,,0.58203125,,1172.3345947265625,,256.0,,0.5170769095420837,,0.0,,,,,,,,,,,,,,
0,3049,,23623.80078125,,0.005197709426283836,,0.48046875,,23623.80078125,,22316.787109375,,0.5546875,,1417.5771484375,,0.51953125,,22101.8671875,,0.5546875,,1411.3701171875,,256.0,,0.5392154455184937,,0.00390625,,,,,,,,,,,,,,
0,3099,,10607.0361328125,,0.005122092552483082,,0.484375,,10607.0361328125,,9436.0322265625,,0.63671875,,1349.080078125,,0.515625,,9078.2080078125,,0.63671875,,1350.752197265625,,256.0,,0.56699138879776,,0.0078125,,,,,,,,,,,,,,
0,3149,,22144.728515625,,0.005366162396967411,,0.515625,,22144.728515625,,20893.04296875,,0.6484375,,1229.8944091796875,,0.484375,,20952.88671875,,0.64453125,,1213.63232421875,,256.0,,0.5798219442367554,,0.0078125,,,,,,,,,,,,,,
0,3199,,11949.5703125,,0.006550525315105915,,0.51171875,,11949.5703125,,10639.1064453125,,0.73046875,,1355.6353759765625,,0.48828125,,10557.009765625,,0.734375,,1347.3892822265625,,256.0,,0.5636536478996277,,0.00390625,,,,,,,,,,,,,,
0,3249,,40758.08203125,,0.004767121747136116,,0.515625,,40758.08203125,,39215.72265625,,0.63671875,,1655.5626220703125,,0.484375,,39017.234375,,0.640625,,1627.6436767578125,,256.0,,0.5499178171157837,,0.015625,,,,,,,,,,,,,,
0,3299,,25242.6640625,,0.004762636031955481,,0.5546875,,25242.6640625,,23988.40234375,,0.71875,,1510.105224609375,,0.4453125,,23482.82421875,,0.71875,,1503.99462890625,,256.0,,0.6801087260246277,,0.00390625,,,,,,,,,,,,,,
0,3349,,9289.703125,,0.005001829005777836,,0.484375,,9289.703125,,8010.41796875,,0.68359375,,1377.6654052734375,,0.515625,,7831.552734375,,0.68359375,,1359.771728515625,,256.0,,0.5833837985992432,,0.00390625,,,,,,,,,,,,,,
0,3399,,30085.560546875,,0.004976986907422543,,0.47265625,,30085.560546875,,28401.615234375,,0.77734375,,1508.341064453125,,0.52734375,,28756.17578125,,0.7734375,,1504.98876953125,,256.0,,0.7369620203971863,,0.0078125,,,,,,,,,,,,,,
0,3449,,7964.5751953125,,0.004428412765264511,,0.5078125,,7964.5751953125,,6733.30419921875,,0.7890625,,1158.86279296875,,0.4921875,,6872.28271484375,,0.7890625,,1164.701171875,,256.0,,0.6796447038650513,,0.0,,,,,,,,,,,,,,
0,3499,,10217.5234375,,0.0051093022339046,,0.47265625,,10217.5234375,,9036.9677734375,,0.67578125,,1287.768310546875,,0.52734375,,8848.2255859375,,0.67578125,,1262.084716796875,,256.0,,0.6292735934257507,,0.0,,,,,,,,,,,,,,
0,3549,,11830.654296875,,0.004624772351235151,,0.49609375,,11830.654296875,,10377.8798828125,,0.76171875,,1576.5609130859375,,0.50390625,,10143.15625,,0.76171875,,1563.71240234375,,256.0,,0.6756191253662109,,0.0078125,,,,,,,,,,,,,,
0,3599,,35979.640625,,0.004581980407238007,,0.4375,,35979.640625,,34221.859375,,0.828125,,1728.583984375,,0.5625,,34273.6015625,,0.828125,,1735.2344970703125,,256.0,,0.7387062907218933,,0.00390625,,,,,,,,,,,,,,
0,3649,,8662.33984375,,0.0046223849058151245,,0.5078125,,8662.33984375,,7143.810546875,,0.79296875,,1564.3570556640625,,0.4921875,,7054.90576171875,,0.79296875,,1561.606201171875,,256.0,,0.749957263469696,,0.0,,,,,,,,,,,,,,
0,3699,,10878.779296875,,0.005129425786435604,,0.4765625,,10878.779296875,,9453.0361328125,,0.703125,,1488.8751220703125,,0.5234375,,9344.5234375,,0.70703125,,1471.1248779296875,,256.0,,0.6581794023513794,,0.00390625,,,,,,,,,,,,,,
0,3749,,10604.134765625,,0.004803631454706192,,0.51953125,,10604.134765625,,8965.373046875,,0.8125,,1689.833251953125,,0.48046875,,8877.7568359375,,0.8125,,1675.3067626953125,,256.0,,0.7604864835739136,,0.0,,,,,,,,,,,,,,
0,3799,,12018.4951171875,,0.004679340869188309,,0.4921875,,12018.4951171875,,10383.166015625,,0.81640625,,1677.642578125,,0.5078125,,10319.7470703125,,0.81640625,,1656.4345703125,,256.0,,0.7342082262039185,,0.0,,,,,,,,,,,,,,
0,3849,,12773.0146484375,,0.00448621017858386,,0.47265625,,12773.0146484375,,11151.212890625,,0.82421875,,1616.595458984375,,0.52734375,,11162.26171875,,0.82421875,,1615.9586181640625,,256.0,,0.7154951095581055,,0.0,,,,,,,,,,,,,,
0,3899,,8950.333984375,,0.00472613051533699,,0.49609375,,8950.333984375,,7525.07470703125,,0.796875,,1529.345947265625,,0.50390625,,7322.908203125,,0.796875,,1523.338134765625,,256.0,,0.7429356575012207,,0.00390625,,,,,,,,,,,,,,
0,3949,,9400.03125,,0.004424222279340029,,0.46484375,,9400.03125,,7860.240234375,,0.87109375,,1600.869384765625,,0.53515625,,7742.5009765625,,0.87109375,,1596.450927734375,,256.0,,0.8098036050796509,,0.0,,,,,,,,,,,,,,
0,3999,,24808.681640625,,0.004794334527105093,,0.53125,,24808.681640625,,23009.5,,0.80859375,,1797.2230224609375,,0.46875,,22997.521484375,,0.80859375,,1813.118896484375,,256.0,,0.7315451502799988,,0.00390625,,,,,,,,,,,,,,
0,4049,,11181.0703125,,0.00454437592998147,,0.45703125,,11181.0703125,,9509.060546875,,0.78515625,,1700.4371337890625,,0.54296875,,9483.078125,,0.78515625,,1669.565185546875,,256.0,,0.7473071813583374,,0.0,,,,,,,,,,,,,,
0,4099,,11401.015625,,0.004915875382721424,,0.54296875,,11401.015625,,9696.43359375,,0.88671875,,1787.058837890625,,0.45703125,,9530.701171875,,0.88671875,,1787.838134765625,,256.0,,0.8736125826835632,,0.0,,,,,,,,,,,,,,
0,4149,,10895.490234375,,0.004704772960394621,,0.48828125,,10895.490234375,,9205.2431640625,,0.859375,,1769.197021484375,,0.51171875,,9062.1787109375,,0.859375,,1754.3603515625,,256.0,,0.7911795377731323,,0.0,,,,,,,,,,,,,,
0,4199,,29151.0390625,,0.004432296380400658,,0.484375,,29151.0390625,,27251.638671875,,0.82421875,,1873.7103271484375,,0.515625,,27305.455078125,,0.82421875,,1871.276123046875,,256.0,,0.7958501577377319,,0.0078125,,,,,,,,,,,,,,
0,4249,,12230.77734375,,0.004907828755676746,,0.48828125,,12230.77734375,,10481.232421875,,0.87109375,,1786.243408203125,,0.51171875,,10439.732421875,,0.875,,1754.346435546875,,256.0,,0.7829746007919312,,0.0,,,,,,,,,,,,,,
0,4299,,10193.451171875,,0.00829310342669487,,0.49609375,,10193.451171875,,8591.580078125,,0.8515625,,1708.3931884765625,,0.50390625,,8459.2109375,,0.8515625,,1627.71630859375,,256.0,,0.8029128909111023,,0.0,,,,,,,,,,,,,,
0,4349,,13843.466796875,,0.004748467355966568,,0.48828125,,13843.466796875,,11508.2109375,,1.0078125,,2233.275634765625,,0.51171875,,11721.865234375,,1.0078125,,2223.5830078125,,256.0,,0.8932204246520996,,0.01953125,,,,,,,,,,,,,,
0,4399,,8104.18603515625,,0.004729759879410267,,0.515625,,8104.18603515625,,6482.17822265625,,0.90234375,,1700.811279296875,,0.484375,,6346.61669921875,,0.90625,,1678.76611328125,,256.0,,0.8681378364562988,,0.0,,,,,,,,,,,,,,
0,4449,,12556.36328125,,0.004633673932403326,,0.48046875,,12556.36328125,,11411.1748046875,,0.8046875,,1723.562255859375,,0.51953125,,10277.1826171875,,0.8046875,,1700.8077392578125,,256.0,,0.7916395664215088,,0.00390625,,,,,,,,,,,,,,
0,4499,,38408.41796875,,0.004682769998908043,,0.51953125,,38408.41796875,,36516.8046875,,0.9453125,,2222.00927734375,,0.48046875,,35865.1484375,,0.9453125,,2212.873046875,,256.0,,0.8341464996337891,,0.00390625,,,,,,,,,,,,,,
0,4549,,9793.625,,0.0049187541007995605,,0.55859375,,9793.625,,7784.21142578125,,0.96484375,,1813.400390625,,0.44140625,,8180.15625,,0.96484375,,1809.4814453125,,256.0,,0.8898533582687378,,0.0,,,,,,,,,,,,,,
0,4599,,12751.92578125,,0.004621808882802725,,0.52734375,,12751.92578125,,10882.4052734375,,0.94140625,,1865.7818603515625,,0.47265625,,10906.14453125,,0.94140625,,1849.520751953125,,256.0,,0.8874348998069763,,0.0,,,,,,,,,,,,,,
0,4649,,10071.0693359375,,0.004735960625112057,,0.49609375,,10071.0693359375,,8589.951171875,,1.015625,,1699.6884765625,,0.50390625,,8157.97998046875,,1.015625,,1694.518798828125,,256.0,,0.9008791446685791,,0.0,,,,,,,,,,,,,,
0,4699,,37660.7265625,,0.004814038053154945,,0.5078125,,37660.7265625,,35664.90625,,1.0078125,,2218.961181640625,,0.4921875,,35241.38671875,,1.0078125,,2196.20166015625,,256.0,,0.8971537351608276,,0.00390625,,,,,,,,,,,,,,
0,4749,,11070.32421875,,0.005254240240901709,,0.55078125,,11070.32421875,,9022.501953125,,0.95703125,,2091.20458984375,,0.44921875,,8956.7802734375,,0.95703125,,2070.1611328125,,256.0,,0.963780403137207,,0.0,,,,,,,,,,,,,,
0,4799,,13184.296875,,0.004700202029198408,,0.51953125,,13184.296875,,11097.8388671875,,1.0703125,,2186.4130859375,,0.48046875,,10933.98828125,,1.0703125,,2150.353271484375,,256.0,,0.9581782817840576,,0.0,,,,,,,,,,,,,,
0,4849,,12038.1298828125,,0.005040711723268032,,0.52734375,,12038.1298828125,,10286.921875,,1.0234375,,1831.7840576171875,,0.47265625,,10160.7919921875,,1.03125,,1796.7613525390625,,256.0,,0.9447512030601501,,0.0,,,,,,,,,,,,,,
0,4899,,15462.7666015625,,0.004936983343213797,,0.51953125,,15462.7666015625,,13630.9072265625,,1.1015625,,2024.431396484375,,0.48046875,,13271.4765625,,1.1015625,,1998.7177734375,,256.0,,1.009864091873169,,0.0,,,,,,,,,,,,,,
0,4949,,56549.41796875,,0.004520814400166273,,0.546875,,56549.41796875,,53933.359375,,1.046875,,2473.71337890625,,0.453125,,54233.31640625,,1.046875,,2458.4462890625,,256.0,,0.8922798037528992,,0.0078125,,,,,,,,,,,,,,
0,4999,,13594.79296875,,0.004800133872777224,,0.5078125,,13594.79296875,,11430.951171875,,1.015625,,2087.67333984375,,0.4921875,,11608.78125,,1.0234375,,2062.180419921875,,256.0,,0.9172728061676025,,0.00390625,,,,,,,,,,,,,,
0,5049,,35921.36328125,,0.005249839276075363,,0.4609375,,35921.36328125,,33543.9140625,,1.1171875,,2551.48583984375,,0.5390625,,33232.4765625,,1.109375,,2514.853515625,,256.0,,1.0098932981491089,,0.00390625,,,,,,,,,,,,,,
0,5099,,14757.5966796875,,0.00453478517010808,,0.51171875,,14757.5966796875,,12394.10546875,,1.0,,2424.5068359375,,0.48828125,,12298.6298828125,,1.0,,2397.951171875,,256.0,,0.9585815668106079,,0.0,,,,,,,,,,,,,,
0,5149,,39327.0390625,,0.004955919925123453,,0.49609375,,39327.0390625,,37355.66015625,,1.0859375,,2260.790771484375,,0.50390625,,36807.87890625,,1.0859375,,2229.751953125,,256.0,,1.042933702468872,,0.00390625,,,,,,,,,,,,,,
0,5199,,36190.3125,,0.0046784053556621075,,0.44921875,,36190.3125,,33701.8828125,,1.0,,2464.51904296875,,0.55078125,,33769.4921875,,1.0,,2444.732177734375,,256.0,,0.9043342471122742,,0.0078125,,,,,,,,,,,,,,
0,5249,,32218.720703125,,0.005011516623198986,,0.54296875,,32218.720703125,,29862.162109375,,1.078125,,2534.4169921875,,0.45703125,,29535.498046875,,1.0859375,,2505.365478515625,,256.0,,0.9856495261192322,,0.01171875,,,,,,,,,,,,,,
0,5299,,67191.9296875,,0.005091734696179628,,0.50390625,,67191.9296875,,64885.48046875,,0.9296875,,2822.338623046875,,0.49609375,,63876.953125,,0.9296875,,2799.08349609375,,256.0,,0.882067084312439,,0.0078125,,,,,,,,,,,,,,
0,5349,,12476.87109375,,0.004863257519900799,,0.46875,,12476.87109375,,10276.7529296875,,1.0234375,,2225.20556640625,,0.53125,,10238.5400390625,,1.03125,,2213.242919921875,,256.0,,0.9779928922653198,,0.0,,,,,,,,,,,,,,
0,5399,,17808.095703125,,0.0049992334097623825,,0.48828125,,17808.095703125,,16151.0,,1.015625,,2124.830078125,,0.51171875,,15239.9345703125,,1.015625,,2100.427490234375,,256.0,,0.9741126894950867,,0.00390625,,,,,,,,,,,,,,
0,5449,,30587.32421875,,0.004848634358495474,,0.4921875,,30587.32421875,,28347.7265625,,1.09375,,2566.592529296875,,0.5078125,,27708.552734375,,1.09375,,2551.77734375,,256.0,,1.0175418853759766,,0.00390625,,,,,,,,,,,,,,
0,5499,,13175.2109375,,0.004504102282226086,,0.53515625,,13175.2109375,,11130.5166015625,,1.046875,,2127.08056640625,,0.46484375,,10988.7119140625,,1.046875,,2104.112548828125,,256.0,,1.0446391105651855,,0.0,,,,,,,,,,,,,,
0,5549,,16263.5703125,,0.0047108386643230915,,0.46875,,16263.5703125,,14196.818359375,,0.99609375,,2079.985595703125,,0.53125,,14192.427734375,,1.0,,2057.908203125,,256.0,,1.011446475982666,,0.00390625,,,,,,,,,,,,,,
0,5599,,13447.994140625,,0.007074790075421333,,0.47265625,,13447.994140625,,11368.966796875,,1.0703125,,2358.09423828125,,0.52734375,,10873.7109375,,1.0703125,,2295.2177734375,,256.0,,1.0029211044311523,,0.0078125,,,,,,,,,,,,,,
0,5649,,35190.1953125,,0.004771029110997915,,0.54296875,,35190.1953125,,32766.720703125,,1.03125,,2593.283203125,,0.45703125,,32413.65234375,,1.0390625,,2606.73388671875,,256.0,,0.9858341217041016,,0.00390625,,,,,,,,,,,,,,
0,5699,,14749.1455078125,,0.00481770932674408,,0.5078125,,14749.1455078125,,12318.6728515625,,1.0625,,2498.027587890625,,0.4921875,,12204.1591796875,,1.0625,,2477.431640625,,256.0,,1.0068974494934082,,0.0,,,,,,,,,,,,,,
0,5749,,41248.4921875,,0.004700504243373871,,0.49609375,,41248.4921875,,38440.671875,,1.078125,,2521.34228515625,,0.50390625,,39027.6640625,,1.078125,,2507.30712890625,,256.0,,0.9869014024734497,,0.00390625,,,,,,,,,,,,,,
0,5799,,79913.46875,,0.004944125190377235,,0.50390625,,79913.46875,,77434.25,,1.0546875,,2741.534912109375,,0.49609375,,76940.34375,,1.0546875,,2710.8056640625,,256.0,,0.9954886436462402,,0.01171875,,,,,,,,,,,,,,
0,5849,,16773.88671875,,0.004788022488355637,,0.49609375,,16773.88671875,,14130.1298828125,,1.1953125,,2569.996337890625,,0.50390625,,14292.486328125,,1.203125,,2555.1611328125,,256.0,,1.131018042564392,,0.00390625,,,,,,,,,,,,,,
0,5899,,11086.0078125,,0.00496155209839344,,0.546875,,11086.0078125,,8926.34375,,1.0234375,,2322.009765625,,0.453125,,8626.2646484375,,1.03125,,2297.39697265625,,256.0,,0.979893684387207,,0.00390625,,,,,,,,,,,,,,
0,5949,,37362.515625,,0.004799884743988514,,0.53515625,,37362.515625,,34500.4375,,1.1875,,2628.20068359375,,0.46484375,,34961.24609375,,1.1875,,2635.154296875,,256.0,,1.1100552082061768,,0.00390625,,,,,,,,,,,,,,
0,5999,,14191.8505859375,,0.004830034915357828,,0.484375,,14191.8505859375,,12093.173828125,,1.1796875,,2231.297119140625,,0.515625,,11854.3125,,1.1796875,,2204.918212890625,,256.0,,1.0553926229476929,,0.0,,,,,,,,,,,,,,
0,6049,,11432.34765625,,0.004605765920132399,,0.5078125,,11432.34765625,,9629.607421875,,1.0703125,,2031.692138671875,,0.4921875,,9225.732421875,,1.0703125,,1977.661865234375,,256.0,,1.0163259506225586,,0.0,,,,,,,,,,,,,,
0,6099,,10574.390625,,0.0043874699622392654,,0.51171875,,10574.390625,,8378.2822265625,,1.2421875,,2200.722900390625,,0.48828125,,8390.8076171875,,1.2421875,,2178.968017578125,,256.0,,1.1153497695922852,,0.0,,,,,,,,,,,,,,
0,6149,,11030.2001953125,,0.00475597707554698,,0.5,,11030.2001953125,,8825.1865234375,,1.1484375,,2568.69580078125,,0.5,,8145.88232421875,,1.1484375,,2520.63525390625,,256.0,,1.090050458908081,,0.0078125,,,,,,,,,,,,,,
0,6199,,135345.40625,,0.004646203014999628,,0.46484375,,135345.40625,,132514.625,,1.1875,,3558.47705078125,,0.53515625,,131109.515625,,1.1875,,3508.201416015625,,256.0,,1.120727300643921,,0.01171875,,,,,,,,,,,,,,
0,6249,,47250.80078125,,0.0048288097605109215,,0.46484375,,47250.80078125,,44486.91015625,,0.99609375,,3017.3681640625,,0.53515625,,44027.10546875,,0.9921875,,2970.21923828125,,256.0,,1.0530829429626465,,0.015625,,,,,,,,,,,,,,
0,6299,,80096.0625,,0.004822428338229656,,0.5234375,,80096.0625,,77596.2109375,,1.0390625,,2861.92919921875,,0.4765625,,76914.8203125,,1.046875,,2819.166015625,,256.0,,0.9441733360290527,,0.015625,,,,,,,,,,,,,,
0,6349,,13995.146484375,,0.0048757451586425304,,0.48046875,,13995.146484375,,11590.521484375,,1.15625,,2350.021728515625,,0.51953125,,11703.056640625,,1.1640625,,2346.693603515625,,256.0,,1.085854172706604,,0.0,,,,,,,,,,,,,,
0,6399,,15461.7412109375,,0.0049842000007629395,,0.5,,15461.7412109375,,13248.919921875,,1.109375,,2510.09814453125,,0.5,,12708.111328125,,1.109375,,2456.35302734375,,256.0,,1.126550555229187,,0.00390625,,,,,,,,,,,,,,
0,6449,,17065.0078125,,0.004522308707237244,,0.49609375,,17065.0078125,,14810.390625,,1.2109375,,2402.092529296875,,0.50390625,,14530.798828125,,1.21875,,2386.73193359375,,256.0,,1.1198225021362305,,0.00390625,,,,,,,,,,,,,,
0,6499,,13707.1689453125,,0.004908256698399782,,0.51953125,,13707.1689453125,,11663.8125,,1.046875,,2265.572998046875,,0.48046875,,11234.40234375,,1.046875,,2250.5498046875,,256.0,,1.0142558813095093,,0.00390625,,,,,,,,,,,,,,
0,6549,,13772.634765625,,0.004666672088205814,,0.546875,,13772.634765625,,11581.89453125,,1.203125,,2368.19970703125,,0.453125,,11251.6767578125,,1.203125,,2343.5,,256.0,,1.141784429550171,,0.0,,,,,,,,,,,,,,
0,6599,,115058.234375,,0.004518686793744564,,0.46484375,,115058.234375,,112266.7109375,,1.21875,,3488.25732421875,,0.53515625,,110908.7890625,,1.2265625,,3452.716552734375,,256.0,,1.133765459060669,,0.01171875,,,,,,,,,,,,,,
0,6649,,12633.1279296875,,0.004889956675469875,,0.53515625,,12633.1279296875,,10197.8701171875,,1.1484375,,2650.718017578125,,0.46484375,,9831.697265625,,1.1484375,,2585.97021484375,,256.0,,1.1624646186828613,,0.0078125,,,,,,,,,,,,,,
0,6699,,15547.05078125,,0.004517294466495514,,0.50390625,,15547.05078125,,13863.5810546875,,1.1796875,,2011.330322265625,,0.49609375,,13233.84375,,1.171875,,1985.347900390625,,256.0,,1.0964196920394897,,0.0,,,,,,,,,,,,,,
0,6749,,14004.697265625,,0.004695951472967863,,0.52734375,,14004.697265625,,12100.2236328125,,1.1796875,,2007.482421875,,0.47265625,,11911.0380859375,,1.1796875,,1990.65185546875,,256.0,,1.1875724792480469,,0.0,,,,,,,,,,,,,,
0,6799,,46950.0390625,,0.0046172733418643475,,0.46484375,,46950.0390625,,44449.7578125,,1.15625,,2616.90966796875,,0.53515625,,44229.7734375,,1.15625,,2603.6337890625,,256.0,,1.160262107849121,,0.0078125,,,,,,,,,,,,,,
0,6849,,17026.00390625,,0.005129526369273663,,0.51171875,,17026.00390625,,14403.1396484375,,1.2578125,,2531.603759765625,,0.48828125,,14626.9296875,,1.2578125,,2490.3310546875,,256.0,,1.2042603492736816,,0.0,,,,,,,,,,,,,,
0,6899,,38564.7734375,,0.0046981764025986195,,0.515625,,38564.7734375,,36059.46875,,1.2578125,,2612.288818359375,,0.484375,,35850.625,,1.2578125,,2607.163330078125,,256.0,,1.1726861000061035,,0.00390625,,,,,,,,,,,,,,
0,6949,,65311.2421875,,0.004528789781033993,,0.58203125,,65311.2421875,,62383.80078125,,1.171875,,3328.494384765625,,0.41796875,,61639.203125,,1.1796875,,3270.9853515625,,256.0,,1.061954379081726,,0.01171875,,,,,,,,,,,,,,
0,6999,,16534.677734375,,0.004683312959969044,,0.51171875,,16534.677734375,,14282.240234375,,1.234375,,2373.9951171875,,0.48828125,,14056.251953125,,1.2421875,,2356.8681640625,,256.0,,1.1884336471557617,,0.0,,,,,,,,,,,,,,
0,7049,,41266.640625,,0.00455210916697979,,0.5234375,,41266.640625,,37955.45703125,,1.1875,,2829.47412109375,,0.4765625,,38910.13671875,,1.1875,,2838.218017578125,,256.0,,1.221632480621338,,0.0078125,,,,,,,,,,,,,,
0,7099,,58770.71484375,,0.004966177977621555,,0.46484375,,58770.71484375,,56196.38671875,,1.0859375,,2787.53955078125,,0.53515625,,55788.53125,,1.0859375,,2768.97314453125,,256.0,,1.0782045125961304,,0.00390625,,,,,,,,,,,,,,
0,7149,,59041.45703125,,0.005233248230069876,,0.46875,,59041.45703125,,56151.234375,,1.28125,,2896.0048828125,,0.53125,,56167.69140625,,1.28125,,2867.98486328125,,256.0,,1.1189630031585693,,0.01171875,,,,,,,,,,,,,,
0,7199,,17802.517578125,,0.0055250017903745174,,0.51953125,,17802.517578125,,15379.6162109375,,1.2890625,,2554.2578125,,0.48046875,,15191.708984375,,1.2890625,,2479.4501953125,,256.0,,1.2370864152908325,,0.0,,,,,,,,,,,,,,
0,7249,,15466.845703125,,0.004728700965642929,,0.5703125,,15466.845703125,,13327.5654296875,,1.2734375,,2347.689208984375,,0.4296875,,12958.7412109375,,1.2734375,,2299.69677734375,,256.0,,1.2284624576568604,,0.0,,,,,,,,,,,,,,
0,7299,,14502.2421875,,0.004920441657304764,,0.48828125,,14502.2421875,,12222.3486328125,,1.2734375,,2610.8203125,,0.51171875,,11597.7841796875,,1.28125,,2573.53271484375,,256.0,,1.1683531999588013,,0.00390625,,,,,,,,,,,,,,
0,7349,,14996.662109375,,0.004800521302968264,,0.4375,,14996.662109375,,12921.2353515625,,1.1875,,2329.3427734375,,0.5625,,12450.1904296875,,1.1875,,2292.555419921875,,256.0,,1.1868311166763306,,0.00390625,,,,,,,,,,,,,,
0,7399,,55913.859375,,0.0049714576452970505,,0.48046875,,55913.859375,,53158.9921875,,1.1796875,,3228.263427734375,,0.51953125,,52294.65625,,1.1796875,,3145.804443359375,,256.0,,1.1106101274490356,,0.01171875,,,,,,,,,,,,,,
0,7449,,11287.337890625,,0.005022671073675156,,0.5,,11287.337890625,,8697.28515625,,1.234375,,2479.94287109375,,0.5,,8935.0498046875,,1.2265625,,2462.39794921875,,256.0,,1.1470615863800049,,0.0,,,,,,,,,,,,,,
0,7499,,57754.9375,,0.0050939228385686874,,0.46875,,57754.9375,,54574.25,,1.265625,,3154.0791015625,,0.53125,,54675.7578125,,1.2734375,,3105.790771484375,,256.0,,1.1718683242797852,,0.00390625,,,,,,,,,,,,,,
0,7549,,17239.36328125,,0.004702078644186258,,0.5,,17239.36328125,,15261.80078125,,1.1796875,,2451.611083984375,,0.5,,14349.734375,,1.1796875,,2415.582275390625,,256.0,,1.1213724613189697,,0.0,,,,,,,,,,,,,,
0,7599,,12218.1171875,,0.0047513023018836975,,0.53125,,12218.1171875,,10114.0185546875,,1.0625,,2235.39892578125,,0.46875,,9895.6279296875,,1.0546875,,2191.18798828125,,256.0,,1.0346739292144775,,0.00390625,,,,,,,,,,,,,,
0,7649,,96732.1875,,0.004943776410073042,,0.48046875,,96732.1875,,94087.328125,,1.125,,2951.027099609375,,0.51953125,,93504.03125,,1.125,,2921.9853515625,,256.0,,1.1126794815063477,,0.01171875,,,,,,,,,,,,,,
0,7699,,14102.771484375,,0.0050237467512488365,,0.58203125,,14102.771484375,,11878.6494140625,,1.2578125,,2668.7421875,,0.41796875,,11052.6279296875,,1.265625,,2605.52294921875,,256.0,,1.2477662563323975,,0.0,,,,,,,,,,,,,,
0,7749,,11928.3125,,0.004905497655272484,,0.515625,,11928.3125,,9635.953125,,1.171875,,2344.17041015625,,0.484375,,9572.443359375,,1.171875,,2304.059814453125,,256.0,,1.1763826608657837,,0.0,,,,,,,,,,,,,,
0,7799,,47845.375,,0.004622298292815685,,0.44921875,,47845.375,,45535.37890625,,1.25,,2678.227783203125,,0.55078125,,44864.22265625,,1.25,,2612.9189453125,,256.0,,1.2029030323028564,,0.00390625,,,,,,,,,,,,,,
0,7849,,56834.06640625,,0.0048400238156318665,,0.4296875,,56834.06640625,,53403.67578125,,1.2890625,,2934.094482421875,,0.5703125,,54423.33203125,,1.2890625,,2907.0322265625,,256.0,,1.2374775409698486,,0.0078125,,,,,,,,,,,,,,
0,7899,,12003.76953125,,0.004723950754851103,,0.51171875,,12003.76953125,,9932.38671875,,1.1640625,,2251.4189453125,,0.48828125,,9603.9228515625,,1.1640625,,2219.8115234375,,256.0,,1.1150908470153809,,0.0,,,,,,,,,,,,,,
0,7949,,15933.94140625,,0.004692780785262585,,0.4921875,,15933.94140625,,13473.572265625,,1.2421875,,2528.66357421875,,0.5078125,,13376.2939453125,,1.2421875,,2489.353515625,,256.0,,1.1532845497131348,,0.0,,,,,,,,,,,,,,
0,7999,,15574.986328125,,0.004609053488820791,,0.46484375,,15574.986328125,,12850.6357421875,,1.2578125,,2787.56201171875,,0.53515625,,12774.181640625,,1.2578125,,2737.5927734375,,256.0,,1.191612958908081,,0.0078125,,,,,,,,,,,,,,
0,8049,,12895.701171875,,0.004604393616318703,,0.52734375,,12895.701171875,,10452.1611328125,,1.3984375,,2510.923828125,,0.47265625,,10338.0888671875,,1.3984375,,2490.227783203125,,256.0,,1.3081388473510742,,0.0,,,,,,,,,,,,,,
0,8099,,61089.3828125,,0.004479536786675453,,0.53515625,,61089.3828125,,57591.80859375,,1.234375,,3330.190673828125,,0.46484375,,57926.6015625,,1.2265625,,3330.162353515625,,256.0,,1.175344467163086,,0.01171875,,,,,,,,,,,,,,
0,8149,,14388.685546875,,0.00494435615837574,,0.50390625,,14388.685546875,,11846.291015625,,1.1171875,,2470.7529296875,,0.49609375,,12071.7080078125,,1.1171875,,2388.61962890625,,256.0,,1.1371171474456787,,0.00390625,,,,,,,,,,,,,,
0,8199,,46589.5859375,,0.00489862821996212,,0.53515625,,46589.5859375,,43897.40234375,,1.3515625,,2753.54345703125,,0.46484375,,43817.34765625,,1.3515625,,2710.87841796875,,256.0,,1.302076816558838,,0.00390625,,,,,,,,,,,,,,
0,8249,,61533.2890625,,0.0047263107262551785,,0.4375,,61533.2890625,,58197.28125,,1.203125,,3846.146484375,,0.5625,,57200.26171875,,1.203125,,3822.88623046875,,256.0,,1.1719328165054321,,0.01953125,,,,,,,,,,,,,,
0,8299,,49031.26953125,,0.004755176138132811,,0.57421875,,49031.26953125,,46533.3203125,,1.125,,2646.5625,,0.42578125,,46267.26171875,,1.125,,2615.393310546875,,256.0,,1.1590781211853027,,0.00390625,,,,,,,,,,,,,,
0,8349,,14141.7509765625,,0.004747409373521805,,0.4921875,,14141.7509765625,,11509.3818359375,,1.4140625,,2721.9677734375,,0.5078125,,11352.3212890625,,1.4140625,,2699.830810546875,,256.0,,1.3091278076171875,,0.0,,,,,,,,,,,,,,
0,8399,,17015.89453125,,0.0047193849459290504,,0.51171875,,17015.89453125,,14914.7177734375,,1.2421875,,2285.7490234375,,0.48828125,,14587.814453125,,1.2421875,,2243.505615234375,,256.0,,1.213754415512085,,0.0,,,,,,,,,,,,,,
0,8449,,56489.35546875,,0.004935132339596748,,0.4609375,,56489.35546875,,53375.0546875,,1.3359375,,2997.77685546875,,0.5390625,,53670.77734375,,1.34375,,2935.102294921875,,256.0,,1.2730553150177002,,0.00390625,,,,,,,,,,,,,,
0,8499,,13137.171875,,0.004782016854733229,,0.49609375,,13137.171875,,10511.8701171875,,1.390625,,2624.27587890625,,0.50390625,,10536.1083984375,,1.390625,,2602.08984375,,256.0,,1.2705802917480469,,0.00390625,,,,,,,,,,,,,,
0,8549,,76202.0546875,,0.004391571506857872,,0.50390625,,76202.0546875,,73685.4609375,,1.28125,,3120.541015625,,0.49609375,,72535.84375,,1.28125,,3062.263427734375,,256.0,,1.3065963983535767,,0.00390625,,,,,,,,,,,,,,
0,8599,,11360.08203125,,0.004491574130952358,,0.515625,,11360.08203125,,8945.08203125,,1.2421875,,2472.02001953125,,0.484375,,8850.068359375,,1.25,,2452.99462890625,,256.0,,1.1474964618682861,,0.0,,,,,,,,,,,,,,
0,8649,,15505.9375,,0.004828812554478645,,0.5546875,,15505.9375,,12776.763671875,,1.265625,,2853.4267578125,,0.4453125,,12558.3603515625,,1.2578125,,2823.32373046875,,256.0,,1.2594599723815918,,0.0078125,,,,,,,,,,,,,,
0,8699,,63527.90625,,0.004584616050124168,,0.5078125,,63527.90625,,60009.54296875,,1.3203125,,3355.7431640625,,0.4921875,,60348.890625,,1.3203125,,3341.635498046875,,256.0,,1.1947057247161865,,0.0078125,,,,,,,,,,,,,,
0,8749,,39416.796875,,0.004992176778614521,,0.49609375,,39416.796875,,36934.81640625,,1.359375,,2825.962158203125,,0.50390625,,36295.2421875,,1.3515625,,2777.579833984375,,256.0,,1.2532358169555664,,0.0078125,,,,,,,,,,,,,,
0,8799,,100863.453125,,0.004784021992236376,,0.484375,,100863.453125,,97822.5703125,,1.2734375,,3220.9033203125,,0.515625,,97501.9609375,,1.2734375,,3181.457275390625,,256.0,,1.3124980926513672,,0.0078125,,,,,,,,,,,,,,
0,8849,,13111.7646484375,,0.005211670882999897,,0.5546875,,13111.7646484375,,10576.4833984375,,1.140625,,2523.53076171875,,0.4453125,,10629.3076171875,,1.140625,,2494.20751953125,,256.0,,1.0455806255340576,,0.0,,,,,,,,,,,,,,
0,8899,,48674.2421875,,0.004565868526697159,,0.4296875,,48674.2421875,,46007.6640625,,1.28125,,2850.4833984375,,0.5703125,,45664.51953125,,1.28125,,2825.81591796875,,256.0,,1.1892402172088623,,0.0078125,,,,,,,,,,,,,,
0,8949,,13306.029296875,,0.004570142365992069,,0.45703125,,13306.029296875,,11276.478515625,,1.4453125,,2291.06396484375,,0.54296875,,10762.55078125,,1.4453125,,2281.9638671875,,256.0,,1.3166956901550293,,0.0,,,,,,,,,,,,,,
0,8999,,54380.34375,,0.004979453049600124,,0.48828125,,54380.34375,,50985.1953125,,1.3046875,,3122.064453125,,0.51171875,,51579.84375,,1.3046875,,3073.5869140625,,256.0,,1.2722312211990356,,0.0078125,,,,,,,,,,,,,,
0,9049,,17529.87890625,,0.004903897177428007,,0.5546875,,17529.87890625,,14776.1630859375,,1.28125,,2407.13134765625,,0.4453125,,15477.890625,,1.28125,,2398.574951171875,,256.0,,1.2179769277572632,,0.0,,,,,,,,,,,,,,
0,9099,,14367.369140625,,0.004839805886149406,,0.48828125,,14367.369140625,,11903.8740234375,,1.2890625,,2564.394287109375,,0.51171875,,11750.1884765625,,1.2890625,,2516.282470703125,,256.0,,1.2024849653244019,,0.00390625,,,,,,,,,,,,,,
0,9149,,55901.94140625,,0.004599237348884344,,0.51953125,,55901.94140625,,53086.12890625,,1.25,,2759.628662109375,,0.48046875,,53232.75390625,,1.25,,2725.370849609375,,256.0,,1.182723045349121,,0.0078125,,,,,,,,,,,,,,
0,9199,,62751.7265625,,0.00490645132958889,,0.47265625,,62751.7265625,,59615.84765625,,1.3515625,,2956.3505859375,,0.52734375,,59985.625,,1.359375,,2945.6279296875,,256.0,,1.2555959224700928,,0.0078125,,,,,,,,,,,,,,
0,9249,,13401.044921875,,0.005212048999965191,,0.5078125,,13401.044921875,,10378.673828125,,1.3671875,,3013.6748046875,,0.4921875,,10447.5712890625,,1.3671875,,2962.1689453125,,256.0,,1.2658486366271973,,0.01171875,,,,,,,,,,,,,,
0,9299,,143059.0625,,0.004853739403188229,,0.55078125,,143059.0625,,139716.90625,,1.375,,3740.7333984375,,0.44921875,,138961.234375,,1.375,,3699.2333984375,,256.0,,1.3416755199432373,,0.015625,,,,,,,,,,,,,,
0,9349,,16702.876953125,,0.0047674416564404964,,0.4921875,,16702.876953125,,14289.330078125,,1.3203125,,2483.1728515625,,0.5078125,,14185.111328125,,1.328125,,2448.138671875,,256.0,,1.251878261566162,,0.00390625,,,,,,,,,,,,,,
0,9399,,14143.20703125,,0.004724533297121525,,0.51171875,,14143.20703125,,11612.1259765625,,1.3828125,,2735.94287109375,,0.48828125,,11228.4765625,,1.3828125,,2709.867919921875,,256.0,,1.2997996807098389,,0.00390625,,,,,,,,,,,,,,
0,9449,,11429.05859375,,0.0051821935921907425,,0.515625,,11429.05859375,,8943.658203125,,1.3359375,,2729.544921875,,0.484375,,8542.4384765625,,1.3359375,,2642.47607421875,,256.0,,1.2709295749664307,,0.0078125,,,,,,,,,,,,,,
0,9499,,80551.53125,,0.0047320048324763775,,0.46875,,80551.53125,,77594.984375,,1.3828125,,3104.590576171875,,0.53125,,77329.421875,,1.3828125,,3074.070068359375,,256.0,,1.196460485458374,,0.0078125,,,,,,,,,,,,,,
0,9549,,62737.5546875,,0.004916218109428883,,0.546875,,62737.5546875,,59814.88671875,,1.2734375,,3310.165771484375,,0.453125,,59074.04296875,,1.2734375,,3276.01806640625,,256.0,,1.2070608139038086,,0.0078125,,,,,,,,,,,,,,
0,9599,,16966.20703125,,0.005074036307632923,,0.48828125,,16966.20703125,,14419.451171875,,1.3828125,,2755.141357421875,,0.51171875,,14032.1357421875,,1.390625,,2725.68359375,,256.0,,1.305565357208252,,0.00390625,,,,,,,,,,,,,,
0,9649,,64226.84375,,0.004895943216979504,,0.5078125,,64226.84375,,61013.14453125,,1.2734375,,3031.70263671875,,0.4921875,,61405.48828125,,1.2734375,,3003.3515625,,256.0,,1.281206488609314,,0.00390625,,,,,,,,,,,,,,
0,9699,,12297.5322265625,,0.004753772169351578,,0.5,,12297.5322265625,,9391.8017578125,,1.359375,,2716.53857421875,,0.5,,9806.1796875,,1.359375,,2680.54443359375,,256.0,,1.2426501512527466,,0.0078125,,,,,,,,,,,,,,
0,9749,,17852.2734375,,0.0050579579547047615,,0.48046875,,17852.2734375,,14810.544921875,,1.4609375,,2840.266845703125,,0.51953125,,15227.6845703125,,1.453125,,2826.048828125,,256.0,,1.353959321975708,,0.01171875,,,,,,,,,,,,,,
0,9799,,13403.189453125,,0.004735274240374565,,0.4609375,,13403.189453125,,10885.1357421875,,1.203125,,2682.2666015625,,0.5390625,,10575.44921875,,1.203125,,2663.5263671875,,256.0,,1.1660932302474976,,0.0078125,,,,,,,,,,,,,,
0,9849,,61902.9765625,,0.0048035867512226105,,0.53515625,,61902.9765625,,58954.2265625,,1.4609375,,2927.04296875,,0.46484375,,59043.109375,,1.4609375,,2881.575439453125,,256.0,,1.3615049123764038,,0.0078125,,,,,,,,,,,,,,
0,9899,,20079.2421875,,0.004446661099791527,,0.46484375,,20079.2421875,,17895.04296875,,1.3828125,,2730.871826171875,,0.53515625,,16867.087890625,,1.375,,2665.481201171875,,256.0,,1.2568323612213135,,0.00390625,,,,,,,,,,,,,,
0,9949,,97666.421875,,0.004812145605683327,,0.5546875,,97666.421875,,93902.25,,1.203125,,3665.8720703125,,0.4453125,,94136.953125,,1.2109375,,3627.75537109375,,256.0,,1.1773624420166016,,0.015625,,,,,,,,,,,,,,
0,9999,,60156.5859375,,0.004703172482550144,,0.52734375,,60156.5859375,,57355.35546875,,1.2734375,,2734.096923828125,,0.47265625,,57499.25,,1.265625,,2724.463134765625,,256.0,,1.2862820625305176,,0.00390625,,,,,,,,,,,,,,
0,10049,,13805.677734375,,0.005088337231427431,,0.48046875,,13805.677734375,,11856.7275390625,,1.3203125,,2270.982421875,,0.51953125,,11235.0869140625,,1.328125,,2248.55908203125,,256.0,,1.2413198947906494,,0.0,,,,,,,,,,,,,,
0,10099,,75372.7578125,,0.005059736780822277,,0.453125,,75372.7578125,,72585.3125,,1.3203125,,2994.61376953125,,0.546875,,72208.234375,,1.3125,,2957.351318359375,,256.0,,1.295536756515503,,0.00390625,,,,,,,,,,,,,,
0,10149,,13505.279296875,,0.004739445634186268,,0.46875,,13505.279296875,,11431.921875,,1.3046875,,2441.296875,,0.53125,,10711.9775390625,,1.296875,,2425.36328125,,256.0,,1.1637977361679077,,0.0078125,,,,,,,,,,,,,,
0,10199,,18114.015625,,0.004537974484264851,,0.49609375,,18114.015625,,15445.669921875,,1.4296875,,2721.470947265625,,0.50390625,,15371.0322265625,,1.4296875,,2689.85595703125,,256.0,,1.3769981861114502,,0.0,,,,,,,,,,,,,,
0,10249,,85457.0,,0.004691742360591888,,0.55078125,,85457.0,,81970.3125,,1.28125,,3429.095458984375,,0.44921875,,82130.09375,,1.2890625,,3384.5009765625,,256.0,,1.2194950580596924,,0.0078125,,,,,,,,,,,,,,
0,10299,,60417.796875,,0.004741248674690723,,0.46484375,,60417.796875,,57727.1953125,,1.265625,,3028.533447265625,,0.53515625,,57114.9921875,,1.265625,,2964.869140625,,256.0,,1.2014589309692383,,0.0078125,,,,,,,,,,,,,,
0,10349,,63859.31640625,,0.004723675549030304,,0.484375,,63859.31640625,,60841.91796875,,1.234375,,2912.65185546875,,0.515625,,61094.765625,,1.234375,,2869.296875,,256.0,,1.2519307136535645,,0.00390625,,,,,,,,,,,,,,
0,10399,,18120.390625,,0.004702815320342779,,0.45703125,,18120.390625,,15781.375,,1.265625,,2415.28955078125,,0.54296875,,15649.3251953125,,1.265625,,2394.790771484375,,256.0,,1.2265347242355347,,0.0,,,,,,,,,,,,,,
0,10449,,16887.57421875,,0.0052895816043019295,,0.52734375,,16887.57421875,,14547.953125,,1.359375,,2438.16455078125,,0.47265625,,14404.419921875,,1.3671875,,2384.609130859375,,256.0,,1.282416820526123,,0.0,,,,,,,,,,,,,,
0,10499,,94719.984375,,0.004979352466762066,,0.5625,,94719.984375,,91438.2265625,,1.3046875,,3137.39990234375,,0.4375,,91753.296875,,1.3046875,,3111.04638671875,,256.0,,1.2267078161239624,,0.0078125,,,,,,,,,,,,,,
0,10549,,14489.796875,,0.004771397914737463,,0.46484375,,14489.796875,,12095.3642578125,,1.3046875,,2472.6982421875,,0.53515625,,11958.4384765625,,1.3046875,,2453.092041015625,,256.0,,1.2084074020385742,,0.00390625,,,,,,,,,,,,,,
0,10599,,14517.4033203125,,0.004538217559456825,,0.453125,,14517.4033203125,,11605.0458984375,,1.3515625,,2809.8876953125,,0.546875,,11859.2021484375,,1.359375,,2760.67138671875,,256.0,,1.2927430868148804,,0.00390625,,,,,,,,,,,,,,
0,10649,,13579.9482421875,,0.005216111894696951,,0.46484375,,13579.9482421875,,11191.671875,,1.3203125,,2523.87255859375,,0.53515625,,10950.517578125,,1.3203125,,2493.833984375,,256.0,,1.318808913230896,,0.0,,,,,,,,,,,,,,
0,10699,,55250.3671875,,0.004938583821058273,,0.45703125,,55250.3671875,,52968.3203125,,1.3515625,,2679.97802734375,,0.54296875,,52235.20703125,,1.34375,,2617.22705078125,,256.0,,1.3167427778244019,,0.00390625,,,,,,,,,,,,,,
0,10749,,114471.328125,,0.004652969539165497,,0.46875,,114471.328125,,111097.390625,,1.3203125,,3331.16796875,,0.53125,,111215.375,,1.3203125,,3298.7177734375,,256.0,,1.2970519065856934,,0.0078125,,,,,,,,,,,,,,
0,10799,,12181.3583984375,,0.0044554839842021465,,0.5859375,,12181.3583984375,,9704.716796875,,1.3828125,,2297.909912109375,,0.4140625,,10073.2021484375,,1.3828125,,2286.887939453125,,256.0,,1.3086299896240234,,0.0,,,,,,,,,,,,,,
0,10849,,16718.890625,,0.005183467175811529,,0.48828125,,16718.890625,,14591.7783203125,,1.25,,2586.29638671875,,0.51171875,,13729.4365234375,,1.2421875,,2530.2724609375,,256.0,,1.1927361488342285,,0.00390625,,,,,,,,,,,,,,
0,10899,,126140.703125,,0.004711749963462353,,0.46875,,126140.703125,,123219.046875,,1.4140625,,3715.267333984375,,0.53125,,121645.046875,,1.421875,,3702.04833984375,,256.0,,1.2743840217590332,,0.0078125,,,,,,,,,,,,,,
0,10949,,14896.1318359375,,0.004793674219399691,,0.51171875,,14896.1318359375,,12680.8759765625,,1.2578125,,2292.978515625,,0.48828125,,12567.1962890625,,1.2578125,,2251.213134765625,,256.0,,1.2434581518173218,,0.0,,,,,,,,,,,,,,
0,10999,,71411.578125,,0.004786218982189894,,0.5,,71411.578125,,68764.3515625,,1.46875,,2886.978271484375,,0.5,,68315.75,,1.4609375,,2856.08154296875,,256.0,,1.3395122289657593,,0.00390625,,,,,,,,,,,,,,
0,11049,,57629.60546875,,0.004710379987955093,,0.4921875,,57629.60546875,,55138.4140625,,1.390625,,2776.162109375,,0.5078125,,54610.85546875,,1.390625,,2733.77587890625,,256.0,,1.2785818576812744,,0.00390625,,,,,,,,,,,,,,
0,11099,,59200.65625,,0.004661639221012592,,0.48828125,,59200.65625,,56504.828125,,1.1640625,,2812.6591796875,,0.51171875,,56301.12109375,,1.1640625,,2782.69775390625,,256.0,,1.196097731590271,,0.01171875,,,,,,,,,,,,,,
0,11149,,67762.8125,,0.004777207039296627,,0.4453125,,67762.8125,,65083.86328125,,1.2265625,,2921.316650390625,,0.5546875,,64646.4609375,,1.2265625,,2873.995361328125,,256.0,,1.1199018955230713,,0.0078125,,,,,,,,,,,,,,
0,11199,,15766.10546875,,0.0046668038703501225,,0.546875,,15766.10546875,,13211.3818359375,,1.3125,,2513.958740234375,,0.453125,,13322.7412109375,,1.3125,,2484.12890625,,256.0,,1.2972323894500732,,0.00390625,,,,,,,,,,,,,,
0,11249,,15437.9248046875,,0.00487380288541317,,0.484375,,15437.9248046875,,13051.978515625,,1.1640625,,2752.47021484375,,0.515625,,12368.671875,,1.1640625,,2702.72802734375,,256.0,,1.1774753332138062,,0.00390625,,,,,,,,,,,,,,
0,11299,,112374.0625,,0.004754035733640194,,0.4921875,,112374.0625,,109225.53125,,1.125,,3399.912109375,,0.5078125,,108737.78125,,1.125,,3384.89013671875,,256.0,,1.1259486675262451,,0.0078125,,,,,,,,,,,,,,
0,11349,,14255.0546875,,0.004749235697090626,,0.47265625,,14255.0546875,,12348.216796875,,1.2578125,,2318.833984375,,0.52734375,,11556.8125,,1.2578125,,2286.244873046875,,256.0,,1.2097920179367065,,0.0,,,,,,,,,,,,,,
0,11399,,133145.921875,,0.004633587319403887,,0.46875,,133145.921875,,129803.21875,,1.3203125,,3324.689453125,,0.53125,,129874.6796875,,1.3203125,,3289.25439453125,,256.0,,1.2926805019378662,,0.0078125,,,,,,,,,,,,,,
0,11449,,14150.09765625,,0.005100662354379892,,0.5078125,,14150.09765625,,12109.78125,,1.4296875,,2242.4501953125,,0.4921875,,11759.5419921875,,1.4296875,,2188.423095703125,,256.0,,1.3154423236846924,,0.00390625,,,,,,,,,,,,,,
0,11499,,21950.859375,,0.004879603162407875,,0.47265625,,21950.859375,,18952.681640625,,1.203125,,2626.25390625,,0.52734375,,19752.763671875,,1.203125,,2570.02001953125,,256.0,,1.2520649433135986,,0.00390625,,,,,,,,,,,,,,
0,11549,,121750.75,,0.004671480040997267,,0.46484375,,121750.75,,118323.7578125,,1.1796875,,3201.768310546875,,0.53515625,,118793.796875,,1.1796875,,3182.17431640625,,256.0,,1.112456202507019,,0.0078125,,,,,,,,,,,,,,
0,11599,,191580.5625,,0.004749361425638199,,0.453125,,191580.5625,,187520.078125,,1.2421875,,4103.923828125,,0.546875,,187492.71875,,1.2421875,,4044.393310546875,,256.0,,1.203358769416809,,0.015625,,,,,,,,,,,,,,
0,11649,,10354.904296875,,0.005043193697929382,,0.50390625,,10354.904296875,,7879.853515625,,1.2734375,,2477.035400390625,,0.49609375,,7922.94677734375,,1.28125,,2429.974365234375,,256.0,,1.2375588417053223,,0.00390625,,,,,,,,,,,,,,
0,11699,,69785.640625,,0.004979162011295557,,0.51171875,,69785.640625,,67161.46875,,1.3828125,,2850.9677734375,,0.48828125,,66732.953125,,1.3828125,,2825.89404296875,,256.0,,1.2956764698028564,,0.00390625,,,,,,,,,,,,,,
0,11749,,17088.63671875,,0.004684365354478359,,0.5234375,,17088.63671875,,14120.69921875,,1.21875,,2859.37890625,,0.4765625,,14368.2412109375,,1.21875,,2828.9560546875,,256.0,,1.2332241535186768,,0.0078125,,,,,,,,,,,,,,
0,11799,,110003.984375,,0.004863064736127853,,0.48046875,,110003.984375,,106569.7421875,,1.15625,,3439.638671875,,0.51953125,,106528.234375,,1.15625,,3470.344482421875,,256.0,,1.1157243251800537,,0.01171875,,,,,,,,,,,,,,
0,11849,,16397.00390625,,0.004609355237334967,,0.51171875,,16397.00390625,,14138.490234375,,1.3125,,2416.373046875,,0.48828125,,13898.60546875,,1.3125,,2340.539794921875,,256.0,,1.2974027395248413,,0.0,,,,,,,,,,,,,,
0,11899,,18186.173828125,,0.005056432913988829,,0.46875,,18186.173828125,,15638.453125,,1.28125,,2634.8603515625,,0.53125,,15518.8837890625,,1.2890625,,2580.15234375,,256.0,,1.1456217765808105,,0.0,,,,,,,,,,,,,,
0,11949,,76973.4453125,,0.004763397388160229,,0.5390625,,76973.4453125,,74210.8515625,,1.375,,3134.31201171875,,0.4609375,,73486.375,,1.375,,3115.349609375,,256.0,,1.2984347343444824,,0.00390625,,,,,,,,,,,,,,
0,11999,,133905.96875,,0.004423934035003185,,0.4609375,,133905.96875,,130624.2734375,,1.3515625,,4185.5087890625,,0.5390625,,128822.015625,,1.34375,,4180.15771484375,,256.0,,1.2556202411651611,,0.015625,,,,,,,,,,,,,,
0,12049,,13989.6767578125,,0.005013914778828621,,0.44921875,,13989.6767578125,,11848.70703125,,1.2421875,,2408.853515625,,0.55078125,,11368.439453125,,1.2421875,,2353.35302734375,,256.0,,1.2279876470565796,,0.0,,,,,,,,,,,,,,
0,12099,,68503.953125,,0.00480318907648325,,0.48046875,,68503.953125,,66204.0859375,,1.09375,,2889.36767578125,,0.51953125,,65068.4375,,1.1015625,,2846.0078125,,256.0,,1.1031826734542847,,0.0078125,,,,,,,,,,,,,,
0,12149,,15160.583984375,,0.004754120483994484,,0.5078125,,15160.583984375,,13050.984375,,1.265625,,2308.58984375,,0.4921875,,12650.9658203125,,1.265625,,2310.627197265625,,256.0,,1.2046445608139038,,0.0,,,,,,,,,,,,,,
0,12199,,85941.2109375,,0.0048976801335811615,,0.49609375,,85941.2109375,,83092.125,,1.3046875,,3034.91845703125,,0.50390625,,82751.765625,,1.3046875,,3003.609130859375,,256.0,,1.1907899379730225,,0.00390625,,,,,,,,,,,,,,
0,12249,,60666.73828125,,0.00462427968159318,,0.47265625,,60666.73828125,,57772.85546875,,1.171875,,2814.9033203125,,0.52734375,,57939.25390625,,1.171875,,2806.4638671875,,256.0,,1.1528605222702026,,0.00390625,,,,,,,,,,,,,,
0,12299,,17046.71875,,0.004856743849813938,,0.44921875,,17046.71875,,14894.6748046875,,1.25,,2276.8896484375,,0.55078125,,14670.4404296875,,1.2578125,,2251.4306640625,,256.0,,1.2155179977416992,,0.00390625,,,,,,,,,,,,,,
0,12349,,13706.83203125,,0.004944547079503536,,0.5078125,,13706.83203125,,10989.580078125,,1.3125,,3053.7421875,,0.4921875,,10349.0634765625,,1.3203125,,3021.2783203125,,256.0,,1.2902884483337402,,0.015625,,,,,,,,,,,,,,
0,12399,,60114.8125,,0.004982929676771164,,0.49609375,,60114.8125,,57534.23828125,,1.265625,,2736.822021484375,,0.50390625,,57271.78515625,,1.265625,,2686.77734375,,256.0,,1.250564455986023,,0.00390625,,,,,,,,,,,,,,
0,12449,,76898.7421875,,0.004748457111418247,,0.5078125,,76898.7421875,,73476.890625,,1.3828125,,3432.90673828125,,0.4921875,,73479.328125,,1.390625,,3408.35546875,,256.0,,1.265621542930603,,0.0078125,,,,,,,,,,,,,,
0,12499,,56074.625,,0.00482045067474246,,0.48828125,,56074.625,,53578.33984375,,1.4375,,2715.3466796875,,0.51171875,,53165.20703125,,1.4453125,,2690.353515625,,256.0,,1.3234812021255493,,0.00390625,,,,,,,,,,,,,,
0,12549,,101926.515625,,0.00479451147839427,,0.54296875,,101926.515625,,99202.6171875,,1.3359375,,3165.15771484375,,0.45703125,,98355.7734375,,1.34375,,3129.48291015625,,256.0,,1.2772620916366577,,0.0078125,,,,,,,,,,,,,,
0,12599,,19429.259765625,,0.005018777679651976,,0.484375,,19429.259765625,,16965.33984375,,1.1640625,,2449.059814453125,,0.515625,,17084.259765625,,1.1640625,,2359.85888671875,,256.0,,1.2162970304489136,,0.00390625,,,,,,,,,,,,,,
0,12649,,14454.951171875,,0.005136873107403517,,0.47265625,,14454.951171875,,12990.7138671875,,1.3046875,,2222.252197265625,,0.52734375,,11544.083984375,,1.3046875,,2152.85400390625,,256.0,,1.1816389560699463,,0.0,,,,,,,,,,,,,,
0,12699,,61122.109375,,0.004962850362062454,,0.5,,61122.109375,,58571.328125,,1.3046875,,2949.902587890625,,0.5,,57798.34375,,1.3046875,,2924.647216796875,,256.0,,1.2109187841415405,,0.0078125,,,,,,,,,,,,,,
0,12749,,47837.59375,,0.004677723627537489,,0.55078125,,47837.59375,,45345.3515625,,1.2578125,,2466.1884765625,,0.44921875,,45456.4140625,,1.2578125,,2407.229248046875,,256.0,,1.274402379989624,,0.00390625,,,,,,,,,,,,,,
0,12795,,,,,,,,,,,,,,,,,,,,,,,,,,,,,19830.404296875,0.004860734101384878,0.4998077154159546,19830.404296875,17514.068359375,1.3547271490097046,2411.95751953125,0.5001922845840454,17359.109375,1.3564103841781616,2375.67919921875,255.98416137695312,1.2614190578460693,0.0010014981962740421
0,12795,31125.05078125,,0.004849242977797985,,0.4997701346874237,,31125.05078125,,29124.439453125,,0.956063985824585,,2075.25,,0.5002298951148987,,28998.732421875,,0.9569297432899475,,2051.620849609375,,256.0,,0.8960464596748352,,0.0050531537272036076,,,,,,,,,,,,,,,
1,12799,,11183.357421875,,0.004723730497062206,,0.56640625,,11183.357421875,,9064.1435546875,,1.3046875,,2242.79248046875,,0.43359375,,8845.6806640625,,1.3046875,,2214.099853515625,,256.0,,1.2455304861068726,,0.0,,,,,,,,,,,,,,
1,12849,,98731.6015625,,0.004702737554907799,,0.49609375,,98731.6015625,,95523.3359375,,1.3359375,,3337.5986328125,,0.50390625,,95305.703125,,1.3359375,,3296.5625,,256.0,,1.2054874897003174,,0.01171875,,,,,,,,,,,,,,
1,12899,,12316.41015625,,0.004746308550238609,,0.5234375,,12316.41015625,,10364.2197265625,,1.2734375,,2194.1904296875,,0.4765625,,9953.572265625,,1.28125,,2120.8388671875,,256.0,,1.26023530960083,,0.0,,,,,,,,,,,,,,
1,12949,,15175.15234375,,0.005232372786849737,,0.515625,,15175.15234375,,13162.830078125,,1.3046875,,2514.91162109375,,0.484375,,12229.607421875,,1.3046875,,2442.95458984375,,256.0,,1.2923543453216553,,0.0,,,,,,,,,,,,,,
1,12999,,114812.3125,,0.004258717875927687,,0.50390625,,114812.3125,,111834.203125,,1.3203125,,3069.624267578125,,0.49609375,,111639.453125,,1.328125,,3081.348388671875,,256.0,,1.2834420204162598,,0.0078125,,,,,,,,,,,,,,
1,13049,,21450.9296875,,0.004794058855623007,,0.515625,,21450.9296875,,19219.818359375,,1.1796875,,2505.330322265625,,0.484375,,18708.830078125,,1.1875,,2467.883056640625,,256.0,,1.160420298576355,,0.0078125,,,,,,,,,,,,,,
1,13099,,12731.4697265625,,0.005286009982228279,,0.5078125,,12731.4697265625,,10028.5654296875,,1.3359375,,2770.46435546875,,0.4921875,,9981.7099609375,,1.3359375,,2682.2001953125,,256.0,,1.2348871231079102,,0.00390625,,,,,,,,,,,,,,
1,13149,,59273.95703125,,0.004296227358281612,,0.515625,,59273.95703125,,56800.3671875,,1.2265625,,2783.97802734375,,0.484375,,56249.67578125,,1.2265625,,2713.892822265625,,256.0,,1.1771620512008667,,0.0078125,,,,,,,,,,,,,,
1,13199,,14366.4658203125,,0.0047875214368104935,,0.50390625,,14366.4658203125,,12042.541015625,,1.234375,,2395.62255859375,,0.49609375,,11945.5390625,,1.2421875,,2349.22802734375,,256.0,,1.1565334796905518,,0.0,,,,,,,,,,,,,,
1,13249,,68725.671875,,0.004717647563666105,,0.53515625,,68725.671875,,66196.375,,1.3203125,,2678.87109375,,0.46484375,,65919.4375,,1.3203125,,2656.65380859375,,256.0,,1.2545549869537354,,0.00390625,,,,,,,,,,,,,,
1,13299,,14388.6171875,,0.004562519025057554,,0.515625,,14388.6171875,,12054.4521484375,,1.125,,2294.767578125,,0.484375,,12183.5703125,,1.1328125,,2244.444091796875,,256.0,,1.1416114568710327,,0.0,,,,,,,,,,,,,,
1,13349,,64734.0,,0.004391416907310486,,0.5,,64734.0,,61628.453125,,1.296875,,3126.00927734375,,0.5,,61621.41796875,,1.296875,,3092.11865234375,,256.0,,1.2184232473373413,,0.01171875,,,,,,,,,,,,,,
1,13399,,79851.578125,,0.004496583715081215,,0.484375,,79851.578125,,77026.1796875,,1.359375,,3335.06494140625,,0.515625,,76041.59375,,1.3671875,,3300.331787109375,,256.0,,1.3005712032318115,,0.01171875,,,,,,,,,,,,,,
1,13449,,14360.40234375,,0.004667595960199833,,0.50390625,,14360.40234375,,11869.646484375,,1.203125,,2388.087890625,,0.49609375,,12150.1708984375,,1.203125,,2312.898681640625,,256.0,,1.1361374855041504,,0.0,,,,,,,,,,,,,,
1,13499,,72923.109375,,0.0045046210289001465,,0.50390625,,72923.109375,,70964.4375,,1.3359375,,2559.11083984375,,0.49609375,,69829.1328125,,1.3359375,,2493.541015625,,256.0,,1.3403615951538086,,0.0078125,,,,,,,,,,,,,,
1,13549,,12142.419921875,,0.004672393202781677,,0.484375,,12142.419921875,,9800.49609375,,1.359375,,2266.345703125,,0.515625,,9983.955078125,,1.3515625,,2234.0419921875,,256.0,,1.2400314807891846,,0.0,,,,,,,,,,,,,,
1,13599,,17100.994140625,,0.004651680588722229,,0.45703125,,17100.994140625,,14731.1181640625,,1.2265625,,2373.587158203125,,0.54296875,,14765.138671875,,1.2265625,,2332.144775390625,,256.0,,1.2449913024902344,,0.0,,,,,,,,,,,,,,
1,13649,,78481.921875,,0.004740186035633087,,0.55078125,,78481.921875,,75880.234375,,1.328125,,2858.25634765625,,0.44921875,,75420.0234375,,1.328125,,2805.3251953125,,256.0,,1.2258909940719604,,0.01171875,,,,,,,,,,,,,,
1,13699,,15250.07421875,,0.004889428149908781,,0.54296875,,15250.07421875,,13070.3740234375,,1.2734375,,2229.616455078125,,0.45703125,,13027.9521484375,,1.2734375,,2172.20654296875,,256.0,,1.2582106590270996,,0.0,,,,,,,,,,,,,,
1,13749,,15256.978515625,,0.004729796200990677,,0.515625,,15256.978515625,,12590.935546875,,1.1484375,,2800.373291015625,,0.484375,,12373.5263671875,,1.1484375,,2749.121337890625,,256.0,,1.0768704414367676,,0.00390625,,,,,,,,,,,,,,
1,13799,,15503.494140625,,0.004900056403130293,,0.45703125,,15503.494140625,,13447.162109375,,1.125,,2322.30615234375,,0.54296875,,12953.4375,,1.1171875,,2284.0830078125,,256.0,,1.1722759008407593,,0.0,,,,,,,,,,,,,,
1,13849,,14986.5185546875,,0.004853160586208105,,0.46484375,,14986.5185546875,,12927.8056640625,,1.21875,,2172.65478515625,,0.53515625,,12734.4833984375,,1.21875,,2138.09326171875,,256.0,,1.1465057134628296,,0.0,,,,,,,,,,,,,,
1,13899,,19516.3203125,,0.004944846034049988,,0.484375,,19516.3203125,,17684.86328125,,1.28125,,2375.226806640625,,0.515625,,16653.53515625,,1.28125,,2319.01611328125,,256.0,,1.2389883995056152,,0.0,,,,,,,,,,,,,,
1,13949,,13503.51171875,,0.004662973340600729,,0.5,,13503.51171875,,11557.9189453125,,1.34375,,2145.814208984375,,0.5,,11201.9072265625,,1.34375,,2101.3818359375,,256.0,,1.2393730878829956,,0.0,,,,,,,,,,,,,,
1,13999,,71273.921875,,0.004830787889659405,,0.4921875,,71273.921875,,68224.96875,,1.3125,,2819.711181640625,,0.5078125,,68729.515625,,1.3125,,2773.65283203125,,256.0,,1.2678203582763672,,0.00390625,,,,,,,,,,,,,,
1,14049,,78636.96875,,0.004795785062015057,,0.55078125,,78636.96875,,76012.3671875,,1.3046875,,2881.83251953125,,0.44921875,,75531.921875,,1.3046875,,2847.802734375,,256.0,,1.3069260120391846,,0.00390625,,,,,,,,,,,,,,
1,14099,,18409.880859375,,0.004616576712578535,,0.46484375,,18409.880859375,,15832.3935546875,,1.390625,,2636.872802734375,,0.53515625,,15734.6015625,,1.390625,,2615.89404296875,,256.0,,1.3288261890411377,,0.00390625,,,,,,,,,,,,,,
1,14149,,289074.03125,,0.004755472764372826,,0.4453125,,289074.03125,,283818.03125,,1.1796875,,4960.0537109375,,0.5546875,,284451.21875,,1.1875,,4918.7431640625,,256.0,,1.0946033000946045,,0.02734375,,,,,,,,,,,,,,
1,14199,,136195.8125,,0.004926851950585842,,0.4609375,,136195.8125,,132472.0625,,1.40625,,3882.91015625,,0.5390625,,132202.609375,,1.4140625,,3834.04931640625,,256.0,,1.2543940544128418,,0.01953125,,,,,,,,,,,,,,
1,14249,,80225.1171875,,0.004614593926817179,,0.47265625,,80225.1171875,,77249.578125,,1.1484375,,2991.2373046875,,0.52734375,,77250.21875,,1.1484375,,2959.200927734375,,256.0,,1.0926536321640015,,0.0078125,,,,,,,,,,,,,,
1,14299,,14013.3984375,,0.0045843180269002914,,0.484375,,14013.3984375,,11890.95703125,,1.3125,,2336.203125,,0.515625,,11531.56640625,,1.3125,,2268.06982421875,,256.0,,1.2439959049224854,,0.0,,,,,,,,,,,,,,
1,14349,,19806.7578125,,0.004848693497478962,,0.5234375,,19806.7578125,,17565.5546875,,1.2578125,,2251.455078125,,0.4765625,,17598.0234375,,1.2578125,,2198.48388671875,,256.0,,1.2326077222824097,,0.0,,,,,,,,,,,,,,
1,14399,,181726.40625,,0.004887748043984175,,0.50390625,,181726.40625,,178747.21875,,1.1796875,,3540.71142578125,,0.49609375,,177686.921875,,1.1796875,,3477.948974609375,,256.0,,1.1607125997543335,,0.01171875,,,,,,,,,,,,,,
1,14449,,14701.0888671875,,0.005132356658577919,,0.5,,14701.0888671875,,12616.6611328125,,1.25,,2146.015625,,0.5,,12559.5947265625,,1.25,,2079.90625,,256.0,,1.1875789165496826,,0.0,,,,,,,,,,,,,,
1,14499,,16304.5927734375,,0.0049431463703513145,,0.5546875,,16304.5927734375,,14021.3603515625,,1.3125,,2257.47314453125,,0.4453125,,14127.1357421875,,1.3125,,2203.21533203125,,256.0,,1.325080394744873,,0.0,,,,,,,,,,,,,,
1,14549,,73362.234375,,0.004604842513799667,,0.48046875,,73362.234375,,70416.7265625,,1.265625,,2813.32177734375,,0.51953125,,70721.09375,,1.265625,,2773.3388671875,,256.0,,1.1479723453521729,,0.0078125,,,,,,,,,,,,,,
1,14599,,17714.626953125,,0.00509258545935154,,0.52734375,,17714.626953125,,14799.5771484375,,1.390625,,2855.3134765625,,0.47265625,,14943.10546875,,1.3828125,,2831.25830078125,,256.0,,1.256773829460144,,0.00390625,,,,,,,,,,,,,,
1,14649,,13402.0576171875,,0.0044853356666862965,,0.515625,,13402.0576171875,,11035.55859375,,1.3671875,,2359.365234375,,0.484375,,11085.517578125,,1.3671875,,2323.67333984375,,256.0,,1.3702845573425293,,0.0,,,,,,,,,,,,,,
1,14699,,115728.109375,,0.004754349123686552,,0.51171875,,115728.109375,,112275.65625,,1.2421875,,3635.91455078125,,0.48828125,,111950.453125,,1.234375,,3594.186279296875,,256.0,,1.1457350254058838,,0.015625,,,,,,,,,,,,,,
1,14749,,53706.87890625,,0.004803581163287163,,0.4921875,,53706.87890625,,51497.92578125,,1.1171875,,2460.080078125,,0.5078125,,51010.3203125,,1.1171875,,2445.43017578125,,256.0,,1.1077642440795898,,0.00390625,,,,,,,,,,,,,,
1,14799,,12610.595703125,,0.005210035480558872,,0.5078125,,12610.595703125,,10081.4384765625,,1.09375,,2314.709228515625,,0.4921875,,10515.2080078125,,1.09375,,2309.835693359375,,256.0,,1.1470893621444702,,0.0,,,,,,,,,,,,,,
1,14849,,13045.375,,0.004630119539797306,,0.4765625,,13045.375,,10652.966796875,,1.2734375,,2326.8359375,,0.5234375,,10802.49609375,,1.2734375,,2308.451416015625,,256.0,,1.1856755018234253,,0.0,,,,,,,,,,,,,,
1,14899,,230267.0625,,0.0050641512498259544,,0.4765625,,230267.0625,,226328.515625,,1.140625,,3747.68505859375,,0.5234375,,226751.828125,,1.140625,,3706.0703125,,256.0,,1.1058610677719116,,0.015625,,,,,,,,,,,,,,
1,14949,,16053.20703125,,0.004812522791326046,,0.4921875,,16053.20703125,,13743.6279296875,,1.171875,,2288.763671875,,0.5078125,,13805.189453125,,1.171875,,2268.83349609375,,256.0,,1.1319645643234253,,0.0078125,,,,,,,,,,,,,,
1,14999,,16576.8203125,,0.004819979425519705,,0.48828125,,16576.8203125,,14483.478515625,,1.1640625,,2361.40185546875,,0.51171875,,13969.1357421875,,1.1640625,,2339.6240234375,,256.0,,1.173977255821228,,0.0078125,,,,,,,,,,,,,,
1,15049,,52701.453125,,0.004959894344210625,,0.51171875,,52701.453125,,49709.26171875,,1.1953125,,2845.989013671875,,0.48828125,,50051.2421875,,1.1875,,2796.41162109375,,256.0,,1.2480719089508057,,0.0078125,,,,,,,,,,,,,,
1,15099,,12845.29296875,,0.004997934214770794,,0.5078125,,12845.29296875,,11138.83203125,,1.125,,2070.617919921875,,0.4921875,,10456.5390625,,1.125,,2024.59716796875,,256.0,,1.1138219833374023,,0.0,,,,,,,,,,,,,,
1,15149,,12607.794921875,,0.004875607322901487,,0.484375,,12607.794921875,,10270.7978515625,,1.1484375,,2182.01025390625,,0.515625,,10606.6982421875,,1.1484375,,2156.083740234375,,256.0,,1.0812408924102783,,0.0,,,,,,,,,,,,,,
1,15199,,82167.90625,,0.004834507592022419,,0.50390625,,82167.90625,,79994.90625,,1.0390625,,2467.03125,,0.49609375,,79455.078125,,1.0390625,,2418.795166015625,,256.0,,1.0035552978515625,,0.00390625,,,,,,,,,,,,,,
1,15249,,94455.5,,0.004602255765348673,,0.48046875,,94455.5,,91794.1484375,,1.1484375,,3063.40087890625,,0.51953125,,91012.6796875,,1.1484375,,3040.782958984375,,256.0,,1.093602180480957,,0.0078125,,,,,,,,,,,,,,
1,15299,,15761.083984375,,0.0048578595742583275,,0.4921875,,15761.083984375,,13301.5146484375,,1.1328125,,2480.957763671875,,0.5078125,,13279.783203125,,1.140625,,2459.911376953125,,256.0,,1.0761520862579346,,0.0,,,,,,,,,,,,,,
1,15349,,66205.671875,,0.00457706768065691,,0.5234375,,66205.671875,,63848.70703125,,1.0078125,,2796.21826171875,,0.4765625,,63002.796875,,1.0,,2763.61767578125,,256.0,,1.0587656497955322,,0.00390625,,,,,,,,,,,,,,
1,15399,,13215.38671875,,0.004564867354929447,,0.546875,,13215.38671875,,10806.7197265625,,1.109375,,2342.674072265625,,0.453125,,10958.9287109375,,1.109375,,2322.45166015625,,256.0,,1.0871975421905518,,0.00390625,,,,,,,,,,,,,,
1,15449,,150770.640625,,0.004683594219386578,,0.42578125,,150770.640625,,148102.46875,,1.0078125,,3106.703125,,0.57421875,,147286.171875,,1.0078125,,3045.937255859375,,256.0,,0.9534360766410828,,0.0078125,,,,,,,,,,,,,,
1,15499,,20571.693359375,,0.005068228580057621,,0.5703125,,20571.693359375,,18536.26953125,,1.2578125,,2223.31005859375,,0.4296875,,18217.939453125,,1.2578125,,2165.866943359375,,256.0,,1.1913906335830688,,0.0,,,,,,,,,,,,,,
1,15549,,16475.482421875,,0.004563496448099613,,0.5390625,,16475.482421875,,13911.2744140625,,1.3671875,,2234.740966796875,,0.4609375,,14593.0,,1.3671875,,2211.9501953125,,256.0,,1.2895350456237793,,0.0,,,,,,,,,,,,,,
1,15599,,22647.04296875,,0.004659028723835945,,0.43359375,,22647.04296875,,20867.05859375,,1.3046875,,2312.411865234375,,0.56640625,,19847.861328125,,1.3046875,,2266.751953125,,256.0,,1.1945518255233765,,0.0,,,,,,,,,,,,,,
1,15649,,16553.5390625,,0.0048155877739191055,,0.48046875,,16553.5390625,,14795.4501953125,,1.21875,,2564.5849609375,,0.51953125,,13222.54296875,,1.2109375,,2524.49853515625,,256.0,,1.1545803546905518,,0.0078125,,,,,,,,,,,,,,
1,15699,,71909.4375,,0.0046889218501746655,,0.5234375,,71909.4375,,68970.5390625,,1.234375,,2668.170166015625,,0.4765625,,69520.625,,1.234375,,2659.533203125,,256.0,,1.1848067045211792,,0.00390625,,,,,,,,,,,,,,
1,15749,,10903.244140625,,0.00478906836360693,,0.5078125,,10903.244140625,,8789.3251953125,,1.09375,,2110.017822265625,,0.4921875,,8845.259765625,,1.09375,,2061.88671875,,256.0,,1.1317219734191895,,0.0,,,,,,,,,,,,,,
1,15799,,11963.984375,,0.004987657070159912,,0.48828125,,11963.984375,,9896.208984375,,1.234375,,2261.310546875,,0.51171875,,9510.580078125,,1.234375,,2259.867919921875,,256.0,,1.1376618146896362,,0.0,,,,,,,,,,,,,,
1,15849,,12541.591796875,,0.0045181321911513805,,0.49609375,,12541.591796875,,10592.802734375,,1.125,,2140.265869140625,,0.50390625,,10217.1162109375,,1.125,,2132.997802734375,,256.0,,1.1572890281677246,,0.0,,,,,,,,,,,,,,
1,15899,,75017.234375,,0.005168306641280651,,0.5078125,,75017.234375,,72680.078125,,1.09375,,2834.207763671875,,0.4921875,,71740.6015625,,1.09375,,2779.569091796875,,256.0,,1.130068063735962,,0.00390625,,,,,,,,,,,,,,
1,15949,,118280.9375,,0.005112404469400644,,0.52734375,,118280.9375,,115424.6796875,,1.0234375,,3244.08935546875,,0.47265625,,114725.8984375,,1.015625,,3167.20556640625,,256.0,,0.9759461283683777,,0.01171875,,,,,,,,,,,,,,
1,15999,,15421.220703125,,0.004866546019911766,,0.4921875,,15421.220703125,,13279.96484375,,1.109375,,2137.965087890625,,0.5078125,,13346.7412109375,,1.109375,,2077.771728515625,,256.0,,1.0831674337387085,,0.0,,,,,,,,,,,,,,
1,16049,,18585.33984375,,0.0049646515399217606,,0.46875,,18585.33984375,,16960.396484375,,1.1796875,,2201.493896484375,,0.53125,,15868.4423828125,,1.1796875,,2140.345703125,,256.0,,1.1953849792480469,,0.0,,,,,,,,,,,,,,
1,16099,,65823.390625,,0.005190646275877953,,0.51953125,,65823.390625,,63482.78515625,,0.97265625,,2823.261474609375,,0.48046875,,62566.5625,,0.97265625,,2774.162353515625,,256.0,,0.9534141421318054,,0.00390625,,,,,,,,,,,,,,
1,16149,,18286.35546875,,0.004819411318749189,,0.44921875,,18286.35546875,,15929.3701171875,,0.953125,,2463.7548828125,,0.55078125,,15746.7275390625,,0.953125,,2432.859375,,256.0,,0.9513558149337769,,0.0078125,,,,,,,,,,,,,,
1,16199,,62555.76953125,,0.005042738281190395,,0.56640625,,62555.76953125,,60201.07421875,,1.2890625,,2751.61279296875,,0.43359375,,59482.65625,,1.2890625,,2676.19580078125,,256.0,,1.2163026332855225,,0.00390625,,,,,,,,,,,,,,
1,16249,,17082.5859375,,0.0050143771804869175,,0.46484375,,17082.5859375,,14662.8056640625,,1.203125,,2515.089111328125,,0.53515625,,14539.333984375,,1.203125,,2447.942626953125,,256.0,,1.1005470752716064,,0.00390625,,,,,,,,,,,,,,
1,16299,,16196.6865234375,,0.004320785868912935,,0.5625,,16196.6865234375,,14361.0361328125,,1.2109375,,2118.06591796875,,0.4375,,13864.1240234375,,1.2109375,,2050.14697265625,,256.0,,1.177638292312622,,0.0,,,,,,,,,,,,,,
1,16349,,60505.703125,,0.004816860891878605,,0.46484375,,60505.703125,,58267.34765625,,1.15625,,2565.308837890625,,0.53515625,,57651.16796875,,1.1640625,,2527.57861328125,,256.0,,1.0777158737182617,,0.0078125,,,,,,,,,,,,,,
1,16399,,112948.890625,,0.0049597881734371185,,0.5078125,,112948.890625,,110212.0625,,0.9375,,2664.54736328125,,0.4921875,,110392.46875,,0.94140625,,2628.708984375,,256.0,,0.8916200399398804,,0.0078125,,,,,,,,,,,,,,
1,16449,,13225.4716796875,,0.004707483574748039,,0.48046875,,13225.4716796875,,11176.0830078125,,1.015625,,2263.47802734375,,0.51953125,,10803.6494140625,,1.015625,,2207.73388671875,,256.0,,1.017404556274414,,0.00390625,,,,,,,,,,,,,,
1,16499,,81205.0,,0.0045712473802268505,,0.50390625,,81205.0,,78270.125,,1.0546875,,2721.946044921875,,0.49609375,,78730.21875,,1.0546875,,2687.714111328125,,256.0,,1.0215396881103516,,0.00390625,,,,,,,,,,,,,,
1,16549,,17374.107421875,,0.005095390602946281,,0.48046875,,17374.107421875,,15376.6103515625,,1.0859375,,2261.892578125,,0.51953125,,14918.5810546875,,1.0859375,,2191.12890625,,256.0,,1.0479519367218018,,0.00390625,,,,,,,,,,,,,,
1,16599,,126271.8046875,,0.004918334539979696,,0.5234375,,126271.8046875,,123153.0390625,,1.046875,,3259.27392578125,,0.4765625,,122887.0546875,,1.046875,,3244.23974609375,,256.0,,0.8995014429092407,,0.0078125,,,,,,,,,,,,,,
1,16649,,62776.13671875,,0.004700441844761372,,0.59375,,62776.13671875,,60403.71875,,1.1171875,,2719.5380859375,,0.40625,,59755.61328125,,1.1171875,,2673.40087890625,,256.0,,1.0567128658294678,,0.00390625,,,,,,,,,,,,,,
1,16699,,14804.6796875,,0.004694779869168997,,0.52734375,,14804.6796875,,12211.306640625,,1.1953125,,2637.602294921875,,0.47265625,,12149.533203125,,1.1953125,,2610.91748046875,,256.0,,1.0968587398529053,,0.00390625,,,,,,,,,,,,,,
1,16749,,198116.625,,0.00451595988124609,,0.453125,,198116.625,,194302.734375,,1.1171875,,3295.290283203125,,0.546875,,195367.28125,,1.1171875,,3267.93115234375,,256.0,,1.0503289699554443,,0.01171875,,,,,,,,,,,,,,
1,16799,,101501.96875,,0.00464875902980566,,0.578125,,101501.96875,,98945.1484375,,1.0625,,2837.0556640625,,0.421875,,98408.8515625,,1.0625,,2812.876708984375,,256.0,,1.020725131034851,,0.01171875,,,,,,,,,,,,,,
1,16849,,169051.03125,,0.005067342892289162,,0.4921875,,169051.03125,,164753.71875,,1.171875,,4089.20458984375,,0.5078125,,165209.921875,,1.171875,,4049.229736328125,,256.0,,1.0741589069366455,,0.015625,,,,,,,,,,,,,,
1,16899,,15576.259765625,,0.004625750705599785,,0.5,,15576.259765625,,13353.11328125,,1.1328125,,2010.181640625,,0.5,,13806.1884765625,,1.1328125,,1983.036865234375,,256.0,,1.0628774166107178,,0.0,,,,,,,,,,,,,,
1,16949,,54154.484375,,0.004739321302622557,,0.453125,,54154.484375,,51725.20703125,,1.046875,,2842.00732421875,,0.546875,,50930.828125,,1.0546875,,2810.919921875,,256.0,,1.057831048965454,,0.01171875,,,,,,,,,,,,,,
1,16999,,134915.71875,,0.004587833769619465,,0.421875,,134915.71875,,131635.0625,,1.03125,,3093.479736328125,,0.578125,,132042.359375,,1.0390625,,3060.514892578125,,256.0,,1.0138260126113892,,0.01171875,,,,,,,,,,,,,,
1,17049,,59157.53515625,,0.004868865013122559,,0.4921875,,59157.53515625,,57195.171875,,1.1953125,,2291.842041015625,,0.5078125,,56594.58984375,,1.1953125,,2233.46435546875,,256.0,,1.168116807937622,,0.00390625,,,,,,,,,,,,,,
1,17099,,14355.103515625,,0.004868203774094582,,0.51953125,,14355.103515625,,12187.5380859375,,1.03125,,2189.19189453125,,0.48046875,,12176.3447265625,,1.03125,,2157.130859375,,256.0,,1.0024268627166748,,0.0,,,,,,,,,,,,,,
1,17149,,64340.63671875,,0.005272007547318935,,0.515625,,64340.63671875,,61682.28515625,,1.21875,,2753.5302734375,,0.484375,,61546.79296875,,1.21875,,2698.663330078125,,256.0,,1.117596983909607,,0.00390625,,,,,,,,,,,,,,
1,17199,,15744.43359375,,0.004379571415483952,,0.4921875,,15744.43359375,,13282.9375,,1.0703125,,2439.329833984375,,0.5078125,,13350.5556640625,,1.0625,,2416.04296875,,256.0,,1.0723047256469727,,0.00390625,,,,,,,,,,,,,,
1,17249,,13902.736328125,,0.005014222115278244,,0.5078125,,13902.736328125,,11284.1650390625,,1.03125,,3003.92333984375,,0.4921875,,10577.01171875,,1.03125,,2940.3740234375,,256.0,,1.0480296611785889,,0.015625,,,,,,,,,,,,,,
1,17299,,20721.12109375,,0.004948889836668968,,0.4765625,,20721.12109375,,18385.748046875,,1.125,,2277.102294921875,,0.5234375,,18561.806640625,,1.125,,2217.5888671875,,256.0,,1.0368340015411377,,0.0,,,,,,,,,,,,,,
1,17349,,15008.8759765625,,0.004939492791891098,,0.46484375,,15008.8759765625,,12880.302734375,,1.046875,,2152.566162109375,,0.53515625,,12880.3125,,1.046875,,2104.57080078125,,256.0,,1.0610347986221313,,0.0,,,,,,,,,,,,,,
1,17399,,17932.48046875,,0.004655594006180763,,0.4921875,,17932.48046875,,16081.427734375,,1.265625,,2209.094970703125,,0.5078125,,15407.826171875,,1.265625,,2166.613525390625,,256.0,,1.0638432502746582,,0.0,,,,,,,,,,,,,,
1,17449,,15089.1494140625,,0.004980647470802069,,0.515625,,15089.1494140625,,12974.5244140625,,0.94921875,,2160.15673828125,,0.484375,,12927.1845703125,,0.94921875,,2116.43212890625,,256.0,,0.9999308586120605,,0.0,,,,,,,,,,,,,,
1,17499,,143905.84375,,0.004641098901629448,,0.546875,,143905.84375,,140014.921875,,1.1796875,,3480.663330078125,,0.453125,,140878.09375,,1.1875,,3437.99267578125,,256.0,,1.066572666168213,,0.015625,,,,,,,,,,,,,,
1,17549,,13234.4375,,0.004592574201524258,,0.55859375,,13234.4375,,10296.50390625,,1.0390625,,2818.431396484375,,0.44140625,,10552.4140625,,1.0390625,,2801.526611328125,,256.0,,1.0593597888946533,,0.01171875,,,,,,,,,,,,,,
1,17599,,117287.46875,,0.005004206206649542,,0.515625,,117287.46875,,113940.28125,,1.1015625,,2913.5849609375,,0.484375,,114866.9765625,,1.1015625,,2854.099609375,,256.0,,1.0923700332641602,,0.0078125,,,,,,,,,,,,,,
1,17649,,69723.796875,,0.004882327280938625,,0.4765625,,69723.796875,,67066.8046875,,1.0234375,,2938.130859375,,0.5234375,,66553.1640625,,1.0234375,,2889.501708984375,,256.0,,0.9850665926933289,,0.01171875,,,,,,,,,,,,,,
1,17699,,12663.74609375,,0.004410067573189735,,0.5546875,,12663.74609375,,10418.3720703125,,1.046875,,2153.58203125,,0.4453125,,10623.1435546875,,1.046875,,2132.39599609375,,256.0,,1.0183954238891602,,0.0,,,,,,,,,,,,,,
1,17749,,94796.0625,,0.0048575871624052525,,0.5625,,94796.0625,,91936.328125,,1.0234375,,2794.7197265625,,0.4375,,92073.7109375,,1.03125,,2787.37451171875,,256.0,,0.951712965965271,,0.01171875,,,,,,,,,,,,,,
1,17799,,12975.916015625,,0.004966550972312689,,0.4921875,,12975.916015625,,10988.615234375,,1.15625,,2141.4970703125,,0.5078125,,10706.80859375,,1.15625,,2114.912109375,,256.0,,1.0736989974975586,,0.0,,,,,,,,,,,,,,
1,17849,,63451.4140625,,0.004742257762700319,,0.5625,,63451.4140625,,61178.91796875,,1.03125,,2546.03076171875,,0.4375,,60685.703125,,1.03125,,2492.1748046875,,256.0,,1.001258373260498,,0.00390625,,,,,,,,,,,,,,
1,17899,,71464.1875,,0.004517098423093557,,0.4921875,,71464.1875,,68825.2109375,,1.0546875,,2434.39208984375,,0.5078125,,69248.265625,,1.046875,,2420.5029296875,,256.0,,1.004033088684082,,0.00390625,,,,,,,,,,,,,,
1,17949,,62963.0078125,,0.004586550407111645,,0.52734375,,62963.0078125,,59847.4453125,,1.078125,,2435.61083984375,,0.47265625,,61226.265625,,1.078125,,2416.689697265625,,256.0,,0.9689475893974304,,0.00390625,,,,,,,,,,,,,,
1,17999,,16392.7578125,,0.004822828806936741,,0.4609375,,16392.7578125,,14696.3515625,,0.96875,,2000.1021728515625,,0.5390625,,14166.701171875,,0.96875,,1922.361572265625,,256.0,,1.0219781398773193,,0.0,,,,,,,,,,,,,,
1,18049,,49860.4609375,,0.004641276318579912,,0.4921875,,49860.4609375,,48295.98828125,,0.98828125,,2283.5390625,,0.5078125,,46904.08984375,,0.98828125,,2237.304443359375,,256.0,,0.9833872318267822,,0.00390625,,,,,,,,,,,,,,
1,18099,,59993.6875,,0.004657696932554245,,0.46875,,59993.6875,,56371.9140625,,1.0859375,,3082.2919921875,,0.53125,,57477.87890625,,1.0859375,,3055.29248046875,,256.0,,0.9253672361373901,,0.0078125,,,,,,,,,,,,,,
1,18149,,14477.9453125,,0.004672138020396233,,0.515625,,14477.9453125,,11893.671875,,1.046875,,2093.36376953125,,0.484375,,12873.673828125,,1.046875,,2095.18212890625,,256.0,,0.9960349798202515,,0.00390625,,,,,,,,,,,,,,
1,18199,,15561.16015625,,0.004817075561732054,,0.45703125,,15561.16015625,,13418.9453125,,0.984375,,2235.852783203125,,0.54296875,,13266.1015625,,0.984375,,2201.41943359375,,256.0,,0.9510616064071655,,0.00390625,,,,,,,,,,,,,,
1,18249,,15632.50390625,,0.005066914018243551,,0.47265625,,15632.50390625,,13106.15234375,,0.9453125,,2389.08056640625,,0.52734375,,13386.009765625,,0.9453125,,2383.765625,,256.0,,0.9563381671905518,,0.00390625,,,,,,,,,,,,,,
1,18299,,82206.375,,0.005486807785928249,,0.484375,,82206.375,,79575.8046875,,1.0625,,2724.27978515625,,0.515625,,79388.8515625,,1.0625,,2723.81298828125,,256.0,,0.8759727478027344,,0.00390625,,,,,,,,,,,,,,
1,18349,,120364.3125,,0.004782244097441435,,0.4765625,,120364.3125,,117333.6484375,,0.8515625,,2938.3232421875,,0.5234375,,117567.25,,0.8515625,,2889.40625,,256.0,,0.8656550645828247,,0.0078125,,,,,,,,,,,,,,
1,18399,,16471.91015625,,0.00469765393063426,,0.51953125,,16471.91015625,,14097.9873046875,,0.9375,,2203.84228515625,,0.48046875,,14488.421875,,0.94140625,,2153.568359375,,256.0,,0.9112309217453003,,0.0,,,,,,,,,,,,,,
1,18449,,135924.9375,,0.004614637698978186,,0.5,,135924.9375,,132279.875,,0.8515625,,3108.33984375,,0.5,,133347.015625,,0.8515625,,3114.623046875,,256.0,,0.8474904894828796,,0.015625,,,,,,,,,,,,,,
1,18499,,15507.033203125,,0.004751602187752724,,0.47265625,,15507.033203125,,12913.0771484375,,1.046875,,2590.828125,,0.52734375,,12924.9892578125,,1.046875,,2585.170654296875,,256.0,,1.1133102178573608,,0.0078125,,,,,,,,,,,,,,
1,18549,,77089.171875,,0.00499406224116683,,0.5,,77089.171875,,74422.515625,,0.94921875,,2754.578125,,0.5,,74304.703125,,0.95703125,,2696.54248046875,,256.0,,0.9235011339187622,,0.0078125,,,,,,,,,,,,,,
1,18599,,19754.140625,,0.004891867749392986,,0.53515625,,19754.140625,,17581.642578125,,0.9921875,,2136.98974609375,,0.46484375,,17696.177734375,,0.9921875,,2093.4716796875,,256.0,,0.8621196746826172,,0.0,,,,,,,,,,,,,,
1,18649,,20686.8046875,,0.0047242543660104275,,0.51953125,,20686.8046875,,18327.884765625,,1.046875,,2474.09033203125,,0.48046875,,18146.62109375,,1.046875,,2425.01220703125,,256.0,,0.999228835105896,,0.00390625,,,,,,,,,,,,,,
1,18699,,11988.07421875,,0.00528526259586215,,0.48828125,,11988.07421875,,10079.6103515625,,1.0234375,,2187.92724609375,,0.51171875,,9591.701171875,,1.03125,,2116.90966796875,,256.0,,0.9278716444969177,,0.0,,,,,,,,,,,,,,
1,18749,,13143.609375,,0.004842166788876057,,0.56640625,,13143.609375,,11646.8837890625,,0.8671875,,1989.611083984375,,0.43359375,,10711.0849609375,,0.8671875,,1939.63720703125,,256.0,,0.8343181610107422,,0.0,,,,,,,,,,,,,,
1,18799,,99534.234375,,0.004714362323284149,,0.52734375,,99534.234375,,96882.84375,,0.8125,,2719.6796875,,0.47265625,,96770.0,,0.80859375,,2695.940185546875,,256.0,,0.849217414855957,,0.0078125,,,,,,,,,,,,,,
1,18849,,72103.78125,,0.004630965646356344,,0.4921875,,72103.78125,,69597.53125,,1.03125,,2521.710205078125,,0.5078125,,69597.625,,1.03125,,2490.693359375,,256.0,,0.9891386032104492,,0.00390625,,,,,,,,,,,,,,
1,18899,,19427.14453125,,0.004759280942380428,,0.54296875,,19427.14453125,,17773.5625,,0.859375,,2279.682861328125,,0.45703125,,16584.65625,,0.85546875,,2216.38671875,,256.0,,0.8185210227966309,,0.0,,,,,,,,,,,,,,
1,18949,,79175.90625,,0.0049769263714551926,,0.53515625,,79175.90625,,76612.140625,,1.0234375,,2642.7734375,,0.46484375,,76475.5234375,,1.015625,,2621.3779296875,,256.0,,0.9221293926239014,,0.00390625,,,,,,,,,,,,,,
1,18999,,12781.908203125,,0.004752462729811668,,0.50390625,,12781.908203125,,10513.794921875,,0.92578125,,2303.119140625,,0.49609375,,10507.50390625,,0.921875,,2239.39892578125,,256.0,,0.8745946884155273,,0.00390625,,,,,,,,,,,,,,
1,19049,,14030.623046875,,0.005494087003171444,,0.44921875,,14030.623046875,,11805.7568359375,,1.0390625,,2388.509765625,,0.55078125,,11528.4892578125,,1.0390625,,2338.49169921875,,256.0,,0.965544581413269,,0.00390625,,,,,,,,,,,,,,
1,19099,,20186.380859375,,0.0048320116475224495,,0.51171875,,20186.380859375,,17826.283203125,,1.1015625,,2163.165283203125,,0.48828125,,18252.994140625,,1.1015625,,2130.3193359375,,256.0,,0.9511163234710693,,0.0,,,,,,,,,,,,,,
1,19149,,61249.16796875,,0.004984905477613211,,0.4765625,,61249.16796875,,58599.640625,,0.9296875,,2416.1162109375,,0.5234375,,59107.3515625,,0.9296875,,2375.227294921875,,256.0,,0.8620135188102722,,0.00390625,,,,,,,,,,,,,,
1,19199,,71559.125,,0.0047432295978069305,,0.49609375,,71559.125,,68591.3046875,,0.98828125,,2476.999267578125,,0.50390625,,69594.4296875,,0.9921875,,2455.521728515625,,256.0,,0.9662048816680908,,0.00390625,,,,,,,,,,,,,,
1,19249,,20917.296875,,0.004829531069844961,,0.5390625,,20917.296875,,18382.078125,,1.1640625,,2398.795166015625,,0.4609375,,18693.90625,,1.1640625,,2359.813232421875,,256.0,,1.050912618637085,,0.00390625,,,,,,,,,,,,,,
1,19299,,18922.341796875,,0.0046822186559438705,,0.46484375,,18922.341796875,,16651.998046875,,1.0,,2270.8935546875,,0.53515625,,16695.892578125,,1.0078125,,2225.900390625,,256.0,,1.0070805549621582,,0.00390625,,,,,,,,,,,,,,
1,19349,,17645.072265625,,0.004403792321681976,,0.49609375,,17645.072265625,,15647.2099609375,,1.0390625,,2258.230224609375,,0.50390625,,15167.9208984375,,1.0390625,,2216.783447265625,,256.0,,1.0869578123092651,,0.00390625,,,,,,,,,,,,,,
1,19399,,106541.0,,0.005094784311950207,,0.53125,,106541.0,,103795.5703125,,1.1796875,,2932.800537109375,,0.46875,,103480.4765625,,1.171875,,2873.16162109375,,256.0,,1.0653891563415527,,0.0078125,,,,,,,,,,,,,,
1,19449,,15965.365234375,,0.004688790999352932,,0.45703125,,15965.365234375,,13032.75,,1.046875,,2554.81689453125,,0.54296875,,13817.283203125,,1.046875,,2525.880126953125,,256.0,,0.9802035093307495,,0.0078125,,,,,,,,,,,,,,
1,19499,,13122.08203125,,0.004787269048392773,,0.5390625,,13122.08203125,,10764.4765625,,1.15625,,2272.6689453125,,0.4609375,,11005.755859375,,1.1484375,,2201.26318359375,,256.0,,1.0710606575012207,,0.0078125,,,,,,,,,,,,,,
1,19549,,11385.830078125,,0.004835153929889202,,0.50390625,,11385.830078125,,9376.2265625,,0.94921875,,1953.1494140625,,0.49609375,,9559.1318359375,,0.953125,,1883.1519775390625,,256.0,,0.9223473072052002,,0.0,,,,,,,,,,,,,,
1,19599,,13195.873046875,,0.0046286131255328655,,0.46875,,13195.873046875,,11413.96875,,1.03125,,2047.856689453125,,0.53125,,10908.2548828125,,1.03125,,2021.666748046875,,256.0,,0.9769107103347778,,0.0,,,,,,,,,,,,,,
1,19649,,122034.3359375,,0.004967011511325836,,0.5546875,,122034.3359375,,118959.671875,,1.046875,,2756.4677734375,,0.4453125,,119612.1796875,,1.0546875,,2740.35400390625,,256.0,,1.0395665168762207,,0.0078125,,,,,,,,,,,,,,
1,19699,,90684.40625,,0.0046585677191615105,,0.5234375,,90684.40625,,87639.53125,,1.03125,,3091.484130859375,,0.4765625,,87599.2265625,,1.0390625,,3038.5751953125,,256.0,,0.9048012495040894,,0.0078125,,,,,,,,,,,,,,
1,19749,,13354.984375,,0.004734798800200224,,0.46875,,13354.984375,,11385.10546875,,0.953125,,1966.9864501953125,,0.53125,,11418.505859375,,0.95703125,,1939.37060546875,,256.0,,0.9890400171279907,,0.0,,,,,,,,,,,,,,
1,19799,,56620.875,,0.0046523576602339745,,0.50390625,,56620.875,,54776.82421875,,1.0390625,,2548.33056640625,,0.49609375,,53415.93359375,,1.0390625,,2500.6650390625,,256.0,,0.925466775894165,,0.00390625,,,,,,,,,,,,,,
1,19849,,64341.375,,0.005074644461274147,,0.49609375,,64341.375,,61776.28515625,,0.98046875,,2628.541015625,,0.50390625,,61690.97265625,,0.98046875,,2586.94775390625,,256.0,,0.9747294187545776,,0.0078125,,,,,,,,,,,,,,
1,19899,,14630.7109375,,0.004710671957582235,,0.50390625,,14630.7109375,,12462.2421875,,1.0625,,2371.68994140625,,0.49609375,,12086.4287109375,,1.0625,,2341.06103515625,,256.0,,1.0799480676651,,0.00390625,,,,,,,,,,,,,,
1,19949,,70906.4921875,,0.004645999055355787,,0.46484375,,70906.4921875,,68689.2109375,,0.91796875,,2370.12451171875,,0.53515625,,68416.3671875,,0.91796875,,2337.28466796875,,256.0,,0.8872840404510498,,0.00390625,,,,,,,,,,,,,,
1,19999,,20875.482421875,,0.0045934151858091354,,0.4921875,,20875.482421875,,18642.13671875,,0.9140625,,2093.917724609375,,0.5078125,,18938.09765625,,0.91015625,,2076.8115234375,,256.0,,0.9195134043693542,,0.0,,,,,,,,,,,,,,
1,20049,,17786.87890625,,0.004775359760969877,,0.515625,,17786.87890625,,15695.140625,,1.0078125,,2029.50341796875,,0.484375,,15863.8525390625,,1.015625,,1985.261962890625,,256.0,,0.9197372198104858,,0.0,,,,,,,,,,,,,,
1,20099,,51679.0703125,,0.005016390234231949,,0.5234375,,51679.0703125,,49391.73046875,,0.8359375,,2312.98291015625,,0.4765625,,49353.296875,,0.8359375,,2300.128173828125,,256.0,,0.8829662203788757,,0.00390625,,,,,,,,,,,,,,
1,20149,,88247.25,,0.004965438973158598,,0.4453125,,88247.25,,85519.984375,,0.95703125,,2823.10302734375,,0.5546875,,85385.1171875,,0.95703125,,2766.307861328125,,256.0,,0.9042980074882507,,0.0078125,,,,,,,,,,,,,,
1,20199,,63998.09375,,0.004841304384171963,,0.48046875,,63998.09375,,61899.625,,1.1171875,,2341.618896484375,,0.51953125,,61480.85546875,,1.1171875,,2274.08984375,,256.0,,1.054383397102356,,0.00390625,,,,,,,,,,,,,,
1,20249,,17499.607421875,,0.00486433319747448,,0.5078125,,17499.607421875,,15137.4560546875,,0.9921875,,2303.938232421875,,0.4921875,,15278.2470703125,,0.9921875,,2279.57275390625,,256.0,,0.9215669631958008,,0.00390625,,,,,,,,,,,,,,
1,20299,,14852.6357421875,,0.004953066352754831,,0.46484375,,14852.6357421875,,12952.49609375,,1.1484375,,1929.427978515625,,0.53515625,,12954.03515625,,1.15625,,1869.3121337890625,,256.0,,1.0957095623016357,,0.0,,,,,,,,,,,,,,
1,20349,,65723.375,,0.004923343192785978,,0.515625,,65723.375,,62898.47265625,,1.125,,2627.009765625,,0.484375,,63350.65234375,,1.1328125,,2570.603515625,,256.0,,1.0028717517852783,,0.00390625,,,,,,,,,,,,,,
1,20399,,119706.78125,,0.004818284418433905,,0.44140625,,119706.78125,,116864.015625,,1.21875,,2966.450439453125,,0.55859375,,116670.8984375,,1.21875,,2912.19775390625,,256.0,,1.0939600467681885,,0.01171875,,,,,,,,,,,,,,
1,20449,,15172.09375,,0.004795104265213013,,0.55078125,,15172.09375,,13453.9052734375,,0.98046875,,2005.738525390625,,0.44921875,,12932.78515625,,0.98046875,,1951.759765625,,256.0,,0.9902262687683105,,0.0,,,,,,,,,,,,,,
1,20499,,75123.6328125,,0.004619352053850889,,0.53515625,,75123.6328125,,72677.1328125,,1.0234375,,2731.625732421875,,0.46484375,,72148.1171875,,1.0234375,,2690.39208984375,,256.0,,1.027571678161621,,0.00390625,,,,,,,,,,,,,,
1,20549,,100870.65625,,0.004908396862447262,,0.5,,100870.65625,,97677.6953125,,0.8984375,,2749.90771484375,,0.5,,98579.21875,,0.90234375,,2734.48779296875,,256.0,,0.8701993823051453,,0.0078125,,,,,,,,,,,,,,
1,20599,,13608.6640625,,0.0052591413259506226,,0.55078125,,13608.6640625,,11824.6611328125,,1.296875,,1950.666015625,,0.44921875,,11543.3916015625,,1.296875,,1898.60888671875,,256.0,,1.1233934164047241,,0.00390625,,,,,,,,,,,,,,
1,20649,,13436.728515625,,0.0051957666873931885,,0.515625,,13436.728515625,,11531.96875,,0.98046875,,2121.641357421875,,0.484375,,11167.0986328125,,0.984375,,2052.7490234375,,256.0,,0.8598803877830505,,0.0,,,,,,,,,,,,,,
1,20699,,15164.53125,,0.004636345896869898,,0.515625,,15164.53125,,13030.453125,,0.91015625,,2076.54248046875,,0.484375,,13182.875,,0.91015625,,2039.192138671875,,256.0,,0.912320077419281,,0.0,,,,,,,,,,,,,,
1,20749,,53326.6796875,,0.004702393896877766,,0.5,,53326.6796875,,50592.046875,,0.8359375,,2502.04638671875,,0.5,,51087.6640625,,0.8359375,,2471.60595703125,,256.0,,0.8048917055130005,,0.0078125,,,,,,,,,,,,,,
1,20799,,15038.798828125,,0.005053583066910505,,0.51171875,,15038.798828125,,12835.1142578125,,0.9375,,2337.775390625,,0.48828125,,12610.240234375,,0.9375,,2294.46923828125,,256.0,,0.8643035888671875,,0.00390625,,,,,,,,,,,,,,
1,20849,,18242.6640625,,0.004782943055033684,,0.4921875,,18242.6640625,,16187.85546875,,1.109375,,2183.00634765625,,0.5078125,,15965.9013671875,,1.1171875,,2148.564697265625,,256.0,,1.0676817893981934,,0.00390625,,,,,,,,,,,,,,
1,20899,,13003.78125,,0.005219188518822193,,0.50390625,,13003.78125,,11087.6630859375,,0.89453125,,1966.8922119140625,,0.49609375,,11015.193359375,,0.8984375,,1937.813232421875,,256.0,,0.9230705499649048,,0.0,,,,,,,,,,,,,,
1,20949,,96047.203125,,0.004986634477972984,,0.43359375,,96047.203125,,93493.203125,,0.89453125,,2621.42333984375,,0.56640625,,93374.4921875,,0.890625,,2605.28466796875,,256.0,,0.8873957395553589,,0.0078125,,,,,,,,,,,,,,
1,20999,,67237.09375,,0.0045416709035634995,,0.52734375,,67237.09375,,65219.515625,,1.0,,2564.492431640625,,0.47265625,,64171.6640625,,1.0,,2518.513916015625,,256.0,,0.9572808146476746,,0.00390625,,,,,,,,,,,,,,
1,21049,,13779.1953125,,0.005071904510259628,,0.43359375,,13779.1953125,,11852.484375,,1.0625,,2096.557373046875,,0.56640625,,11579.1171875,,1.0625,,2030.2305908203125,,256.0,,0.9073829054832458,,0.00390625,,,,,,,,,,,,,,
1,21099,,69654.625,,0.005032732151448727,,0.4765625,,69654.625,,67357.1640625,,0.9453125,,2579.6689453125,,0.5234375,,66811.515625,,0.94921875,,2560.89794921875,,256.0,,1.002185344696045,,0.0078125,,,,,,,,,,,,,,
1,21149,,54810.9140625,,0.0051939962431788445,,0.546875,,54810.9140625,,52311.33203125,,1.0234375,,2544.583984375,,0.453125,,52247.9453125,,1.0234375,,2517.97119140625,,256.0,,0.9798135757446289,,0.0078125,,,,,,,,,,,,,,
1,21199,,59168.18359375,,0.005010074935853481,,0.5234375,,59168.18359375,,56856.765625,,0.859375,,2418.65380859375,,0.4765625,,56678.609375,,0.859375,,2382.34033203125,,256.0,,0.847234845161438,,0.00390625,,,,,,,,,,,,,,
1,21249,,16048.5625,,0.00461458507925272,,0.55859375,,16048.5625,,13806.36328125,,0.8671875,,2026.320068359375,,0.44140625,,14265.8876953125,,0.87109375,,1998.553466796875,,256.0,,0.9145114421844482,,0.0,,,,,,,,,,,,,,
1,21299,,66769.3125,,0.005017952993512154,,0.48828125,,66769.3125,,64767.02734375,,1.015625,,2477.111328125,,0.51171875,,63872.34765625,,1.0078125,,2422.14013671875,,256.0,,0.9692181348800659,,0.00390625,,,,,,,,,,,,,,
1,21349,,13349.4140625,,0.004866438917815685,,0.53125,,13349.4140625,,11555.97265625,,0.8359375,,1962.9427490234375,,0.46875,,11250.7734375,,0.828125,,1929.13818359375,,256.0,,0.8255723714828491,,0.0,,,,,,,,,,,,,,
1,21399,,16337.3583984375,,0.004908079747110605,,0.44140625,,16337.3583984375,,14366.5439453125,,1.0625,,2208.6640625,,0.55859375,,13904.28515625,,1.0625,,2195.224609375,,256.0,,1.0785555839538574,,0.00390625,,,,,,,,,,,,,,
1,21449,,121492.953125,,0.004641282372176647,,0.5,,121492.953125,,118611.3046875,,0.9765625,,2782.779296875,,0.5,,118815.9140625,,0.9765625,,2775.902099609375,,256.0,,0.9005920886993408,,0.0078125,,,,,,,,,,,,,,
1,21499,,126443.53125,,0.004853561986237764,,0.4609375,,126443.53125,,123296.6171875,,0.890625,,3136.8017578125,,0.5390625,,123337.8515625,,0.88671875,,3115.78857421875,,256.0,,0.8618704676628113,,0.015625,,,,,,,,,,,,,,
1,21549,,23617.05078125,,0.005251571536064148,,0.49609375,,23617.05078125,,22012.42578125,,1.03125,,2044.23876953125,,0.50390625,,21174.513671875,,1.03125,,2002.92529296875,,256.0,,0.9849366545677185,,0.0,,,,,,,,,,,,,,
1,21599,,12264.0859375,,0.004592017736285925,,0.48828125,,12264.0859375,,9907.2529296875,,0.73046875,,2170.0849609375,,0.51171875,,10281.048828125,,0.73046875,,2169.7861328125,,256.0,,0.8119564056396484,,0.00390625,,,,,,,,,,,,,,
1,21649,,100885.125,,0.0048524001613259315,,0.4765625,,100885.125,,97185.671875,,0.859375,,2569.369384765625,,0.5234375,,99495.8671875,,0.85546875,,2519.3525390625,,256.0,,0.8920127153396606,,0.0078125,,,,,,,,,,,,,,
1,21699,,14745.181640625,,0.0047219679690897465,,0.4921875,,14745.181640625,,12717.94140625,,0.96875,,1952.7103271484375,,0.5078125,,12905.853515625,,0.96484375,,1913.859130859375,,256.0,,0.9341793060302734,,0.00390625,,,,,,,,,,,,,,
1,21749,,14052.548828125,,0.004607849754393101,,0.4453125,,14052.548828125,,12165.3203125,,1.0078125,,1947.1988525390625,,0.5546875,,12078.2275390625,,1.0,,1914.349853515625,,256.0,,0.9139400720596313,,0.0,,,,,,,,,,,,,,
1,21799,,16636.92578125,,0.0048791877925395966,,0.44140625,,16636.92578125,,14594.287109375,,0.90234375,,2036.8074951171875,,0.55859375,,14650.05078125,,0.90234375,,1992.70556640625,,256.0,,0.8669238090515137,,0.0,,,,,,,,,,,,,,
1,21849,,15785.958984375,,0.004870293196290731,,0.4765625,,15785.958984375,,14038.7197265625,,0.9296875,,1914.864013671875,,0.5234375,,13708.51953125,,0.9375,,1909.81494140625,,256.0,,0.8828047513961792,,0.0,,,,,,,,,,,,,,
1,21899,,80624.3515625,,0.004476263653486967,,0.421875,,80624.3515625,,77985.8125,,0.796875,,2639.7060546875,,0.578125,,78014.265625,,0.796875,,2608.9248046875,,256.0,,0.7879972457885742,,0.0078125,,,,,,,,,,,,,,
1,21949,,49780.32421875,,0.004593414254486561,,0.515625,,49780.32421875,,47640.79296875,,0.890625,,2377.541015625,,0.484375,,47198.21484375,,0.890625,,2344.095947265625,,256.0,,0.8366525173187256,,0.0078125,,,,,,,,,,,,,,
1,21999,,16855.59765625,,0.004783437121659517,,0.53125,,16855.59765625,,15591.5849609375,,1.0,,1930.192138671875,,0.46875,,14304.2060546875,,1.0,,1885.2117919921875,,256.0,,0.898237943649292,,0.0,,,,,,,,,,,,,,
1,22049,,18813.91015625,,0.0046078916639089584,,0.52734375,,18813.91015625,,16867.05078125,,0.9765625,,2134.50537109375,,0.47265625,,16515.369140625,,0.9765625,,2110.89501953125,,256.0,,1.0132954120635986,,0.0,,,,,,,,,,,,,,
1,22099,,20543.1875,,0.004886111244559288,,0.47265625,,20543.1875,,18981.404296875,,1.0703125,,2135.6181640625,,0.52734375,,17870.94140625,,1.0703125,,2098.41259765625,,256.0,,1.0839762687683105,,0.0,,,,,,,,,,,,,,
1,22149,,71221.921875,,0.0049461848102509975,,0.46484375,,71221.921875,,69337.796875,,0.9921875,,2258.164306640625,,0.53515625,,68615.1015625,,0.99609375,,2232.77685546875,,256.0,,0.9446899890899658,,0.00390625,,,,,,,,,,,,,,
1,22199,,15407.322265625,,0.004693325143307447,,0.53515625,,15407.322265625,,13255.6005859375,,0.8515625,,1984.8577880859375,,0.46484375,,13585.9287109375,,0.8515625,,1988.2568359375,,256.0,,0.8066956400871277,,0.00390625,,,,,,,,,,,,,,
1,22249,,17672.59375,,0.004565475508570671,,0.4296875,,17672.59375,,15755.9814453125,,1.03125,,2097.65234375,,0.5703125,,15437.5380859375,,1.03125,,2054.01416015625,,256.0,,1.0625972747802734,,0.0,,,,,,,,,,,,,,
1,22299,,65707.5625,,0.004526137374341488,,0.484375,,65707.5625,,63711.66015625,,0.8984375,,2184.482421875,,0.515625,,63352.30859375,,0.90234375,,2166.6826171875,,256.0,,0.858930766582489,,0.00390625,,,,,,,,,,,,,,
1,22349,,13076.7412109375,,0.004803135059773922,,0.5078125,,13076.7412109375,,11514.3388671875,,0.765625,,2204.712890625,,0.4921875,,10274.39453125,,0.765625,,2160.036376953125,,256.0,,0.7809213399887085,,0.00390625,,,,,,,,,,,,,,
1,22399,,60293.0234375,,0.00513447355479002,,0.4921875,,60293.0234375,,57602.87109375,,0.87109375,,2417.62451171875,,0.5078125,,58185.3515625,,0.8671875,,2380.20458984375,,256.0,,0.8750096559524536,,0.00390625,,,,,,,,,,,,,,
1,22449,,15614.0205078125,,0.006632145494222641,,0.5078125,,15614.0205078125,,13487.7412109375,,0.92578125,,2573.620849609375,,0.4921875,,12620.7138671875,,0.93359375,,2545.96484375,,256.0,,0.9120168685913086,,0.0078125,,,,,,,,,,,,,,
1,22499,,18546.443359375,,0.004604780580848455,,0.57421875,,18546.443359375,,15948.826171875,,1.125,,2432.939697265625,,0.42578125,,16301.4638671875,,1.125,,2409.65771484375,,256.0,,1.054836630821228,,0.00390625,,,,,,,,,,,,,,
1,22549,,119760.234375,,0.004538937471807003,,0.50390625,,119760.234375,,117096.0625,,0.92578125,,2898.939208984375,,0.49609375,,116652.0,,0.921875,,2873.4794921875,,256.0,,0.8678776621818542,,0.0078125,,,,,,,,,,,,,,
1,22599,,64051.8828125,,0.0046928515657782555,,0.51171875,,64051.8828125,,61928.59375,,0.9609375,,2510.916015625,,0.48828125,,61191.0,,0.9609375,,2473.26220703125,,256.0,,0.9227377772331238,,0.01171875,,,,,,,,,,,,,,
1,22649,,68141.671875,,0.004999206401407719,,0.5,,68141.671875,,65639.65625,,0.8671875,,2421.62255859375,,0.5,,65847.09375,,0.87109375,,2374.97265625,,256.0,,0.8608487844467163,,0.00390625,,,,,,,,,,,,,,
1,22699,,100195.40625,,0.005101452581584454,,0.50390625,,100195.40625,,98634.484375,,0.859375,,2458.2451171875,,0.49609375,,96891.890625,,0.859375,,2406.189208984375,,256.0,,0.9021506309509277,,0.0078125,,,,,,,,,,,,,,
1,22749,,72348.4375,,0.00488292146474123,,0.44921875,,72348.4375,,69496.6640625,,0.92578125,,2364.124755859375,,0.55078125,,70505.0546875,,0.9296875,,2331.028564453125,,256.0,,0.9160789251327515,,0.00390625,,,,,,,,,,,,,,
1,22799,,50755.75390625,,0.004750399850308895,,0.53125,,50755.75390625,,48339.0,,1.0234375,,2410.98095703125,,0.46875,,48366.69140625,,1.0234375,,2394.8369140625,,256.0,,0.9760128855705261,,0.00390625,,,,,,,,,,,,,,
1,22849,,55625.95703125,,0.005557804834097624,,0.44921875,,55625.95703125,,53818.3046875,,0.9375,,2305.946044921875,,0.55078125,,52862.44140625,,0.9375,,2265.22314453125,,256.0,,0.9287978410720825,,0.00390625,,,,,,,,,,,,,,
1,22899,,17271.484375,,0.0044388072565197945,,0.4921875,,17271.484375,,14804.33203125,,0.98828125,,2240.1201171875,,0.5078125,,15290.9658203125,,0.98828125,,2207.55029296875,,256.0,,0.8620564341545105,,0.00390625,,,,,,,,,,,,,,
1,22949,,15462.345703125,,0.005082028917968273,,0.46484375,,15462.345703125,,13588.544921875,,0.75,,2010.0394287109375,,0.53515625,,13320.7607421875,,0.75,,2005.3472900390625,,256.0,,0.7420012354850769,,0.0,,,,,,,,,,,,,,
1,22999,,13939.1611328125,,0.00493051391094923,,0.46875,,13939.1611328125,,11862.16796875,,0.859375,,1924.3719482421875,,0.53125,,12210.18359375,,0.85546875,,1881.598876953125,,256.0,,0.8731886744499207,,0.0,,,,,,,,,,,,,,
1,23049,,60588.0,,0.00467009237036109,,0.54296875,,60588.0,,57243.04296875,,0.80078125,,2813.9365234375,,0.45703125,,58322.32421875,,0.80078125,,2796.6982421875,,256.0,,0.8319671154022217,,0.01171875,,,,,,,,,,,,,,
1,23099,,60353.625,,0.004489139653742313,,0.55078125,,60353.625,,57887.015625,,1.0234375,,2259.42431640625,,0.44921875,,58308.953125,,1.0234375,,2251.853271484375,,256.0,,0.9803086519241333,,0.00390625,,,,,,,,,,,,,,
1,23149,,64226.46875,,0.004476100206375122,,0.52734375,,64226.46875,,61628.36328125,,1.1171875,,2357.3251953125,,0.47265625,,62144.01953125,,1.125,,2323.234130859375,,256.0,,1.0854277610778809,,0.00390625,,,,,,,,,,,,,,
1,23199,,14254.220703125,,0.004860845394432545,,0.515625,,14254.220703125,,12462.6875,,1.0234375,,2053.54150390625,,0.484375,,11978.9111328125,,1.0234375,,2013.302001953125,,256.0,,1.0313067436218262,,0.0,,,,,,,,,,,,,,
1,23249,,17057.22265625,,0.0050509097054600716,,0.49609375,,17057.22265625,,15236.837890625,,0.90234375,,2087.86376953125,,0.50390625,,14764.47265625,,0.90234375,,2025.2730712890625,,256.0,,0.9006146192550659,,0.0,,,,,,,,,,,,,,
1,23299,,11120.685546875,,0.004645859822630882,,0.56640625,,11120.685546875,,9498.05859375,,0.8828125,,1798.10009765625,,0.43359375,,9170.9658203125,,0.8828125,,1774.246826171875,,256.0,,0.8759567737579346,,0.0,,,,,,,,,,,,,,
1,23349,,15809.083984375,,0.004739637486636639,,0.49609375,,15809.083984375,,13619.19921875,,1.078125,,2005.983642578125,,0.50390625,,13992.6474609375,,1.0703125,,2000.3370361328125,,256.0,,1.0070693492889404,,0.0,,,,,,,,,,,,,,
1,23399,,16113.3935546875,,0.005185118410736322,,0.51953125,,16113.3935546875,,14089.53515625,,1.03125,,2091.751953125,,0.48046875,,14012.556640625,,1.03125,,2032.943359375,,256.0,,1.0031275749206543,,0.00390625,,,,,,,,,,,,,,
1,23449,,183774.9375,,0.004458719398826361,,0.43359375,,183774.9375,,180849.875,,0.71484375,,3106.0703125,,0.56640625,,180489.78125,,0.7109375,,3104.168212890625,,256.0,,0.7623230814933777,,0.01171875,,,,,,,,,,,,,,
1,23499,,58127.17578125,,0.0048681581392884254,,0.4765625,,58127.17578125,,56244.70703125,,0.859375,,2305.74462890625,,0.5234375,,55440.33203125,,0.85546875,,2263.56494140625,,256.0,,0.8356565237045288,,0.00390625,,,,,,,,,,,,,,
1,23549,,69268.421875,,0.004654138348996639,,0.4765625,,69268.421875,,66618.375,,0.87890625,,2927.72998046875,,0.5234375,,66079.3046875,,0.87890625,,2911.42578125,,256.0,,0.7852064967155457,,0.01171875,,,,,,,,,,,,,,
1,23599,,120335.1953125,,0.005116064101457596,,0.53515625,,120335.1953125,,117622.703125,,0.8984375,,3074.896484375,,0.46484375,,116939.078125,,0.89453125,,3033.71337890625,,256.0,,0.8307775855064392,,0.01953125,,,,,,,,,,,,,,
1,23649,,17481.927734375,,0.0045809634029865265,,0.57421875,,17481.927734375,,14513.603515625,,0.9609375,,2677.05419921875,,0.42578125,,15118.12890625,,0.95703125,,2655.06787109375,,256.0,,0.9044968485832214,,0.0078125,,,,,,,,,,,,,,
1,23699,,72034.875,,0.004971626214683056,,0.515625,,72034.875,,69842.0546875,,1.0078125,,2374.391357421875,,0.484375,,69494.8828125,,1.0,,2358.416259765625,,256.0,,0.9822938442230225,,0.00390625,,,,,,,,,,,,,,
1,23749,,14543.900390625,,0.004591482691466808,,0.4921875,,14543.900390625,,12593.3935546875,,0.9921875,,1981.1173095703125,,0.5078125,,12546.2958984375,,0.98828125,,1966.9930419921875,,256.0,,0.9324908256530762,,0.0,,,,,,,,,,,,,,
1,23799,,22256.2109375,,0.004503299947828054,,0.47265625,,22256.2109375,,19926.5859375,,0.91015625,,2206.73095703125,,0.52734375,,20188.30078125,,0.91015625,,2190.80419921875,,256.0,,0.8707966804504395,,0.00390625,,,,,,,,,,,,,,
1,23849,,19893.482421875,,0.004631289280951023,,0.53515625,,19893.482421875,,17613.23046875,,0.9765625,,2281.7685546875,,0.46484375,,17633.30078125,,0.98046875,,2258.66357421875,,256.0,,0.964648425579071,,0.00390625,,,,,,,,,,,,,,
1,23899,,47711.28515625,,0.004978159908205271,,0.546875,,47711.28515625,,44763.61328125,,1.03125,,2559.718505859375,,0.453125,,45562.30859375,,1.03125,,2536.93115234375,,256.0,,0.9595040082931519,,0.0078125,,,,,,,,,,,,,,
1,23949,,15692.3837890625,,0.004777898080646992,,0.4765625,,15692.3837890625,,13732.013671875,,0.88671875,,1948.26318359375,,0.5234375,,13768.44140625,,0.890625,,1936.0487060546875,,256.0,,0.8663898706436157,,0.0,,,,,,,,,,,,,,
1,23999,,88249.765625,,0.004923578351736069,,0.53125,,88249.765625,,85872.6171875,,0.9765625,,2522.8525390625,,0.46875,,85593.28125,,0.97265625,,2510.7734375,,256.0,,0.9534479975700378,,0.00390625,,,,,,,,,,,,,,
1,24049,,51189.25,,0.004510730039328337,,0.484375,,51189.25,,48974.37890625,,0.84375,,2262.11181640625,,0.515625,,48926.7734375,,0.84375,,2215.229248046875,,256.0,,0.8133668303489685,,0.00390625,,,,,,,,,,,,,,
1,24099,,15170.2919921875,,0.004622071050107479,,0.53125,,15170.2919921875,,13099.5791015625,,0.83984375,,2087.21240234375,,0.46875,,13089.646484375,,0.83984375,,2064.146484375,,256.0,,0.8249701261520386,,0.00390625,,,,,,,,,,,,,,
1,24149,,23578.72265625,,0.004690155386924744,,0.46484375,,23578.72265625,,21085.755859375,,0.9375,,2191.601318359375,,0.53515625,,21694.6484375,,0.9375,,2185.43798828125,,256.0,,0.9047311544418335,,0.0,,,,,,,,,,,,,,
1,24199,,70513.703125,,0.0046159494668245316,,0.53125,,70513.703125,,67797.0078125,,0.9609375,,2567.4892578125,,0.46875,,68127.3671875,,0.9609375,,2535.546875,,256.0,,0.9542845487594604,,0.0078125,,,,,,,,,,,,,,
1,24249,,57670.8203125,,0.004942620173096657,,0.53515625,,57670.8203125,,55905.1953125,,1.140625,,2606.71826171875,,0.46484375,,54296.859375,,1.140625,,2532.87060546875,,256.0,,1.0013434886932373,,0.01171875,,,,,,,,,,,,,,
1,24299,,16035.833984375,,0.00486284215003252,,0.53125,,16035.833984375,,13885.0380859375,,0.859375,,1794.447509765625,,0.46875,,14610.626953125,,0.8671875,,1781.554931640625,,256.0,,0.7909020185470581,,0.0,,,,,,,,,,,,,,
1,24349,,14839.26953125,,0.004536044783890247,,0.4453125,,14839.26953125,,12687.1689453125,,0.91015625,,2187.8037109375,,0.5546875,,12635.791015625,,0.91015625,,2167.774658203125,,256.0,,0.8365083932876587,,0.0078125,,,,,,,,,,,,,,
1,24399,,14993.419921875,,0.004911606665700674,,0.52734375,,14993.419921875,,13312.845703125,,0.9375,,1870.71875,,0.47265625,,12962.8681640625,,0.94140625,,1840.407958984375,,256.0,,0.8485764265060425,,0.0,,,,,,,,,,,,,,
1,24449,,49781.09765625,,0.004611203446984291,,0.5078125,,49781.09765625,,47282.41015625,,0.9375,,2601.16845703125,,0.4921875,,47102.30078125,,0.9375,,2576.315185546875,,256.0,,0.9041934013366699,,0.01171875,,,,,,,,,,,,,,
1,24499,,13053.15234375,,0.00517410971224308,,0.48828125,,13053.15234375,,10684.244140625,,0.96875,,2359.05029296875,,0.51171875,,10748.162109375,,0.96875,,2314.846923828125,,256.0,,0.9000387191772461,,0.0078125,,,,,,,,,,,,,,
1,24549,,60956.58203125,,0.004997860640287399,,0.515625,,60956.58203125,,58818.58203125,,0.81640625,,2375.492431640625,,0.484375,,58398.7734375,,0.8203125,,2320.3154296875,,256.0,,0.8262444734573364,,0.0078125,,,,,,,,,,,,,,
1,24599,,19498.453125,,0.005005284678190947,,0.55078125,,19498.453125,,16820.927734375,,0.9140625,,2465.623046875,,0.44921875,,17280.37109375,,0.9140625,,2429.9833984375,,256.0,,0.8690962791442871,,0.0078125,,,,,,,,,,,,,,
1,24649,,14283.4140625,,0.004719382617622614,,0.53515625,,14283.4140625,,12287.783203125,,1.0390625,,2225.94287109375,,0.46484375,,11882.025390625,,1.0390625,,2171.07568359375,,256.0,,0.9747999906539917,,0.00390625,,,,,,,,,,,,,,
1,24699,,56779.046875,,0.004985161125659943,,0.5,,56779.046875,,54616.92578125,,0.8671875,,2168.3515625,,0.5,,54624.14453125,,0.8671875,,2148.67138671875,,256.0,,0.8995847702026367,,0.00390625,,,,,,,,,,,,,,
1,24749,,13733.857421875,,0.004508648999035358,,0.4765625,,13733.857421875,,11755.5517578125,,0.9296875,,2201.03369140625,,0.5234375,,11322.73828125,,0.93359375,,2188.389892578125,,256.0,,0.8813825845718384,,0.00390625,,,,,,,,,,,,,,
1,24799,,16056.74609375,,0.005028932821005583,,0.4921875,,16056.74609375,,13739.0087890625,,0.80078125,,2230.690673828125,,0.5078125,,13958.3359375,,0.80078125,,2185.457275390625,,256.0,,0.7955864667892456,,0.01171875,,,,,,,,,,,,,,
1,24849,,14773.8466796875,,0.005045916885137558,,0.43359375,,14773.8466796875,,12826.1474609375,,0.796875,,1893.2298583984375,,0.56640625,,12950.87890625,,0.80078125,,1877.4371337890625,,256.0,,0.8278519511222839,,0.0,,,,,,,,,,,,,,
1,24899,,63559.140625,,0.004631075542420149,,0.51953125,,63559.140625,,60974.5234375,,0.671875,,2445.4052734375,,0.48046875,,61288.47265625,,0.66796875,,2409.87646484375,,256.0,,0.7205657958984375,,0.00390625,,,,,,,,,,,,,,
1,24949,,16151.466796875,,0.004794271197170019,,0.4375,,16151.466796875,,13932.568359375,,0.9921875,,2127.724609375,,0.5625,,14137.0322265625,,0.9921875,,2105.6083984375,,256.0,,0.8655418753623962,,0.0,,,,,,,,,,,,,,
1,24999,,15761.986328125,,0.00461452966555953,,0.515625,,15761.986328125,,14154.146484375,,0.75,,1999.4854736328125,,0.484375,,13420.3525390625,,0.75,,1949.989501953125,,256.0,,0.691449761390686,,0.0,,,,,,,,,,,,,,
1,25049,,72198.1875,,0.004823400638997555,,0.46875,,72198.1875,,69284.5859375,,0.890625,,2714.132568359375,,0.53125,,69672.96875,,0.8828125,,2724.68408203125,,256.0,,0.8000547289848328,,0.0078125,,,,,,,,,,,,,,
1,25099,,67969.171875,,0.004905092995613813,,0.50390625,,67969.171875,,65815.6171875,,0.83984375,,2256.663330078125,,0.49609375,,65626.3359375,,0.84375,,2239.71923828125,,256.0,,0.8567794561386108,,0.00390625,,,,,,,,,,,,,,
1,25149,,75587.296875,,0.004661994054913521,,0.48828125,,75587.296875,,72403.3359375,,0.98046875,,2840.918701171875,,0.51171875,,73091.3125,,0.984375,,2839.0302734375,,256.0,,0.8559941053390503,,0.01171875,,,,,,,,,,,,,,
1,25199,,16696.09765625,,0.004697815515100956,,0.46484375,,16696.09765625,,14460.404296875,,0.89453125,,1962.87109375,,0.53515625,,15038.76171875,,0.89453125,,1930.1552734375,,256.0,,0.8444018363952637,,0.0,,,,,,,,,,,,,,
1,25249,,18160.66015625,,0.004601313732564449,,0.5703125,,18160.66015625,,16656.103515625,,0.921875,,1807.7247314453125,,0.4296875,,16077.8642578125,,0.91796875,,1779.62548828125,,256.0,,0.926497220993042,,0.0,,,,,,,,,,,,,,
1,25299,,13588.439453125,,0.004714588634669781,,0.54296875,,13588.439453125,,11495.75390625,,0.91796875,,2095.373046875,,0.45703125,,11539.8134765625,,0.91796875,,2045.9381103515625,,256.0,,0.9323786497116089,,0.00390625,,,,,,,,,,,,,,
1,25349,,121945.1484375,,0.004941360093653202,,0.51953125,,121945.1484375,,119557.953125,,0.9375,,3062.155029296875,,0.48046875,,118266.8828125,,0.9375,,3003.303466796875,,256.0,,0.8275818824768066,,0.0078125,,,,,,,,,,,,,,
1,25399,,16734.921875,,0.004919420462101698,,0.4296875,,16734.921875,,14399.822265625,,0.85546875,,2179.8544921875,,0.5703125,,14738.583984375,,0.85546875,,2151.58251953125,,256.0,,0.7930097579956055,,0.00390625,,,,,,,,,,,,,,
1,25449,,14438.638671875,,0.005086621735244989,,0.5,,14438.638671875,,12279.78515625,,0.87109375,,2079.083251953125,,0.5,,12491.8671875,,0.875,,2026.540771484375,,256.0,,0.8493999242782593,,0.00390625,,,,,,,,,,,,,,
1,25499,,19845.576171875,,0.004677806049585342,,0.46875,,19845.576171875,,17950.9296875,,0.94921875,,2066.29931640625,,0.53125,,17631.68359375,,0.953125,,2042.240478515625,,256.0,,0.8460082411766052,,0.00390625,,,,,,,,,,,,,,
1,25549,,57541.625,,0.004790249280631542,,0.54296875,,57541.625,,55874.6484375,,0.76953125,,2203.420654296875,,0.45703125,,54826.37890625,,0.76953125,,2178.7978515625,,256.0,,0.7354321479797363,,0.0078125,,,,,,,,,,,,,,
1,25591,,,,,,,,,,,,,,,,,,,,,,,,,,,,,19041.357421875,0.004860734101384878,0.4998077154159546,19041.357421875,17159.052734375,0.9263396263122559,1956.9237060546875,0.5001922845840454,17039.08203125,0.9265295267105103,1927.7080078125,255.98416137695312,0.8860353231430054,0.0010014981962740421
1,25591,48805.33984375,,0.004854205064475536,,0.49967214465141296,,48805.33984375,,46399.31640625,,1.0446699857711792,,2496.738037109375,,0.5003278851509094,,46252.609375,,1.045094609260559,,2462.0771484375,,256.0,,1.005954623222351,,0.005130997858941555,,,,,,,,,,,,,,,
2,25599,,18823.94921875,,0.004974316339939833,,0.51171875,,18823.94921875,,16564.791015625,,0.96875,,2504.09033203125,,0.48828125,,16121.91015625,,0.96484375,,2457.10546875,,256.0,,0.9342821836471558,,0.0078125,,,,,,,,,,,,,,
2,25649,,62262.79296875,,0.004748516716063023,,0.48046875,,62262.79296875,,59545.91015625,,0.80859375,,2230.024169921875,,0.51953125,,60537.890625,,0.8046875,,2211.76220703125,,256.0,,0.7910099029541016,,0.00390625,,,,,,,,,,,,,,
2,25699,,53972.67578125,,0.004763783421367407,,0.5,,53972.67578125,,51150.16796875,,0.796875,,2320.695068359375,,0.5,,52194.5234375,,0.80078125,,2279.96435546875,,256.0,,0.7119280099868774,,0.00390625,,,,,,,,,,,,,,
2,25749,,13472.2265625,,0.004653709940612316,,0.44921875,,13472.2265625,,11947.763671875,,0.9609375,,1741.0987548828125,,0.55078125,,11524.9658203125,,0.96484375,,1730.62646484375,,256.0,,0.8478326797485352,,0.0,,,,,,,,,,,,,,
2,25799,,58943.66796875,,0.00490040285512805,,0.5234375,,58943.66796875,,56885.99609375,,0.953125,,2200.94140625,,0.4765625,,56622.17578125,,0.95703125,,2178.224609375,,256.0,,0.8693353533744812,,0.00390625,,,,,,,,,,,,,,
2,25849,,13049.158203125,,0.004879592917859554,,0.51953125,,13049.158203125,,11242.185546875,,0.94921875,,1930.00390625,,0.48046875,,11025.154296875,,0.953125,,1900.9736328125,,256.0,,0.9148186445236206,,0.0,,,,,,,,,,,,,,
2,25899,,95165.40625,,0.004682385828346014,,0.5078125,,95165.40625,,92932.3359375,,0.78125,,2615.537841796875,,0.4921875,,92184.3984375,,0.78125,,2598.536865234375,,256.0,,0.7172378897666931,,0.0078125,,,,,,,,,,,,,,
2,25949,,55697.28125,,0.004689156077802181,,0.45703125,,55697.28125,,53405.55859375,,0.69921875,,2517.85009765625,,0.54296875,,52966.78515625,,0.69921875,,2504.370361328125,,256.0,,0.7777103185653687,,0.0078125,,,,,,,,,,,,,,
2,25999,,56123.703125,,0.004764579236507416,,0.484375,,56123.703125,,53685.7421875,,0.828125,,2409.28515625,,0.515625,,53770.69921875,,0.83203125,,2381.68115234375,,256.0,,0.9308850169181824,,0.0078125,,,,,,,,,,,,,,
2,26049,,55170.625,,0.004761622287333012,,0.51171875,,55170.625,,52658.81640625,,0.7421875,,2076.73779296875,,0.48828125,,53574.58203125,,0.73828125,,2031.1171875,,256.0,,0.7178463935852051,,0.00390625,,,,,,,,,,,,,,
2,26099,,14431.11328125,,0.004795875400304794,,0.4765625,,14431.11328125,,12618.478515625,,0.6953125,,2104.45703125,,0.5234375,,12089.55859375,,0.6953125,,2049.73193359375,,256.0,,0.6658442616462708,,0.0078125,,,,,,,,,,,,,,
2,26149,,17686.7734375,,0.00461841095238924,,0.46875,,17686.7734375,,16020.0205078125,,0.85546875,,1846.406494140625,,0.53125,,15691.404296875,,0.85546875,,1815.716552734375,,256.0,,0.9119579195976257,,0.00390625,,,,,,,,,,,,,,
2,26199,,14802.11328125,,0.0049804747104644775,,0.515625,,14802.11328125,,12709.953125,,0.98828125,,2045.2904052734375,,0.484375,,12841.27734375,,0.9921875,,2007.70556640625,,256.0,,0.963143527507782,,0.00390625,,,,,,,,,,,,,,
2,26249,,62406.86328125,,0.004509083926677704,,0.53125,,62406.86328125,,60275.5390625,,0.83984375,,2087.93603515625,,0.46875,,60363.453125,,0.83984375,,2086.79833984375,,256.0,,0.8557882308959961,,0.00390625,,,,,,,,,,,,,,
2,26299,,65048.49609375,,0.004595188423991203,,0.45703125,,65048.49609375,,62763.79296875,,0.8515625,,2261.87353515625,,0.54296875,,62840.34765625,,0.85546875,,2230.9775390625,,256.0,,0.8049673438072205,,0.00390625,,,,,,,,,,,,,,
2,26349,,16351.42578125,,0.00464572012424469,,0.453125,,16351.42578125,,14290.4072265625,,0.7734375,,1916.00537109375,,0.546875,,14612.5537109375,,0.76953125,,1883.88525390625,,256.0,,0.7821251153945923,,0.0,,,,,,,,,,,,,,
2,26399,,68441.015625,,0.004790225066244602,,0.46875,,68441.015625,,65877.5703125,,0.765625,,2606.486572265625,,0.53125,,65827.2265625,,0.765625,,2570.74072265625,,256.0,,0.7178621292114258,,0.00390625,,,,,,,,,,,,,,
2,26449,,17196.28125,,0.0045313406735658646,,0.4921875,,17196.28125,,15733.8974609375,,0.859375,,1960.301513671875,,0.5078125,,14781.32421875,,0.85546875,,1917.0367431640625,,256.0,,0.8342812061309814,,0.0,,,,,,,,,,,,,,
2,26499,,16210.591796875,,0.0046514044515788555,,0.5546875,,16210.591796875,,14462.0244140625,,0.98046875,,2162.743896484375,,0.4453125,,13655.443359375,,0.97265625,,2140.97216796875,,256.0,,0.8743366003036499,,0.0078125,,,,,,,,,,,,,,
2,26549,,71854.359375,,0.004616252612322569,,0.53515625,,71854.359375,,70144.3515625,,0.7578125,,2210.06787109375,,0.46484375,,69172.046875,,0.7578125,,2182.25439453125,,256.0,,0.7762681245803833,,0.00390625,,,,,,,,,,,,,,
2,26599,,113040.953125,,0.0049976771697402,,0.453125,,113040.953125,,109951.921875,,0.8984375,,2551.446533203125,,0.546875,,111055.015625,,0.90234375,,2523.53515625,,256.0,,0.8622373342514038,,0.01171875,,,,,,,,,,,,,,
2,26649,,112969.21875,,0.005572439171373844,,0.47265625,,112969.21875,,110073.7265625,,0.69921875,,3011.87744140625,,0.52734375,,109858.6328125,,0.6953125,,2994.21484375,,256.0,,0.6955188512802124,,0.01171875,,,,,,,,,,,,,,
2,26699,,13125.8916015625,,0.005122227594256401,,0.515625,,13125.8916015625,,11500.611328125,,0.87890625,,1994.8658447265625,,0.484375,,10817.7021484375,,0.8828125,,1938.6036376953125,,256.0,,0.8566119074821472,,0.0,,,,,,,,,,,,,,
2,26749,,59487.5234375,,0.0051555628888309,,0.48828125,,59487.5234375,,57341.8828125,,0.8359375,,2420.57177734375,,0.51171875,,56820.8984375,,0.8359375,,2391.6943359375,,256.0,,0.8712827563285828,,0.0078125,,,,,,,,,,,,,,
2,26799,,11204.8046875,,0.004854484926909208,,0.4609375,,11204.8046875,,9592.853515625,,0.8125,,1931.2327880859375,,0.5390625,,8986.3095703125,,0.81640625,,1899.2127685546875,,256.0,,0.810356080532074,,0.00390625,,,,,,,,,,,,,,
2,26849,,13306.65234375,,0.004548416472971439,,0.55859375,,13306.65234375,,11348.8251953125,,0.81640625,,1836.802490234375,,0.44140625,,11602.982421875,,0.81640625,,1824.695556640625,,256.0,,0.7500163316726685,,0.0,,,,,,,,,,,,,,
2,26899,,67428.03125,,0.004581020213663578,,0.4765625,,67428.03125,,65866.6875,,0.6328125,,2076.40478515625,,0.5234375,,64848.359375,,0.63671875,,2064.6044921875,,256.0,,0.6840722560882568,,0.00390625,,,,,,,,,,,,,,
2,26949,,73297.90625,,0.004778733476996422,,0.45703125,,73297.90625,,70816.484375,,0.828125,,2370.180419921875,,0.54296875,,71071.3203125,,0.83203125,,2337.828369140625,,256.0,,0.7600776553153992,,0.0078125,,,,,,,,,,,,,,
2,26999,,190466.25,,0.0045380014926195145,,0.5859375,,190466.25,,186922.859375,,0.77734375,,3073.87353515625,,0.4140625,,187890.828125,,0.77734375,,3044.94775390625,,256.0,,0.7872649431228638,,0.015625,,,,,,,,,,,,,,
2,27049,,15084.087890625,,0.004876257386058569,,0.5546875,,15084.087890625,,13516.125,,0.83984375,,1852.999267578125,,0.4453125,,13015.60546875,,0.8359375,,1783.44775390625,,256.0,,0.7805168032646179,,0.0,,,,,,,,,,,,,,
2,27099,,14955.2998046875,,0.0049529834650456905,,0.53515625,,14955.2998046875,,12999.6171875,,0.83984375,,1933.4351806640625,,0.46484375,,13071.7861328125,,0.84375,,1905.7606201171875,,256.0,,0.8266910910606384,,0.0,,,,,,,,,,,,,,
2,27149,,57519.59375,,0.004943133797496557,,0.5,,57519.59375,,54979.76171875,,0.69921875,,2136.886474609375,,0.5,,55806.13671875,,0.703125,,2116.405517578125,,256.0,,0.657347559928894,,0.00390625,,,,,,,,,,,,,,
2,27199,,46489.859375,,0.0047784363850951195,,0.47265625,,46489.859375,,44375.484375,,0.91796875,,2113.35302734375,,0.52734375,,44398.70703125,,0.9140625,,2092.1728515625,,256.0,,0.9307796359062195,,0.00390625,,,,,,,,,,,,,,
2,27249,,104087.6875,,0.00487660663202405,,0.51171875,,104087.6875,,101037.515625,,0.83984375,,2691.02880859375,,0.48828125,,101770.8515625,,0.84375,,2675.97119140625,,256.0,,0.7474674582481384,,0.0078125,,,,,,,,,,,,,,
2,27299,,13807.1875,,0.004694401752203703,,0.5546875,,13807.1875,,11858.1650390625,,0.89453125,,1842.6484375,,0.4453125,,12102.5224609375,,0.89453125,,1811.03955078125,,256.0,,0.9177058935165405,,0.0,,,,,,,,,,,,,,
2,27349,,19194.89453125,,0.0051118843257427216,,0.53125,,19194.89453125,,17011.5625,,0.9453125,,2011.91064453125,,0.46875,,17372.00390625,,0.94921875,,1994.3118896484375,,256.0,,0.7233044505119324,,0.00390625,,,,,,,,,,,,,,
2,27399,,106998.53125,,0.005184100940823555,,0.51171875,,106998.53125,,104190.1875,,0.796875,,2933.28369140625,,0.48828125,,103979.953125,,0.80078125,,2893.645263671875,,256.0,,0.7739399671554565,,0.015625,,,,,,,,,,,,,,
2,27449,,13833.4755859375,,0.004583932459354401,,0.48828125,,13833.4755859375,,12161.2705078125,,0.87109375,,1963.116455078125,,0.51171875,,11635.20703125,,0.875,,1907.357421875,,256.0,,0.8534703254699707,,0.0,,,,,,,,,,,,,,
2,27499,,13384.390625,,0.0049425456672906876,,0.48046875,,13384.390625,,12035.72265625,,0.66015625,,1802.6162109375,,0.51953125,,11165.869140625,,0.6640625,,1764.572021484375,,256.0,,0.6503949165344238,,0.0,,,,,,,,,,,,,,
2,27549,,15405.712890625,,0.00484946183860302,,0.5,,15405.712890625,,13539.923828125,,0.7265625,,1826.681396484375,,0.5,,13657.279296875,,0.7265625,,1787.5416259765625,,256.0,,0.693973183631897,,0.0,,,,,,,,,,,,,,
2,27599,,67582.484375,,0.00464618718251586,,0.5546875,,67582.484375,,65289.328125,,0.8046875,,2304.486572265625,,0.4453125,,65296.546875,,0.8046875,,2274.60986328125,,256.0,,0.7742451429367065,,0.00390625,,,,,,,,,,,,,,
2,27649,,121317.359375,,0.0048781647346913815,,0.4921875,,121317.359375,,118753.40625,,0.77734375,,2464.833251953125,,0.5078125,,118963.0078125,,0.7734375,,2453.47412109375,,256.0,,0.7259476184844971,,0.0078125,,,,,,,,,,,,,,
2,27699,,18178.203125,,0.004718317650258541,,0.5390625,,18178.203125,,16731.0859375,,0.83203125,,1857.1654052734375,,0.4609375,,15929.583984375,,0.83203125,,1838.5692138671875,,256.0,,0.8525198698043823,,0.0,,,,,,,,,,,,,,
2,27749,,14615.306640625,,0.004791258834302425,,0.51171875,,14615.306640625,,12555.1533203125,,0.82421875,,1978.426513671875,,0.48828125,,12754.90234375,,0.8203125,,1942.132080078125,,256.0,,0.8313912153244019,,0.0,,,,,,,,,,,,,,
2,27799,,12194.7998046875,,0.004999835044145584,,0.50390625,,12194.7998046875,,10406.814453125,,0.6875,,2213.94140625,,0.49609375,,9609.689453125,,0.6875,,2159.154296875,,256.0,,0.6668187975883484,,0.00390625,,,,,,,,,,,,,,
2,27849,,11718.484375,,0.004658091347664595,,0.484375,,11718.484375,,10065.63671875,,0.921875,,1855.379150390625,,0.515625,,9703.7021484375,,0.92578125,,1812.251708984375,,256.0,,0.8476240038871765,,0.0,,,,,,,,,,,,,,
2,27899,,16099.529296875,,0.004481635522097349,,0.53125,,16099.529296875,,14135.1064453125,,0.9296875,,1898.631591796875,,0.46875,,14262.921875,,0.9296875,,1902.398681640625,,256.0,,0.8473796844482422,,0.0,,,,,,,,,,,,,,
2,27949,,15344.8984375,,0.0047860415652394295,,0.51953125,,15344.8984375,,13120.80078125,,0.8984375,,2158.70361328125,,0.48046875,,13281.9033203125,,0.90625,,2128.390380859375,,256.0,,0.8817437887191772,,0.01171875,,,,,,,,,,,,,,
2,27999,,16604.1328125,,0.004960325080901384,,0.50390625,,16604.1328125,,14837.220703125,,0.86328125,,1971.6500244140625,,0.49609375,,14441.19140625,,0.859375,,1958.2025146484375,,256.0,,0.8654793500900269,,0.0,,,,,,,,,,,,,,
2,28049,,62978.4921875,,0.004861869849264622,,0.5078125,,62978.4921875,,60267.87890625,,0.84375,,2273.68017578125,,0.4921875,,61164.7265625,,0.83984375,,2250.6982421875,,256.0,,0.7849982976913452,,0.0078125,,,,,,,,,,,,,,
2,28099,,60124.328125,,0.004793990403413773,,0.5390625,,60124.328125,,58556.05078125,,0.8828125,,2473.061767578125,,0.4609375,,56808.390625,,0.88671875,,2411.15625,,256.0,,0.79816073179245,,0.0078125,,,,,,,,,,,,,,
2,28149,,9552.6083984375,,0.004946890752762556,,0.52734375,,9552.6083984375,,7787.74267578125,,0.75,,1725.696044921875,,0.47265625,,7885.56005859375,,0.75390625,,1706.2186279296875,,256.0,,0.695297122001648,,0.0,,,,,,,,,,,,,,
2,28199,,14066.77734375,,0.004761605057865381,,0.51953125,,14066.77734375,,12274.8125,,0.8671875,,1831.577392578125,,0.48046875,,12228.0927734375,,0.8671875,,1799.07373046875,,256.0,,0.7797667384147644,,0.0,,,,,,,,,,,,,,
2,28249,,16854.666015625,,0.005219685845077038,,0.51171875,,16854.666015625,,15375.8056640625,,0.8828125,,1916.215087890625,,0.48828125,,14558.87890625,,0.8828125,,1858.431640625,,256.0,,0.7765169143676758,,0.0,,,,,,,,,,,,,,
2,28299,,61936.91796875,,0.004743131808936596,,0.53125,,61936.91796875,,59435.40234375,,0.8046875,,2205.943603515625,,0.46875,,60055.1484375,,0.8046875,,2177.34033203125,,256.0,,0.8132913112640381,,0.00390625,,,,,,,,,,,,,,
2,28349,,102423.171875,,0.004505505319684744,,0.484375,,102423.171875,,100150.921875,,0.75390625,,2703.061767578125,,0.515625,,99324.265625,,0.75390625,,2668.08837890625,,256.0,,0.7400505542755127,,0.01171875,,,,,,,,,,,,,,
2,28399,,168776.75,,0.004763307515531778,,0.51953125,,168776.75,,165288.125,,0.8828125,,3059.87060546875,,0.48046875,,166183.28125,,0.88671875,,3022.20654296875,,256.0,,0.7952882647514343,,0.01171875,,,,,,,,,,,,,,
2,28449,,15263.265625,,0.00442231772467494,,0.5078125,,15263.265625,,13462.4638671875,,0.7890625,,2119.412841796875,,0.4921875,,12857.029296875,,0.7890625,,2087.62548828125,,256.0,,0.8059698939323425,,0.00390625,,,,,,,,,,,,,,
2,28499,,23519.93359375,,0.00461205281317234,,0.546875,,23519.93359375,,21610.14453125,,0.6953125,,1874.1961669921875,,0.453125,,21713.294921875,,0.6953125,,1842.2318115234375,,256.0,,0.7193646430969238,,0.0,,,,,,,,,,,,,,
2,28549,,20013.11328125,,0.010221501812338829,,0.484375,,20013.11328125,,17288.931640625,,0.7421875,,2647.1015625,,0.515625,,17522.826171875,,0.7421875,,2567.3671875,,256.0,,0.6718399524688721,,0.01171875,,,,,,,,,,,,,,
2,28599,,17079.037109375,,0.004731740336865187,,0.48046875,,17079.037109375,,15284.583984375,,0.88671875,,1862.695068359375,,0.51953125,,15177.4453125,,0.88671875,,1833.3492431640625,,256.0,,0.8224676847457886,,0.0,,,,,,,,,,,,,,
2,28649,,17709.107421875,,0.004734375048428774,,0.53515625,,17709.107421875,,15883.5419921875,,0.58203125,,1885.28857421875,,0.46484375,,15790.7646484375,,0.58203125,,1858.62060546875,,256.0,,0.6245930194854736,,0.00390625,,,,,,,,,,,,,,
2,28699,,13968.6044921875,,0.004966159351170063,,0.4765625,,13968.6044921875,,12341.88671875,,0.796875,,1747.903564453125,,0.5234375,,12109.30859375,,0.796875,,1738.110107421875,,256.0,,0.7331314086914062,,0.0,,,,,,,,,,,,,,
2,28749,,70283.140625,,0.005024809390306473,,0.515625,,70283.140625,,67510.0234375,,0.89453125,,2343.59765625,,0.484375,,68407.796875,,0.89453125,,2304.8544921875,,256.0,,0.9186679720878601,,0.00390625,,,,,,,,,,,,,,
2,28799,,12532.99609375,,0.00493383826687932,,0.50390625,,12532.99609375,,10386.38671875,,0.90234375,,2115.9169921875,,0.49609375,,10485.6025390625,,0.90234375,,2078.08642578125,,256.0,,0.7913322448730469,,0.00390625,,,,,,,,,,,,,,
2,28849,,19860.73828125,,0.004660068079829216,,0.5,,19860.73828125,,17718.236328125,,1.0234375,,2101.363525390625,,0.5,,17812.423828125,,1.03125,,2089.453857421875,,256.0,,0.9208306074142456,,0.00390625,,,,,,,,,,,,,,
2,28899,,64045.453125,,0.004961327649652958,,0.51171875,,64045.453125,,61915.59765625,,0.80859375,,2288.5380859375,,0.48828125,,61636.12109375,,0.80859375,,2250.6533203125,,256.0,,0.7338200807571411,,0.0078125,,,,,,,,,,,,,,
2,28949,,92929.75,,0.004815353080630302,,0.53125,,92929.75,,90062.1875,,0.82421875,,2469.340576171875,,0.46875,,90873.015625,,0.8203125,,2454.944091796875,,256.0,,0.7666720151901245,,0.015625,,,,,,,,,,,,,,
2,28999,,14741.5185546875,,0.005043365992605686,,0.52734375,,14741.5185546875,,12806.9453125,,0.7890625,,2258.12451171875,,0.47265625,,12204.1533203125,,0.79296875,,2213.81396484375,,256.0,,0.7252089381217957,,0.00390625,,,,,,,,,,,,,,
2,29049,,58559.328125,,0.004469286650419235,,0.515625,,58559.328125,,56900.9921875,,1.0234375,,2384.397216796875,,0.484375,,55473.8125,,1.0234375,,2359.45654296875,,256.0,,1.0612766742706299,,0.01171875,,,,,,,,,,,,,,
2,29099,,59658.89453125,,0.004953816067427397,,0.51171875,,59658.89453125,,57418.0078125,,0.7734375,,2268.0234375,,0.48828125,,57418.90234375,,0.7734375,,2212.857421875,,256.0,,0.8185402154922485,,0.00390625,,,,,,,,,,,,,,
2,29149,,14214.001953125,,0.004738549701869488,,0.4921875,,14214.001953125,,12140.349609375,,0.765625,,1986.6649169921875,,0.5078125,,12340.2001953125,,0.76171875,,1960.79052734375,,256.0,,0.7739461660385132,,0.00390625,,,,,,,,,,,,,,
2,29199,,12838.73046875,,0.004610979929566383,,0.51953125,,12838.73046875,,11058.7333984375,,0.79296875,,1749.686279296875,,0.48046875,,11132.263671875,,0.796875,,1736.7763671875,,256.0,,0.7940216064453125,,0.0,,,,,,,,,,,,,,
2,29249,,154155.546875,,0.004842450376600027,,0.5234375,,154155.546875,,150807.90625,,0.99609375,,2804.626708984375,,0.4765625,,151897.734375,,1.0,,2800.822265625,,256.0,,0.8932332396507263,,0.01171875,,,,,,,,,,,,,,
2,29299,,17843.43359375,,0.0048217251896858215,,0.50390625,,17843.43359375,,16216.5595703125,,0.7109375,,1964.6866455078125,,0.49609375,,15580.21875,,0.7109375,,1925.403076171875,,256.0,,0.7225135564804077,,0.00390625,,,,,,,,,,,,,,
2,29349,,12797.9755859375,,0.0048970310017466545,,0.4921875,,12797.9755859375,,10825.947265625,,1.015625,,1834.96728515625,,0.5078125,,11114.7353515625,,1.0234375,,1820.30224609375,,256.0,,0.9324498176574707,,0.00390625,,,,,,,,,,,,,,
2,29399,,20352.40625,,0.004653909709304571,,0.55859375,,20352.40625,,18180.201171875,,0.95703125,,1994.358642578125,,0.44140625,,18555.75390625,,0.95703125,,1974.4981689453125,,256.0,,0.8690571784973145,,0.00390625,,,,,,,,,,,,,,
2,29449,,14997.404296875,,0.004912517499178648,,0.53515625,,14997.404296875,,13431.6640625,,0.76953125,,1919.119384765625,,0.46484375,,12764.6220703125,,0.76953125,,1879.40234375,,256.0,,0.8075195550918579,,0.0,,,,,,,,,,,,,,
2,29499,,10893.52734375,,0.004440126940608025,,0.47265625,,10893.52734375,,9295.298828125,,0.78125,,1949.26904296875,,0.52734375,,8638.5771484375,,0.78515625,,1903.90869140625,,256.0,,0.8359578847885132,,0.00390625,,,,,,,,,,,,,,
2,29549,,19237.818359375,,0.005147276446223259,,0.4765625,,19237.818359375,,16966.671875,,0.9609375,,2066.183349609375,,0.5234375,,17416.302734375,,0.96484375,,2026.479248046875,,256.0,,0.9209860563278198,,0.00390625,,,,,,,,,,,,,,
2,29599,,21414.09375,,0.005237394478172064,,0.45703125,,21414.09375,,19067.943359375,,0.76953125,,2172.908447265625,,0.54296875,,19446.935546875,,0.765625,,2140.401123046875,,256.0,,0.6960282325744629,,0.00390625,,,,,,,,,,,,,,
2,29649,,133529.53125,,0.00477563077583909,,0.46875,,133529.53125,,130966.609375,,0.88671875,,2912.7353515625,,0.53125,,130299.9765625,,0.88671875,,2879.751220703125,,256.0,,0.836439311504364,,0.01171875,,,,,,,,,,,,,,
2,29699,,56373.2265625,,0.004873919300734997,,0.546875,,56373.2265625,,53902.27734375,,0.79296875,,2207.8955078125,,0.453125,,54448.94140625,,0.79296875,,2187.344482421875,,256.0,,0.776711106300354,,0.00390625,,,,,,,,,,,,,,
2,29749,,75317.640625,,0.004914929158985615,,0.453125,,75317.640625,,72729.96875,,0.671875,,2582.0302734375,,0.546875,,72786.765625,,0.671875,,2536.522216796875,,256.0,,0.7689034938812256,,0.0078125,,,,,,,,,,,,,,
2,29799,,59623.46875,,0.004677846562117338,,0.5078125,,59623.46875,,57418.87890625,,0.67578125,,2370.52880859375,,0.4921875,,57106.625,,0.6796875,,2350.909423828125,,256.0,,0.6570881009101868,,0.0078125,,,,,,,,,,,,,,
2,29849,,63646.7421875,,0.004657034762203693,,0.48046875,,63646.7421875,,61604.0234375,,0.8515625,,2738.777587890625,,0.51953125,,60243.59375,,0.84765625,,2707.08837890625,,256.0,,0.8041943311691284,,0.015625,,,,,,,,,,,,,,
2,29899,,75681.1640625,,0.004894442856311798,,0.47265625,,75681.1640625,,73578.328125,,0.671875,,2161.438232421875,,0.52734375,,73498.34375,,0.67578125,,2124.2197265625,,256.0,,0.6843018531799316,,0.00390625,,,,,,,,,,,,,,
2,29949,,18511.18359375,,0.004543585237115622,,0.53125,,18511.18359375,,16513.630859375,,0.80859375,,1851.710205078125,,0.46875,,16832.435546875,,0.80859375,,1824.5902099609375,,256.0,,0.8399845957756042,,0.0,,,,,,,,,,,,,,
2,29999,,64212.2109375,,0.004591645672917366,,0.5,,64212.2109375,,61661.58203125,,0.79296875,,2224.7861328125,,0.5,,62334.55859375,,0.79296875,,2203.498291015625,,256.0,,0.7795957326889038,,0.00390625,,,,,,,,,,,,,,
2,30049,,17571.7265625,,0.0046067070215940475,,0.51953125,,17571.7265625,,15450.15625,,0.69140625,,1845.5078125,,0.48046875,,16030.45703125,,0.69140625,,1817.3299560546875,,256.0,,0.6725053787231445,,0.00390625,,,,,,,,,,,,,,
2,30099,,21156.90234375,,0.005046533420681953,,0.48046875,,21156.90234375,,19234.0234375,,0.76171875,,1992.095703125,,0.51953125,,19140.052734375,,0.76171875,,1947.635498046875,,256.0,,0.7718902826309204,,0.0,,,,,,,,,,,,,,
2,30149,,64613.125,,0.004567830823361874,,0.515625,,64613.125,,62771.3671875,,0.80078125,,2156.7001953125,,0.484375,,62183.43359375,,0.80078125,,2114.74462890625,,256.0,,0.7510412931442261,,0.00390625,,,,,,,,,,,,,,
2,30199,,110410.4453125,,0.004747198894619942,,0.4453125,,110410.4453125,,107473.40625,,0.89453125,,2692.396240234375,,0.5546875,,107987.984375,,0.89453125,,2667.10009765625,,256.0,,0.794304370880127,,0.015625,,,,,,,,,,,,,,
2,30249,,117077.0546875,,0.0045076883397996426,,0.4609375,,117077.0546875,,115166.390625,,0.71484375,,2489.228515625,,0.5390625,,114038.375,,0.71484375,,2460.115234375,,256.0,,0.6590434312820435,,0.0078125,,,,,,,,,,,,,,
2,30299,,21546.064453125,,0.005092530976980925,,0.5546875,,21546.064453125,,19838.908203125,,0.73046875,,1919.155517578125,,0.4453125,,19492.130859375,,0.73046875,,1841.933349609375,,256.0,,0.7237401008605957,,0.0,,,,,,,,,,,,,,
2,30349,,17987.013671875,,0.0049606552347540855,,0.5234375,,17987.013671875,,16818.517578125,,0.88671875,,1876.365966796875,,0.4765625,,15426.08984375,,0.8828125,,1853.053955078125,,256.0,,0.8238606452941895,,0.0,,,,,,,,,,,,,,
2,30399,,14079.044921875,,0.004911074414849281,,0.5078125,,14079.044921875,,12271.1884765625,,0.703125,,1716.468017578125,,0.4921875,,12485.658203125,,0.703125,,1684.7744140625,,256.0,,0.6986206769943237,,0.0,,,,,,,,,,,,,,
2,30449,,86886.671875,,0.004591426812112331,,0.5390625,,86886.671875,,83988.7421875,,0.8359375,,2488.23291015625,,0.4609375,,84825.8828125,,0.83984375,,2470.476806640625,,256.0,,0.8545483946800232,,0.01171875,,,,,,,,,,,,,,
2,30499,,65625.21875,,0.004445455502718687,,0.421875,,65625.21875,,62756.4375,,0.734375,,2633.361328125,,0.578125,,63241.58203125,,0.734375,,2619.06103515625,,256.0,,0.6407450437545776,,0.0078125,,,,,,,,,,,,,,
2,30549,,14949.29296875,,0.004823897033929825,,0.515625,,14949.29296875,,13096.4775390625,,0.9921875,,1845.24755859375,,0.484375,,13147.1328125,,0.99609375,,1809.729736328125,,256.0,,0.9490091800689697,,0.0,,,,,,,,,,,,,,
2,30599,,93066.546875,,0.004590027965605259,,0.515625,,93066.546875,,90540.6875,,0.828125,,2349.259521484375,,0.484375,,90929.46875,,0.82421875,,2313.681640625,,256.0,,0.8537170886993408,,0.00390625,,,,,,,,,,,,,,
2,30649,,14685.9609375,,0.004715701099485159,,0.4921875,,14685.9609375,,12110.333984375,,0.95703125,,2256.77880859375,,0.5078125,,12773.7080078125,,0.953125,,2231.10107421875,,256.0,,0.9166213274002075,,0.0078125,,,,,,,,,,,,,,
2,30699,,61935.84765625,,0.005045032128691673,,0.4765625,,61935.84765625,,59226.046875,,0.953125,,2735.7470703125,,0.5234375,,59227.00390625,,0.953125,,2682.897705078125,,256.0,,0.8638834953308105,,0.01171875,,,,,,,,,,,,,,
2,30749,,13039.05859375,,0.004704456776380539,,0.5234375,,13039.05859375,,11150.3486328125,,0.90625,,1785.015869140625,,0.4765625,,11382.34375,,0.90625,,1760.40966796875,,256.0,,0.805879533290863,,0.0,,,,,,,,,,,,,,
2,30799,,145307.0625,,0.004697041120380163,,0.52734375,,145307.0625,,143417.0,,0.72265625,,2634.513671875,,0.47265625,,141963.75,,0.71875,,2598.8525390625,,256.0,,0.6718129515647888,,0.01171875,,,,,,,,,,,,,,
2,30849,,57863.08203125,,0.004727455787360668,,0.52734375,,57863.08203125,,56144.65234375,,0.82421875,,2206.56103515625,,0.47265625,,55200.5,,0.8203125,,2174.450439453125,,256.0,,0.7228569984436035,,0.0078125,,,,,,,,,,,,,,
2,30899,,16682.89453125,,0.0049115801230072975,,0.4921875,,16682.89453125,,14444.7421875,,0.71484375,,2364.68603515625,,0.5078125,,14218.2685546875,,0.71484375,,2338.09423828125,,256.0,,0.7263719439506531,,0.00390625,,,,,,,,,,,,,,
2,30949,,13573.0849609375,,0.004843826871365309,,0.5234375,,13573.0849609375,,11489.2978515625,,0.828125,,1761.3997802734375,,0.4765625,,12151.7890625,,0.83203125,,1743.683837890625,,256.0,,0.8174203634262085,,0.0,,,,,,,,,,,,,,
2,30999,,21113.25,,0.0052901278249919415,,0.484375,,21113.25,,19540.8828125,,0.86328125,,2064.53564453125,,0.515625,,18593.48046875,,0.8671875,,2027.601806640625,,256.0,,0.81012362241745,,0.00390625,,,,,,,,,,,,,,
2,31049,,14592.556640625,,0.0047740815207362175,,0.484375,,14592.556640625,,12638.1201171875,,0.875,,2231.40966796875,,0.515625,,12087.4306640625,,0.87109375,,2228.154296875,,256.0,,0.8512868881225586,,0.00390625,,,,,,,,,,,,,,
2,31099,,60530.9375,,0.004868183750659227,,0.48828125,,60530.9375,,59166.875,,0.76171875,,2097.0224609375,,0.51171875,,57748.046875,,0.7578125,,2049.933349609375,,256.0,,0.7870447635650635,,0.00390625,,,,,,,,,,,,,,
2,31149,,21694.609375,,0.00488174008205533,,0.44140625,,21694.609375,,20522.9609375,,0.48046875,,1919.579833984375,,0.55859375,,19069.1015625,,0.478515625,,1877.576171875,,256.0,,0.5203089118003845,,0.0,,,,,,,,,,,,,,
2,31199,,84184.375,,0.004706177394837141,,0.47265625,,84184.375,,81808.640625,,0.5078125,,2478.47900390625,,0.52734375,,81635.5,,0.5078125,,2446.1318359375,,256.0,,0.5302355289459229,,0.0078125,,,,,,,,,,,,,,
2,31249,,16195.359375,,0.00491947028785944,,0.515625,,16195.359375,,14163.029296875,,0.62109375,,1817.4676513671875,,0.484375,,14597.4677734375,,0.6171875,,1812.7535400390625,,256.0,,0.6178011298179626,,0.0,,,,,,,,,,,,,,
2,31299,,16314.677734375,,0.00486203795298934,,0.51171875,,16314.677734375,,14409.2783203125,,0.921875,,1741.349853515625,,0.48828125,,14766.173828125,,0.921875,,1712.552001953125,,256.0,,0.7961090803146362,,0.0,,,,,,,,,,,,,,
2,31349,,13404.2626953125,,0.004967216402292252,,0.52734375,,13404.2626953125,,11256.345703125,,0.765625,,1998.40576171875,,0.47265625,,11580.98046875,,0.765625,,1972.792724609375,,256.0,,0.7677814364433289,,0.00390625,,,,,,,,,,,,,,
2,31399,,85822.65625,,0.004795146640390158,,0.48828125,,85822.65625,,83795.6875,,0.83203125,,2475.114013671875,,0.51171875,,82937.03125,,0.83203125,,2437.4765625,,256.0,,0.7297300100326538,,0.0078125,,,,,,,,,,,,,,
2,31449,,101014.4453125,,0.004903092049062252,,0.4453125,,101014.4453125,,97275.0390625,,0.6640625,,2635.962890625,,0.5546875,,99504.984375,,0.6640625,,2612.90673828125,,256.0,,0.6656575798988342,,0.015625,,,,,,,,,,,,,,
2,31499,,57918.109375,,0.004956771619617939,,0.49609375,,57918.109375,,55860.3203125,,0.8203125,,2210.421875,,0.50390625,,55585.35546875,,0.8203125,,2180.12646484375,,256.0,,0.7919317483901978,,0.0078125,,,,,,,,,,,,,,
2,31549,,14445.947265625,,0.00534453010186553,,0.5,,14445.947265625,,12682.705078125,,0.70703125,,1755.235107421875,,0.5,,12737.0439453125,,0.70703125,,1716.911376953125,,256.0,,0.7085657119750977,,0.0,,,,,,,,,,,,,,
2,31599,,68103.0859375,,0.0046326639130711555,,0.55078125,,68103.0859375,,65741.609375,,0.7734375,,2649.102783203125,,0.44921875,,65186.7265625,,0.7734375,,2628.737060546875,,256.0,,0.7672405242919922,,0.01171875,,,,,,,,,,,,,,
2,31649,,73119.46875,,0.004860104992985725,,0.5234375,,73119.46875,,70830.28125,,0.75390625,,2311.978515625,,0.4765625,,70842.7109375,,0.75390625,,2253.974853515625,,256.0,,0.810742974281311,,0.00390625,,,,,,,,,,,,,,
2,31699,,13134.14453125,,0.004913993179798126,,0.44140625,,13134.14453125,,11234.8740234375,,0.640625,,1871.7469482421875,,0.55859375,,11328.6015625,,0.640625,,1833.067626953125,,256.0,,0.6433151364326477,,0.0,,,,,,,,,,,,,,
2,31749,,54690.5078125,,0.004460454918444157,,0.52734375,,54690.5078125,,52645.703125,,0.9140625,,2012.1678466796875,,0.47265625,,52729.75,,0.9140625,,1993.399658203125,,256.0,,0.864560604095459,,0.00390625,,,,,,,,,,,,,,
2,31799,,14547.5263671875,,0.004701828118413687,,0.51953125,,14547.5263671875,,12723.09765625,,0.73046875,,2040.97900390625,,0.48046875,,12310.5830078125,,0.7265625,,2020.39404296875,,256.0,,0.6876413822174072,,0.00390625,,,,,,,,,,,,,,
2,31849,,23374.19140625,,0.004787184298038483,,0.46484375,,23374.19140625,,21226.46875,,0.703125,,1835.4461669921875,,0.53515625,,21895.880859375,,0.703125,,1790.58837890625,,256.0,,0.7023504972457886,,0.0,,,,,,,,,,,,,,
2,31899,,13347.525390625,,0.004746265709400177,,0.515625,,13347.525390625,,11605.939453125,,0.7578125,,1874.6083984375,,0.484375,,11364.55078125,,0.75390625,,1849.9521484375,,256.0,,0.713805615901947,,0.0,,,,,,,,,,,,,,
2,31949,,17198.150390625,,0.0049863094463944435,,0.515625,,17198.150390625,,16386.75390625,,0.8515625,,1891.9581298828125,,0.484375,,14293.9453125,,0.85546875,,1823.6416015625,,256.0,,0.7658101320266724,,0.0,,,,,,,,,,,,,,
2,31999,,15673.4912109375,,0.004899431020021439,,0.46484375,,15673.4912109375,,13793.439453125,,0.76953125,,1943.8497314453125,,0.53515625,,13700.7109375,,0.76953125,,1908.98193359375,,256.0,,0.7108532786369324,,0.0,,,,,,,,,,,,,,
2,32049,,60837.5546875,,0.005154753103852272,,0.453125,,60837.5546875,,57907.6875,,0.74609375,,2284.13720703125,,0.546875,,59210.33984375,,0.74609375,,2272.939453125,,256.0,,0.6747156977653503,,0.00390625,,,,,,,,,,,,,,
2,32099,,62346.9140625,,0.004693315364420414,,0.4765625,,62346.9140625,,60160.55859375,,0.84765625,,2355.3564453125,,0.5234375,,59859.01171875,,0.84375,,2318.90478515625,,256.0,,0.8147749900817871,,0.00390625,,,,,,,,,,,,,,
2,32149,,16366.9541015625,,0.004935061559081078,,0.45703125,,16366.9541015625,,14253.7001953125,,0.93359375,,2437.15087890625,,0.54296875,,13654.265625,,0.9375,,2388.79150390625,,256.0,,0.8547374606132507,,0.0078125,,,,,,,,,,,,,,
2,32199,,18874.5390625,,0.004691353067755699,,0.515625,,18874.5390625,,16502.923828125,,0.68359375,,2373.83203125,,0.484375,,16527.11328125,,0.6875,,2345.2119140625,,256.0,,0.7044365406036377,,0.01171875,,,,,,,,,,,,,,
2,32249,,14195.099609375,,0.004643035586923361,,0.46484375,,14195.099609375,,12136.26953125,,0.828125,,1823.93408203125,,0.53515625,,12627.6728515625,,0.828125,,1802.3228759765625,,256.0,,0.7417508363723755,,0.0,,,,,,,,,,,,,,
2,32299,,74099.21875,,0.005387376993894577,,0.546875,,74099.21875,,72110.9453125,,0.8046875,,2108.582275390625,,0.453125,,71925.671875,,0.80078125,,2053.2421875,,256.0,,0.7980499267578125,,0.00390625,,,,,,,,,,,,,,
2,32349,,61182.9765625,,0.004455594811588526,,0.515625,,61182.9765625,,58726.2109375,,0.6796875,,2242.98583984375,,0.484375,,59178.64453125,,0.6796875,,2218.1171875,,256.0,,0.6920082569122314,,0.00390625,,,,,,,,,,,,,,
2,32399,,16712.27734375,,0.005017566494643688,,0.515625,,16712.27734375,,15159.5048828125,,0.81640625,,1894.0352783203125,,0.484375,,14515.404296875,,0.81640625,,1855.61083984375,,256.0,,0.8805665969848633,,0.0,,,,,,,,,,,,,,
2,32449,,65105.78125,,0.004478463437408209,,0.5,,65105.78125,,63169.57421875,,0.58203125,,2211.530517578125,,0.5,,62638.6015625,,0.578125,,2191.851318359375,,256.0,,0.5669513940811157,,0.0078125,,,,,,,,,,,,,,
2,32499,,65322.0859375,,0.004698389209806919,,0.5234375,,65322.0859375,,61895.3203125,,0.6875,,2592.90625,,0.4765625,,63569.96875,,0.6875,,2585.977783203125,,256.0,,0.6705679893493652,,0.015625,,,,,,,,,,,,,,
2,32549,,16863.94140625,,0.004884565714746714,,0.48828125,,16863.94140625,,15310.8310546875,,0.859375,,1885.403564453125,,0.51171875,,14677.5087890625,,0.859375,,1854.1373291015625,,256.0,,0.7264572978019714,,0.0,,,,,,,,,,,,,,
2,32599,,101283.359375,,0.0050170389004051685,,0.4453125,,101283.359375,,98928.859375,,0.640625,,2828.781005859375,,0.5546875,,98014.1875,,0.64453125,,2794.89892578125,,256.0,,0.6558648943901062,,0.015625,,,,,,,,,,,,,,
2,32649,,19212.46875,,0.004895539488643408,,0.53515625,,19212.46875,,17504.640625,,0.8125,,1959.2012939453125,,0.46484375,,17039.830078125,,0.80859375,,1921.2647705078125,,256.0,,0.7553753852844238,,0.0,,,,,,,,,,,,,,
2,32699,,47352.4296875,,0.005657709203660488,,0.546875,,47352.4296875,,45148.62890625,,0.6953125,,2588.540771484375,,0.453125,,44454.04296875,,0.69140625,,2513.650146484375,,256.0,,0.6716359853744507,,0.01171875,,,,,,,,,,,,,,
2,32749,,53925.91796875,,0.0045348163694143295,,0.51171875,,53925.91796875,,51662.72265625,,0.828125,,2494.48388671875,,0.48828125,,51234.26953125,,0.828125,,2460.3583984375,,256.0,,0.7151955366134644,,0.01171875,,,,,,,,,,,,,,
2,32799,,71548.5078125,,0.004734399728477001,,0.484375,,71548.5078125,,69708.7265625,,0.58984375,,2087.47802734375,,0.515625,,69246.5390625,,0.58984375,,2054.275390625,,256.0,,0.5996177196502686,,0.00390625,,,,,,,,,,,,,,
2,32849,,108784.359375,,0.004619558807462454,,0.52734375,,108784.359375,,106615.8671875,,0.6171875,,2529.099609375,,0.47265625,,105924.5234375,,0.62109375,,2499.22509765625,,256.0,,0.6294853687286377,,0.01171875,,,,,,,,,,,,,,
2,32899,,18810.79296875,,0.004970080219209194,,0.4765625,,18810.79296875,,17189.544921875,,0.59765625,,2076.115234375,,0.5234375,,16335.1796875,,0.59765625,,2020.747314453125,,256.0,,0.6449122428894043,,0.0078125,,,,,,,,,,,,,,
2,32949,,55351.71484375,,0.005115458741784096,,0.5078125,,55351.71484375,,53147.546875,,0.74609375,,2481.3193359375,,0.4921875,,52637.9453125,,0.7421875,,2436.61572265625,,256.0,,0.6223195195198059,,0.0078125,,,,,,,,,,,,,,
2,32999,,65417.953125,,0.005121269263327122,,0.49609375,,65417.953125,,63884.58984375,,0.7578125,,2355.904296875,,0.50390625,,62306.64453125,,0.7578125,,2288.766357421875,,256.0,,0.7066553831100464,,0.0078125,,,,,,,,,,,,,,
2,33049,,16687.453125,,0.00511928740888834,,0.48046875,,16687.453125,,15216.205078125,,0.8046875,,1890.9310302734375,,0.51953125,,14399.408203125,,0.80078125,,1868.36328125,,256.0,,0.7768890261650085,,0.0,,,,,,,,,,,,,,
2,33099,,17430.029296875,,0.004707782994955778,,0.4765625,,17430.029296875,,15294.2783203125,,0.8359375,,1829.088623046875,,0.5234375,,15941.470703125,,0.83984375,,1795.2197265625,,256.0,,0.8105241060256958,,0.0,,,,,,,,,,,,,,
2,33149,,19464.4140625,,0.005003378726541996,,0.5,,19464.4140625,,17404.93359375,,0.83984375,,1953.64111328125,,0.5,,17669.7421875,,0.83984375,,1900.5103759765625,,256.0,,0.8121870756149292,,0.0,,,,,,,,,,,,,,
2,33199,,68181.9140625,,0.004687753040343523,,0.484375,,68181.9140625,,65295.6328125,,0.66796875,,2386.437255859375,,0.515625,,66308.015625,,0.671875,,2373.7392578125,,256.0,,0.692855715751648,,0.0078125,,,,,,,,,,,,,,
2,33249,,62533.01171875,,0.004963578190654516,,0.5,,62533.01171875,,59963.2578125,,0.92578125,,2420.69189453125,,0.5,,60282.953125,,0.921875,,2399.120849609375,,256.0,,0.8788401484489441,,0.0078125,,,,,,,,,,,,,,
2,33299,,70402.921875,,0.004880696535110474,,0.5,,70402.921875,,68051.9375,,0.72265625,,2624.505859375,,0.5,,67532.109375,,0.7265625,,2597.2958984375,,256.0,,0.665622889995575,,0.015625,,,,,,,,,,,,,,
2,33349,,42508.546875,,0.00472352234646678,,0.484375,,42508.546875,,40893.71484375,,0.83203125,,2020.984375,,0.515625,,40115.0546875,,0.83203125,,1987.337158203125,,256.0,,0.8125872611999512,,0.00390625,,,,,,,,,,,,,,
2,33399,,14676.5966796875,,0.0052863797172904015,,0.54296875,,14676.5966796875,,12985.8349609375,,0.70703125,,1715.1005859375,,0.45703125,,12960.513671875,,0.70703125,,1691.7440185546875,,256.0,,0.7036592364311218,,0.0,,,,,,,,,,,,,,
2,33449,,51541.109375,,0.005106096155941486,,0.49609375,,51541.109375,,49664.8125,,0.97265625,,2146.081298828125,,0.50390625,,49151.87890625,,0.9765625,,2119.44189453125,,256.0,,0.9515718221664429,,0.00390625,,,,,,,,,,,,,,
2,33499,,52976.515625,,0.004626744892448187,,0.46484375,,52976.515625,,50828.609375,,0.80859375,,1903.5128173828125,,0.53515625,,51331.78515625,,0.8046875,,1889.129638671875,,256.0,,0.7478913068771362,,0.00390625,,,,,,,,,,,,,,
2,33549,,14538.7119140625,,0.004491276107728481,,0.5234375,,14538.7119140625,,13126.986328125,,0.58984375,,1738.503662109375,,0.4765625,,12501.8212890625,,0.58203125,,1710.112060546875,,256.0,,0.5840132832527161,,0.0,,,,,,,,,,,,,,
2,33599,,20172.416015625,,0.004879958927631378,,0.421875,,20172.416015625,,18845.97265625,,0.66796875,,1894.19091796875,,0.578125,,17726.98828125,,0.66796875,,1877.6805419921875,,256.0,,0.6981331706047058,,0.00390625,,,,,,,,,,,,,,
2,33649,,130132.515625,,0.004933281801640987,,0.4921875,,130132.515625,,128157.8046875,,0.8203125,,2643.8544921875,,0.5078125,,126866.40625,,0.82421875,,2596.96728515625,,256.0,,0.7793277502059937,,0.0078125,,,,,,,,,,,,,,
2,33699,,68867.4140625,,0.004577098414301872,,0.51171875,,68867.4140625,,66211.546875,,0.72265625,,2376.26806640625,,0.48828125,,66805.1875,,0.7265625,,2341.82861328125,,256.0,,0.7035491466522217,,0.0078125,,,,,,,,,,,,,,
2,33749,,15201.068359375,,0.004754464142024517,,0.5546875,,15201.068359375,,13587.6513671875,,0.5390625,,1866.03271484375,,0.4453125,,13105.353515625,,0.5390625,,1843.1004638671875,,256.0,,0.5221512317657471,,0.0,,,,,,,,,,,,,,
2,33799,,15566.345703125,,0.004558146465569735,,0.53125,,15566.345703125,,13873.99609375,,0.5703125,,1801.3233642578125,,0.46875,,13681.8212890625,,0.5703125,,1775.55078125,,256.0,,0.5594357252120972,,0.00390625,,,,,,,,,,,,,,
2,33849,,52105.09765625,,0.004787113517522812,,0.5390625,,52105.09765625,,49726.66796875,,0.703125,,2618.00048828125,,0.4609375,,49280.2109375,,0.703125,,2585.317626953125,,256.0,,0.6796963214874268,,0.015625,,,,,,,,,,,,,,
2,33899,,15017.626953125,,0.004446299280971289,,0.48046875,,15017.626953125,,13121.765625,,0.74609375,,1853.61767578125,,0.51953125,,13219.322265625,,0.74609375,,1840.5498046875,,256.0,,0.7394610643386841,,0.0,,,,,,,,,,,,,,
2,33949,,94665.5390625,,0.006494238041341305,,0.4765625,,94665.5390625,,92773.2890625,,0.7265625,,2384.06982421875,,0.5234375,,91823.9921875,,0.7265625,,2349.73046875,,256.0,,0.6385747790336609,,0.0078125,,,,,,,,,,,,,,
2,33999,,87542.546875,,0.004959502723067999,,0.5625,,87542.546875,,84782.171875,,0.74609375,,2283.860595703125,,0.4375,,85761.96875,,0.74609375,,2257.08642578125,,256.0,,0.793218731880188,,0.0078125,,,,,,,,,,,,,,
2,34049,,16853.92578125,,0.0052458858117461205,,0.5390625,,16853.92578125,,14713.9755859375,,0.91796875,,2095.5458984375,,0.4609375,,14842.9208984375,,0.91796875,,2055.408203125,,256.0,,0.8433610796928406,,0.0,,,,,,,,,,,,,,
2,34099,,16075.3681640625,,0.004635199438780546,,0.4375,,16075.3681640625,,14261.9609375,,0.8203125,,2132.260498046875,,0.5625,,13656.9873046875,,0.81640625,,2099.52783203125,,256.0,,0.7654010653495789,,0.00390625,,,,,,,,,,,,,,
2,34149,,65503.421875,,0.004968523047864437,,0.53125,,65503.421875,,63451.17578125,,0.6484375,,2059.18408203125,,0.46875,,63465.29296875,,0.6484375,,2031.1917724609375,,256.0,,0.6385643482208252,,0.00390625,,,,,,,,,,,,,,
2,34199,,16931.25390625,,0.004616738762706518,,0.51953125,,16931.25390625,,14650.5146484375,,0.81640625,,2104.548095703125,,0.48046875,,15034.759765625,,0.81640625,,2072.686279296875,,256.0,,0.7855147123336792,,0.0078125,,,,,,,,,,,,,,
2,34249,,53098.375,,0.005441911518573761,,0.5546875,,53098.375,,50610.703125,,0.8671875,,2033.708984375,,0.4453125,,51560.6796875,,0.87109375,,1991.65869140625,,256.0,,0.8136615753173828,,0.00390625,,,,,,,,,,,,,,
2,34299,,107861.5703125,,0.004633934237062931,,0.4765625,,107861.5703125,,105314.859375,,0.5703125,,2553.99755859375,,0.5234375,,105330.9453125,,0.5703125,,2523.3359375,,256.0,,0.5728284120559692,,0.01171875,,,,,,,,,,,,,,
2,34349,,16638.18359375,,0.004831788130104542,,0.53125,,16638.18359375,,14897.556640625,,0.80078125,,1767.737060546875,,0.46875,,14872.5771484375,,0.796875,,1738.497802734375,,256.0,,0.7853397130966187,,0.0,,,,,,,,,,,,,,
2,34399,,101642.7421875,,0.004941592924296856,,0.50390625,,101642.7421875,,99017.375,,0.8046875,,2669.55615234375,,0.49609375,,98966.2890625,,0.8046875,,2632.26904296875,,256.0,,0.7867460250854492,,0.015625,,,,,,,,,,,,,,
2,34449,,16452.05078125,,0.004917571321129799,,0.46875,,16452.05078125,,14525.3330078125,,0.6328125,,1848.98974609375,,0.53125,,14685.9990234375,,0.6328125,,1843.7786865234375,,256.0,,0.595643937587738,,0.00390625,,,,,,,,,,,,,,
2,34499,,13072.33203125,,0.00478634238243103,,0.5078125,,13072.33203125,,11574.4638671875,,0.7265625,,2012.1761474609375,,0.4921875,,10598.6259765625,,0.72265625,,1959.3988037109375,,256.0,,0.6487390398979187,,0.00390625,,,,,,,,,,,,,,
2,34549,,17883.296875,,0.004818697925657034,,0.4765625,,17883.296875,,15949.1630859375,,0.7890625,,1824.8824462890625,,0.5234375,,16190.765625,,0.7890625,,1801.78125,,256.0,,0.7304651737213135,,0.0,,,,,,,,,,,,,,
2,34599,,10459.5341796875,,0.005208206363022327,,0.48828125,,10459.5341796875,,8636.171875,,0.46484375,,1778.520751953125,,0.51171875,,8762.42578125,,0.466796875,,1741.9500732421875,,256.0,,0.5403636693954468,,0.00390625,,,,,,,,,,,,,,
2,34649,,111601.7734375,,0.004811626393347979,,0.49609375,,111601.7734375,,109644.3125,,0.63671875,,2257.37841796875,,0.50390625,,109100.421875,,0.640625,,2201.436279296875,,256.0,,0.6699912548065186,,0.0078125,,,,,,,,,,,,,,
2,34699,,98317.359375,,0.004495988134294748,,0.54296875,,98317.359375,,96144.3125,,0.9296875,,2532.64794921875,,0.45703125,,95456.2265625,,0.9296875,,2501.524658203125,,256.0,,0.888115406036377,,0.01171875,,,,,,,,,,,,,,
2,34749,,61284.34375,,0.004780294373631477,,0.48828125,,61284.34375,,59469.8203125,,0.69140625,,2046.505859375,,0.51171875,,59022.20703125,,0.69140625,,2030.15087890625,,256.0,,0.6490039825439453,,0.00390625,,,,,,,,,,,,,,
2,34799,,19040.234375,,0.004650767892599106,,0.5,,19040.234375,,17051.396484375,,0.875,,1899.2957763671875,,0.5,,17261.716796875,,0.875,,1868.058349609375,,256.0,,0.821921706199646,,0.0,,,,,,,,,,,,,,
2,34849,,56402.75390625,,0.004840892273932695,,0.49609375,,56402.75390625,,54566.33203125,,0.76953125,,2286.89306640625,,0.50390625,,53700.61328125,,0.76953125,,2251.667236328125,,256.0,,0.7534984350204468,,0.01171875,,,,,,,,,,,,,,
2,34899,,19011.0703125,,0.004670614376664162,,0.4453125,,19011.0703125,,17140.3828125,,0.81640625,,2338.598876953125,,0.5546875,,16262.4169921875,,0.8125,,2280.740478515625,,256.0,,0.7870151400566101,,0.0078125,,,,,,,,,,,,,,
2,34949,,141774.15625,,0.005041491240262985,,0.5390625,,141774.15625,,139409.25,,0.8828125,,2681.33154296875,,0.4609375,,138808.296875,,0.8828125,,2649.453125,,256.0,,0.8213690519332886,,0.01171875,,,,,,,,,,,,,,
2,34999,,18973.669921875,,0.004545831587165594,,0.51171875,,18973.669921875,,17095.095703125,,0.78515625,,1932.634521484375,,0.48828125,,16992.556640625,,0.78515625,,1927.0535888671875,,256.0,,0.7943002581596375,,0.00390625,,,,,,,,,,,,,,
2,35049,,121511.5,,0.004899503663182259,,0.50390625,,121511.5,,118712.296875,,0.734375,,2686.27880859375,,0.49609375,,118952.296875,,0.734375,,2672.13525390625,,256.0,,0.6632518768310547,,0.01171875,,,,,,,,,,,,,,
2,35099,,106960.34375,,0.0047308034263551235,,0.484375,,106960.34375,,104425.859375,,0.83203125,,2452.197509765625,,0.515625,,104606.7265625,,0.83203125,,2435.8955078125,,256.0,,0.7802000045776367,,0.01171875,,,,,,,,,,,,,,
2,35149,,16585.05859375,,0.005076088942587376,,0.484375,,16585.05859375,,14969.2880859375,,0.7734375,,1819.8863525390625,,0.515625,,14599.9306640625,,0.77734375,,1781.010498046875,,256.0,,0.6997197866439819,,0.0,,,,,,,,,,,,,,
2,35199,,64110.0625,,0.0050569744780659676,,0.4609375,,64110.0625,,61810.328125,,0.69921875,,2339.7978515625,,0.5390625,,61764.93359375,,0.703125,,2305.064453125,,256.0,,0.7021381855010986,,0.00390625,,,,,,,,,,,,,,
2,35249,,71979.9296875,,0.0043439920991659164,,0.4765625,,71979.9296875,,69241.078125,,0.734375,,2303.5380859375,,0.5234375,,70117.03125,,0.73828125,,2298.20947265625,,256.0,,0.7167220115661621,,0.0078125,,,,,,,,,,,,,,
2,35299,,14549.810546875,,0.0050886813551187515,,0.53125,,14549.810546875,,13271.009765625,,0.91796875,,1894.8428955078125,,0.46875,,12088.0556640625,,0.91796875,,1845.7125244140625,,256.0,,0.826093852519989,,0.0,,,,,,,,,,,,,,
2,35349,,13170.4921875,,0.004751304630190134,,0.46484375,,13170.4921875,,10888.0283203125,,0.70703125,,1975.924560546875,,0.53515625,,11545.9072265625,,0.7109375,,1931.1243896484375,,256.0,,0.7107927203178406,,0.00390625,,,,,,,,,,,,,,
2,35399,,71438.78125,,0.004588662646710873,,0.5078125,,71438.78125,,69499.5546875,,0.75,,2221.150634765625,,0.4921875,,68957.703125,,0.75,,2199.150390625,,256.0,,0.7397480010986328,,0.00390625,,,,,,,,,,,,,,
2,35449,,123618.03125,,0.00477262819185853,,0.53515625,,123618.03125,,120879.09375,,0.79296875,,3060.3251953125,,0.46484375,,120303.0625,,0.796875,,2993.587890625,,256.0,,0.7108645439147949,,0.015625,,,,,,,,,,,,,,
2,35499,,16716.384765625,,0.00459486385807395,,0.51171875,,16716.384765625,,14876.1875,,0.71875,,1750.14404296875,,0.48828125,,15068.716796875,,0.71875,,1737.7198486328125,,256.0,,0.7650299072265625,,0.0,,,,,,,,,,,,,,
2,35549,,17770.447265625,,0.0047036269679665565,,0.4765625,,17770.447265625,,15746.5068359375,,0.7890625,,1744.6846923828125,,0.5234375,,16315.0029296875,,0.78515625,,1734.69970703125,,256.0,,0.7558216452598572,,0.0,,,,,,,,,,,,,,
2,35599,,60055.3359375,,0.004706965759396553,,0.48046875,,60055.3359375,,57558.82421875,,0.66015625,,2197.14794921875,,0.51953125,,58177.63671875,,0.66015625,,2177.060546875,,256.0,,0.6087588667869568,,0.0078125,,,,,,,,,,,,,,
2,35649,,48765.53125,,0.004744257777929306,,0.484375,,48765.53125,,46362.7421875,,0.640625,,2320.5927734375,,0.515625,,46556.8359375,,0.640625,,2290.88818359375,,256.0,,0.6513447761535645,,0.0078125,,,,,,,,,,,,,,
2,35699,,15750.705078125,,0.004272762220352888,,0.453125,,15750.705078125,,13526.7626953125,,0.8203125,,2121.14208984375,,0.546875,,13744.451171875,,0.8203125,,2109.053955078125,,256.0,,0.7086830139160156,,0.00390625,,,,,,,,,,,,,,
2,35749,,11399.61328125,,0.004673389717936516,,0.51953125,,11399.61328125,,9998.4560546875,,0.796875,,1818.4300537109375,,0.48046875,,9209.6220703125,,0.796875,,1772.7177734375,,256.0,,0.7825465202331543,,0.00390625,,,,,,,,,,,,,,
2,35799,,94237.8125,,0.0052300794050097466,,0.5390625,,94237.8125,,91678.546875,,0.8125,,2505.49560546875,,0.4609375,,91802.7109375,,0.80859375,,2488.869873046875,,256.0,,0.7595499753952026,,0.01171875,,,,,,,,,,,,,,
2,35849,,87195.78125,,0.004755462985485792,,0.453125,,87195.78125,,84791.203125,,0.59375,,2379.65185546875,,0.546875,,84835.6328125,,0.58984375,,2385.082275390625,,256.0,,0.6264693140983582,,0.0078125,,,,,,,,,,,,,,
2,35899,,15753.27734375,,0.004530721344053745,,0.51953125,,15753.27734375,,14016.1953125,,0.7578125,,2232.481689453125,,0.48046875,,13065.046875,,0.7578125,,2192.830078125,,256.0,,0.7463048696517944,,0.0078125,,,,,,,,,,,,,,
2,35949,,19932.142578125,,0.004601732827723026,,0.546875,,19932.142578125,,18355.92578125,,0.7109375,,1896.0806884765625,,0.453125,,17752.68359375,,0.70703125,,1859.5955810546875,,256.0,,0.6726276278495789,,0.0,,,,,,,,,,,,,,
2,35999,,110531.796875,,0.004877407103776932,,0.5078125,,110531.796875,,108649.0625,,0.55078125,,2346.363525390625,,0.4921875,,107764.0703125,,0.5546875,,2304.09375,,256.0,,0.583486795425415,,0.0078125,,,,,,,,,,,,,,
2,36049,,45423.48046875,,0.004730863496661186,,0.5078125,,45423.48046875,,42938.80859375,,0.9375,,2016.9267578125,,0.4921875,,43906.80078125,,0.9375,,1984.425537109375,,256.0,,0.8807854652404785,,0.00390625,,,,,,,,,,,,,,
2,36099,,74903.578125,,0.004777710884809494,,0.4921875,,74903.578125,,73425.9296875,,0.59765625,,2053.60205078125,,0.5078125,,72312.34375,,0.59375,,2015.281494140625,,256.0,,0.599723756313324,,0.00390625,,,,,,,,,,,,,,
2,36149,,16757.734375,,0.005067989230155945,,0.46875,,16757.734375,,15186.5634765625,,0.68359375,,1810.580078125,,0.53125,,14752.9462890625,,0.6875,,1765.37548828125,,256.0,,0.5626873970031738,,0.0,,,,,,,,,,,,,,
2,36199,,14195.6630859375,,0.004742961842566729,,0.49609375,,14195.6630859375,,12092.3720703125,,0.6796875,,2035.21923828125,,0.50390625,,12231.8212890625,,0.67578125,,2031.9130859375,,256.0,,0.6632527709007263,,0.0078125,,,,,,,,,,,,,,
2,36249,,78381.390625,,0.004546561744064093,,0.5078125,,78381.390625,,75836.8125,,0.75390625,,2396.9052734375,,0.4921875,,76144.109375,,0.75390625,,2384.942138671875,,256.0,,0.6744465827941895,,0.01171875,,,,,,,,,,,,,,
2,36299,,13511.068359375,,0.004475609865039587,,0.4765625,,13511.068359375,,11774.556640625,,0.703125,,1802.8209228515625,,0.5234375,,11669.9755859375,,0.69921875,,1774.784423828125,,256.0,,0.7387642860412598,,0.0,,,,,,,,,,,,,,
2,36349,,16909.078125,,0.005046631209552288,,0.49609375,,16909.078125,,15203.6708984375,,0.6640625,,1819.0673828125,,0.50390625,,15017.7109375,,0.6640625,,1777.7080078125,,256.0,,0.7276880741119385,,0.00390625,,,,,,,,,,,,,,
2,36399,,61288.96875,,0.004477405920624733,,0.51953125,,61288.96875,,59276.25,,0.625,,2103.075439453125,,0.48046875,,59114.2109375,,0.625,,2084.39697265625,,256.0,,0.6198017597198486,,0.0078125,,,,,,,,,,,,,,
2,36449,,74083.0859375,,0.005137014202773571,,0.5,,74083.0859375,,70965.4296875,,0.921875,,2241.05126953125,,0.5,,72743.3359375,,0.921875,,2216.352294921875,,256.0,,0.8372897505760193,,0.0078125,,,,,,,,,,,,,,
2,36499,,51234.6875,,0.004729804117232561,,0.46484375,,51234.6875,,49504.58984375,,0.7890625,,1923.620849609375,,0.53515625,,49155.390625,,0.79296875,,1885.77197265625,,256.0,,0.8026584982872009,,0.00390625,,,,,,,,,,,,,,
2,36549,,14014.666015625,,0.004806899465620518,,0.53125,,14014.666015625,,12378.44140625,,0.8203125,,1604.785400390625,,0.46875,,12451.03125,,0.81640625,,1595.0740966796875,,256.0,,0.7751182317733765,,0.0,,,,,,,,,,,,,,
2,36599,,13388.3095703125,,0.004853894002735615,,0.48046875,,13388.3095703125,,11806.875,,0.62890625,,1752.9490966796875,,0.51953125,,11493.99609375,,0.62890625,,1722.798828125,,256.0,,0.6919291019439697,,0.0,,,,,,,,,,,,,,
2,36649,,11616.509765625,,0.005008506588637829,,0.4921875,,11616.509765625,,9700.09375,,0.71484375,,1804.321533203125,,0.5078125,,9952.6474609375,,0.71875,,1775.9571533203125,,256.0,,0.6717480421066284,,0.0,,,,,,,,,,,,,,
2,36699,,56428.3359375,,0.004482845310121775,,0.51171875,,56428.3359375,,54127.13671875,,0.76171875,,2211.12158203125,,0.48828125,,54330.296875,,0.76171875,,2188.119140625,,256.0,,0.7325613498687744,,0.0078125,,,,,,,,,,,,,,
2,36749,,17565.453125,,0.004752871580421925,,0.46875,,17565.453125,,15660.482421875,,0.7734375,,1853.5687255859375,,0.53125,,15785.5068359375,,0.7734375,,1831.3480224609375,,256.0,,0.7405527830123901,,0.0,,,,,,,,,,,,,,
2,36799,,19086.421875,,0.004610038362443447,,0.5234375,,19086.421875,,17508.462890625,,0.85546875,,2090.556884765625,,0.4765625,,16528.40625,,0.85546875,,2045.4169921875,,256.0,,0.7733827829360962,,0.0078125,,,,,,,,,,,,,,
2,36849,,62679.0625,,0.004727570805698633,,0.47265625,,62679.0625,,61040.54296875,,0.734375,,2163.0673828125,,0.52734375,,60021.10546875,,0.734375,,2133.415283203125,,256.0,,0.7101879119873047,,0.00390625,,,,,,,,,,,,,,
2,36899,,15294.671875,,0.0046852147206664085,,0.4921875,,15294.671875,,13579.4248046875,,0.61328125,,1705.28955078125,,0.5078125,,13612.287109375,,0.61328125,,1692.3428955078125,,256.0,,0.6595032811164856,,0.0,,,,,,,,,,,,,,
2,36949,,19487.11328125,,0.004522509407252073,,0.55078125,,19487.11328125,,17679.818359375,,0.66796875,,2175.228759765625,,0.44921875,,16987.2265625,,0.671875,,2131.9521484375,,256.0,,0.6020535826683044,,0.0078125,,,,,,,,,,,,,,
2,36999,,54823.7265625,,0.00462696049362421,,0.52734375,,54823.7265625,,52495.48046875,,0.68359375,,2486.822021484375,,0.47265625,,52195.83203125,,0.6796875,,2469.31787109375,,256.0,,0.6675922274589539,,0.01171875,,,,,,,,,,,,,,
2,37049,,13973.759765625,,0.004859434440732002,,0.56640625,,13973.759765625,,12390.708984375,,0.734375,,1859.219970703125,,0.43359375,,11886.7705078125,,0.73046875,,1810.821044921875,,256.0,,0.6485798358917236,,0.0,,,,,,,,,,,,,,
2,37099,,17768.873046875,,0.00512335542589426,,0.5234375,,17768.873046875,,15550.943359375,,0.7734375,,1821.46923828125,,0.4765625,,16338.7978515625,,0.7734375,,1826.53564453125,,256.0,,0.7419403791427612,,0.0,,,,,,,,,,,,,,
2,37149,,16121.88671875,,0.005318254232406616,,0.49609375,,16121.88671875,,14432.3486328125,,0.83203125,,1843.055908203125,,0.50390625,,14156.990234375,,0.828125,,1811.378662109375,,256.0,,0.8427841067314148,,0.0,,,,,,,,,,,,,,
2,37199,,15651.91015625,,0.00508136348798871,,0.5,,15651.91015625,,13501.0546875,,0.8671875,,1884.5819091796875,,0.5,,14083.90234375,,0.86328125,,1834.2825927734375,,256.0,,0.8097121715545654,,0.0,,,,,,,,,,,,,,
2,37249,,73589.265625,,0.00453174440190196,,0.5078125,,73589.265625,,70741.4609375,,0.78515625,,2370.20849609375,,0.4921875,,71702.71875,,0.78515625,,2364.1435546875,,256.0,,0.7552725672721863,,0.00390625,,,,,,,,,,,,,,
2,37299,,83646.09375,,0.004535317420959473,,0.5625,,83646.09375,,81107.1015625,,0.7265625,,2283.60400390625,,0.4375,,81616.171875,,0.7265625,,2285.317138671875,,256.0,,0.695023238658905,,0.0078125,,,,,,,,,,,,,,
2,37349,,120601.375,,0.004724632948637009,,0.5,,120601.375,,118464.7890625,,0.7578125,,2636.24560546875,,0.5,,117504.0859375,,0.7578125,,2597.6357421875,,256.0,,0.7163078784942627,,0.015625,,,,,,,,,,,,,,
2,37399,,15570.953125,,0.004595869220793247,,0.4921875,,15570.953125,,13449.84375,,0.83203125,,1832.9127197265625,,0.5078125,,14042.7587890625,,0.828125,,1816.389892578125,,256.0,,0.7767407298088074,,0.00390625,,,,,,,,,,,,,,
2,37449,,62740.34375,,0.00510211568325758,,0.51953125,,62740.34375,,61215.52734375,,0.6953125,,2243.7177734375,,0.48046875,,59823.71875,,0.6953125,,2197.72412109375,,256.0,,0.6105808019638062,,0.00390625,,,,,,,,,,,,,,
2,37499,,129241.078125,,0.004958055447787046,,0.53125,,129241.078125,,127191.046875,,0.69140625,,2593.720947265625,,0.46875,,126158.203125,,0.69140625,,2539.188232421875,,256.0,,0.6334868669509888,,0.0078125,,,,,,,,,,,,,,
2,37549,,13089.3310546875,,0.005212779622524977,,0.46484375,,13089.3310546875,,11518.6181640625,,0.66796875,,1738.393310546875,,0.53515625,,11202.833984375,,0.66796875,,1718.81689453125,,256.0,,0.6509230136871338,,0.0,,,,,,,,,,,,,,
2,37599,,48231.6484375,,0.005699309520423412,,0.50390625,,48231.6484375,,46960.125,,0.5625,,2124.53564453125,,0.49609375,,45321.33984375,,0.5625,,2057.2919921875,,256.0,,0.5701572299003601,,0.00390625,,,,,,,,,,,,,,
2,37649,,15295.173828125,,0.005399629473686218,,0.484375,,15295.173828125,,12771.7548828125,,0.8203125,,2416.9560546875,,0.515625,,13011.3955078125,,0.81640625,,2390.240478515625,,256.0,,0.7279477119445801,,0.0078125,,,,,,,,,,,,,,
2,37699,,15207.857421875,,0.005067356862127781,,0.5390625,,15207.857421875,,13413.2421875,,0.78125,,1674.7626953125,,0.4609375,,13689.609375,,0.77734375,,1638.1005859375,,256.0,,0.7338424921035767,,0.0,,,,,,,,,,,,,,
2,37749,,16313.634765625,,0.004481303505599499,,0.5234375,,16313.634765625,,14762.0634765625,,0.83984375,,1667.2222900390625,,0.4765625,,14534.9658203125,,0.83984375,,1663.019775390625,,256.0,,0.7952998876571655,,0.0,,,,,,,,,,,,,,
2,37799,,70729.671875,,0.004875417798757553,,0.4609375,,70729.671875,,68270.03125,,0.70703125,,2836.830078125,,0.5390625,,67569.5625,,0.7109375,,2782.922607421875,,256.0,,0.6853513717651367,,0.01171875,,,,,,,,,,,,,,
2,37849,,18541.9375,,0.0046286797150969505,,0.4921875,,18541.9375,,16927.517578125,,0.74609375,,1732.74609375,,0.5078125,,16701.685546875,,0.75,,1721.9249267578125,,256.0,,0.7468564510345459,,0.0,,,,,,,,,,,,,,
2,37899,,99997.5703125,,0.005173364654183388,,0.4921875,,99997.5703125,,98197.421875,,0.625,,2295.5068359375,,0.5078125,,97245.4140625,,0.62109375,,2256.79833984375,,256.0,,0.6146030426025391,,0.0078125,,,,,,,,,,,,,,
2,37949,,56287.9140625,,0.005049486644566059,,0.51171875,,56287.9140625,,54046.625,,0.7265625,,2173.00244140625,,0.48828125,,54224.7109375,,0.7265625,,2131.48291015625,,256.0,,0.7145981192588806,,0.00390625,,,,,,,,,,,,,,
2,37999,,99099.953125,,0.0049559855833649635,,0.48046875,,99099.953125,,97342.8671875,,0.7421875,,2279.520263671875,,0.51953125,,96343.1015625,,0.74609375,,2234.41552734375,,256.0,,0.7217850685119629,,0.01171875,,,,,,,,,,,,,,
2,38049,,49621.17578125,,0.005094657186418772,,0.51953125,,49621.17578125,,47263.48046875,,0.69921875,,2175.581298828125,,0.48046875,,47641.55859375,,0.69921875,,2161.72900390625,,256.0,,0.6264517903327942,,0.0078125,,,,,,,,,,,,,,
2,38099,,17600.4609375,,0.0053159017115831375,,0.53125,,17600.4609375,,15532.9814453125,,0.859375,,1916.6064453125,,0.46875,,15880.662109375,,0.859375,,1870.671630859375,,256.0,,0.8079304099082947,,0.00390625,,,,,,,,,,,,,,
2,38149,,71429.0,,0.004730589222162962,,0.42578125,,71429.0,,69507.390625,,0.62109375,,2137.46337890625,,0.57421875,,69104.3671875,,0.62109375,,2108.77099609375,,256.0,,0.6549739241600037,,0.0078125,,,,,,,,,,,,,,
2,38199,,55485.71875,,0.005122470203787088,,0.5234375,,55485.71875,,52842.73828125,,0.953125,,2370.89599609375,,0.4765625,,53424.3125,,0.953125,,2333.48876953125,,256.0,,0.9078701734542847,,0.0078125,,,,,,,,,,,,,,
2,38249,,59781.80078125,,0.004886855836957693,,0.4921875,,59781.80078125,,57483.68359375,,0.76953125,,2249.7861328125,,0.5078125,,57625.44140625,,0.76953125,,2204.69140625,,256.0,,0.7647053003311157,,0.00390625,,,,,,,,,,,,,,
2,38299,,184732.796875,,0.004626763053238392,,0.53515625,,184732.796875,,182184.03125,,0.69921875,,3129.3369140625,,0.46484375,,181035.15625,,0.6953125,,3117.06396484375,,256.0,,0.7264890074729919,,0.015625,,,,,,,,,,,,,,
2,38349,,105406.640625,,0.005095161031931639,,0.58984375,,105406.640625,,103255.0625,,0.875,,2382.6875,,0.41015625,,102807.578125,,0.875,,2367.94775390625,,256.0,,0.7836624383926392,,0.0078125,,,,,,,,,,,,,,
2,38387,,,,,,,,,,,,,,,,,,,,,,,,,,,,,19299.232421875,0.004860734101384878,0.4998077154159546,19299.232421875,17530.62890625,0.727016031742096,1827.5999755859375,0.5001922845840454,17440.173828125,0.7274202108383179,1799.957275390625,255.98416137695312,0.730373203754425,0.0010014981962740421
2,38387,45972.08203125,,0.004854409024119377,,0.49988675117492676,,45972.08203125,,43883.48828125,,0.7762463092803955,,2159.652587890625,,0.5001132488250732,,43770.45703125,,0.7762469053268433,,2130.455810546875,,256.0,,0.7483829855918884,,0.005099249538034201,,,,,,,,,,,,,,,
3,38399,,65677.40625,,0.004697143565863371,,0.48828125,,65677.40625,,63796.42578125,,0.60546875,,2048.400146484375,,0.51171875,,63480.4296875,,0.60546875,,2029.561767578125,,256.0,,0.6477607488632202,,0.00390625,,,,,,,,,,,,,,
3,38449,,58432.84375,,0.00468625221401453,,0.51953125,,58432.84375,,55940.31640625,,0.8515625,,2011.1019287109375,,0.48046875,,56933.9296875,,0.84765625,,1980.343994140625,,256.0,,0.8147546052932739,,0.00390625,,,,,,,,,,,,,,
3,38499,,14570.6044921875,,0.004957004450261593,,0.52734375,,14570.6044921875,,13219.6279296875,,0.7265625,,1742.14990234375,,0.47265625,,12467.990234375,,0.73046875,,1711.44091796875,,256.0,,0.6566305160522461,,0.0,,,,,,,,,,,,,,
3,38549,,102073.25,,0.004906387999653816,,0.58203125,,102073.25,,99959.9375,,0.83203125,,2487.98486328125,,0.41796875,,99248.2421875,,0.8359375,,2450.33642578125,,256.0,,0.7782555818557739,,0.01171875,,,,,,,,,,,,,,
3,38599,,21741.6484375,,0.004772070795297623,,0.5,,21741.6484375,,20277.474609375,,0.76171875,,2083.71923828125,,0.5,,19080.578125,,0.76171875,,2041.5225830078125,,256.0,,0.7640306353569031,,0.00390625,,,,,,,,,,,,,,
3,38649,,81433.8984375,,0.005039760377258062,,0.515625,,81433.8984375,,79517.7109375,,0.6953125,,2340.46240234375,,0.484375,,78691.359375,,0.69140625,,2318.267822265625,,256.0,,0.6972726583480835,,0.0078125,,,,,,,,,,,,,,
3,38699,,17577.740234375,,0.0045165796764194965,,0.49609375,,17577.740234375,,14996.5908203125,,0.77734375,,2405.66064453125,,0.50390625,,15379.34375,,0.7734375,,2373.88525390625,,256.0,,0.7776786088943481,,0.01171875,,,,,,,,,,,,,,
3,38749,,18951.40234375,,0.004836568608880043,,0.50390625,,18951.40234375,,17513.33984375,,0.8125,,1839.8792724609375,,0.49609375,,16743.197265625,,0.80859375,,1806.389892578125,,256.0,,0.7755836844444275,,0.0,,,,,,,,,,,,,,
3,38799,,17966.482421875,,0.005463870242238045,,0.5546875,,17966.482421875,,16047.421875,,0.76171875,,1727.305419921875,,0.4453125,,16422.451171875,,0.765625,,1735.78662109375,,256.0,,0.7358897924423218,,0.0,,,,,,,,,,,,,,
3,38849,,16564.23828125,,0.00493016978725791,,0.46484375,,16564.23828125,,14864.0556640625,,0.91796875,,1931.64990234375,,0.53515625,,14439.005859375,,0.91796875,,1893.766845703125,,256.0,,0.8331794738769531,,0.0078125,,,,,,,,,,,,,,
3,38899,,18200.1484375,,0.004754830151796341,,0.4609375,,18200.1484375,,16558.0859375,,0.77734375,,2041.464111328125,,0.5390625,,15796.615234375,,0.77734375,,2004.1307373046875,,256.0,,0.6401584148406982,,0.00390625,,,,,,,,,,,,,,
3,38949,,64013.453125,,0.004873460158705711,,0.50390625,,64013.453125,,62289.8359375,,0.8828125,,2242.699462890625,,0.49609375,,61322.078125,,0.88671875,,2172.29150390625,,256.0,,0.8784868121147156,,0.00390625,,,,,,,,,,,,,,
3,38999,,54780.15625,,0.004962265025824308,,0.46484375,,54780.15625,,52407.03125,,0.671875,,1925.5501708984375,,0.53515625,,53312.51953125,,0.671875,,1915.214599609375,,256.0,,0.6550819277763367,,0.00390625,,,,,,,,,,,,,,
3,39049,,13190.791015625,,0.004526726435869932,,0.546875,,13190.791015625,,11305.1064453125,,0.7265625,,1883.941650390625,,0.453125,,11319.3974609375,,0.73046875,,1873.1356201171875,,256.0,,0.7401649951934814,,0.00390625,,,,,,,,,,,,,,
3,39099,,16468.888671875,,0.004770378582179546,,0.453125,,16468.888671875,,14870.3623046875,,0.79296875,,2031.0770263671875,,0.546875,,14052.2861328125,,0.796875,,1984.05126953125,,256.0,,0.6802942752838135,,0.00390625,,,,,,,,,,,,,,
3,39149,,19862.685546875,,0.004539798013865948,,0.44140625,,19862.685546875,,18063.8046875,,0.90625,,1937.943115234375,,0.55859375,,17823.716796875,,0.90625,,1899.906005859375,,256.0,,0.8770482540130615,,0.0,,,,,,,,,,,,,,
3,39199,,18140.779296875,,0.005139407701790333,,0.4921875,,18140.779296875,,16066.6083984375,,0.75,,1973.0654296875,,0.5078125,,16284.171875,,0.75390625,,1957.71240234375,,256.0,,0.7428471446037292,,0.00390625,,,,,,,,,,,,,,
3,39249,,49719.39453125,,0.004954309668391943,,0.53125,,49719.39453125,,47677.32421875,,0.71875,,2030.340576171875,,0.46875,,47721.3515625,,0.71875,,2009.7744140625,,256.0,,0.7091821432113647,,0.0078125,,,,,,,,,,,,,,
3,39299,,65623.2421875,,0.004361479543149471,,0.484375,,65623.2421875,,62967.39453125,,0.8984375,,2692.240234375,,0.515625,,62915.2109375,,0.8984375,,2671.63916015625,,256.0,,0.8423976898193359,,0.015625,,,,,,,,,,,,,,
3,39349,,59089.15625,,0.004608687944710255,,0.52734375,,59089.15625,,57198.93359375,,0.6796875,,2020.6708984375,,0.47265625,,56966.0625,,0.6796875,,1992.64404296875,,256.0,,0.6743022799491882,,0.00390625,,,,,,,,,,,,,,
3,39399,,11645.1875,,0.004531150683760643,,0.48828125,,11645.1875,,9839.078125,,0.6640625,,1685.0914306640625,,0.51171875,,10104.5322265625,,0.6640625,,1661.6728515625,,256.0,,0.7150213122367859,,0.0,,,,,,,,,,,,,,
3,39449,,14437.20703125,,0.005186689551919699,,0.52734375,,14437.20703125,,12814.21484375,,0.76171875,,1774.4703369140625,,0.47265625,,12567.8583984375,,0.76171875,,1717.868896484375,,256.0,,0.6525112986564636,,0.0,,,,,,,,,,,,,,
3,39499,,159893.890625,,0.005406937561929226,,0.51171875,,159893.890625,,157117.359375,,0.62109375,,3249.74560546875,,0.48828125,,156223.234375,,0.62109375,,3197.439208984375,,256.0,,0.5765895247459412,,0.015625,,,,,,,,,,,,,,
3,39549,,16399.359375,,0.005077437497675419,,0.4609375,,16399.359375,,14911.1533203125,,0.78125,,1789.87158203125,,0.5390625,,14360.26953125,,0.78515625,,1737.4241943359375,,256.0,,0.7696287035942078,,0.00390625,,,,,,,,,,,,,,
3,39599,,62802.0859375,,0.004964401945471764,,0.49609375,,62802.0859375,,60919.80078125,,0.69140625,,2141.001220703125,,0.50390625,,60457.0625,,0.69140625,,2086.31005859375,,256.0,,0.6806362867355347,,0.00390625,,,,,,,,,,,,,,
3,39649,,16985.0390625,,0.005009487271308899,,0.45703125,,16985.0390625,,15341.4560546875,,0.58984375,,1781.142333984375,,0.54296875,,15107.98046875,,0.58984375,,1739.502685546875,,256.0,,0.5235977172851562,,0.0,,,,,,,,,,,,,,
3,39699,,73493.5859375,,0.0050109694711863995,,0.4375,,73493.5859375,,70540.4375,,0.6015625,,2147.59521484375,,0.5625,,72180.359375,,0.6015625,,2118.7841796875,,256.0,,0.6380620002746582,,0.00390625,,,,,,,,,,,,,,
3,39749,,15079.3505859375,,0.005228671245276928,,0.4375,,15079.3505859375,,13993.3837890625,,0.7890625,,1737.5596923828125,,0.5625,,12719.466796875,,0.7890625,,1708.2908935546875,,256.0,,0.702201247215271,,0.00390625,,,,,,,,,,,,,,
3,39799,,54986.7265625,,0.0045883627608418465,,0.5546875,,54986.7265625,,52888.86328125,,0.734375,,2190.1962890625,,0.4453125,,52734.421875,,0.734375,,2159.97705078125,,256.0,,0.669453501701355,,0.0078125,,,,,,,,,,,,,,
3,39849,,138879.0,,0.004745816346257925,,0.50390625,,138879.0,,136896.59375,,0.6328125,,2473.044921875,,0.49609375,,135966.03125,,0.6328125,,2422.33544921875,,256.0,,0.6388628482818604,,0.01171875,,,,,,,,,,,,,,
3,39899,,18562.01171875,,0.0053007579408586025,,0.5234375,,18562.01171875,,17513.248046875,,0.71875,,1884.6796875,,0.4765625,,15904.4365234375,,0.71875,,1821.6578369140625,,256.0,,0.6769061088562012,,0.00390625,,,,,,,,,,,,,,
3,39949,,14247.978515625,,0.004888481926172972,,0.53515625,,14247.978515625,,12318.8427734375,,0.765625,,1668.84716796875,,0.46484375,,12851.9326171875,,0.76171875,,1656.3353271484375,,256.0,,0.7513825297355652,,0.0,,,,,,,,,,,,,,
3,39999,,16724.73828125,,0.0047576455399394035,,0.50390625,,16724.73828125,,14844.4716796875,,0.494140625,,1844.039306640625,,0.49609375,,14941.4150390625,,0.494140625,,1819.5509033203125,,256.0,,0.47890621423721313,,0.00390625,,,,,,,,,,,,,,
3,40049,,49116.75,,0.005735293030738831,,0.5,,49116.75,,46911.6953125,,0.86328125,,2111.1376953125,,0.5,,47159.02734375,,0.86328125,,2051.6376953125,,256.0,,0.8139063715934753,,0.0078125,,,,,,,,,,,,,,
3,40099,,16518.72265625,,0.004764023702591658,,0.51953125,,16518.72265625,,14989.0810546875,,0.79296875,,1973.9970703125,,0.48046875,,14125.5244140625,,0.79296875,,1948.84375,,256.0,,0.7081581950187683,,0.0078125,,,,,,,,,,,,,,
3,40149,,14997.142578125,,0.004749968647956848,,0.5234375,,14997.142578125,,13456.3798828125,,0.65625,,1779.67919921875,,0.4765625,,13016.19921875,,0.65234375,,1742.0260009765625,,256.0,,0.662284255027771,,0.0,,,,,,,,,,,,,,
3,40199,,53674.0546875,,0.004670692142099142,,0.46875,,53674.0546875,,51473.4765625,,0.7578125,,2173.634033203125,,0.53125,,51562.75390625,,0.7578125,,2138.2451171875,,256.0,,0.7832362055778503,,0.00390625,,,,,,,,,,,,,,
3,40249,,12634.1865234375,,0.004705674946308136,,0.49609375,,12634.1865234375,,10492.615234375,,0.734375,,1714.5,,0.50390625,,11342.017578125,,0.73046875,,1719.240234375,,256.0,,0.6452141404151917,,0.0,,,,,,,,,,,,,,
3,40299,,103576.5390625,,0.004504719749093056,,0.4765625,,103576.5390625,,101260.453125,,0.72265625,,2296.6611328125,,0.5234375,,101321.9140625,,0.72265625,,2274.04345703125,,256.0,,0.7023038268089294,,0.0078125,,,,,,,,,,,,,,
3,40349,,66846.296875,,0.004782562609761953,,0.48828125,,66846.296875,,65377.09375,,0.703125,,2382.61572265625,,0.51171875,,63616.4453125,,0.703125,,2316.4345703125,,256.0,,0.6425344944000244,,0.01171875,,,,,,,,,,,,,,
3,40399,,18749.8671875,,0.005492262542247772,,0.53125,,18749.8671875,,17178.107421875,,0.6484375,,1862.36328125,,0.46875,,16648.9375,,0.64453125,,1810.327392578125,,256.0,,0.6371263861656189,,0.0,,,,,,,,,,,,,,
3,40449,,68594.90625,,0.004656478296965361,,0.4765625,,68594.90625,,65334.54296875,,0.515625,,2390.74560546875,,0.5234375,,67063.25,,0.515625,,2401.272216796875,,256.0,,0.5551766157150269,,0.01171875,,,,,,,,,,,,,,
3,40499,,14390.1640625,,0.0053774286061525345,,0.46484375,,14390.1640625,,12800.728515625,,0.63671875,,1803.27099609375,,0.53515625,,12389.326171875,,0.640625,,1787.0010986328125,,256.0,,0.5954675674438477,,0.0,,,,,,,,,,,,,,
3,40549,,50206.09375,,0.0047281887382268906,,0.49609375,,50206.09375,,48198.890625,,0.63671875,,1907.8719482421875,,0.50390625,,48419.79296875,,0.63671875,,1885.63037109375,,256.0,,0.6367456912994385,,0.00390625,,,,,,,,,,,,,,
3,40599,,13539.046875,,0.005188163369894028,,0.4921875,,13539.046875,,11875.41796875,,0.7421875,,1847.213623046875,,0.5078125,,11536.212890625,,0.73828125,,1819.250244140625,,256.0,,0.6235436201095581,,0.0,,,,,,,,,,,,,,
3,40649,,59020.2265625,,0.004886348731815815,,0.484375,,59020.2265625,,57214.70703125,,0.76953125,,2053.3671875,,0.515625,,56744.10546875,,0.76953125,,2028.276123046875,,256.0,,0.7066153883934021,,0.00390625,,,,,,,,,,,,,,
3,40699,,16440.9375,,0.005164502654224634,,0.49609375,,16440.9375,,14353.4091796875,,0.80859375,,1791.9698486328125,,0.50390625,,14955.81640625,,0.8046875,,1780.680419921875,,256.0,,0.6773806810379028,,0.0,,,,,,,,,,,,,,
3,40749,,64148.6171875,,0.005234445910900831,,0.484375,,64148.6171875,,61832.80859375,,0.80078125,,2069.842041015625,,0.515625,,62353.22265625,,0.8046875,,2041.36181640625,,256.0,,0.7906554937362671,,0.00390625,,,,,,,,,,,,,,
3,40799,,58937.5234375,,0.005235940217971802,,0.51171875,,58937.5234375,,57503.4921875,,0.6328125,,2008.807861328125,,0.48828125,,56405.0625,,0.62890625,,1957.68310546875,,256.0,,0.5898042917251587,,0.00390625,,,,,,,,,,,,,,
3,40849,,81476.6484375,,0.004662958439439535,,0.484375,,81476.6484375,,79737.59375,,0.7890625,,2242.21630859375,,0.515625,,78758.078125,,0.7890625,,2215.40234375,,256.0,,0.7720500826835632,,0.00390625,,,,,,,,,,,,,,
3,40899,,71534.609375,,0.0053348541259765625,,0.4921875,,71534.609375,,69367.265625,,0.75390625,,2023.287109375,,0.5078125,,69674.203125,,0.75390625,,2004.4725341796875,,256.0,,0.7037291526794434,,0.00390625,,,,,,,,,,,,,,
3,40949,,64515.80078125,,0.004827064462006092,,0.51953125,,64515.80078125,,62031.4609375,,0.73828125,,2204.67138671875,,0.48046875,,62646.34765625,,0.734375,,2149.1220703125,,256.0,,0.7166522741317749,,0.00390625,,,,,,,,,,,,,,
3,40999,,16718.9140625,,0.004706911742687225,,0.51171875,,16718.9140625,,15014.64453125,,0.62109375,,1744.3236083984375,,0.48828125,,14950.5283203125,,0.625,,1728.3302001953125,,256.0,,0.6262979507446289,,0.0,,,,,,,,,,,,,,
3,41049,,43469.7109375,,0.005145865958184004,,0.57421875,,43469.7109375,,40960.21484375,,0.6171875,,2014.7237548828125,,0.42578125,,41979.9921875,,0.61328125,,1984.489501953125,,256.0,,0.62273770570755,,0.00390625,,,,,,,,,,,,,,
3,41099,,18312.74609375,,0.005377584137022495,,0.4765625,,18312.74609375,,16684.7734375,,0.609375,,1838.579833984375,,0.5234375,,16334.8173828125,,0.61328125,,1767.3203125,,256.0,,0.567051351070404,,0.0,,,,,,,,,,,,,,
3,41149,,14781.224609375,,0.006500016897916794,,0.453125,,14781.224609375,,14344.5693359375,,0.75390625,,2054.339111328125,,0.546875,,11205.521484375,,0.75390625,,1958.019775390625,,256.0,,0.6687817573547363,,0.00390625,,,,,,,,,,,,,,
3,41199,,51142.671875,,0.004856339190155268,,0.49609375,,51142.671875,,49199.51953125,,0.578125,,2359.34716796875,,0.50390625,,48423.37109375,,0.57421875,,2303.10791015625,,256.0,,0.5870906710624695,,0.01171875,,,,,,,,,,,,,,
3,41249,,62576.7265625,,0.004983860068023205,,0.4921875,,62576.7265625,,60278.24609375,,0.69921875,,1982.6978759765625,,0.5078125,,60926.43359375,,0.703125,,1966.0792236328125,,256.0,,0.7014369964599609,,0.00390625,,,,,,,,,,,,,,
3,41299,,56553.6953125,,0.004618433304131031,,0.484375,,56553.6953125,,54859.0,,0.640625,,1905.5174560546875,,0.515625,,54455.90625,,0.640625,,1886.971435546875,,256.0,,0.7095707654953003,,0.00390625,,,,,,,,,,,,,,
3,41349,,19913.216796875,,0.004862384870648384,,0.52734375,,19913.216796875,,17985.03515625,,0.87890625,,1801.109130859375,,0.47265625,,18254.638671875,,0.8828125,,1785.6513671875,,256.0,,0.874151349067688,,0.0,,,,,,,,,,,,,,
3,41399,,65422.9921875,,0.004969773814082146,,0.48828125,,65422.9921875,,63260.63671875,,0.6953125,,2195.27099609375,,0.51171875,,63211.46875,,0.69140625,,2178.61083984375,,256.0,,0.5902762413024902,,0.01171875,,,,,,,,,,,,,,
3,41449,,88337.546875,,0.004874727688729763,,0.49609375,,88337.546875,,86442.953125,,0.828125,,2328.909912109375,,0.50390625,,85600.546875,,0.828125,,2302.697509765625,,256.0,,0.7098760008811951,,0.0078125,,,,,,,,,,,,,,
3,41499,,51417.5546875,,0.004978910554200411,,0.51171875,,51417.5546875,,49334.96875,,0.62109375,,1945.56884765625,,0.48828125,,49628.40234375,,0.62109375,,1926.1690673828125,,256.0,,0.6282439231872559,,0.00390625,,,,,,,,,,,,,,
3,41549,,59489.578125,,0.0047602578997612,,0.44921875,,59489.578125,,57935.953125,,0.71875,,1916.72021484375,,0.55078125,,57276.2578125,,0.72265625,,1850.23095703125,,256.0,,0.6907854080200195,,0.00390625,,,,,,,,,,,,,,
3,41599,,18661.396484375,,0.004974857904016972,,0.53125,,18661.396484375,,16673.7421875,,0.6875,,2152.8642578125,,0.46875,,16368.1806640625,,0.6875,,2128.00634765625,,256.0,,0.6128576993942261,,0.0078125,,,,,,,,,,,,,,
3,41649,,77013.34375,,0.0047009470872581005,,0.49609375,,77013.34375,,74653.3046875,,0.5546875,,2053.4833984375,,0.50390625,,75256.8984375,,0.5546875,,2062.998046875,,256.0,,0.5590487718582153,,0.00390625,,,,,,,,,,,,,,
3,41699,,14528.435546875,,0.0047392169944942,,0.4765625,,14528.435546875,,13261.939453125,,0.65625,,1633.896484375,,0.5234375,,12551.595703125,,0.65625,,1609.4405517578125,,256.0,,0.6607486009597778,,0.0,,,,,,,,,,,,,,
3,41749,,15131.4658203125,,0.00483802892267704,,0.4765625,,15131.4658203125,,13977.8984375,,0.66796875,,1696.22509765625,,0.5234375,,12956.0302734375,,0.66796875,,1632.77880859375,,256.0,,0.677473247051239,,0.0,,,,,,,,,,,,,,
3,41799,,55455.296875,,0.004548434168100357,,0.4765625,,55455.296875,,53510.453125,,0.76171875,,1957.6070556640625,,0.5234375,,53504.765625,,0.76171875,,1937.76904296875,,256.0,,0.7548487186431885,,0.00390625,,,,,,,,,,,,,,
3,41849,,45238.25390625,,0.004981564357876778,,0.5390625,,45238.25390625,,42844.05078125,,0.6328125,,1996.5009765625,,0.4609375,,43656.28125,,0.6328125,,1979.6773681640625,,256.0,,0.6269354820251465,,0.00390625,,,,,,,,,,,,,,
3,41899,,16103.06640625,,0.004923293367028236,,0.515625,,16103.06640625,,14303.5859375,,0.61328125,,1772.6146240234375,,0.484375,,14385.873046875,,0.609375,,1744.058349609375,,256.0,,0.6766468286514282,,0.0,,,,,,,,,,,,,,
3,41949,,14676.0703125,,0.0045275697484612465,,0.4765625,,14676.0703125,,12555.6181640625,,0.60546875,,1962.9219970703125,,0.5234375,,12880.5947265625,,0.6015625,,1953.005126953125,,256.0,,0.7066606879234314,,0.0078125,,,,,,,,,,,,,,
3,41999,,12073.65234375,,0.004604943096637726,,0.49609375,,12073.65234375,,10460.8212890625,,0.67578125,,1649.9124755859375,,0.50390625,,10416.2890625,,0.6796875,,1620.281982421875,,256.0,,0.677295446395874,,0.0,,,,,,,,,,,,,,
3,42049,,102397.875,,0.0052338819950819016,,0.48828125,,102397.875,,99023.5078125,,0.59375,,2484.390869140625,,0.51171875,,100831.4921875,,0.58984375,,2456.35302734375,,256.0,,0.5794082880020142,,0.01953125,,,,,,,,,,,,,,
3,42099,,19939.75390625,,0.004575575236231089,,0.4609375,,19939.75390625,,17410.017578125,,0.62109375,,2057.268798828125,,0.5390625,,18359.642578125,,0.625,,2052.5810546875,,256.0,,0.6094131469726562,,0.00390625,,,,,,,,,,,,,,
3,42149,,79453.5,,0.00450598681345582,,0.52734375,,79453.5,,77018.8984375,,0.67578125,,2424.188720703125,,0.47265625,,77059.9765625,,0.6796875,,2403.94921875,,256.0,,0.6330873966217041,,0.01171875,,,,,,,,,,,,,,
3,42199,,17052.72265625,,0.004333375487476587,,0.53125,,17052.72265625,,15601.7744140625,,0.67578125,,1837.881591796875,,0.46875,,14839.26171875,,0.6796875,,1826.529541015625,,256.0,,0.6426090002059937,,0.0,,,,,,,,,,,,,,
3,42249,,96581.6953125,,0.00459935050457716,,0.55859375,,96581.6953125,,94549.9140625,,0.62890625,,2333.2890625,,0.44140625,,93976.8046875,,0.62890625,,2303.3798828125,,256.0,,0.5557714700698853,,0.0078125,,,,,,,,,,,,,,
3,42299,,13654.5185546875,,0.005013159476220608,,0.40234375,,13654.5185546875,,12378.951171875,,0.54296875,,1672.92529296875,,0.59765625,,11627.146484375,,0.5390625,,1630.01416015625,,256.0,,0.5809747576713562,,0.0,,,,,,,,,,,,,,
3,42349,,23789.8125,,0.0046519264578819275,,0.48828125,,23789.8125,,21041.24609375,,0.53125,,2436.84033203125,,0.51171875,,21683.857421875,,0.53125,,2417.68212890625,,256.0,,0.5392022728919983,,0.01171875,,,,,,,,,,,,,,
3,42399,,55159.8359375,,0.005008460022509098,,0.48828125,,55159.8359375,,52916.27734375,,0.462890625,,2079.719970703125,,0.51171875,,53269.22265625,,0.4609375,,2054.44921875,,256.0,,0.4901967942714691,,0.00390625,,,,,,,,,,,,,,
3,42449,,15670.736328125,,0.005129113327711821,,0.5234375,,15670.736328125,,14062.1064453125,,0.7578125,,1736.198974609375,,0.4765625,,13844.55078125,,0.7578125,,1698.6163330078125,,256.0,,0.7216733694076538,,0.0,,,,,,,,,,,,,,
3,42499,,14880.484375,,0.005273692309856415,,0.48828125,,14880.484375,,13688.451171875,,0.62109375,,1687.581298828125,,0.51171875,,12755.0185546875,,0.62109375,,1629.91796875,,256.0,,0.5722614526748657,,0.0,,,,,,,,,,,,,,
3,42549,,14821.5166015625,,0.004786244593560696,,0.55859375,,14821.5166015625,,13162.896484375,,0.578125,,1865.388916015625,,0.44140625,,12761.8857421875,,0.5859375,,1852.8624267578125,,256.0,,0.576374888420105,,0.0,,,,,,,,,,,,,,
3,42599,,16521.87109375,,0.004733243957161903,,0.51171875,,16521.87109375,,14229.12890625,,0.80859375,,2289.5458984375,,0.48828125,,14262.294921875,,0.8046875,,2262.77197265625,,256.0,,0.7369484901428223,,0.00390625,,,,,,,,,,,,,,
3,42649,,14118.3173828125,,0.005179767496883869,,0.453125,,14118.3173828125,,12516.2021484375,,0.546875,,1795.8551025390625,,0.546875,,12168.685546875,,0.546875,,1755.8916015625,,256.0,,0.5682240724563599,,0.0,,,,,,,,,,,,,,
3,42699,,91907.2734375,,0.004849777556955814,,0.48046875,,91907.2734375,,89179.1015625,,0.65234375,,2069.88037109375,,0.51953125,,90505.9140625,,0.6484375,,2059.65234375,,256.0,,0.6345952749252319,,0.01171875,,,,,,,,,,,,,,
3,42749,,15328.9990234375,,0.004949478432536125,,0.453125,,15328.9990234375,,12569.525390625,,0.59375,,2212.88525390625,,0.546875,,13677.7470703125,,0.59765625,,2197.8408203125,,256.0,,0.5842304229736328,,0.01171875,,,,,,,,,,,,,,
3,42799,,21082.150390625,,0.004932638257741928,,0.5078125,,21082.150390625,,19174.283203125,,0.7734375,,1883.732666015625,,0.4921875,,19262.736328125,,0.76953125,,1843.54833984375,,256.0,,0.6571647524833679,,0.0,,,,,,,,,,,,,,
3,42849,,12776.2294921875,,0.0045922016724944115,,0.52734375,,12776.2294921875,,11365.68359375,,0.57421875,,1736.468505859375,,0.47265625,,10750.6533203125,,0.578125,,1699.653564453125,,256.0,,0.5947472453117371,,0.00390625,,,,,,,,,,,,,,
3,42899,,15956.5078125,,0.004801244009286165,,0.47265625,,15956.5078125,,14686.505859375,,0.65234375,,1707.627197265625,,0.52734375,,13838.7783203125,,0.65234375,,1680.1058349609375,,256.0,,0.6247323751449585,,0.0,,,,,,,,,,,,,,
3,42949,,37074.40625,,0.004679178819060326,,0.52734375,,37074.40625,,35039.36328125,,0.6640625,,1857.34619140625,,0.47265625,,35424.734375,,0.6640625,,1827.3642578125,,256.0,,0.6327164173126221,,0.00390625,,,,,,,,,,,,,,
3,42999,,54845.3828125,,0.005124695599079132,,0.5078125,,54845.3828125,,52962.9609375,,0.61328125,,2046.3701171875,,0.4921875,,52678.98828125,,0.609375,,2002.444580078125,,256.0,,0.5677725076675415,,0.00390625,,,,,,,,,,,,,,
3,43049,,14016.21875,,0.005302300211042166,,0.4296875,,14016.21875,,11588.853515625,,0.6015625,,1895.0361328125,,0.5703125,,12690.82421875,,0.6015625,,1857.722412109375,,256.0,,0.5453622341156006,,0.00390625,,,,,,,,,,,,,,
3,43099,,57655.0,,0.004633920267224312,,0.51953125,,57655.0,,55439.7890625,,0.53515625,,2354.287109375,,0.48046875,,55174.2109375,,0.5390625,,2341.712890625,,256.0,,0.5726189613342285,,0.015625,,,,,,,,,,,,,,
3,43149,,55504.40625,,0.0050266459584236145,,0.546875,,55504.40625,,53820.00390625,,0.76171875,,2016.9478759765625,,0.453125,,53206.70703125,,0.76171875,,1965.149169921875,,256.0,,0.7150475382804871,,0.0078125,,,,,,,,,,,,,,
3,43199,,16638.8515625,,0.004995601251721382,,0.56640625,,16638.8515625,,14683.9208984375,,0.65234375,,1834.984375,,0.43359375,,14928.0029296875,,0.65234375,,1830.79296875,,256.0,,0.6171262264251709,,0.00390625,,,,,,,,,,,,,,
3,43249,,63600.8828125,,0.0046491464599967,,0.48828125,,63600.8828125,,61296.953125,,0.63671875,,2204.76025390625,,0.51171875,,61538.140625,,0.63671875,,2161.9140625,,256.0,,0.5996057987213135,,0.0078125,,,,,,,,,,,,,,
3,43299,,15298.8056640625,,0.0046881153248250484,,0.50390625,,15298.8056640625,,13560.5205078125,,0.6953125,,1723.4058837890625,,0.49609375,,13613.5751953125,,0.69140625,,1700.109375,,256.0,,0.6342000961303711,,0.0,,,,,,,,,,,,,,
3,43349,,60600.8359375,,0.004870028235018253,,0.49609375,,60600.8359375,,58833.79296875,,0.5625,,2123.460693359375,,0.50390625,,58170.078125,,0.5625,,2074.3359375,,256.0,,0.5583456158638,,0.00390625,,,,,,,,,,,,,,
3,43399,,56297.7109375,,0.004925057757645845,,0.51953125,,56297.7109375,,54225.4296875,,0.7109375,,1996.348388671875,,0.48046875,,54394.4453125,,0.7109375,,1979.195068359375,,256.0,,0.6380969285964966,,0.00390625,,,,,,,,,,,,,,
3,43449,,17117.873046875,,0.005102402996271849,,0.47265625,,17117.873046875,,14782.6552734375,,0.51953125,,1932.266357421875,,0.52734375,,15615.4970703125,,0.5234375,,1905.3272705078125,,256.0,,0.5308171510696411,,0.00390625,,,,,,,,,,,,,,
3,43499,,17122.55859375,,0.004833155311644077,,0.51171875,,17122.55859375,,14991.4921875,,0.5859375,,1752.0126953125,,0.48828125,,15769.330078125,,0.58203125,,1732.2822265625,,256.0,,0.5767914056777954,,0.00390625,,,,,,,,,,,,,,
3,43549,,18953.76953125,,0.004573852755129337,,0.515625,,18953.76953125,,17382.478515625,,0.69140625,,1854.0467529296875,,0.484375,,16848.443359375,,0.6953125,,1822.5712890625,,256.0,,0.6461222767829895,,0.0,,,,,,,,,,,,,,
3,43599,,67734.890625,,0.005054357461631298,,0.53125,,67734.890625,,64589.515625,,0.81640625,,2206.0146484375,,0.46875,,66448.3984375,,0.81640625,,2225.856201171875,,256.0,,0.7982637286186218,,0.00390625,,,,,,,,,,,,,,
3,43649,,15666.611328125,,0.004738147370517254,,0.48828125,,15666.611328125,,13777.1923828125,,0.55078125,,2040.087646484375,,0.51171875,,13514.2421875,,0.546875,,2001.69921875,,256.0,,0.5461462140083313,,0.0078125,,,,,,,,,,,,,,
3,43699,,120652.34375,,0.00483244564384222,,0.4375,,120652.34375,,118095.8125,,0.6953125,,2363.8818359375,,0.5625,,118492.71875,,0.6953125,,2352.2841796875,,256.0,,0.640232264995575,,0.0078125,,,,,,,,,,,,,,
3,43749,,48512.234375,,0.005047497805207968,,0.52734375,,48512.234375,,46475.125,,0.5390625,,1940.533203125,,0.47265625,,46713.4609375,,0.5390625,,1895.349853515625,,256.0,,0.5850501656532288,,0.00390625,,,,,,,,,,,,,,
3,43799,,146213.484375,,0.005037895869463682,,0.5078125,,146213.484375,,142829.640625,,0.74609375,,2587.5087890625,,0.4921875,,144430.203125,,0.75,,2579.602783203125,,256.0,,0.6387204527854919,,0.01171875,,,,,,,,,,,,,,
3,43849,,64159.3046875,,0.004836465232074261,,0.48828125,,64159.3046875,,61966.25,,0.62890625,,2011.96044921875,,0.51171875,,62347.30078125,,0.62890625,,1993.0992431640625,,256.0,,0.6213316321372986,,0.00390625,,,,,,,,,,,,,,
3,43899,,84248.8125,,0.004944636486470699,,0.53125,,84248.8125,,81441.9140625,,0.734375,,2451.025146484375,,0.46875,,82176.1796875,,0.73828125,,2428.504638671875,,256.0,,0.6408764123916626,,0.0078125,,,,,,,,,,,,,,
3,43949,,64784.3125,,0.005002529360353947,,0.48828125,,64784.3125,,63144.12109375,,0.6640625,,2096.36083984375,,0.51171875,,62272.54296875,,0.66015625,,2055.603515625,,256.0,,0.6491888761520386,,0.00390625,,,,,,,,,,,,,,
3,43999,,18846.265625,,0.004848959855735302,,0.515625,,18846.265625,,16858.515625,,0.84375,,1960.5372314453125,,0.484375,,16956.08984375,,0.84375,,1917.3861083984375,,256.0,,0.8961938619613647,,0.0078125,,,,,,,,,,,,,,
3,44049,,14196.47265625,,0.004709525499492884,,0.5078125,,14196.47265625,,12649.099609375,,0.625,,1647.486328125,,0.4921875,,12491.7490234375,,0.625,,1604.61083984375,,256.0,,0.6016466617584229,,0.0,,,,,,,,,,,,,,
3,44099,,15279.8564453125,,0.00482621043920517,,0.52734375,,15279.8564453125,,13781.1513671875,,0.6796875,,1743.5955810546875,,0.47265625,,13325.5986328125,,0.6796875,,1709.367431640625,,256.0,,0.720047116279602,,0.00390625,,,,,,,,,,,,,,
3,44149,,186572.828125,,0.00535315927118063,,0.46875,,186572.828125,,183175.59375,,0.7109375,,2638.90380859375,,0.53125,,184706.46875,,0.71484375,,2624.688232421875,,256.0,,0.6480170488357544,,0.01171875,,,,,,,,,,,,,,
3,44199,,66785.5703125,,0.0049760970287024975,,0.50390625,,66785.5703125,,64935.2890625,,0.61328125,,1979.468505859375,,0.49609375,,64726.2265625,,0.61328125,,1930.1544189453125,,256.0,,0.6362867951393127,,0.00390625,,,,,,,,,,,,,,
3,44249,,65872.234375,,0.004891097545623779,,0.53125,,65872.234375,,64166.734375,,0.55859375,,1989.7314453125,,0.46875,,63635.66015625,,0.55859375,,1952.350341796875,,256.0,,0.5269123315811157,,0.00390625,,,,,,,,,,,,,,
3,44299,,18008.685546875,,0.005501884501427412,,0.5,,18008.685546875,,16583.087890625,,0.65625,,1962.738037109375,,0.5,,15547.2275390625,,0.65234375,,1924.318115234375,,256.0,,0.6450231671333313,,0.0078125,,,,,,,,,,,,,,
3,44349,,16633.9765625,,0.0049299392849206924,,0.5546875,,16633.9765625,,14995.267578125,,0.5546875,,1789.747314453125,,0.4453125,,14735.0810546875,,0.5546875,,1747.85791015625,,256.0,,0.5196607112884521,,0.0,,,,,,,,,,,,,,
3,44399,,16224.689453125,,0.004527033306658268,,0.45703125,,16224.689453125,,14114.724609375,,0.82421875,,1982.784423828125,,0.54296875,,14409.3447265625,,0.8203125,,1942.525146484375,,256.0,,0.7829421758651733,,0.0,,,,,,,,,,,,,,
3,44449,,14396.328125,,0.004671407863497734,,0.51171875,,14396.328125,,12888.3701171875,,0.73046875,,1643.009521484375,,0.48828125,,12638.8642578125,,0.7265625,,1622.41162109375,,256.0,,0.6247278451919556,,0.0,,,,,,,,,,,,,,
3,44499,,56942.46875,,0.004564095288515091,,0.52734375,,56942.46875,,55091.74609375,,0.46875,,2117.8125,,0.47265625,,54580.796875,,0.470703125,,2094.580078125,,256.0,,0.48983001708984375,,0.0078125,,,,,,,,,,,,,,
3,44549,,43501.859375,,0.005053384229540825,,0.5234375,,43501.859375,,41359.01953125,,0.6328125,,1988.30908203125,,0.4765625,,41696.4921875,,0.6328125,,1959.89697265625,,256.0,,0.5612172484397888,,0.00390625,,,,,,,,,,,,,,
3,44599,,11673.037109375,,0.005160090513527393,,0.45703125,,11673.037109375,,9749.4013671875,,0.546875,,1974.7392578125,,0.54296875,,9681.861328125,,0.54296875,,1940.0709228515625,,256.0,,0.5283387899398804,,0.0078125,,,,,,,,,,,,,,
3,44649,,14897.7080078125,,0.004964560270309448,,0.5078125,,14897.7080078125,,13534.0908203125,,0.73046875,,1616.82763671875,,0.4921875,,13070.1748046875,,0.73046875,,1574.32275390625,,256.0,,0.7120458483695984,,0.0,,,,,,,,,,,,,,
3,44699,,71922.625,,0.005177643150091171,,0.51171875,,71922.625,,70169.5390625,,0.69140625,,2386.035400390625,,0.48828125,,68928.6640625,,0.6875,,2361.011962890625,,256.0,,0.6757773756980896,,0.0078125,,,,,,,,,,,,,,
3,44749,,17576.068359375,,0.004556457512080669,,0.51171875,,17576.068359375,,16024.0302734375,,0.8359375,,1790.254638671875,,0.48828125,,15579.6962890625,,0.8359375,,1758.154296875,,256.0,,0.7416505813598633,,0.0,,,,,,,,,,,,,,
3,44799,,21727.650390625,,0.004661658313125372,,0.5,,21727.650390625,,19543.75390625,,0.6640625,,1724.880615234375,,0.5,,20476.216796875,,0.66796875,,1710.449951171875,,256.0,,0.6163012385368347,,0.0,,,,,,,,,,,,,,
3,44849,,15660.767578125,,0.004846056457608938,,0.53515625,,15660.767578125,,13546.435546875,,0.83203125,,1731.9991455078125,,0.46484375,,14309.7646484375,,0.83203125,,1733.3345947265625,,256.0,,0.8329824209213257,,0.0,,,,,,,,,,,,,,
3,44899,,14636.09765625,,0.00448578828945756,,0.41015625,,14636.09765625,,12887.7001953125,,0.75390625,,1907.3203125,,0.58984375,,12581.6591796875,,0.75390625,,1895.516357421875,,256.0,,0.7245914340019226,,0.00390625,,,,,,,,,,,,,,
3,44949,,58880.9609375,,0.004926855675876141,,0.48828125,,58880.9609375,,56890.71484375,,0.59375,,2251.4013671875,,0.51171875,,56369.05078125,,0.59765625,,2250.7568359375,,256.0,,0.5840639472007751,,0.01171875,,,,,,,,,,,,,,
3,44999,,17994.384765625,,0.0044475942850112915,,0.48828125,,17994.384765625,,16588.103515625,,0.73828125,,1652.8125,,0.51171875,,16111.876953125,,0.7421875,,1635.9766845703125,,256.0,,0.7046102285385132,,0.0,,,,,,,,,,,,,,
3,45049,,68989.9375,,0.005093813873827457,,0.5,,68989.9375,,65970.71875,,0.703125,,2344.54052734375,,0.5,,67335.1171875,,0.703125,,2329.50390625,,256.0,,0.718614935874939,,0.015625,,,,,,,,,,,,,,
3,45099,,63249.265625,,0.005264659877866507,,0.51171875,,63249.265625,,60686.66796875,,0.71484375,,2049.662841796875,,0.48828125,,61728.3515625,,0.71484375,,2033.8472900390625,,256.0,,0.5963384509086609,,0.00390625,,,,,,,,,,,,,,
3,45149,,17751.916015625,,0.005067508202046156,,0.49609375,,17751.916015625,,16024.314453125,,0.80859375,,1847.6748046875,,0.50390625,,15823.3447265625,,0.8125,,1808.4991455078125,,256.0,,0.7082898616790771,,0.00390625,,,,,,,,,,,,,,
3,45199,,101057.828125,,0.004560943227261305,,0.42578125,,101057.828125,,98657.3359375,,0.66015625,,2170.78125,,0.57421875,,99113.8046875,,0.65625,,2173.7255859375,,256.0,,0.6096678972244263,,0.00390625,,,,,,,,,,,,,,
3,45249,,13242.05859375,,0.0048181964084506035,,0.53125,,13242.05859375,,11117.5224609375,,0.671875,,2165.80029296875,,0.46875,,11023.6123046875,,0.66796875,,2177.18359375,,256.0,,0.6193781495094299,,0.0078125,,,,,,,,,,,,,,
3,45299,,58092.0078125,,0.005106092430651188,,0.5390625,,58092.0078125,,56254.28515625,,0.734375,,2160.986328125,,0.4609375,,55643.09375,,0.73046875,,2125.64990234375,,256.0,,0.6920418739318848,,0.0078125,,,,,,,,,,,,,,
3,45349,,12260.810546875,,0.004770106635987759,,0.41015625,,12260.810546875,,10893.5751953125,,0.734375,,1711.4639892578125,,0.58984375,,10247.7841796875,,0.73828125,,1668.797119140625,,256.0,,0.649176836013794,,0.0,,,,,,,,,,,,,,
3,45399,,80666.4140625,,0.004654062446206808,,0.5703125,,80666.4140625,,78336.3515625,,0.8515625,,2178.1181640625,,0.4296875,,78670.796875,,0.8515625,,2147.56201171875,,256.0,,0.7995193004608154,,0.0078125,,,,,,,,,,,,,,
3,45449,,16813.6484375,,0.004765387158840895,,0.49609375,,16813.6484375,,15390.1455078125,,0.60546875,,1657.658447265625,,0.50390625,,14986.9091796875,,0.60546875,,1592.5810546875,,256.0,,0.599115252494812,,0.0,,,,,,,,,,,,,,
3,45499,,66903.953125,,0.004540667869150639,,0.50390625,,66903.953125,,65409.1015625,,0.703125,,2246.09375,,0.49609375,,63935.91796875,,0.703125,,2216.797607421875,,256.0,,0.6805510520935059,,0.0078125,,,,,,,,,,,,,,
3,45549,,23202.6875,,0.00474921427667141,,0.52734375,,23202.6875,,21234.998046875,,0.765625,,2425.0849609375,,0.47265625,,20378.220703125,,0.765625,,2367.07080078125,,256.0,,0.7262053489685059,,0.0078125,,,,,,,,,,,,,,
3,45599,,16109.24609375,,0.005072372499853373,,0.4921875,,16109.24609375,,14451.15625,,0.60546875,,1790.940673828125,,0.5078125,,14231.474609375,,0.60546875,,1744.921142578125,,256.0,,0.5831630229949951,,0.00390625,,,,,,,,,,,,,,
3,45649,,19835.16796875,,0.004625634755939245,,0.5234375,,19835.16796875,,17514.548828125,,0.7265625,,1777.7474365234375,,0.4765625,,18615.25390625,,0.7265625,,1762.786376953125,,256.0,,0.7111393809318542,,0.0,,,,,,,,,,,,,,
3,45699,,57761.5234375,,0.004459583666175604,,0.50390625,,57761.5234375,,55349.484375,,0.6328125,,1951.1146240234375,,0.49609375,,56271.05859375,,0.6328125,,1951.3896484375,,256.0,,0.6303812265396118,,0.00390625,,,,,,,,,,,,,,
3,45749,,18182.33984375,,0.004697828553617001,,0.5546875,,18182.33984375,,16148.5634765625,,0.765625,,1827.185546875,,0.4453125,,16566.67578125,,0.765625,,1822.255615234375,,256.0,,0.7694566249847412,,0.00390625,,,,,,,,,,,,,,
3,45799,,103420.8515625,,0.005603209137916565,,0.515625,,103420.8515625,,101091.703125,,0.72265625,,2395.76513671875,,0.484375,,100967.3671875,,0.72265625,,2386.86767578125,,256.0,,0.7306151390075684,,0.0078125,,,,,,,,,,,,,,
3,45849,,84986.1171875,,0.0050919679924845695,,0.50390625,,84986.1171875,,82863.3359375,,0.6015625,,2183.219970703125,,0.49609375,,82781.0859375,,0.6015625,,2144.59228515625,,256.0,,0.6161466836929321,,0.01171875,,,,,,,,,,,,,,
3,45899,,52467.74609375,,0.005059534218162298,,0.5078125,,52467.74609375,,50551.890625,,0.63671875,,2107.68798828125,,0.4921875,,50191.5078125,,0.640625,,2084.407470703125,,256.0,,0.5944046378135681,,0.0078125,,,,,,,,,,,,,,
3,45949,,95991.34375,,0.00494509469717741,,0.47265625,,95991.34375,,94737.6640625,,0.62890625,,2548.128173828125,,0.52734375,,92189.3046875,,0.62890625,,2507.5859375,,256.0,,0.6214717626571655,,0.01171875,,,,,,,,,,,,,,
3,45999,,57710.53125,,0.004929976537823677,,0.53125,,57710.53125,,55775.421875,,0.875,,2400.69287109375,,0.46875,,54895.53125,,0.87890625,,2349.41748046875,,256.0,,0.7962319254875183,,0.0078125,,,,,,,,,,,,,,
3,46049,,57830.953125,,0.0049776239320635796,,0.49609375,,57830.953125,,54934.0234375,,0.5,,2707.2939453125,,0.50390625,,55341.07421875,,0.5,,2679.51025390625,,256.0,,0.5277313590049744,,0.01171875,,,,,,,,,,,,,,
3,46099,,17939.2109375,,0.004945514723658562,,0.48828125,,17939.2109375,,15937.865234375,,0.79296875,,1776.36962890625,,0.51171875,,16411.4453125,,0.796875,,1752.73974609375,,256.0,,0.7899008989334106,,0.00390625,,,,,,,,,,,,,,
3,46149,,44408.8359375,,0.004956521559506655,,0.48828125,,44408.8359375,,42413.08984375,,0.6171875,,2347.834228515625,,0.51171875,,41768.79296875,,0.6171875,,2287.958984375,,256.0,,0.6003474593162537,,0.0078125,,,,,,,,,,,,,,
3,46199,,67150.8125,,0.004611915443092585,,0.44921875,,67150.8125,,65102.99609375,,0.55859375,,1871.7900390625,,0.55078125,,65476.1640625,,0.5546875,,1850.666015625,,256.0,,0.5512592196464539,,0.00390625,,,,,,,,,,,,,,
3,46249,,19073.427734375,,0.005124703515321016,,0.49609375,,19073.427734375,,17262.205078125,,0.51953125,,2031.6697998046875,,0.50390625,,16856.560546875,,0.51953125,,1996.419677734375,,256.0,,0.5515465140342712,,0.0078125,,,,,,,,,,,,,,
3,46299,,74833.9453125,,0.004824367817491293,,0.48828125,,74833.9453125,,72472.5546875,,0.6796875,,2094.953125,,0.51171875,,73037.9140625,,0.67578125,,2062.468994140625,,256.0,,0.7024083137512207,,0.0078125,,,,,,,,,,,,,,
3,46349,,19080.19921875,,0.004728949628770351,,0.50390625,,19080.19921875,,17298.146484375,,0.7890625,,1762.8182373046875,,0.49609375,,17366.802734375,,0.78515625,,1732.629638671875,,256.0,,0.6862990260124207,,0.0,,,,,,,,,,,,,,
3,46399,,15017.16796875,,0.005014651454985142,,0.46875,,15017.16796875,,13032.2705078125,,0.875,,1722.3812255859375,,0.53125,,13572.828125,,0.87890625,,1706.857177734375,,256.0,,0.7909826636314392,,0.0,,,,,,,,,,,,,,
3,46449,,15205.576171875,,0.004740155767649412,,0.4921875,,15205.576171875,,13563.302734375,,0.7265625,,1783.246337890625,,0.5078125,,13285.978515625,,0.7265625,,1778.6239013671875,,256.0,,0.6816514730453491,,0.0,,,,,,,,,,,,,,
3,46499,,19703.58203125,,0.00490693561732769,,0.51171875,,19703.58203125,,18211.7734375,,0.58984375,,2020.44677734375,,0.48828125,,17180.169921875,,0.58984375,,1994.7734375,,256.0,,0.6135010719299316,,0.01171875,,,,,,,,,,,,,,
3,46549,,52423.4140625,,0.005347488448023796,,0.4921875,,52423.4140625,,49909.34765625,,0.625,,1891.58154296875,,0.5078125,,51159.96484375,,0.62890625,,1885.9298095703125,,256.0,,0.6365504860877991,,0.00390625,,,,,,,,,,,,,,
3,46599,,13853.7509765625,,0.004873399622738361,,0.453125,,13853.7509765625,,11986.7734375,,0.68359375,,1982.29833984375,,0.546875,,11788.3193359375,,0.6796875,,1950.11083984375,,256.0,,0.6917428970336914,,0.00390625,,,,,,,,,,,,,,
3,46649,,58333.484375,,0.004870123695582151,,0.5,,58333.484375,,56496.078125,,0.76171875,,2203.91064453125,,0.5,,55780.49609375,,0.76171875,,2186.48681640625,,256.0,,0.7110375165939331,,0.00390625,,,,,,,,,,,,,,
3,46699,,18111.451171875,,0.004891938529908657,,0.515625,,18111.451171875,,16369.767578125,,0.65234375,,1726.81689453125,,0.484375,,16434.63671875,,0.65625,,1691.681884765625,,256.0,,0.660550594329834,,0.0,,,,,,,,,,,,,,
3,46749,,22186.21484375,,0.004772477317601442,,0.46484375,,22186.21484375,,20339.37109375,,0.6171875,,1878.35546875,,0.53515625,,20295.5859375,,0.6171875,,1859.119384765625,,256.0,,0.6154836416244507,,0.0,,,,,,,,,,,,,,
3,46799,,14085.2490234375,,0.00491457711905241,,0.4765625,,14085.2490234375,,12237.310546875,,0.609375,,1678.150146484375,,0.5234375,,12610.18359375,,0.60546875,,1644.85400390625,,256.0,,0.58359295129776,,0.0,,,,,,,,,,,,,,
3,46849,,12908.78515625,,0.004711724817752838,,0.51953125,,12908.78515625,,11439.3271484375,,0.76953125,,1758.73681640625,,0.48046875,,10892.6171875,,0.76953125,,1726.8875732421875,,256.0,,0.7014638781547546,,0.00390625,,,,,,,,,,,,,,
3,46899,,114863.4609375,,0.004616272170096636,,0.48828125,,114863.4609375,,112430.078125,,0.75390625,,2463.626220703125,,0.51171875,,112394.953125,,0.75390625,,2438.267822265625,,256.0,,0.7183513641357422,,0.0078125,,,,,,,,,,,,,,
3,46949,,13867.4697265625,,0.004573739133775234,,0.45703125,,13867.4697265625,,11906.7333984375,,0.498046875,,1791.87158203125,,0.54296875,,12258.271484375,,0.5,,1778.0623779296875,,256.0,,0.5114269256591797,,0.0,,,,,,,,,,,,,,
3,46999,,16554.861328125,,0.004581376910209656,,0.43359375,,16554.861328125,,15747.9990234375,,0.66796875,,1646.1793212890625,,0.56640625,,14118.7939453125,,0.66796875,,1596.7509765625,,256.0,,0.6136903762817383,,0.0,,,,,,,,,,,,,,
3,47049,,96383.484375,,0.004275813233107328,,0.43359375,,96383.484375,,93273.203125,,0.67578125,,2367.3544921875,,0.56640625,,94770.609375,,0.671875,,2355.80224609375,,256.0,,0.6943523287773132,,0.0078125,,,,,,,,,,,,,,
3,47099,,16842.263671875,,0.005212412681430578,,0.4765625,,16842.263671875,,15010.615234375,,0.671875,,2058.973388671875,,0.5234375,,14599.5439453125,,0.671875,,2015.395751953125,,256.0,,0.6637616753578186,,0.00390625,,,,,,,,,,,,,,
3,47149,,65531.89453125,,0.005243006628006697,,0.48828125,,65531.89453125,,63655.43359375,,0.71484375,,2055.25927734375,,0.51171875,,63331.75,,0.71484375,,2021.342041015625,,256.0,,0.6402300596237183,,0.00390625,,,,,,,,,,,,,,
3,47199,,19615.083984375,,0.004934489261358976,,0.51953125,,19615.083984375,,17629.072265625,,0.60546875,,2086.405029296875,,0.48046875,,17444.765625,,0.609375,,2069.9267578125,,256.0,,0.6197372674942017,,0.00390625,,,,,,,,,,,,,,
3,47249,,14298.22265625,,0.004855605307966471,,0.47265625,,14298.22265625,,12273.390625,,0.62890625,,1871.97412109375,,0.52734375,,12594.1044921875,,0.62890625,,1856.97509765625,,256.0,,0.6137474179267883,,0.00390625,,,,,,,,,,,,,,
3,47299,,245311.21875,,0.004727508872747421,,0.453125,,245311.21875,,243132.46875,,0.65234375,,3051.006591796875,,0.546875,,241445.734375,,0.65234375,,2993.23583984375,,256.0,,0.6785718202590942,,0.015625,,,,,,,,,,,,,,
3,47349,,13532.162109375,,0.004883235320448875,,0.48828125,,13532.162109375,,11763.578125,,0.65234375,,1800.326171875,,0.51171875,,11754.1484375,,0.65234375,,1746.271484375,,256.0,,0.6241476535797119,,0.0,,,,,,,,,,,,,,
3,47399,,14744.109375,,0.005087738391011953,,0.5625,,14744.109375,,12477.76953125,,0.703125,,2170.125,,0.4375,,12688.5966796875,,0.6953125,,2151.726318359375,,256.0,,0.6548269987106323,,0.0078125,,,,,,,,,,,,,,
3,47449,,74916.828125,,0.005146577954292297,,0.4765625,,74916.828125,,72422.21875,,0.9296875,,2148.46923828125,,0.5234375,,73122.5703125,,0.93359375,,2140.404296875,,256.0,,0.8305031061172485,,0.00390625,,,,,,,,,,,,,,
3,47499,,58676.10546875,,0.0044254581443965435,,0.50390625,,58676.10546875,,57162.00390625,,0.87109375,,1922.85791015625,,0.49609375,,56368.1640625,,0.8671875,,1899.18505859375,,256.0,,0.8069421648979187,,0.0078125,,,,,,,,,,,,,,
3,47549,,62809.4140625,,0.00457118172198534,,0.4609375,,62809.4140625,,60689.94140625,,0.734375,,1888.5927734375,,0.5390625,,61162.19921875,,0.734375,,1878.088134765625,,256.0,,0.7080349326133728,,0.0078125,,,,,,,,,,,,,,
3,47599,,13116.619140625,,0.004967339336872101,,0.53515625,,13116.619140625,,11511.2294921875,,0.75,,1640.5545654296875,,0.46484375,,11444.783203125,,0.74609375,,1636.670166015625,,256.0,,0.7640573382377625,,0.0,,,,,,,,,,,,,,
3,47649,,12520.4375,,0.004812893457710743,,0.51171875,,12520.4375,,10625.935546875,,0.625,,1752.0478515625,,0.48828125,,10915.9892578125,,0.62109375,,1746.90185546875,,256.0,,0.6150976419448853,,0.0,,,,,,,,,,,,,,
3,47699,,73468.515625,,0.004447548184543848,,0.56640625,,73468.515625,,71792.3671875,,0.6640625,,2108.8232421875,,0.43359375,,70947.96875,,0.66796875,,2087.86474609375,,256.0,,0.6593120694160461,,0.00390625,,,,,,,,,,,,,,
3,47749,,61192.53125,,0.0054518356919288635,,0.49609375,,61192.53125,,59405.1015625,,0.7578125,,2016.5858154296875,,0.50390625,,58982.734375,,0.75390625,,1980.6357421875,,256.0,,0.7677990794181824,,0.00390625,,,,,,,,,,,,,,
3,47799,,89407.5,,0.004803025163710117,,0.515625,,89407.5,,85893.4296875,,0.71484375,,2978.88232421875,,0.484375,,87001.171875,,0.71484375,,2941.5107421875,,256.0,,0.7082235813140869,,0.01953125,,,,,,,,,,,,,,
3,47849,,15469.4833984375,,0.004821077920496464,,0.47265625,,15469.4833984375,,14028.2626953125,,0.828125,,1856.464111328125,,0.52734375,,13223.6044921875,,0.82421875,,1830.63623046875,,256.0,,0.8190152049064636,,0.00390625,,,,,,,,,,,,,,
3,47899,,16734.197265625,,0.004862574860453606,,0.515625,,16734.197265625,,14985.6689453125,,0.6796875,,1979.3062744140625,,0.484375,,14552.5986328125,,0.6796875,,1950.8212890625,,256.0,,0.6743043661117554,,0.0078125,,,,,,,,,,,,,,
3,47949,,16748.75390625,,0.004651110153645277,,0.54296875,,16748.75390625,,15175.841796875,,0.6015625,,1701.713134765625,,0.45703125,,14940.6640625,,0.59765625,,1679.28759765625,,256.0,,0.6239590644836426,,0.0,,,,,,,,,,,,,,
3,47999,,77753.6015625,,0.004622095730155706,,0.4140625,,77753.6015625,,75976.125,,0.5703125,,1997.02685546875,,0.5859375,,75567.6171875,,0.5703125,,1966.440673828125,,256.0,,0.5555249452590942,,0.0078125,,,,,,,,,,,,,,
3,48049,,63759.2734375,,0.0050691962242126465,,0.5078125,,63759.2734375,,62038.234375,,0.73828125,,1966.6973876953125,,0.4921875,,61568.27734375,,0.73828125,,1945.33935546875,,256.0,,0.6873834133148193,,0.00390625,,,,,,,,,,,,,,
3,48099,,13455.1357421875,,0.004884443245828152,,0.48828125,,13455.1357421875,,11008.1181640625,,0.52734375,,2154.145263671875,,0.51171875,,11617.9990234375,,0.5234375,,2130.00927734375,,256.0,,0.5543791651725769,,0.01171875,,,,,,,,,,,,,,
3,48149,,14943.1787109375,,0.00473607424646616,,0.48828125,,14943.1787109375,,12716.4443359375,,0.578125,,1888.6024169921875,,0.51171875,,13416.5791015625,,0.58203125,,1864.731201171875,,256.0,,0.5624051690101624,,0.00390625,,,,,,,,,,,,,,
3,48199,,48595.3359375,,0.004874245263636112,,0.50390625,,48595.3359375,,46369.1875,,0.73828125,,2165.9541015625,,0.49609375,,46515.9921875,,0.73828125,,2139.54443359375,,256.0,,0.6059978604316711,,0.01171875,,,,,,,,,,,,,,
3,48249,,16039.169921875,,0.004785040393471718,,0.48046875,,16039.169921875,,14469.46875,,0.74609375,,1565.262451171875,,0.51953125,,14504.26953125,,0.7421875,,1539.340087890625,,256.0,,0.6904401779174805,,0.0,,,,,,,,,,,,,,
3,48299,,61510.99609375,,0.004810983315110207,,0.515625,,61510.99609375,,59061.3515625,,0.6328125,,1964.725830078125,,0.484375,,60051.37890625,,0.63671875,,1944.537109375,,256.0,,0.660807728767395,,0.0078125,,,,,,,,,,,,,,
3,48349,,14770.6015625,,0.004917831625789404,,0.51953125,,14770.6015625,,13205.6337890625,,0.796875,,1681.1766357421875,,0.48046875,,12989.896484375,,0.79296875,,1664.49560546875,,256.0,,0.8118907809257507,,0.0,,,,,,,,,,,,,,
3,48399,,67829.78125,,0.004691590555012226,,0.48046875,,67829.78125,,65188.4765625,,0.70703125,,2238.3544921875,,0.51953125,,66004.5234375,,0.70703125,,2228.205810546875,,256.0,,0.6880091428756714,,0.0078125,,,,,,,,,,,,,,
3,48449,,15128.279296875,,0.004714133217930794,,0.5078125,,15128.279296875,,13808.1845703125,,0.72265625,,1586.9609375,,0.4921875,,13319.8095703125,,0.72265625,,1541.604248046875,,256.0,,0.6814333200454712,,0.0,,,,,,,,,,,,,,
3,48499,,20541.220703125,,0.004926071967929602,,0.44140625,,20541.220703125,,18254.306640625,,0.59765625,,1863.1124267578125,,0.55859375,,19109.291015625,,0.59765625,,1855.730712890625,,256.0,,0.6237064599990845,,0.00390625,,,,,,,,,,,,,,
3,48549,,106096.40625,,0.004866780713200569,,0.48046875,,106096.40625,,103177.7734375,,0.82421875,,2302.16943359375,,0.51953125,,104408.53125,,0.828125,,2304.33056640625,,256.0,,0.7532142996788025,,0.0078125,,,,,,,,,,,,,,
3,48599,,10986.4765625,,0.00549521017819643,,0.5,,10986.4765625,,9621.27734375,,0.6875,,1887.804931640625,,0.5,,8620.6142578125,,0.6875,,1843.2554931640625,,256.0,,0.6445969343185425,,0.00390625,,,,,,,,,,,,,,
3,48649,,63338.390625,,0.004842177499085665,,0.47265625,,63338.390625,,61339.84765625,,0.65234375,,2083.42041015625,,0.52734375,,61188.19140625,,0.65234375,,2065.315185546875,,256.0,,0.6636690497398376,,0.01171875,,,,,,,,,,,,,,
3,48699,,23262.25390625,,0.004790301900357008,,0.53125,,23262.25390625,,21682.986328125,,0.74609375,,1855.220947265625,,0.46875,,21161.833984375,,0.7421875,,1824.4669189453125,,256.0,,0.6731781959533691,,0.0,,,,,,,,,,,,,,
3,48749,,72412.6640625,,0.005248766392469406,,0.484375,,72412.6640625,,69606.71875,,0.82421875,,2707.15966796875,,0.515625,,69816.96875,,0.828125,,2694.484375,,256.0,,0.7519493103027344,,0.01171875,,,,,,,,,,,,,,
3,48799,,155342.453125,,0.004852978512644768,,0.53125,,155342.453125,,152066.59375,,0.765625,,2802.684814453125,,0.46875,,153013.578125,,0.765625,,2802.048583984375,,256.0,,0.7147794961929321,,0.015625,,,,,,,,,,,,,,
3,48849,,12528.994140625,,0.004882770590484142,,0.48046875,,12528.994140625,,10868.76953125,,0.5859375,,1782.2772216796875,,0.51953125,,10641.8154296875,,0.58984375,,1765.1265869140625,,256.0,,0.6032817363739014,,0.00390625,,,,,,,,,,,,,,
3,48899,,46282.6328125,,0.004629921168088913,,0.4921875,,46282.6328125,,44698.36328125,,0.734375,,1903.5169677734375,,0.5078125,,44098.66015625,,0.734375,,1864.7210693359375,,256.0,,0.6928517818450928,,0.00390625,,,,,,,,,,,,,,
3,48949,,12375.798828125,,0.0052232565358281136,,0.49609375,,12375.798828125,,10387.4228515625,,0.40625,,1778.1595458984375,,0.50390625,,10854.06640625,,0.40234375,,1731.9501953125,,256.0,,0.44222256541252136,,0.0,,,,,,,,,,,,,,
3,48999,,46677.9765625,,0.0045111957006156445,,0.51171875,,46677.9765625,,44877.27734375,,0.80078125,,2003.1739501953125,,0.48828125,,44513.98046875,,0.796875,,1961.5223388671875,,256.0,,0.7721853256225586,,0.00390625,,,,,,,,,,,,,,
3,49049,,55257.4921875,,0.004634136334061623,,0.546875,,55257.4921875,,52912.125,,0.69921875,,2236.829833984375,,0.453125,,53163.4375,,0.69921875,,2202.591064453125,,256.0,,0.6106446981430054,,0.0078125,,,,,,,,,,,,,,
3,49099,,58928.046875,,0.004722425248473883,,0.49609375,,58928.046875,,56551.06640625,,0.7578125,,2359.74462890625,,0.50390625,,56602.2265625,,0.7578125,,2343.04931640625,,256.0,,0.694776177406311,,0.01171875,,,,,,,,,,,,,,
3,49149,,17573.837890625,,0.004754906520247459,,0.4375,,17573.837890625,,15258.892578125,,0.58984375,,1926.112548828125,,0.5625,,16063.97265625,,0.59375,,1898.69775390625,,256.0,,0.6074037551879883,,0.00390625,,,,,,,,,,,,,,
3,49199,,69031.0078125,,0.004978765733540058,,0.51171875,,69031.0078125,,67198.40625,,0.8125,,2092.36865234375,,0.48828125,,66709.2265625,,0.8125,,2062.017822265625,,256.0,,0.7176844477653503,,0.00390625,,,,,,,,,,,,,,
3,49249,,15254.822265625,,0.004678844474256039,,0.4921875,,15254.822265625,,13666.7412109375,,0.625,,1822.564697265625,,0.5078125,,13213.3955078125,,0.625,,1806.942138671875,,256.0,,0.5964844226837158,,0.00390625,,,,,,,,,,,,,,
3,49299,,16622.537109375,,0.004694453906267881,,0.46484375,,16622.537109375,,14577.3408203125,,0.64453125,,1732.6546630859375,,0.53515625,,15226.0576171875,,0.640625,,1709.0213623046875,,256.0,,0.6723102927207947,,0.0,,,,,,,,,,,,,,
3,49349,,18441.140625,,0.004311170428991318,,0.50390625,,18441.140625,,16308.50390625,,0.7578125,,1758.8946533203125,,0.49609375,,17067.662109375,,0.7578125,,1747.21923828125,,256.0,,0.755349338054657,,0.0,,,,,,,,,,,,,,
3,49399,,16803.208984375,,0.004939446225762367,,0.4921875,,16803.208984375,,14794.20703125,,0.74609375,,2052.810302734375,,0.5078125,,14719.546875,,0.7421875,,2039.853515625,,256.0,,0.6433985233306885,,0.0078125,,,,,,,,,,,,,,
3,49449,,11013.7861328125,,0.004770020954310894,,0.4921875,,11013.7861328125,,8926.0537109375,,0.69921875,,2055.86962890625,,0.5078125,,8993.7802734375,,0.6953125,,2051.86767578125,,256.0,,0.6414000988006592,,0.0078125,,,,,,,,,,,,,,
3,49499,,56613.77734375,,0.005131773184984922,,0.515625,,56613.77734375,,54833.828125,,0.6640625,,1965.8826904296875,,0.484375,,54498.9375,,0.6640625,,1928.906982421875,,256.0,,0.6218040585517883,,0.0078125,,,,,,,,,,,,,,
3,49549,,57613.765625,,0.004813340958207846,,0.53515625,,57613.765625,,55622.69140625,,0.73828125,,2175.08154296875,,0.46484375,,55279.640625,,0.7421875,,2150.12255859375,,256.0,,0.7736530303955078,,0.0078125,,,,,,,,,,,,,,
3,49599,,56340.875,,0.0052533745765686035,,0.5703125,,56340.875,,54652.87890625,,0.671875,,1961.1148681640625,,0.4296875,,54149.734375,,0.671875,,1918.02001953125,,256.0,,0.65400630235672,,0.00390625,,,,,,,,,,,,,,
3,49649,,55020.703125,,0.00491697434335947,,0.5,,55020.703125,,53130.5234375,,0.5625,,1992.7197265625,,0.5,,52948.6015625,,0.56640625,,1969.56494140625,,256.0,,0.5255718231201172,,0.00390625,,,,,,,,,,,,,,
3,49699,,85014.046875,,0.004632873460650444,,0.46875,,85014.046875,,82567.328125,,0.7578125,,2677.375244140625,,0.53125,,82144.2890625,,0.75390625,,2639.1083984375,,256.0,,0.7379977107048035,,0.01953125,,,,,,,,,,,,,,
3,49749,,58582.9453125,,0.005061331670731306,,0.48046875,,58582.9453125,,56796.11328125,,0.609375,,1914.6080322265625,,0.51953125,,56579.0078125,,0.61328125,,1876.16357421875,,256.0,,0.5290658473968506,,0.00390625,,,,,,,,,,,,,,
3,49799,,62815.1484375,,0.005440022796392441,,0.48046875,,62815.1484375,,61518.21875,,0.6015625,,2103.7265625,,0.51953125,,59981.6328125,,0.6015625,,2026.716064453125,,256.0,,0.6034334897994995,,0.00390625,,,,,,,,,,,,,,
3,49849,,129640.8125,,0.005245498847216368,,0.51953125,,129640.8125,,126536.890625,,0.6484375,,2462.9345703125,,0.48046875,,127823.8984375,,0.64453125,,2457.892333984375,,256.0,,0.6443067789077759,,0.015625,,,,,,,,,,,,,,
3,49899,,18033.1875,,0.004819192923605442,,0.484375,,18033.1875,,16208.49609375,,0.76171875,,1725.8887939453125,,0.515625,,16414.748046875,,0.76171875,,1717.2392578125,,256.0,,0.6772076487541199,,0.0,,,,,,,,,,,,,,
3,49949,,116683.78125,,0.004588036797940731,,0.48828125,,116683.78125,,114488.0703125,,0.57421875,,2135.092529296875,,0.51171875,,114645.5625,,0.57421875,,2098.8427734375,,256.0,,0.5636341571807861,,0.0078125,,,,,,,,,,,,,,
3,49999,,10179.0634765625,,0.004804475698620081,,0.53515625,,10179.0634765625,,8086.6923828125,,0.75390625,,1924.311767578125,,0.46484375,,8444.7080078125,,0.75390625,,1902.41552734375,,256.0,,0.7082767486572266,,0.0078125,,,,,,,,,,,,,,
3,50049,,149316.984375,,0.004548192024230957,,0.44921875,,149316.984375,,146722.328125,,0.69140625,,2494.8564453125,,0.55078125,,146930.453125,,0.69140625,,2486.3349609375,,256.0,,0.6782976984977722,,0.015625,,,,,,,,,,,,,,
3,50099,,53590.0078125,,0.004891907796263695,,0.5,,53590.0078125,,50887.01171875,,0.6171875,,2203.322021484375,,0.5,,51895.8515625,,0.6171875,,2193.8349609375,,256.0,,0.5849649906158447,,0.01171875,,,,,,,,,,,,,,
3,50149,,14270.599609375,,0.004801515024155378,,0.51953125,,14270.599609375,,12476.8427734375,,0.59375,,2080.825439453125,,0.48046875,,11931.515625,,0.58984375,,2052.014404296875,,256.0,,0.6421043872833252,,0.01171875,,,,,,,,,,,,,,
3,50199,,11655.177734375,,0.004648170433938503,,0.484375,,11655.177734375,,9983.0966796875,,0.58203125,,1827.549072265625,,0.515625,,9698.51953125,,0.578125,,1801.191162109375,,256.0,,0.5402649641036987,,0.00390625,,,,,,,,,,,,,,
3,50249,,66225.890625,,0.005700065754354,,0.5,,66225.890625,,64436.98828125,,0.78515625,,2001.839599609375,,0.5,,64074.5703125,,0.78125,,1938.377197265625,,256.0,,0.738244891166687,,0.00390625,,,,,,,,,,,,,,
3,50299,,19207.80078125,,0.00490283127874136,,0.49609375,,19207.80078125,,17846.953125,,0.70703125,,1834.912353515625,,0.50390625,,16954.87109375,,0.703125,,1778.867919921875,,256.0,,0.6978083848953247,,0.0,,,,,,,,,,,,,,
3,50349,,19423.0703125,,0.004257019609212875,,0.51953125,,19423.0703125,,17696.412109375,,0.8515625,,1769.5087890625,,0.48046875,,17626.822265625,,0.84765625,,1753.393798828125,,256.0,,0.7518512606620789,,0.0078125,,,,,,,,,,,,,,
3,50399,,75464.234375,,0.005251217633485794,,0.46484375,,75464.234375,,72941.3203125,,0.71875,,2329.213623046875,,0.53515625,,73345.921875,,0.71484375,,2312.020263671875,,256.0,,0.6573551893234253,,0.01171875,,,,,,,,,,,,,,
3,50449,,20451.87109375,,0.005044037476181984,,0.4921875,,20451.87109375,,18189.7265625,,0.74609375,,1841.6517333984375,,0.5078125,,19068.58203125,,0.74609375,,1803.783203125,,256.0,,0.7305664420127869,,0.0078125,,,,,,,,,,,,,,
3,50499,,104374.1484375,,0.0046512652188539505,,0.52734375,,104374.1484375,,101203.8671875,,0.66015625,,2331.068115234375,,0.47265625,,102896.8671875,,0.66015625,,2316.494873046875,,256.0,,0.6540110111236572,,0.01171875,,,,,,,,,,,,,,
3,50549,,13819.125,,0.004754544701427221,,0.4921875,,13819.125,,12047.216796875,,0.74609375,,1516.674560546875,,0.5078125,,12576.67578125,,0.74609375,,1497.681640625,,256.0,,0.6950011253356934,,0.0,,,,,,,,,,,,,,
3,50599,,16707.220703125,,0.004772496409714222,,0.5234375,,16707.220703125,,14870.6953125,,0.69921875,,1859.6610107421875,,0.4765625,,14856.091796875,,0.703125,,1827.994140625,,256.0,,0.7036342024803162,,0.0078125,,,,,,,,,,,,,,
3,50649,,48552.1484375,,0.005346269812434912,,0.4921875,,48552.1484375,,45875.91796875,,0.6796875,,2175.009765625,,0.5078125,,46904.55859375,,0.6796875,,2148.8046875,,256.0,,0.6402842998504639,,0.0078125,,,,,,,,,,,,,,
3,50699,,57884.9375,,0.004998141899704933,,0.53515625,,57884.9375,,55082.83984375,,0.66015625,,2482.5244140625,,0.46484375,,55746.11328125,,0.65625,,2458.398681640625,,256.0,,0.6644130945205688,,0.0078125,,,,,,,,,,,,,,
3,50749,,48070.78125,,0.004921739920973778,,0.4765625,,48070.78125,,45948.6796875,,0.76171875,,1962.133544921875,,0.5234375,,46308.46484375,,0.7578125,,1922.28369140625,,256.0,,0.742587685585022,,0.00390625,,,,,,,,,,,,,,
3,50799,,11753.8447265625,,0.004771817475557327,,0.48046875,,11753.8447265625,,10138.298828125,,0.69921875,,1677.047119140625,,0.51953125,,10049.009765625,,0.69921875,,1643.333984375,,256.0,,0.7332150936126709,,0.0,,,,,,,,,,,,,,
3,50849,,53580.72265625,,0.005105054005980492,,0.5546875,,53580.72265625,,51805.890625,,0.74609375,,1875.9473876953125,,0.4453125,,51641.3203125,,0.74609375,,1838.28662109375,,256.0,,0.6964165568351746,,0.0078125,,,,,,,,,,,,,,
3,50899,,11660.62890625,,0.0047980849631130695,,0.5,,11660.62890625,,10191.326171875,,0.6953125,,1651.76611328125,,0.5,,9853.2177734375,,0.6875,,1624.9482421875,,256.0,,0.6824662685394287,,0.0,,,,,,,,,,,,,,
3,50949,,15298.716796875,,0.00469796871766448,,0.48046875,,15298.716796875,,13419.787109375,,0.67578125,,1748.013671875,,0.51953125,,13706.3525390625,,0.67578125,,1723.281005859375,,256.0,,0.672823429107666,,0.0,,,,,,,,,,,,,,
3,50999,,56442.5625,,0.005018436349928379,,0.515625,,56442.5625,,53684.3671875,,0.72265625,,2499.626953125,,0.484375,,54229.21875,,0.72265625,,2471.917236328125,,256.0,,0.7225478887557983,,0.015625,,,,,,,,,,,,,,
3,51049,,53708.140625,,0.004869682714343071,,0.55078125,,53708.140625,,51929.21484375,,0.65625,,2226.94580078125,,0.44921875,,51063.17578125,,0.65234375,,2196.943359375,,256.0,,0.6535893678665161,,0.0078125,,,,,,,,,,,,,,
3,51099,,46277.484375,,0.005434380378574133,,0.56640625,,46277.484375,,44606.1328125,,0.578125,,2255.27099609375,,0.43359375,,43475.80859375,,0.578125,,2217.75927734375,,256.0,,0.516055703163147,,0.0078125,,,,,,,,,,,,,,
3,51149,,37097.24609375,,0.005488978233188391,,0.4609375,,37097.24609375,,35740.3984375,,0.546875,,1838.487548828125,,0.5390625,,34808.18359375,,0.546875,,1807.421630859375,,256.0,,0.49686965346336365,,0.0078125,,,,,,,,,,,,,,
3,51183,,,,,,,,,,,,,,,,,,,,,,,,,,,,,19223.083984375,0.004860734101384878,0.4998077154159546,19223.083984375,17543.890625,0.755892276763916,1720.4019775390625,0.5001922845840454,17487.876953125,0.7553311586380005,1693.976806640625,255.98416137695312,0.6678953766822815,0.0010014981962740421
3,51183,44686.03515625,,0.00485191261395812,,0.49983087182044983,,44686.03515625,,42731.234375,,0.6872078776359558,,2014.6778564453125,,0.5001690983772278,,42639.00390625,,0.6869978308677673,,1987.4683837890625,,256.0,,0.6631428599357605,,0.005124587099999189,,,,,,,,,,,,,,,
4,51199,,15415.947265625,,0.004768327344208956,,0.50390625,,15415.947265625,,13566.05078125,,0.796875,,1846.310302734375,,0.49609375,,13610.4130859375,,0.796875,,1809.1187744140625,,256.0,,0.7032903432846069,,0.00390625,,,,,,,,,,,,,,
4,51249,,49322.7109375,,0.005041901487857103,,0.4609375,,49322.7109375,,47303.421875,,0.59765625,,1813.084228515625,,0.5390625,,47739.265625,,0.58984375,,1789.6474609375,,256.0,,0.6066271066665649,,0.00390625,,,,,,,,,,,,,,
4,51299,,15679.8037109375,,0.004929224029183388,,0.50390625,,15679.8037109375,,14091.9423828125,,0.609375,,1703.914794921875,,0.49609375,,13910.275390625,,0.609375,,1653.47412109375,,256.0,,0.621462345123291,,0.0,,,,,,,,,,,,,,
4,51349,,43931.234375,,0.004710741341114044,,0.5390625,,43931.234375,,42380.8359375,,0.6796875,,1871.0035400390625,,0.4609375,,41775.6328125,,0.6796875,,1834.9986572265625,,256.0,,0.6709316968917847,,0.00390625,,,,,,,,,,,,,,
4,51399,,14752.3759765625,,0.004850367549806833,,0.4453125,,14752.3759765625,,13269.0078125,,0.69140625,,1707.68017578125,,0.5546875,,12856.810546875,,0.6875,,1671.25341796875,,256.0,,0.674428403377533,,0.0,,,,,,,,,,,,,,
4,51449,,16087.611328125,,0.0051940977573394775,,0.44921875,,16087.611328125,,14533.234375,,0.8203125,,1788.2421875,,0.55078125,,14120.2587890625,,0.8203125,,1733.4871826171875,,256.0,,0.7409420013427734,,0.0,,,,,,,,,,,,,,
4,51499,,15435.0625,,0.004739837255328894,,0.5234375,,15435.0625,,13809.1328125,,0.55859375,,1664.7314453125,,0.4765625,,13746.392578125,,0.55859375,,1649.867431640625,,256.0,,0.5230481624603271,,0.0,,,,,,,,,,,,,,
4,51549,,17334.0234375,,0.004548531025648117,,0.51953125,,17334.0234375,,15141.20703125,,0.69921875,,2206.75341796875,,0.48046875,,15131.4423828125,,0.69921875,,2188.64453125,,256.0,,0.6355292797088623,,0.0078125,,,,,,,,,,,,,,
4,51599,,56537.64453125,,0.004440379794687033,,0.5234375,,56537.64453125,,54557.53125,,0.62890625,,1980.23486328125,,0.4765625,,54577.5546875,,0.62890625,,1959.9700927734375,,256.0,,0.6754851341247559,,0.00390625,,,,,,,,,,,,,,
4,51649,,13505.353515625,,0.00455124769359827,,0.5390625,,13505.353515625,,11881.505859375,,0.71484375,,1657.41650390625,,0.4609375,,11839.42578125,,0.71875,,1632.358154296875,,256.0,,0.6699810028076172,,0.00390625,,,,,,,,,,,,,,
4,51699,,44982.41015625,,0.005215710960328579,,0.5234375,,44982.41015625,,43472.21875,,0.7734375,,1947.0555419921875,,0.4765625,,42646.203125,,0.7734375,,1899.3427734375,,256.0,,0.6675094366073608,,0.00390625,,,,,,,,,,,,,,
4,51749,,77498.65625,,0.005071698687970638,,0.5,,77498.65625,,74868.171875,,0.5625,,2460.57568359375,,0.5,,75242.1875,,0.5625,,2426.366455078125,,256.0,,0.5503451824188232,,0.01171875,,,,,,,,,,,,,,
4,51799,,14246.1640625,,0.00498477928340435,,0.44921875,,14246.1640625,,12120.8232421875,,0.75,,2058.97607421875,,0.55078125,,12295.7646484375,,0.74609375,,2016.7659912109375,,256.0,,0.7224149107933044,,0.0078125,,,,,,,,,,,,,,
4,51849,,56126.0546875,,0.005103487987071276,,0.47265625,,56126.0546875,,53698.078125,,0.5546875,,2346.60107421875,,0.52734375,,53891.51953125,,0.55078125,,2315.908447265625,,256.0,,0.5228577256202698,,0.0078125,,,,,,,,,,,,,,
4,51899,,62734.8046875,,0.004632583353668451,,0.51953125,,62734.8046875,,60657.7890625,,0.75,,2023.9891357421875,,0.48046875,,60766.8515625,,0.74609375,,2020.984619140625,,256.0,,0.6443419456481934,,0.00390625,,,,,,,,,,,,,,
4,51949,,46752.640625,,0.005212718155235052,,0.5234375,,46752.640625,,44795.3515625,,0.75390625,,2116.35986328125,,0.4765625,,44549.46484375,,0.75390625,,2044.1060791015625,,256.0,,0.6708364486694336,,0.01171875,,,,,,,,,,,,,,
4,51999,,18053.70703125,,0.004732905887067318,,0.51953125,,18053.70703125,,16208.072265625,,0.7734375,,2064.77001953125,,0.48046875,,15816.40234375,,0.7734375,,2018.171875,,256.0,,0.7541540861129761,,0.0078125,,,,,,,,,,,,,,
4,52049,,18546.4140625,,0.0047886064276099205,,0.51953125,,18546.4140625,,16605.70703125,,0.76953125,,1753.752197265625,,0.48046875,,16994.974609375,,0.765625,,1738.3966064453125,,256.0,,0.7322850227355957,,0.00390625,,,,,,,,,,,,,,
4,52099,,53889.1875,,0.004593958612531424,,0.4765625,,53889.1875,,51843.77734375,,0.55859375,,1950.2325439453125,,0.5234375,,52048.6328125,,0.55859375,,1935.734130859375,,256.0,,0.5831978917121887,,0.00390625,,,,,,,,,,,,,,
4,52149,,18470.49609375,,0.005062251351773739,,0.5234375,,18470.49609375,,16629.1796875,,0.62890625,,1791.0008544921875,,0.4765625,,16781.794921875,,0.62890625,,1739.01806640625,,256.0,,0.6058375835418701,,0.0,,,,,,,,,,,,,,
4,52199,,53412.4140625,,0.004493779502809048,,0.51171875,,53412.4140625,,51029.90234375,,0.76171875,,2312.12255859375,,0.48828125,,51172.47265625,,0.76171875,,2310.3330078125,,256.0,,0.7123474478721619,,0.0078125,,,,,,,,,,,,,,
4,52249,,16610.837890625,,0.004558508284389973,,0.53515625,,16610.837890625,,15039.1259765625,,0.796875,,1932.323974609375,,0.46484375,,14363.908203125,,0.796875,,1886.318359375,,256.0,,0.763079822063446,,0.0078125,,,,,,,,,,,,,,
4,52299,,74955.5390625,,0.004707555286586285,,0.58203125,,74955.5390625,,70999.3984375,,0.76171875,,2978.503173828125,,0.41796875,,72962.640625,,0.76171875,,2970.5419921875,,256.0,,0.7258591651916504,,0.01953125,,,,,,,,,,,,,,
4,52349,,58309.3671875,,0.004855690058320761,,0.53125,,58309.3671875,,56186.625,,0.66796875,,1953.3367919921875,,0.46875,,56543.01953125,,0.66796875,,1935.7509765625,,256.0,,0.683822512626648,,0.0078125,,,,,,,,,,,,,,
4,52399,,130066.0546875,,0.00494089350104332,,0.5234375,,130066.0546875,,127726.625,,0.703125,,2411.82666015625,,0.4765625,,127615.4609375,,0.703125,,2378.19287109375,,256.0,,0.6305223703384399,,0.01171875,,,,,,,,,,,,,,
4,52449,,12799.955078125,,0.004526345059275627,,0.484375,,12799.955078125,,10875.021484375,,0.73046875,,1998.802490234375,,0.515625,,10752.2138671875,,0.7265625,,1973.8717041015625,,256.0,,0.7470231056213379,,0.01171875,,,,,,,,,,,,,,
4,52499,,15698.921875,,0.004693138413131237,,0.46484375,,15698.921875,,13892.1103515625,,0.8203125,,1840.249755859375,,0.53515625,,13859.3974609375,,0.8203125,,1806.084716796875,,256.0,,0.7166728377342224,,0.0,,,,,,,,,,,,,,
4,52549,,53188.3828125,,0.004762659780681133,,0.5078125,,53188.3828125,,51020.828125,,0.734375,,1892.71044921875,,0.4921875,,51586.6875,,0.73046875,,1876.538330078125,,256.0,,0.6399587988853455,,0.00390625,,,,,,,,,,,,,,
4,52599,,17176.88671875,,0.004755552392452955,,0.44921875,,17176.88671875,,15399.6728515625,,0.80859375,,2235.4189453125,,0.55078125,,14515.8974609375,,0.80859375,,2202.787109375,,256.0,,0.8126077055931091,,0.01171875,,,,,,,,,,,,,,
4,52649,,16266.45703125,,0.005222524516284466,,0.5,,16266.45703125,,13691.408203125,,0.8046875,,2221.54541015625,,0.5,,14429.4462890625,,0.8046875,,2190.513671875,,256.0,,0.7389044761657715,,0.01171875,,,,,,,,,,,,,,
4,52699,,194841.40625,,0.004307971801608801,,0.46875,,194841.40625,,192214.171875,,0.546875,,2687.904541015625,,0.53125,,192106.140625,,0.54296875,,2674.570556640625,,256.0,,0.5641211867332458,,0.01171875,,,,,,,,,,,,,,
4,52749,,68542.1328125,,0.005149521864950657,,0.46875,,68542.1328125,,66687.09375,,0.640625,,1952.00244140625,,0.53125,,66507.5703125,,0.640625,,1937.6041259765625,,256.0,,0.6601869463920593,,0.0078125,,,,,,,,,,,,,,
4,52799,,104861.203125,,0.004909643903374672,,0.51953125,,104861.203125,,103573.4765625,,0.640625,,2162.14990234375,,0.48046875,,101863.8359375,,0.640625,,2122.94580078125,,256.0,,0.6397882699966431,,0.0078125,,,,,,,,,,,,,,
4,52849,,16414.416015625,,0.00473689753562212,,0.4765625,,16414.416015625,,14238.2744140625,,0.76171875,,2128.716796875,,0.5234375,,14390.861328125,,0.76171875,,2070.9775390625,,256.0,,0.7375668287277222,,0.0078125,,,,,,,,,,,,,,
4,52899,,21494.251953125,,0.0046875616535544395,,0.484375,,21494.251953125,,19068.1796875,,0.546875,,1871.1630859375,,0.515625,,20171.556640625,,0.546875,,1877.6025390625,,256.0,,0.5718733668327332,,0.00390625,,,,,,,,,,,,,,
4,52949,,16182.859375,,0.00486644497141242,,0.51953125,,16182.859375,,14735.16796875,,0.734375,,1764.27734375,,0.48046875,,14141.115234375,,0.73828125,,1725.1593017578125,,256.0,,0.7185695171356201,,0.0,,,,,,,,,,,,,,
4,52999,,15019.1796875,,0.004721427336335182,,0.5,,15019.1796875,,13091.9013671875,,0.61328125,,1952.839599609375,,0.5,,13066.7109375,,0.609375,,1926.9083251953125,,256.0,,0.6613144278526306,,0.00390625,,,,,,,,,,,,,,
4,53049,,14688.548828125,,0.004903477616608143,,0.51171875,,14688.548828125,,13068.5283203125,,0.75,,1609.568603515625,,0.48828125,,13114.9921875,,0.74609375,,1584.009521484375,,256.0,,0.6944078207015991,,0.0,,,,,,,,,,,,,,
4,53099,,14765.0029296875,,0.005162980407476425,,0.47265625,,14765.0029296875,,13159.537109375,,0.546875,,2121.07763671875,,0.52734375,,12185.2041015625,,0.546875,,2064.18701171875,,256.0,,0.5872322916984558,,0.01171875,,,,,,,,,,,,,,
4,53149,,55166.359375,,0.0046579670161008835,,0.453125,,55166.359375,,53598.80078125,,0.796875,,2203.682861328125,,0.546875,,52369.921875,,0.7890625,,2160.31201171875,,256.0,,0.7296673655509949,,0.0078125,,,,,,,,,,,,,,
4,53199,,91467.46875,,0.004580956418067217,,0.515625,,91467.46875,,89455.1875,,0.66015625,,2072.204833984375,,0.484375,,89350.8125,,0.66015625,,2056.733642578125,,256.0,,0.6752451658248901,,0.0078125,,,,,,,,,,,,,,
4,53249,,11812.2705078125,,0.004789277445524931,,0.46875,,11812.2705078125,,10092.3154296875,,0.703125,,1852.419189453125,,0.53125,,9854.654296875,,0.703125,,1825.152587890625,,256.0,,0.633633017539978,,0.00390625,,,,,,,,,,,,,,
4,53299,,10342.65234375,,0.004499277099967003,,0.57421875,,10342.65234375,,8876.4677734375,,0.66015625,,1546.3465576171875,,0.42578125,,8730.1474609375,,0.66015625,,1532.3441162109375,,256.0,,0.6894650459289551,,0.0,,,,,,,,,,,,,,
4,53349,,139125.0,,0.005089306738227606,,0.4765625,,139125.0,,136731.625,,0.69140625,,2653.6630859375,,0.5234375,,136232.5625,,0.6953125,,2632.176513671875,,256.0,,0.6519898176193237,,0.015625,,,,,,,,,,,,,,
4,53399,,19960.34375,,0.005015464965254068,,0.48828125,,19960.34375,,18193.525390625,,0.66796875,,1960.7845458984375,,0.51171875,,17834.796875,,0.66796875,,1931.5789794921875,,256.0,,0.6665050983428955,,0.00390625,,,,,,,,,,,,,,
4,53449,,13183.2265625,,0.004708083346486092,,0.4609375,,13183.2265625,,11230.267578125,,0.8203125,,2033.712646484375,,0.5390625,,11075.4375,,0.8203125,,2027.03466796875,,256.0,,0.7806506156921387,,0.00390625,,,,,,,,,,,,,,
4,53499,,18011.53125,,0.005280429031699896,,0.55078125,,18011.53125,,16090.41796875,,0.68359375,,1884.2318115234375,,0.44921875,,16203.052734375,,0.68359375,,1845.358154296875,,256.0,,0.6341589689254761,,0.00390625,,,,,,,,,,,,,,
4,53549,,50881.921875,,0.004888649098575115,,0.5,,50881.921875,,48503.625,,0.81640625,,1882.2188720703125,,0.5,,49535.65625,,0.81640625,,1842.3485107421875,,256.0,,0.7574291229248047,,0.0078125,,,,,,,,,,,,,,
4,53599,,18604.92578125,,0.005111749283969402,,0.48828125,,18604.92578125,,16777.525390625,,0.69140625,,1855.461669921875,,0.51171875,,16733.833984375,,0.69140625,,1843.0316162109375,,256.0,,0.6638046503067017,,0.00390625,,,,,,,,,,,,,,
4,53649,,64259.5390625,,0.004794388078153133,,0.47265625,,64259.5390625,,62541.82421875,,0.431640625,,1872.7874755859375,,0.52734375,,62254.87109375,,0.4296875,,1849.597900390625,,256.0,,0.4977712035179138,,0.00390625,,,,,,,,,,,,,,
4,53699,,16467.41015625,,0.004516663495451212,,0.5546875,,16467.41015625,,15062.35546875,,0.68359375,,2101.64306640625,,0.4453125,,13677.51953125,,0.6875,,2093.3046875,,256.0,,0.6076583862304688,,0.0078125,,,,,,,,,,,,,,
4,53749,,14433.275390625,,0.004907937254756689,,0.47265625,,14433.275390625,,12225.9296875,,0.66015625,,1917.32177734375,,0.52734375,,12822.87109375,,0.66015625,,1900.42822265625,,256.0,,0.6510667204856873,,0.0078125,,,,,,,,,,,,,,
4,53799,,63978.2421875,,0.0050331586971879005,,0.5,,63978.2421875,,61954.25,,0.6171875,,2145.61279296875,,0.5,,61754.66796875,,0.62109375,,2101.958251953125,,256.0,,0.6151168942451477,,0.01171875,,,,,,,,,,,,,,
4,53849,,14582.005859375,,0.005010413471609354,,0.51953125,,14582.005859375,,12929.8115234375,,0.6953125,,1553.599609375,,0.48046875,,13126.7431640625,,0.69140625,,1553.857666015625,,256.0,,0.6729264259338379,,0.0,,,,,,,,,,,,,,
4,53899,,100583.3046875,,0.004691113717854023,,0.52734375,,100583.3046875,,98354.625,,0.78515625,,2439.474609375,,0.47265625,,97967.96875,,0.78515625,,2404.541015625,,256.0,,0.7436141967773438,,0.015625,,,,,,,,,,,,,,
4,53949,,15531.02734375,,0.004633305128663778,,0.515625,,15531.02734375,,13884.6787109375,,0.60546875,,1744.3101806640625,,0.484375,,13703.685546875,,0.60546875,,1729.38037109375,,256.0,,0.6113711595535278,,0.00390625,,,,,,,,,,,,,,
4,53999,,58051.38671875,,0.005083316937088966,,0.48828125,,58051.38671875,,56203.64453125,,0.69140625,,2041.036376953125,,0.51171875,,55843.3359375,,0.69140625,,2014.757080078125,,256.0,,0.6437813639640808,,0.0078125,,,,,,,,,,,,,,
4,54049,,16998.953125,,0.005075223743915558,,0.4921875,,16998.953125,,15103.3994140625,,0.5703125,,1940.627197265625,,0.5078125,,15035.3603515625,,0.5703125,,1918.5213623046875,,256.0,,0.5771001577377319,,0.0078125,,,,,,,,,,,,,,
4,54099,,46998.94921875,,0.0045538730919361115,,0.5546875,,46998.94921875,,45908.61328125,,0.73828125,,1809.8271484375,,0.4453125,,44521.98046875,,0.73828125,,1757.47607421875,,256.0,,0.6650441884994507,,0.00390625,,,,,,,,,,,,,,
4,54149,,16444.001953125,,0.004867732524871826,,0.46484375,,16444.001953125,,14373.37109375,,0.69140625,,1688.690185546875,,0.53515625,,15151.02734375,,0.6953125,,1674.9150390625,,256.0,,0.7155841588973999,,0.00390625,,,,,,,,,,,,,,
4,54199,,17875.541015625,,0.006816547363996506,,0.52734375,,17875.541015625,,16793.166015625,,0.65234375,,1759.37548828125,,0.47265625,,15511.185546875,,0.6484375,,1687.355712890625,,256.0,,0.5858115553855896,,0.00390625,,,,,,,,,,,,,,
4,54249,,106502.28125,,0.004433778580278158,,0.50390625,,106502.28125,,104449.78125,,0.78515625,,2218.87890625,,0.49609375,,104140.5234375,,0.78515625,,2195.3798828125,,256.0,,0.7687149047851562,,0.0078125,,,,,,,,,,,,,,
4,54299,,50541.375,,0.004520094022154808,,0.45703125,,50541.375,,48455.23046875,,0.640625,,1843.81884765625,,0.54296875,,48928.12890625,,0.640625,,1855.56787109375,,256.0,,0.6557946801185608,,0.00390625,,,,,,,,,,,,,,
4,54349,,17898.7109375,,0.004772480111569166,,0.53515625,,17898.7109375,,15974.994140625,,0.765625,,1917.8651123046875,,0.46484375,,15993.837890625,,0.765625,,1910.723388671875,,256.0,,0.7210841178894043,,0.0078125,,,,,,,,,,,,,,
4,54399,,61657.109375,,0.004513390362262726,,0.52734375,,61657.109375,,59908.30078125,,0.60546875,,1929.622314453125,,0.47265625,,59569.7109375,,0.60546875,,1906.5888671875,,256.0,,0.6072840690612793,,0.00390625,,,,,,,,,,,,,,
4,54449,,14282.052734375,,0.004427614156156778,,0.55859375,,14282.052734375,,12547.27734375,,0.70703125,,1897.1951904296875,,0.44140625,,12235.6376953125,,0.703125,,1883.9952392578125,,256.0,,0.6674349308013916,,0.00390625,,,,,,,,,,,,,,
4,54499,,18934.44140625,,0.004814306274056435,,0.47265625,,18934.44140625,,17239.193359375,,0.6015625,,1911.016845703125,,0.52734375,,16855.291015625,,0.6015625,,1863.3802490234375,,256.0,,0.5742201209068298,,0.00390625,,,,,,,,,,,,,,
4,54549,,13375.150390625,,0.0049779233522713184,,0.5,,13375.150390625,,12273.068359375,,0.57421875,,1745.883544921875,,0.5,,11044.146484375,,0.5703125,,1687.2012939453125,,256.0,,0.5831962823867798,,0.0,,,,,,,,,,,,,,
4,54599,,18650.02734375,,0.004666232503950596,,0.4453125,,18650.02734375,,16611.068359375,,0.51953125,,1722.603271484375,,0.5546875,,17273.546875,,0.515625,,1692.8369140625,,256.0,,0.5330783724784851,,0.0,,,,,,,,,,,,,,
4,54649,,13009.375,,0.005242213606834412,,0.49609375,,13009.375,,11322.564453125,,0.60546875,,1899.105712890625,,0.50390625,,10950.1748046875,,0.609375,,1846.9052734375,,256.0,,0.5774260759353638,,0.0078125,,,,,,,,,,,,,,
4,54699,,41022.1875,,0.004985942970961332,,0.4765625,,41022.1875,,39397.18359375,,0.734375,,1869.4873046875,,0.5234375,,38956.4140625,,0.734375,,1821.283935546875,,256.0,,0.7144593596458435,,0.0078125,,,,,,,,,,,,,,
4,54749,,68186.265625,,0.005077858455479145,,0.48828125,,68186.265625,,66281.640625,,0.71875,,2079.472900390625,,0.51171875,,65960.59375,,0.71875,,2050.8291015625,,256.0,,0.6158686876296997,,0.00390625,,,,,,,,,,,,,,
4,54799,,86053.078125,,0.004749501124024391,,0.5234375,,86053.078125,,83888.578125,,0.62890625,,2617.56005859375,,0.4765625,,83014.109375,,0.62890625,,2585.91064453125,,256.0,,0.6201364398002625,,0.01953125,,,,,,,,,,,,,,
4,54849,,18570.1015625,,0.00491508049890399,,0.50390625,,18570.1015625,,16819.16796875,,0.81640625,,1869.514892578125,,0.49609375,,16595.51171875,,0.8203125,,1856.009765625,,256.0,,0.7174310088157654,,0.00390625,,,,,,,,,,,,,,
4,54899,,103156.015625,,0.004813604988157749,,0.48828125,,103156.015625,,101386.8828125,,0.66796875,,2207.301513671875,,0.51171875,,100527.75,,0.671875,,2190.093994140625,,256.0,,0.6547650694847107,,0.0078125,,,,,,,,,,,,,,
4,54949,,13852.8154296875,,0.005150689743459225,,0.4765625,,13852.8154296875,,11551.1083984375,,0.6328125,,2004.81103515625,,0.5234375,,12174.384765625,,0.6328125,,1975.326416015625,,256.0,,0.60728919506073,,0.00390625,,,,,,,,,,,,,,
4,54999,,16120.765625,,0.0050672441720962524,,0.50390625,,16120.765625,,14653.7529296875,,0.703125,,1966.183349609375,,0.49609375,,13699.1796875,,0.70703125,,1922.41552734375,,256.0,,0.6757010221481323,,0.00390625,,,,,,,,,,,,,,
4,55049,,18644.400390625,,0.004825086798518896,,0.48828125,,18644.400390625,,16977.78125,,0.64453125,,1648.324951171875,,0.51171875,,17026.3671875,,0.6484375,,1636.328369140625,,256.0,,0.6386536955833435,,0.00390625,,,,,,,,,,,,,,
4,55099,,15028.3359375,,0.004778585396707058,,0.4765625,,15028.3359375,,13513.8984375,,0.5625,,1787.346435546875,,0.5234375,,12996.515625,,0.55859375,,1758.90966796875,,256.0,,0.5191690325737,,0.00390625,,,,,,,,,,,,,,
4,55149,,46956.1875,,0.004824201576411724,,0.484375,,46956.1875,,45247.15625,,0.61328125,,1858.283203125,,0.515625,,44986.4375,,0.61328125,,1820.497802734375,,256.0,,0.6568125486373901,,0.00390625,,,,,,,,,,,,,,
4,55199,,62345.9765625,,0.004889183212071657,,0.48046875,,62345.9765625,,59501.7421875,,0.5859375,,2038.9000244140625,,0.51953125,,61135.37890625,,0.5859375,,2015.9302978515625,,256.0,,0.6049460172653198,,0.00390625,,,,,,,,,,,,,,
4,55249,,54478.3125,,0.004781945608556271,,0.51171875,,54478.3125,,52758.4375,,0.546875,,1786.1064453125,,0.48828125,,52667.5234375,,0.546875,,1744.5560302734375,,256.0,,0.514650821685791,,0.00390625,,,,,,,,,,,,,,
4,55299,,15737.625,,0.004707470536231995,,0.546875,,15737.625,,14050.8720703125,,0.66796875,,1747.3475341796875,,0.453125,,13968.8623046875,,0.671875,,1708.1676025390625,,256.0,,0.6332398056983948,,0.0,,,,,,,,,,,,,,
4,55349,,56224.9453125,,0.004555071704089642,,0.51953125,,56224.9453125,,54247.25,,0.56640625,,1782.654052734375,,0.48046875,,54630.93359375,,0.56640625,,1789.0556640625,,256.0,,0.5116633772850037,,0.00390625,,,,,,,,,,,,,,
4,55399,,15823.494140625,,0.004596988670527935,,0.5390625,,15823.494140625,,14331.1181640625,,0.73046875,,1678.8563232421875,,0.4609375,,14004.3984375,,0.734375,,1632.616455078125,,256.0,,0.7138727903366089,,0.0,,,,,,,,,,,,,,
4,55449,,115842.2421875,,0.005111928563565016,,0.5,,115842.2421875,,113543.65625,,0.7109375,,2428.837890625,,0.5,,113322.515625,,0.7109375,,2389.477294921875,,256.0,,0.6157323718070984,,0.015625,,,,,,,,,,,,,,
4,55499,,16910.33203125,,0.004703977610915899,,0.5,,16910.33203125,,15204.212890625,,0.60546875,,1774.54052734375,,0.5,,15080.275390625,,0.60546875,,1761.6328125,,256.0,,0.6226756572723389,,0.0078125,,,,,,,,,,,,,,
4,55549,,127616.9921875,,0.005119333043694496,,0.5078125,,127616.9921875,,125296.5234375,,0.62109375,,2477.6630859375,,0.4921875,,125003.3828125,,0.62109375,,2456.413330078125,,256.0,,0.5970185399055481,,0.01171875,,,,,,,,,,,,,,
4,55599,,112871.046875,,0.0048037003725767136,,0.4296875,,112871.046875,,110836.8984375,,0.5546875,,2091.081298828125,,0.5703125,,110743.9453125,,0.5546875,,2070.1630859375,,256.0,,0.49301379919052124,,0.0078125,,,,,,,,,,,,,,
4,55649,,105766.828125,,0.004568804986774921,,0.5078125,,105766.828125,,103929.0078125,,0.5390625,,2159.77001953125,,0.4921875,,103323.46875,,0.5390625,,2121.40087890625,,256.0,,0.5325467586517334,,0.0078125,,,,,,,,,,,,,,
4,55699,,182463.90625,,0.004918945487588644,,0.48046875,,182463.90625,,180267.484375,,0.52734375,,2750.22265625,,0.51953125,,179195.375,,0.5234375,,2714.757080078125,,256.0,,0.5629358291625977,,0.01171875,,,,,,,,,,,,,,
4,55749,,68243.265625,,0.00473228981718421,,0.453125,,68243.265625,,66441.3203125,,0.55859375,,2055.923095703125,,0.546875,,65946.9609375,,0.55859375,,2042.32373046875,,256.0,,0.5395795106887817,,0.0078125,,,,,,,,,,,,,,
4,55799,,45669.3359375,,0.004867542069405317,,0.515625,,45669.3359375,,43480.04296875,,0.498046875,,1867.2568359375,,0.484375,,44152.046875,,0.498046875,,1839.3275146484375,,256.0,,0.509406566619873,,0.00390625,,,,,,,,,,,,,,
4,55849,,13884.873046875,,0.004510173574090004,,0.46875,,13884.873046875,,12517.861328125,,0.67578125,,1761.7860107421875,,0.53125,,11744.041015625,,0.671875,,1746.0574951171875,,256.0,,0.6493150591850281,,0.00390625,,,,,,,,,,,,,,
4,55899,,87330.875,,0.004850559867918491,,0.4765625,,87330.875,,83812.0703125,,0.55078125,,2456.0517578125,,0.5234375,,85950.6875,,0.55078125,,2442.93408203125,,256.0,,0.5066125392913818,,0.015625,,,,,,,,,,,,,,
4,55949,,16574.765625,,0.004577646031975746,,0.47265625,,16574.765625,,14898.9404296875,,0.61328125,,1672.412841796875,,0.52734375,,14939.6708984375,,0.61328125,,1638.509521484375,,256.0,,0.6235483884811401,,0.0,,,,,,,,,,,,,,
4,55999,,59928.8203125,,0.004688716493546963,,0.44921875,,59928.8203125,,58064.26953125,,0.55859375,,2172.25,,0.55078125,,57464.67578125,,0.55859375,,2156.45068359375,,256.0,,0.5707272291183472,,0.0078125,,,,,,,,,,,,,,
4,56049,,111276.03125,,0.005107776261866093,,0.546875,,111276.03125,,108927.5703125,,0.671875,,2265.865966796875,,0.453125,,109138.5078125,,0.671875,,2220.109619140625,,256.0,,0.6236217617988586,,0.0078125,,,,,,,,,,,,,,
4,56099,,56354.015625,,0.004781084135174751,,0.50390625,,56354.015625,,54646.9921875,,0.6953125,,1919.930419921875,,0.49609375,,54265.46484375,,0.69921875,,1875.6436767578125,,256.0,,0.7168457508087158,,0.00390625,,,,,,,,,,,,,,
4,56149,,13647.396484375,,0.004854772239923477,,0.48046875,,13647.396484375,,11828.759765625,,0.6484375,,1785.440185546875,,0.51953125,,11899.8427734375,,0.6484375,,1780.750244140625,,256.0,,0.679495096206665,,0.00390625,,,,,,,,,,,,,,
4,56199,,11817.451171875,,0.0044983974657952785,,0.5,,11817.451171875,,10000.263671875,,0.58203125,,1562.853515625,,0.5,,10504.853515625,,0.58203125,,1566.93115234375,,256.0,,0.5445407629013062,,0.0,,,,,,,,,,,,,,
4,56249,,20080.93359375,,0.004704187624156475,,0.4765625,,20080.93359375,,17888.84375,,0.63671875,,2056.267822265625,,0.5234375,,18177.205078125,,0.6328125,,2039.55126953125,,256.0,,0.5713497400283813,,0.0078125,,,,,,,,,,,,,,
4,56299,,15616.623046875,,0.004710620269179344,,0.484375,,15616.623046875,,14332.1845703125,,0.67578125,,1672.4149169921875,,0.515625,,13596.0859375,,0.67578125,,1632.559814453125,,256.0,,0.6768166422843933,,0.0,,,,,,,,,,,,,,
4,56349,,18186.373046875,,0.0046936944127082825,,0.515625,,18186.373046875,,16520.654296875,,0.6640625,,1746.2392578125,,0.484375,,16388.36328125,,0.6640625,,1717.488525390625,,256.0,,0.6659819483757019,,0.0,,,,,,,,,,,,,,
4,56399,,21397.697265625,,0.0046148053370416164,,0.4921875,,21397.697265625,,19581.2578125,,0.61328125,,1937.240234375,,0.5078125,,19357.353515625,,0.609375,,1919.5430908203125,,256.0,,0.5425260066986084,,0.0078125,,,,,,,,,,,,,,
4,56449,,17233.623046875,,0.004658865742385387,,0.484375,,17233.623046875,,15287.3515625,,0.53515625,,1488.4193115234375,,0.515625,,16202.6708984375,,0.53515625,,1488.802978515625,,256.0,,0.5038889050483704,,0.0,,,,,,,,,,,,,,
4,56499,,56355.76953125,,0.0049087125808000565,,0.5,,56355.76953125,,54372.5234375,,0.71875,,2203.009765625,,0.5,,53967.67578125,,0.71484375,,2168.33349609375,,256.0,,0.61250239610672,,0.0078125,,,,,,,,,,,,,,
4,56549,,19850.744140625,,0.004819200374186039,,0.4921875,,19850.744140625,,17776.96875,,0.57421875,,1710.339111328125,,0.5078125,,18514.421875,,0.57421875,,1699.7576904296875,,256.0,,0.5870892405509949,,0.0,,,,,,,,,,,,,,
4,56599,,64393.921875,,0.004776136949658394,,0.46484375,,64393.921875,,62341.57421875,,0.7265625,,2022.7359619140625,,0.53515625,,62410.49609375,,0.7265625,,2013.0418701171875,,256.0,,0.6912080645561218,,0.0078125,,,,,,,,,,,,,,
4,56649,,12202.966796875,,0.004588603973388672,,0.51171875,,12202.966796875,,10005.1923828125,,0.6640625,,1669.01953125,,0.48828125,,11074.6943359375,,0.6640625,,1657.027099609375,,256.0,,0.6136936545372009,,0.0,,,,,,,,,,,,,,
4,56699,,63577.2265625,,0.0049195801839232445,,0.515625,,63577.2265625,,61505.44140625,,0.66015625,,2299.2373046875,,0.484375,,61101.0703125,,0.65625,,2248.7060546875,,256.0,,0.633669912815094,,0.0078125,,,,,,,,,,,,,,
4,56749,,16916.8203125,,0.005290147848427296,,0.48828125,,16916.8203125,,14555.3759765625,,0.6640625,,1874.102783203125,,0.51171875,,15566.8212890625,,0.66796875,,1837.3414306640625,,256.0,,0.6088014841079712,,0.0078125,,,,,,,,,,,,,,
4,56799,,17596.76953125,,0.005217847879976034,,0.484375,,17596.76953125,,16070.4375,,0.63671875,,1806.955322265625,,0.515625,,15541.189453125,,0.6328125,,1774.95947265625,,256.0,,0.5808994770050049,,0.00390625,,,,,,,,,,,,,,
4,56849,,202602.921875,,0.004922380205243826,,0.48828125,,202602.921875,,199705.671875,,0.6015625,,2672.466064453125,,0.51171875,,200178.703125,,0.6015625,,2648.997314453125,,256.0,,0.6500959992408752,,0.015625,,,,,,,,,,,,,,
4,56899,,17484.78125,,0.0049729784950613976,,0.484375,,17484.78125,,16458.130859375,,0.60546875,,1614.5069580078125,,0.515625,,15308.7431640625,,0.60546875,,1588.18212890625,,256.0,,0.5463448762893677,,0.00390625,,,,,,,,,,,,,,
4,56949,,54316.4375,,0.004575661849230528,,0.49609375,,54316.4375,,52432.68359375,,0.68359375,,1980.771484375,,0.50390625,,52274.125,,0.6796875,,1945.29345703125,,256.0,,0.6949242353439331,,0.00390625,,,,,,,,,,,,,,
4,56999,,69628.671875,,0.0047495439648628235,,0.42578125,,69628.671875,,67670.25,,0.6328125,,2202.3076171875,,0.57421875,,67226.21875,,0.62890625,,2158.568359375,,256.0,,0.5765308141708374,,0.0078125,,,,,,,,,,,,,,
4,57049,,98800.5234375,,0.004731753841042519,,0.55078125,,98800.5234375,,95816.8984375,,0.546875,,2409.861572265625,,0.44921875,,97011.9609375,,0.546875,,2362.325439453125,,256.0,,0.508338451385498,,0.015625,,,,,,,,,,,,,,
4,57099,,52676.5703125,,0.0047555845230817795,,0.5078125,,52676.5703125,,50575.62109375,,0.609375,,1895.910400390625,,0.4921875,,50994.625,,0.6015625,,1886.9873046875,,256.0,,0.58109450340271,,0.0078125,,,,,,,,,,,,,,
4,57149,,13232.0205078125,,0.004660166334360838,,0.49609375,,13232.0205078125,,11363.828125,,0.765625,,2019.66455078125,,0.50390625,,11087.81640625,,0.765625,,1992.7322998046875,,256.0,,0.6771159172058105,,0.01171875,,,,,,,,,,,,,,
4,57199,,14409.390625,,0.004670924972742796,,0.50390625,,14409.390625,,12866.7587890625,,0.61328125,,1658.145751953125,,0.49609375,,12669.9697265625,,0.61328125,,1623.9063720703125,,256.0,,0.65822833776474,,0.0,,,,,,,,,,,,,,
4,57249,,91206.3125,,0.004648328293114901,,0.47265625,,91206.3125,,89589.359375,,0.6640625,,2102.158203125,,0.52734375,,88655.59375,,0.6640625,,2065.5205078125,,256.0,,0.6142350435256958,,0.0078125,,,,,,,,,,,,,,
4,57299,,16229.16015625,,0.004695591516792774,,0.48828125,,16229.16015625,,14597.7939453125,,0.400390625,,1658.791259765625,,0.51171875,,14550.9609375,,0.3984375,,1650.773193359375,,256.0,,0.4036182761192322,,0.0,,,,,,,,,,,,,,
4,57349,,14821.240234375,,0.0049059223383665085,,0.4765625,,14821.240234375,,13085.810546875,,0.7421875,,1805.202392578125,,0.5234375,,12973.97265625,,0.7421875,,1777.493896484375,,256.0,,0.6453393697738647,,0.0,,,,,,,,,,,,,,
4,57399,,62225.875,,0.004913916811347008,,0.5078125,,62225.875,,60419.77734375,,0.73828125,,2012.5333251953125,,0.4921875,,60043.703125,,0.734375,,1975.735107421875,,256.0,,0.6777142286300659,,0.00390625,,,,,,,,,,,,,,
4,57449,,56189.53125,,0.0049827815964818,,0.49609375,,56189.53125,,54565.11328125,,0.79296875,,2004.516357421875,,0.50390625,,53827.46875,,0.796875,,1981.9627685546875,,256.0,,0.7368895411491394,,0.00390625,,,,,,,,,,,,,,
4,57499,,101752.03125,,0.004760734736919403,,0.53515625,,101752.03125,,99488.2578125,,0.65234375,,2259.79541015625,,0.46484375,,99506.4921875,,0.65234375,,2249.52685546875,,256.0,,0.6246458292007446,,0.0078125,,,,,,,,,,,,,,
4,57549,,13639.798828125,,0.005069125443696976,,0.46875,,13639.798828125,,12308.5048828125,,0.546875,,1543.836669921875,,0.53125,,11913.0322265625,,0.55078125,,1514.2235107421875,,256.0,,0.5130099058151245,,0.0,,,,,,,,,,,,,,
4,57599,,18543.0078125,,0.004947767127305269,,0.51953125,,18543.0078125,,17120.1328125,,0.63671875,,1650.1043701171875,,0.48046875,,16696.1171875,,0.63671875,,1619.660400390625,,256.0,,0.6567001938819885,,0.0,,,,,,,,,,,,,,
4,57649,,16725.578125,,0.004738643765449524,,0.5390625,,16725.578125,,14772.607421875,,0.61328125,,1865.0382080078125,,0.4609375,,14965.8701171875,,0.61328125,,1847.636962890625,,256.0,,0.6323368549346924,,0.00390625,,,,,,,,,,,,,,
4,57699,,15498.1015625,,0.004655026830732822,,0.44921875,,15498.1015625,,13251.21484375,,0.515625,,1772.082763671875,,0.55078125,,14229.50390625,,0.515625,,1743.39990234375,,256.0,,0.521880567073822,,0.00390625,,,,,,,,,,,,,,
4,57749,,16705.546875,,0.004980405326932669,,0.49609375,,16705.546875,,14704.37109375,,0.57421875,,1772.587646484375,,0.50390625,,15170.2294921875,,0.57421875,,1763.90380859375,,256.0,,0.5333764553070068,,0.0,,,,,,,,,,,,,,
4,57799,,13140.7080078125,,0.0052112312987446785,,0.4921875,,13140.7080078125,,12003.7568359375,,0.73828125,,1544.4185791015625,,0.5078125,,11239.2744140625,,0.73828125,,1493.9658203125,,256.0,,0.674526572227478,,0.0,,,,,,,,,,,,,,
4,57849,,63646.10546875,,0.0048890262842178345,,0.48828125,,63646.10546875,,61965.90625,,0.58203125,,2024.689208984375,,0.51171875,,61315.94140625,,0.58203125,,1985.673828125,,256.0,,0.5658102035522461,,0.00390625,,,,,,,,,,,,,,
4,57899,,55575.1328125,,0.005022687837481499,,0.453125,,55575.1328125,,53265.23828125,,0.54296875,,2195.57666015625,,0.546875,,53505.36328125,,0.5390625,,2184.0869140625,,256.0,,0.5308620929718018,,0.01171875,,,,,,,,,,,,,,
4,57949,,17199.1015625,,0.004396808799356222,,0.51953125,,17199.1015625,,15737.3232421875,,0.63671875,,1606.95947265625,,0.48046875,,15454.2734375,,0.6328125,,1599.6435546875,,256.0,,0.5947403311729431,,0.0,,,,,,,,,,,,,,
4,57999,,12952.0703125,,0.005207303911447525,,0.484375,,12952.0703125,,10939.455078125,,0.65625,,1828.046875,,0.515625,,11354.4609375,,0.65234375,,1782.1781005859375,,256.0,,0.5848993062973022,,0.00390625,,,,,,,,,,,,,,
4,58049,,13234.7109375,,0.00504921842366457,,0.50390625,,13234.7109375,,11279.2578125,,0.64453125,,1706.813232421875,,0.49609375,,11782.6005859375,,0.640625,,1700.7513427734375,,256.0,,0.6580131649971008,,0.00390625,,,,,,,,,,,,,,
4,58099,,71148.109375,,0.005140281282365322,,0.48046875,,71148.109375,,69331.1171875,,0.56640625,,2165.769775390625,,0.51953125,,68666.796875,,0.5703125,,2132.525390625,,256.0,,0.582420289516449,,0.01171875,,,,,,,,,,,,,,
4,58149,,17195.982421875,,0.004733412992209196,,0.50390625,,17195.982421875,,15330.7333984375,,0.46875,,1707.2984619140625,,0.49609375,,15665.3251953125,,0.46875,,1688.6080322265625,,256.0,,0.4630548357963562,,0.0,,,,,,,,,,,,,,
4,58199,,10725.98828125,,0.004559701308608055,,0.4765625,,10725.98828125,,9079.8662109375,,0.578125,,1749.5721435546875,,0.5234375,,8893.70703125,,0.57421875,,1728.83203125,,256.0,,0.5640208125114441,,0.00390625,,,,,,,,,,,,,,
4,58249,,12073.423828125,,0.004706760868430138,,0.48046875,,12073.423828125,,10390.912109375,,0.640625,,1616.422119140625,,0.51953125,,10534.16015625,,0.64453125,,1605.35302734375,,256.0,,0.6022288203239441,,0.0,,,,,,,,,,,,,,
4,58299,,53416.765625,,0.004725475795567036,,0.4609375,,53416.765625,,51943.7578125,,0.6328125,,1951.114990234375,,0.5390625,,51012.80078125,,0.6328125,,1925.8609619140625,,256.0,,0.6622498631477356,,0.0078125,,,,,,,,,,,,,,
4,58349,,13442.091796875,,0.0046827588230371475,,0.44921875,,13442.091796875,,11502.96484375,,0.6015625,,1790.27734375,,0.55078125,,11831.251953125,,0.6015625,,1759.68994140625,,256.0,,0.5551376342773438,,0.0078125,,,,,,,,,,,,,,
4,58399,,16398.857421875,,0.004976889584213495,,0.53515625,,16398.857421875,,14703.0126953125,,0.6796875,,1884.50927734375,,0.46484375,,14355.42578125,,0.67578125,,1854.7669677734375,,256.0,,0.6968743801116943,,0.00390625,,,,,,,,,,,,,,
4,58449,,16774.34375,,0.004803414456546307,,0.51953125,,16774.34375,,15430.21484375,,0.703125,,1662.95751953125,,0.48046875,,14825.2822265625,,0.703125,,1630.23193359375,,256.0,,0.618751049041748,,0.0,,,,,,,,,,,,,,
4,58499,,103046.515625,,0.00492074154317379,,0.4921875,,103046.515625,,101306.1796875,,0.62890625,,2017.0501708984375,,0.5078125,,100778.015625,,0.62890625,,1991.794677734375,,256.0,,0.6545448303222656,,0.0078125,,,,,,,,,,,,,,
4,58549,,12571.150390625,,0.004650936461985111,,0.49609375,,12571.150390625,,10710.255859375,,0.6640625,,1574.80322265625,,0.50390625,,11290.8740234375,,0.66015625,,1566.368896484375,,256.0,,0.6352969408035278,,0.00390625,,,,,,,,,,,,,,
4,58599,,105505.453125,,0.004940626211464405,,0.47265625,,105505.453125,,102536.5,,0.59375,,2527.5634765625,,0.52734375,,103417.75,,0.59375,,2529.08349609375,,256.0,,0.566202700138092,,0.015625,,,,,,,,,,,,,,
4,58649,,24782.00390625,,0.004719978664070368,,0.4765625,,24782.00390625,,22759.37890625,,0.65234375,,1838.718505859375,,0.5234375,,23157.08984375,,0.65234375,,1808.820556640625,,256.0,,0.5726335048675537,,0.00390625,,,,,,,,,,,,,,
4,58699,,60193.2109375,,0.005360424518585205,,0.4765625,,60193.2109375,,58134.46875,,0.66015625,,2398.554931640625,,0.5234375,,57495.7109375,,0.66015625,,2357.692626953125,,256.0,,0.6242783069610596,,0.01171875,,,,,,,,,,,,,,
4,58749,,89201.609375,,0.004673687741160393,,0.51171875,,89201.609375,,86353.1953125,,0.6171875,,2214.155029296875,,0.48828125,,87638.4921875,,0.62109375,,2197.386474609375,,256.0,,0.5572623014450073,,0.0078125,,,,,,,,,,,,,,
4,58799,,12469.857421875,,0.005094610154628754,,0.51171875,,12469.857421875,,10482.794921875,,0.66796875,,1792.1566162109375,,0.48828125,,10908.7685546875,,0.66796875,,1755.9942626953125,,256.0,,0.631470799446106,,0.00390625,,,,,,,,,,,,,,
4,58849,,16653.525390625,,0.004709822591394186,,0.515625,,16653.525390625,,14659.865234375,,0.6796875,,1754.73486328125,,0.484375,,15166.8427734375,,0.67578125,,1725.60791015625,,256.0,,0.6597390174865723,,0.00390625,,,,,,,,,,,,,,
4,58899,,15228.6796875,,0.004585826303809881,,0.484375,,15228.6796875,,13694.513671875,,0.7421875,,1856.93212890625,,0.515625,,13071.189453125,,0.7421875,,1834.725341796875,,256.0,,0.7196617126464844,,0.00390625,,,,,,,,,,,,,,
4,58949,,150011.734375,,0.004715264309197664,,0.50390625,,150011.734375,,146092.234375,,0.69921875,,2514.85986328125,,0.49609375,,148923.015625,,0.6953125,,2493.352783203125,,256.0,,0.6791651248931885,,0.015625,,,,,,,,,,,,,,
4,58999,,60345.26171875,,0.004839845933020115,,0.46484375,,60345.26171875,,57988.20703125,,0.703125,,2233.0341796875,,0.53515625,,58247.51953125,,0.70703125,,2221.7626953125,,256.0,,0.6472206115722656,,0.01171875,,,,,,,,,,,,,,
4,59049,,15449.98046875,,0.005228276364505291,,0.484375,,15449.98046875,,13898.78515625,,0.734375,,1712.8681640625,,0.515625,,13628.771484375,,0.734375,,1659.53466796875,,256.0,,0.6804377436637878,,0.0,,,,,,,,,,,,,,
4,59099,,52855.1015625,,0.004500255454331636,,0.49609375,,52855.1015625,,50744.9453125,,0.69921875,,1909.372314453125,,0.50390625,,51167.17578125,,0.69921875,,1888.7159423828125,,256.0,,0.674373984336853,,0.00390625,,,,,,,,,,,,,,
4,59149,,88405.8671875,,0.004774823784828186,,0.55078125,,88405.8671875,,85763.0703125,,0.70703125,,2107.53466796875,,0.44921875,,86831.7109375,,0.70703125,,2109.42236328125,,256.0,,0.7182354927062988,,0.01171875,,,,,,,,,,,,,,
4,59199,,12866.130859375,,0.0047790477983653545,,0.47265625,,12866.130859375,,11327.0205078125,,0.6015625,,1792.548828125,,0.52734375,,10836.125,,0.59765625,,1776.56689453125,,256.0,,0.6116665601730347,,0.00390625,,,,,,,,,,,,,,
4,59249,,15885.236328125,,0.005037625320255756,,0.4375,,15885.236328125,,14009.1572265625,,0.59375,,1767.92919921875,,0.5625,,14250.8544921875,,0.59375,,1742.531005859375,,256.0,,0.6307830810546875,,0.0,,,,,,,,,,,,,,
4,59299,,17610.9609375,,0.0047879996709525585,,0.546875,,17610.9609375,,15688.4140625,,0.61328125,,1634.8665771484375,,0.453125,,16258.45703125,,0.61328125,,1640.18212890625,,256.0,,0.6271073818206787,,0.0,,,,,,,,,,,,,,
4,59349,,14777.8515625,,0.004951099399477243,,0.50390625,,14777.8515625,,13132.041015625,,0.51171875,,1610.753173828125,,0.49609375,,13218.9072265625,,0.5078125,,1594.002197265625,,256.0,,0.5082656145095825,,0.0,,,,,,,,,,,,,,
4,59399,,66964.078125,,0.004624788649380207,,0.51953125,,66964.078125,,64743.70703125,,0.640625,,2369.962890625,,0.48046875,,64470.8125,,0.640625,,2343.66259765625,,256.0,,0.6440302133560181,,0.015625,,,,,,,,,,,,,,
4,59449,,12670.75,,0.004971632733941078,,0.5078125,,12670.75,,11199.5927734375,,0.6796875,,1621.1002197265625,,0.4921875,,10938.015625,,0.67578125,,1582.7908935546875,,256.0,,0.6837327480316162,,0.00390625,,,,,,,,,,,,,,
4,59499,,10799.8837890625,,0.004931804724037647,,0.5078125,,10799.8837890625,,9299.103515625,,0.5625,,1705.36376953125,,0.4921875,,8912.998046875,,0.5625,,1682.302734375,,256.0,,0.5807681083679199,,0.00390625,,,,,,,,,,,,,,
4,59549,,142677.40625,,0.00462457537651062,,0.47265625,,142677.40625,,140225.90625,,0.59765625,,2190.20751953125,,0.52734375,,140740.390625,,0.59765625,,2198.3154296875,,256.0,,0.5664999485015869,,0.01171875,,,,,,,,,,,,,,
4,59599,,71626.5625,,0.004471019841730595,,0.51953125,,71626.5625,,69441.1484375,,0.66796875,,1963.656982421875,,0.48046875,,69894.328125,,0.66796875,,1953.991943359375,,256.0,,0.6343951225280762,,0.00390625,,,,,,,,,,,,,,
4,59649,,69586.8125,,0.004278026521205902,,0.56640625,,69586.8125,,67226.6953125,,0.6875,,1969.59765625,,0.43359375,,68004.1875,,0.68359375,,1973.1494140625,,256.0,,0.6389830708503723,,0.0078125,,,,,,,,,,,,,,
4,59699,,110308.0625,,0.005179091356694698,,0.45703125,,110308.0625,,109320.0625,,0.5234375,,2193.8564453125,,0.54296875,,106948.90625,,0.5234375,,2153.30078125,,256.0,,0.5585938096046448,,0.0078125,,,,,,,,,,,,,,
4,59749,,18574.33984375,,0.0045034876093268394,,0.515625,,18574.33984375,,17115.849609375,,0.55078125,,1649.9322509765625,,0.484375,,16751.638671875,,0.546875,,1631.2606201171875,,256.0,,0.5253756046295166,,0.0,,,,,,,,,,,,,,
4,59799,,12282.4423828125,,0.0050255171954631805,,0.5625,,12282.4423828125,,10342.892578125,,0.5859375,,2011.589599609375,,0.4375,,10245.1376953125,,0.5859375,,1965.2646484375,,256.0,,0.5952980518341064,,0.0078125,,,,,,,,,,,,,,
4,59849,,80405.09375,,0.004521405324339867,,0.4375,,80405.09375,,78566.6484375,,0.73046875,,1998.080810546875,,0.5625,,78279.5234375,,0.734375,,1965.928955078125,,256.0,,0.7362307906150818,,0.00390625,,,,,,,,,,,,,,
4,59899,,111181.4375,,0.004542260430753231,,0.51171875,,111181.4375,,109385.1875,,0.7109375,,2035.4306640625,,0.48828125,,108941.03125,,0.7109375,,2001.2164306640625,,256.0,,0.710366427898407,,0.0078125,,,,,,,,,,,,,,
4,59949,,17685.326171875,,0.00522185955196619,,0.5078125,,17685.326171875,,16086.5751953125,,0.58203125,,1773.4395751953125,,0.4921875,,15788.6826171875,,0.5859375,,1721.953125,,256.0,,0.5357601642608643,,0.0,,,,,,,,,,,,,,
4,59999,,16682.6796875,,0.004671777132898569,,0.48828125,,16682.6796875,,14932.2001953125,,0.58203125,,1723.814208984375,,0.51171875,,15005.1669921875,,0.58203125,,1704.1773681640625,,256.0,,0.5754477977752686,,0.00390625,,,,,,,,,,,,,,
4,60049,,53821.55078125,,0.004745038691908121,,0.51953125,,53821.55078125,,51920.27734375,,0.6953125,,1892.112060546875,,0.48046875,,51974.37890625,,0.6953125,,1856.33203125,,256.0,,0.6641027331352234,,0.0078125,,,,,,,,,,,,,,
4,60099,,15517.5478515625,,0.004480879753828049,,0.5,,15517.5478515625,,13862.865234375,,0.455078125,,1565.62060546875,,0.5,,14044.43359375,,0.455078125,,1562.17626953125,,256.0,,0.4237632155418396,,0.0,,,,,,,,,,,,,,
4,60149,,11469.6640625,,0.004674331285059452,,0.51171875,,11469.6640625,,9970.0244140625,,0.8125,,1689.256103515625,,0.48828125,,9626.62109375,,0.80859375,,1653.4254150390625,,256.0,,0.7520903944969177,,0.0,,,,,,,,,,,,,,
4,60199,,20120.10546875,,0.0047295717522501945,,0.4140625,,20120.10546875,,18817.68359375,,0.6875,,2024.43603515625,,0.5859375,,17424.998046875,,0.6875,,1973.09423828125,,256.0,,0.635466456413269,,0.00390625,,,,,,,,,,,,,,
4,60249,,10336.3544921875,,0.005621714051812887,,0.50390625,,10336.3544921875,,8893.6357421875,,0.72265625,,1916.4912109375,,0.49609375,,7992.35693359375,,0.72265625,,1870.2252197265625,,256.0,,0.6974639296531677,,0.00390625,,,,,,,,,,,,,,
4,60299,,62401.4765625,,0.004797440953552723,,0.51953125,,62401.4765625,,60364.703125,,0.70703125,,2112.08154296875,,0.48046875,,60243.02734375,,0.703125,,2083.13916015625,,256.0,,0.7280804514884949,,0.0078125,,,,,,,,,,,,,,
4,60349,,74397.25,,0.00466650165617466,,0.52734375,,74397.25,,72025.96875,,0.640625,,2149.031494140625,,0.47265625,,72483.984375,,0.63671875,,2135.513916015625,,256.0,,0.5755378603935242,,0.0078125,,,,,,,,,,,,,,
4,60399,,14006.845703125,,0.0050196461379528046,,0.484375,,14006.845703125,,12415.9287109375,,0.6171875,,1825.01513671875,,0.515625,,11986.509765625,,0.6171875,,1786.2369384765625,,256.0,,0.5926083326339722,,0.00390625,,,,,,,,,,,,,,
4,60449,,63548.4609375,,0.004777542315423489,,0.50390625,,63548.4609375,,61297.75390625,,0.8984375,,2372.184814453125,,0.49609375,,61091.109375,,0.89453125,,2335.878173828125,,256.0,,0.8507048487663269,,0.015625,,,,,,,,,,,,,,
4,60499,,124599.921875,,0.005171740427613258,,0.4140625,,124599.921875,,121215.484375,,0.66015625,,2135.303955078125,,0.5859375,,123715.2734375,,0.65625,,2133.771484375,,256.0,,0.6828316450119019,,0.0078125,,,,,,,,,,,,,,
4,60549,,83941.734375,,0.004690662492066622,,0.47265625,,83941.734375,,81637.3125,,0.73828125,,1882.00537109375,,0.52734375,,82480.96875,,0.734375,,1883.1702880859375,,256.0,,0.7095233798027039,,0.01171875,,,,,,,,,,,,,,
4,60599,,17800.84765625,,0.004930838011205196,,0.51953125,,17800.84765625,,15710.73828125,,0.50390625,,1718.4853515625,,0.48046875,,16461.921875,,0.50390625,,1710.55078125,,256.0,,0.49740538001060486,,0.0,,,,,,,,,,,,,,
4,60649,,83151.46875,,0.004471541382372379,,0.50390625,,83151.46875,,81415.390625,,0.6953125,,1852.75244140625,,0.49609375,,81213.0078125,,0.6953125,,1821.797607421875,,256.0,,0.6910304427146912,,0.0078125,,,,,,,,,,,,,,
4,60699,,89684.6484375,,0.004909228533506393,,0.53125,,89684.6484375,,87408.9140625,,0.5234375,,2372.5048828125,,0.46875,,87241.734375,,0.51953125,,2346.137939453125,,256.0,,0.5208216905593872,,0.01171875,,,,,,,,,,,,,,
4,60749,,14397.7890625,,0.0050342450849711895,,0.46875,,14397.7890625,,12857.6630859375,,0.66015625,,1574.351318359375,,0.53125,,12815.9736328125,,0.66015625,,1547.5888671875,,256.0,,0.6480908393859863,,0.0,,,,,,,,,,,,,,
4,60799,,63292.796875,,0.005028675310313702,,0.48828125,,63292.796875,,61448.484375,,0.74609375,,1890.2662353515625,,0.51171875,,61398.76953125,,0.7421875,,1848.068603515625,,256.0,,0.6395891904830933,,0.00390625,,,,,,,,,,,,,,
4,60849,,81768.921875,,0.004917439538985491,,0.5,,81768.921875,,79379.625,,0.6875,,2118.634521484375,,0.5,,79942.109375,,0.6875,,2097.468994140625,,256.0,,0.6580063700675964,,0.0078125,,,,,,,,,,,,,,
4,60899,,14003.40234375,,0.0048412843607366085,,0.4921875,,14003.40234375,,12207.2841796875,,0.69921875,,1667.10986328125,,0.5078125,,12473.6962890625,,0.703125,,1658.7138671875,,256.0,,0.6365612745285034,,0.0,,,,,,,,,,,,,,
4,60949,,57875.1484375,,0.004898270592093468,,0.53515625,,57875.1484375,,55996.09375,,0.62109375,,2006.306640625,,0.46484375,,55769.12109375,,0.62109375,,1978.7784423828125,,256.0,,0.5948919057846069,,0.0078125,,,,,,,,,,,,,,
4,60999,,59885.10546875,,0.004578630439937115,,0.51953125,,59885.10546875,,58034.84765625,,0.6640625,,1942.7830810546875,,0.48046875,,57862.59375,,0.6640625,,1929.98779296875,,256.0,,0.6116020679473877,,0.00390625,,,,,,,,,,,,,,
4,61049,,17277.78515625,,0.004732235334813595,,0.50390625,,17277.78515625,,16048.6552734375,,0.64453125,,1739.47216796875,,0.49609375,,15055.58203125,,0.640625,,1711.859619140625,,256.0,,0.6599788665771484,,0.00390625,,,,,,,,,,,,,,
4,61099,,19325.359375,,0.004796127788722515,,0.55859375,,19325.359375,,17845.06640625,,0.6796875,,1642.9886474609375,,0.44140625,,17534.7890625,,0.6796875,,1627.874267578125,,256.0,,0.6569931507110596,,0.00390625,,,,,,,,,,,,,,
4,61149,,12816.4775390625,,0.004747083410620689,,0.4921875,,12816.4775390625,,11010.55078125,,0.6484375,,1899.76611328125,,0.5078125,,10851.2431640625,,0.64453125,,1871.39501953125,,256.0,,0.5855025053024292,,0.00390625,,,,,,,,,,,,,,
4,61199,,14298.837890625,,0.005178346298635006,,0.50390625,,14298.837890625,,12468.556640625,,0.6484375,,1842.275634765625,,0.49609375,,12475.5,,0.64453125,,1811.344482421875,,256.0,,0.6190966963768005,,0.00390625,,,,,,,,,,,,,,
4,61249,,48860.80859375,,0.005257894285023212,,0.515625,,48860.80859375,,46811.84375,,0.6484375,,2063.864013671875,,0.484375,,46792.50390625,,0.6484375,,2053.407958984375,,256.0,,0.6610679030418396,,0.01171875,,,,,,,,,,,,,,
4,61299,,56581.3046875,,0.004887241870164871,,0.5234375,,56581.3046875,,54730.68359375,,0.65234375,,1922.585693359375,,0.4765625,,54614.1875,,0.65625,,1895.1561279296875,,256.0,,0.7078434228897095,,0.01171875,,,,,,,,,,,,,,
4,61349,,57829.9609375,,0.005195688456296921,,0.5078125,,57829.9609375,,55666.546875,,0.60546875,,1932.376708984375,,0.4921875,,56144.578125,,0.609375,,1916.4178466796875,,256.0,,0.6443301439285278,,0.00390625,,,,,,,,,,,,,,
4,61399,,47845.828125,,0.004609213210642338,,0.484375,,47845.828125,,46382.0546875,,0.60546875,,1846.7353515625,,0.515625,,45655.19921875,,0.60546875,,1807.663818359375,,256.0,,0.6419805288314819,,0.0078125,,,,,,,,,,,,,,
4,61449,,59139.91796875,,0.004539808724075556,,0.4765625,,59139.91796875,,57151.4296875,,0.77734375,,1830.13525390625,,0.5234375,,57473.96875,,0.78125,,1824.302001953125,,256.0,,0.7556259632110596,,0.00390625,,,,,,,,,,,,,,
4,61499,,17819.609375,,0.004717095755040646,,0.50390625,,17819.609375,,16514.046875,,0.625,,1869.3826904296875,,0.49609375,,15432.13671875,,0.625,,1823.655029296875,,256.0,,0.5804511904716492,,0.00390625,,,,,,,,,,,,,,
4,61549,,94350.328125,,0.004425709135830402,,0.4921875,,94350.328125,,91438.0234375,,0.640625,,2078.435302734375,,0.5078125,,93099.671875,,0.63671875,,2084.52587890625,,256.0,,0.6283659934997559,,0.01171875,,,,,,,,,,,,,,
4,61599,,80974.046875,,0.0048346081748604774,,0.52734375,,80974.046875,,78069.78125,,0.765625,,2146.95166015625,,0.47265625,,79601.4609375,,0.765625,,2129.89501953125,,256.0,,0.7030981779098511,,0.0078125,,,,,,,,,,,,,,
4,61649,,18231.607421875,,0.004797238856554031,,0.51171875,,18231.607421875,,16555.484375,,0.87890625,,1669.67236328125,,0.48828125,,16608.81640625,,0.8828125,,1629.2412109375,,256.0,,0.812830924987793,,0.0,,,,,,,,,,,,,,
4,61699,,57866.3671875,,0.004537075757980347,,0.4921875,,57866.3671875,,55873.91015625,,0.5859375,,1946.9091796875,,0.5078125,,55988.37109375,,0.5859375,,1923.538330078125,,256.0,,0.576920211315155,,0.0078125,,,,,,,,,,,,,,
4,61749,,19466.4296875,,0.004887784831225872,,0.45703125,,19466.4296875,,17575.435546875,,0.71875,,1701.98291015625,,0.54296875,,17971.572265625,,0.72265625,,1683.86767578125,,256.0,,0.7298909425735474,,0.0,,,,,,,,,,,,,,
4,61799,,14420.388671875,,0.004636307246983051,,0.50390625,,14420.388671875,,12854.228515625,,0.84765625,,1583.639404296875,,0.49609375,,12829.0302734375,,0.84765625,,1573.8787841796875,,256.0,,0.8314837217330933,,0.0,,,,,,,,,,,,,,
4,61849,,17479.107421875,,0.004742578603327274,,0.4921875,,17479.107421875,,16026.5380859375,,0.734375,,1539.5706787109375,,0.5078125,,15880.537109375,,0.73828125,,1511.5673828125,,256.0,,0.7227222919464111,,0.0,,,,,,,,,,,,,,
4,61899,,18104.1484375,,0.004594293888658285,,0.5234375,,18104.1484375,,16728.037109375,,0.765625,,1684.9600830078125,,0.4765625,,16134.3544921875,,0.765625,,1660.942138671875,,256.0,,0.751501202583313,,0.0,,,,,,,,,,,,,,
4,61949,,16176.4287109375,,0.004817857872694731,,0.51171875,,16176.4287109375,,14524.921875,,0.66796875,,1751.7261962890625,,0.48828125,,14369.080078125,,0.66796875,,1707.12841796875,,256.0,,0.6613373756408691,,0.0,,,,,,,,,,,,,,
4,61999,,145503.125,,0.004706172272562981,,0.45703125,,145503.125,,142814.46875,,0.6484375,,2277.36767578125,,0.54296875,,143657.578125,,0.64453125,,2256.80810546875,,256.0,,0.5937804579734802,,0.0078125,,,,,,,,,,,,,,
4,62049,,14285.248046875,,0.004755021072924137,,0.5078125,,14285.248046875,,12241.5234375,,0.68359375,,1803.5703125,,0.4921875,,12743.1865234375,,0.6875,,1782.2166748046875,,256.0,,0.6414272785186768,,0.00390625,,,,,,,,,,,,,,
4,62099,,18697.076171875,,0.004998898133635521,,0.51171875,,18697.076171875,,16957.783203125,,0.77734375,,1573.02978515625,,0.48828125,,17293.248046875,,0.7734375,,1570.0916748046875,,256.0,,0.7255145907402039,,0.0,,,,,,,,,,,,,,
4,62149,,17607.99609375,,0.004713872913271189,,0.48828125,,17607.99609375,,15495.1484375,,0.6484375,,1933.788330078125,,0.51171875,,15879.373046875,,0.6484375,,1907.679443359375,,256.0,,0.6396660208702087,,0.0078125,,,,,,,,,,,,,,
4,62199,,13795.4140625,,0.0046077026054263115,,0.51953125,,13795.4140625,,12059.115234375,,0.609375,,1713.6114501953125,,0.48046875,,12116.576171875,,0.60546875,,1701.5263671875,,256.0,,0.6238003969192505,,0.0078125,,,,,,,,,,,,,,
4,62249,,66091.3203125,,0.0051813023164868355,,0.50390625,,66091.3203125,,64837.2265625,,0.64453125,,2045.17822265625,,0.49609375,,63297.37890625,,0.640625,,2002.859619140625,,256.0,,0.6270638704299927,,0.0078125,,,,,,,,,,,,,,
4,62299,,72680.75,,0.0047880555503070354,,0.4765625,,72680.75,,70063.71875,,0.65234375,,1951.262451171875,,0.5234375,,71424.171875,,0.65625,,1922.3486328125,,256.0,,0.6102948188781738,,0.00390625,,,,,,,,,,,,,,
4,62349,,15117.7138671875,,0.004706378094851971,,0.51171875,,15117.7138671875,,13429.6484375,,0.671875,,1668.4306640625,,0.48828125,,13493.5439453125,,0.67578125,,1643.8046875,,256.0,,0.7006105780601501,,0.00390625,,,,,,,,,,,,,,
4,62399,,47580.20703125,,0.005214398261159658,,0.55078125,,47580.20703125,,45846.96484375,,0.4609375,,1895.06201171875,,0.44921875,,45544.140625,,0.462890625,,1874.2464599609375,,256.0,,0.4144321382045746,,0.00390625,,,,,,,,,,,,,,
4,62449,,56576.1953125,,0.0046887765638530254,,0.44140625,,56576.1953125,,53762.9609375,,0.6328125,,2066.324951171875,,0.55859375,,55262.24609375,,0.6328125,,2060.86083984375,,256.0,,0.6301606893539429,,0.01171875,,,,,,,,,,,,,,
4,62499,,63200.5234375,,0.004885769449174404,,0.50390625,,63200.5234375,,61497.03125,,0.6953125,,2047.236328125,,0.49609375,,60840.8203125,,0.69140625,,2015.965576171875,,256.0,,0.6826575994491577,,0.00390625,,,,,,,,,,,,,,
4,62549,,16045.373046875,,0.004884698428213596,,0.4765625,,16045.373046875,,14358.328125,,0.67578125,,1623.5018310546875,,0.5234375,,14500.0673828125,,0.6796875,,1608.847900390625,,256.0,,0.680398166179657,,0.00390625,,,,,,,,,,,,,,
4,62599,,17036.00390625,,0.0048754774034023285,,0.5546875,,17036.00390625,,15580.4501953125,,0.62890625,,1567.583984375,,0.4453125,,15346.583984375,,0.625,,1577.3876953125,,256.0,,0.6227664947509766,,0.0,,,,,,,,,,,,,,
4,62649,,11694.564453125,,0.00460051279515028,,0.47265625,,11694.564453125,,10143.916015625,,0.56640625,,1540.00244140625,,0.52734375,,10184.6708984375,,0.5703125,,1520.541259765625,,256.0,,0.5226590633392334,,0.0,,,,,,,,,,,,,,
4,62699,,52578.9375,,0.004620988387614489,,0.5,,52578.9375,,50810.13671875,,0.515625,,2048.3662109375,,0.5,,50251.03125,,0.51953125,,2048.3408203125,,256.0,,0.5407476425170898,,0.0078125,,,,,,,,,,,,,,
4,62749,,16563.369140625,,0.004452069289982319,,0.4609375,,16563.369140625,,14807.203125,,0.4609375,,1831.339111328125,,0.5390625,,14677.9296875,,0.4609375,,1810.2659912109375,,256.0,,0.5231420397758484,,0.00390625,,,,,,,,,,,,,,
4,62799,,96040.078125,,0.004748182371258736,,0.48828125,,96040.078125,,93461.9921875,,0.53125,,2238.125,,0.51171875,,94169.71875,,0.53125,,2210.326904296875,,256.0,,0.5827552080154419,,0.01171875,,,,,,,,,,,,,,
4,62849,,102374.03125,,0.0049796439707279205,,0.51171875,,102374.03125,,99655.5625,,0.5625,,2165.731201171875,,0.48828125,,100787.1171875,,0.5625,,2139.64501953125,,256.0,,0.536320149898529,,0.0078125,,,,,,,,,,,,,,
4,62899,,52202.53515625,,0.004759691655635834,,0.5,,52202.53515625,,50976.015625,,0.66796875,,1913.401123046875,,0.5,,49633.8515625,,0.66015625,,1881.799072265625,,256.0,,0.6192256808280945,,0.00390625,,,,,,,,,,,,,,
4,62949,,49794.015625,,0.005283955484628677,,0.5078125,,49794.015625,,48750.01953125,,0.734375,,1833.61474609375,,0.4921875,,47217.09375,,0.734375,,1787.3076171875,,256.0,,0.6942336559295654,,0.00390625,,,,,,,,,,,,,,
4,62999,,89888.7109375,,0.004827479831874371,,0.515625,,89888.7109375,,87431.59375,,0.70703125,,2664.37060546875,,0.484375,,87034.671875,,0.70703125,,2646.7880859375,,256.0,,0.6874178647994995,,0.01953125,,,,,,,,,,,,,,
4,63049,,103105.28125,,0.004873946309089661,,0.515625,,103105.28125,,100500.59375,,0.6796875,,2146.729736328125,,0.484375,,101438.3203125,,0.6796875,,2124.91357421875,,256.0,,0.6972793340682983,,0.0078125,,,,,,,,,,,,,,
4,63099,,9777.8720703125,,0.004559069871902466,,0.4765625,,9777.8720703125,,7942.10302734375,,0.765625,,1612.094970703125,,0.5234375,,8407.5126953125,,0.765625,,1594.033203125,,256.0,,0.7078330516815186,,0.0,,,,,,,,,,,,,,
4,63149,,17936.60546875,,0.0045681544579565525,,0.51953125,,17936.60546875,,16653.96875,,0.59375,,1596.64697265625,,0.48046875,,16070.3046875,,0.59375,,1552.2919921875,,256.0,,0.5530725717544556,,0.0,,,,,,,,,,,,,,
4,63199,,83817.0,,0.004956300836056471,,0.43359375,,83817.0,,82342.8359375,,0.671875,,2022.8131103515625,,0.56640625,,81290.0546875,,0.671875,,1978.298095703125,,256.0,,0.6769847869873047,,0.00390625,,,,,,,,,,,,,,
4,63249,,14704.79296875,,0.004924727603793144,,0.52734375,,14704.79296875,,13191.0458984375,,0.625,,1742.196533203125,,0.47265625,,12775.025390625,,0.62890625,,1701.31884765625,,256.0,,0.5862418413162231,,0.00390625,,,,,,,,,,,,,,
4,63299,,40346.421875,,0.005168919451534748,,0.5078125,,40346.421875,,39232.4296875,,0.65234375,,1773.084716796875,,0.4921875,,37951.55859375,,0.6484375,,1735.7705078125,,256.0,,0.6764005422592163,,0.00390625,,,,,,,,,,,,,,
4,63349,,15920.28515625,,0.004840873181819916,,0.515625,,15920.28515625,,14220.712890625,,0.640625,,1884.335693359375,,0.484375,,13868.01171875,,0.64453125,,1867.5106201171875,,256.0,,0.6157200932502747,,0.00390625,,,,,,,,,,,,,,
4,63399,,16636.802734375,,0.00530173210427165,,0.5234375,,16636.802734375,,14767.3017578125,,0.6171875,,1675.13037109375,,0.4765625,,15174.23046875,,0.6171875,,1656.94384765625,,256.0,,0.6053245067596436,,0.0,,,,,,,,,,,,,,
4,63449,,55439.40234375,,0.005145536735653877,,0.546875,,55439.40234375,,53390.75,,0.75390625,,2116.98291015625,,0.453125,,53281.91796875,,0.7578125,,2089.154296875,,256.0,,0.7176167964935303,,0.0078125,,,,,,,,,,,,,,
4,63499,,75040.8359375,,0.00440684799104929,,0.4921875,,75040.8359375,,73559.65625,,0.6640625,,1991.6376953125,,0.5078125,,72571.90625,,0.6640625,,1958.467041015625,,256.0,,0.6203941106796265,,0.00390625,,,,,,,,,,,,,,
4,63549,,14531.8271484375,,0.005044187884777784,,0.5390625,,14531.8271484375,,13012.3408203125,,0.66796875,,1833.4095458984375,,0.4609375,,12418.3505859375,,0.6640625,,1799.55322265625,,256.0,,0.6663544178009033,,0.00390625,,,,,,,,,,,,,,
4,63599,,89781.15625,,0.004940633662045002,,0.50390625,,89781.15625,,88448.328125,,0.4921875,,2033.03125,,0.49609375,,87091.375,,0.49609375,,1989.5804443359375,,256.0,,0.4795629382133484,,0.0078125,,,,,,,,,,,,,,
4,63649,,54873.55859375,,0.0045221708714962006,,0.50390625,,54873.55859375,,53390.68359375,,0.6796875,,1856.8623046875,,0.49609375,,52671.77734375,,0.68359375,,1827.791259765625,,256.0,,0.6547307968139648,,0.00390625,,,,,,,,,,,,,,
4,63699,,16283.099609375,,0.004621061962097883,,0.4921875,,16283.099609375,,14617.5244140625,,0.546875,,1641.403076171875,,0.5078125,,14675.4658203125,,0.546875,,1631.80517578125,,256.0,,0.564523458480835,,0.0,,,,,,,,,,,,,,
4,63749,,125838.7265625,,0.004773094784468412,,0.48046875,,125838.7265625,,122843.4296875,,0.66796875,,2516.135498046875,,0.51953125,,123811.2421875,,0.66796875,,2506.64990234375,,256.0,,0.6031631827354431,,0.015625,,,,,,,,,,,,,,
4,63799,,89342.140625,,0.0047571612522006035,,0.5078125,,89342.140625,,87429.0546875,,0.57421875,,2123.12841796875,,0.4921875,,87032.3984375,,0.57421875,,2099.69189453125,,256.0,,0.5033516883850098,,0.01171875,,,,,,,,,,,,,,
4,63849,,60731.05859375,,0.00465439073741436,,0.51171875,,60731.05859375,,58338.26171875,,0.70703125,,1980.2071533203125,,0.48828125,,59164.125,,0.70703125,,1979.5218505859375,,256.0,,0.7129276990890503,,0.00390625,,,,,,,,,,,,,,
4,63899,,17042.609375,,0.004928023088723421,,0.5234375,,17042.609375,,14866.7333984375,,0.6015625,,1738.572265625,,0.4765625,,15765.287109375,,0.6015625,,1714.62646484375,,256.0,,0.6336715221405029,,0.0,,,,,,,,,,,,,,
4,63949,,13582.07421875,,0.004805398639291525,,0.53515625,,13582.07421875,,12223.2734375,,0.671875,,1618.833251953125,,0.46484375,,11745.20703125,,0.671875,,1576.834228515625,,256.0,,0.6717270612716675,,0.0,,,,,,,,,,,,,,
4,63979,,,,,,,,,,,,,,,,,,,,,,,,,,,,,18850.751953125,0.004860734101384878,0.4998077154159546,18850.751953125,17246.986328125,0.6537439823150635,1666.4598388671875,0.5001922845840454,17149.09375,0.6536883115768433,1638.9840087890625,255.98416137695312,0.6258857250213623,0.0010014981962740421
4,63979,43580.5,,0.00485321506857872,,0.5002152323722839,,43580.5,,41695.640625,,0.6615484356880188,,1932.2725830078125,,0.49978479743003845,,41627.94921875,,0.6611126661300659,,1905.4324951171875,,256.0,,0.6387335658073425,,0.005100470967590809,,,,,,,,,,,,,,,
5,63999,,14452.20703125,,0.004771837033331394,,0.5078125,,14452.20703125,,12798.3701171875,,0.6015625,,1756.822998046875,,0.4921875,,12606.2734375,,0.60546875,,1742.947998046875,,256.0,,0.5810937881469727,,0.00390625,,,,,,,,,,,,,,
5,64049,,56415.453125,,0.004404586739838123,,0.52734375,,56415.453125,,53811.12890625,,0.7578125,,2081.455322265625,,0.47265625,,54881.22265625,,0.7578125,,2057.097412109375,,256.0,,0.7248889803886414,,0.0078125,,,,,,,,,,,,,,
5,64099,,20630.21484375,,0.0053694648668169975,,0.44921875,,20630.21484375,,18940.46484375,,0.57421875,,1824.05419921875,,0.55078125,,18718.25,,0.57421875,,1777.6591796875,,256.0,,0.5775865912437439,,0.0,,,,,,,,,,,,,,
5,64149,,17184.19140625,,0.004761393181979656,,0.49609375,,17184.19140625,,15733.9462890625,,0.61328125,,1908.882080078125,,0.50390625,,14860.203125,,0.61328125,,1865.3502197265625,,256.0,,0.5750961303710938,,0.0078125,,,,,,,,,,,,,,
5,64199,,16931.32421875,,0.004867770243436098,,0.50390625,,16931.32421875,,14636.779296875,,0.515625,,1721.213623046875,,0.49609375,,15810.05859375,,0.51171875,,1694.596435546875,,256.0,,0.5724858045578003,,0.0,,,,,,,,,,,,,,
5,64249,,17225.3984375,,0.004941863007843494,,0.51953125,,17225.3984375,,15493.4267578125,,0.65625,,1835.763427734375,,0.48046875,,15315.0302734375,,0.65625,,1806.5792236328125,,256.0,,0.6275989413261414,,0.0078125,,,,,,,,,,,,,,
5,64299,,159775.3125,,0.00486604543402791,,0.5390625,,159775.3125,,157029.359375,,0.69921875,,2457.2705078125,,0.4609375,,157612.46875,,0.69921875,,2451.52392578125,,256.0,,0.6945990920066833,,0.01171875,,,,,,,,,,,,,,
5,64349,,17057.466796875,,0.004733944311738014,,0.53515625,,17057.466796875,,15558.9892578125,,0.5859375,,1898.119140625,,0.46484375,,14796.107421875,,0.5859375,,1861.7177734375,,256.0,,0.5261983871459961,,0.00390625,,,,,,,,,,,,,,
5,64399,,54688.3125,,0.004788888618350029,,0.46484375,,54688.3125,,52221.95703125,,0.6015625,,2057.789794921875,,0.53515625,,53059.2890625,,0.6015625,,2037.593994140625,,256.0,,0.5753051042556763,,0.0078125,,,,,,,,,,,,,,
5,64449,,47673.2578125,,0.004955593030899763,,0.5,,47673.2578125,,45386.7578125,,0.625,,2211.30810546875,,0.5,,45575.08203125,,0.62109375,,2173.36474609375,,256.0,,0.5624752044677734,,0.01171875,,,,,,,,,,,,,,
5,64499,,11183.630859375,,0.005183783359825611,,0.546875,,11183.630859375,,9909.392578125,,0.60546875,,1629.7650146484375,,0.453125,,9241.7138671875,,0.60546875,,1586.391357421875,,256.0,,0.5682589411735535,,0.0,,,,,,,,,,,,,,
5,64549,,51656.796875,,0.00481849629431963,,0.48046875,,51656.796875,,49750.94921875,,0.66015625,,1967.572021484375,,0.51953125,,49662.55859375,,0.65625,,1932.51171875,,256.0,,0.6008254885673523,,0.00390625,,,,,,,,,,,,,,
5,64599,,12341.2529296875,,0.005919058807194233,,0.53125,,12341.2529296875,,10778.1494140625,,0.6328125,,1509.85791015625,,0.46875,,10868.4169921875,,0.63671875,,1526.08154296875,,256.0,,0.5651949644088745,,0.0,,,,,,,,,,,,,,
5,64649,,11073.8486328125,,0.004832865670323372,,0.546875,,11073.8486328125,,9241.5390625,,0.80078125,,1821.488525390625,,0.453125,,9291.310546875,,0.80078125,,1793.359375,,256.0,,0.6988662481307983,,0.0078125,,,,,,,,,,,,,,
5,64699,,15255.939453125,,0.004455047193914652,,0.47265625,,15255.939453125,,13680.3359375,,0.70703125,,1645.0523681640625,,0.52734375,,13563.43359375,,0.70703125,,1623.0572509765625,,256.0,,0.6874698400497437,,0.00390625,,,,,,,,,,,,,,
5,64749,,63200.5390625,,0.004584863781929016,,0.50390625,,63200.5390625,,61154.83203125,,0.62890625,,1985.9791259765625,,0.49609375,,61299.15625,,0.62890625,,1961.1103515625,,256.0,,0.603927493095398,,0.00390625,,,,,,,,,,,,,,
5,64799,,53454.70703125,,0.004638323560357094,,0.46875,,53454.70703125,,52353.89453125,,0.68359375,,1985.7862548828125,,0.53125,,50618.546875,,0.68359375,,1951.18798828125,,256.0,,0.7103252410888672,,0.00390625,,,,,,,,,,,,,,
5,64849,,23812.27734375,,0.004865027964115143,,0.484375,,23812.27734375,,22089.978515625,,0.59375,,1876.741455078125,,0.515625,,21821.45703125,,0.59375,,1836.37890625,,256.0,,0.6313080191612244,,0.0,,,,,,,,,,,,,,
5,64899,,65110.57421875,,0.004635846242308617,,0.4765625,,65110.57421875,,62763.62109375,,0.625,,1899.3572998046875,,0.5234375,,63675.765625,,0.62109375,,1882.40478515625,,256.0,,0.6105217933654785,,0.00390625,,,,,,,,,,,,,,
5,64949,,76053.6640625,,0.00489266961812973,,0.51171875,,76053.6640625,,74350.5859375,,0.6875,,2129.005615234375,,0.48828125,,73521.484375,,0.6875,,2106.246337890625,,256.0,,0.6686004996299744,,0.015625,,,,,,,,,,,,,,
5,64999,,20282.19921875,,0.00487325107678771,,0.45703125,,20282.19921875,,18498.94140625,,0.5625,,1812.623291015625,,0.54296875,,18466.83203125,,0.55859375,,1786.00048828125,,256.0,,0.5581594705581665,,0.00390625,,,,,,,,,,,,,,
5,65049,,54437.84375,,0.004770652391016483,,0.57421875,,54437.84375,,52739.03515625,,0.6640625,,1988.35205078125,,0.42578125,,52196.359375,,0.6640625,,1951.936767578125,,256.0,,0.641287088394165,,0.0078125,,,,,,,,,,,,,,
5,65099,,17337.94921875,,0.00488370843231678,,0.5234375,,17337.94921875,,15550.0556640625,,0.494140625,,2035.0914306640625,,0.4765625,,15082.5283203125,,0.49609375,,2008.2254638671875,,256.0,,0.4614008367061615,,0.0078125,,,,,,,,,,,,,,
5,65149,,103014.671875,,0.0046491376124322414,,0.50390625,,103014.671875,,100776.3828125,,0.69140625,,2181.489501953125,,0.49609375,,100902.609375,,0.69140625,,2168.859619140625,,256.0,,0.6355812549591064,,0.0078125,,,,,,,,,,,,,,
5,65199,,50133.0859375,,0.0046226633712649345,,0.5234375,,50133.0859375,,48132.046875,,0.6484375,,2361.510498046875,,0.4765625,,47429.15625,,0.64453125,,2343.4580078125,,256.0,,0.6185631155967712,,0.01171875,,,,,,,,,,,,,,
5,65249,,63904.93359375,,0.004944084212183952,,0.4921875,,63904.93359375,,61561.875,,0.58203125,,1789.6484375,,0.5078125,,62673.453125,,0.5859375,,1784.890625,,256.0,,0.5569696426391602,,0.00390625,,,,,,,,,,,,,,
5,65299,,10033.56640625,,0.005029748193919659,,0.5234375,,10033.56640625,,8010.69287109375,,0.5546875,,1641.50244140625,,0.4765625,,8821.40625,,0.5546875,,1593.531982421875,,256.0,,0.5166995525360107,,0.0,,,,,,,,,,,,,,
5,65349,,85040.046875,,0.005357748828828335,,0.50390625,,85040.046875,,82885.625,,0.72265625,,2079.4326171875,,0.49609375,,83079.828125,,0.71875,,2035.219482421875,,256.0,,0.7179131507873535,,0.0078125,,,,,,,,,,,,,,
5,65399,,17679.6015625,,0.005139052867889404,,0.48046875,,17679.6015625,,16930.373046875,,0.65625,,1772.855712890625,,0.51953125,,14924.6787109375,,0.65625,,1731.294189453125,,256.0,,0.669839084148407,,0.00390625,,,,,,,,,,,,,,
5,65449,,11369.58984375,,0.005015095695853233,,0.40625,,11369.58984375,,9136.11328125,,0.59765625,,2211.48974609375,,0.59375,,9192.5009765625,,0.59765625,,2199.075439453125,,256.0,,0.6153637766838074,,0.015625,,,,,,,,,,,,,,
5,65499,,16606.66796875,,0.0047920807264745235,,0.54296875,,16606.66796875,,14706.375,,0.58203125,,1715.78369140625,,0.45703125,,15070.6162109375,,0.58203125,,1720.55859375,,256.0,,0.5295659303665161,,0.0,,,,,,,,,,,,,,
5,65549,,98538.7734375,,0.004719816148281097,,0.49609375,,98538.7734375,,96677.0390625,,0.56640625,,2238.9814453125,,0.50390625,,95931.9375,,0.5625,,2229.588134765625,,256.0,,0.531391441822052,,0.0078125,,,,,,,,,,,,,,
5,65599,,15042.212890625,,0.004952516406774521,,0.48046875,,15042.212890625,,13463.0576171875,,0.640625,,1975.69970703125,,0.51953125,,12717.06640625,,0.640625,,1928.601318359375,,256.0,,0.6221874952316284,,0.00390625,,,,,,,,,,,,,,
5,65649,,15679.970703125,,0.004729939624667168,,0.43359375,,15679.970703125,,13949.5322265625,,0.466796875,,1772.8448486328125,,0.56640625,,13894.5390625,,0.462890625,,1743.0263671875,,256.0,,0.45692992210388184,,0.00390625,,,,,,,,,,,,,,
5,65699,,13660.1357421875,,0.005302538629621267,,0.53515625,,13660.1357421875,,12207.9013671875,,0.59375,,1750.7427978515625,,0.46484375,,11656.166015625,,0.59765625,,1705.46044921875,,256.0,,0.6288466453552246,,0.0,,,,,,,,,,,,,,
5,65749,,55634.1484375,,0.00499426294118166,,0.52734375,,55634.1484375,,53747.08984375,,0.61328125,,1852.03515625,,0.47265625,,53825.05859375,,0.61328125,,1844.115234375,,256.0,,0.609885573387146,,0.00390625,,,,,,,,,,,,,,
5,65799,,12680.248046875,,0.004775842186063528,,0.52734375,,12680.248046875,,10373.3994140625,,0.59765625,,2537.2041015625,,0.47265625,,9929.45703125,,0.59765625,,2520.43603515625,,256.0,,0.58928382396698,,0.01171875,,,,,,,,,,,,,,
5,65849,,46203.4375,,0.004917782731354237,,0.48828125,,46203.4375,,44462.6484375,,0.6953125,,1825.2950439453125,,0.51171875,,44326.94921875,,0.6953125,,1791.984130859375,,256.0,,0.6798202991485596,,0.00390625,,,,,,,,,,,,,,
5,65899,,12141.392578125,,0.005066915415227413,,0.5078125,,12141.392578125,,10136.7919921875,,0.53515625,,2043.4093017578125,,0.4921875,,10091.76953125,,0.53515625,,2010.814208984375,,256.0,,0.4733515679836273,,0.01171875,,,,,,,,,,,,,,
5,65949,,144501.96875,,0.005389295518398285,,0.5625,,144501.96875,,143233.953125,,0.73828125,,2415.498779296875,,0.4375,,140973.171875,,0.73828125,,2381.30322265625,,256.0,,0.6465173959732056,,0.01171875,,,,,,,,,,,,,,
5,65999,,94371.71875,,0.0047783320769667625,,0.55078125,,94371.71875,,92232.7890625,,0.6484375,,2264.011962890625,,0.44921875,,91994.859375,,0.64453125,,2251.76806640625,,256.0,,0.5810985565185547,,0.01171875,,,,,,,,,,,,,,
5,66049,,57794.265625,,0.004745756275951862,,0.515625,,57794.265625,,55191.8984375,,0.6484375,,1973.8507080078125,,0.484375,,56480.47265625,,0.64453125,,1942.313720703125,,256.0,,0.6115028858184814,,0.00390625,,,,,,,,,,,,,,
5,66099,,83148.109375,,0.004927319474518299,,0.52734375,,83148.109375,,81657.203125,,0.64453125,,2257.6904296875,,0.47265625,,80145.578125,,0.64453125,,2235.74755859375,,256.0,,0.5964070558547974,,0.0078125,,,,,,,,,,,,,,
5,66149,,16676.77734375,,0.004926193039864302,,0.51171875,,16676.77734375,,14982.1689453125,,0.59765625,,1733.02685546875,,0.48828125,,14923.8359375,,0.59765625,,1714.526123046875,,256.0,,0.5897449851036072,,0.00390625,,,,,,,,,,,,,,
5,66199,,96822.65625,,0.004607080947607756,,0.55078125,,96822.65625,,93845.546875,,0.6640625,,2228.49462890625,,0.44921875,,95382.0,,0.6640625,,2189.283935546875,,256.0,,0.7129408717155457,,0.0078125,,,,,,,,,,,,,,
5,66249,,12929.91015625,,0.004697097465395927,,0.5078125,,12929.91015625,,11277.6201171875,,0.58203125,,1564.322021484375,,0.4921875,,11464.3056640625,,0.57421875,,1553.57275390625,,256.0,,0.6081788539886475,,0.0,,,,,,,,,,,,,,
5,66299,,59204.2578125,,0.004950727801769972,,0.484375,,59204.2578125,,57507.6015625,,0.5703125,,2118.46728515625,,0.515625,,56687.8125,,0.56640625,,2094.637451171875,,256.0,,0.5507969856262207,,0.0078125,,,,,,,,,,,,,,
5,66349,,91013.59375,,0.004570326302200556,,0.578125,,91013.59375,,89215.78125,,0.57421875,,2157.07958984375,,0.421875,,88535.2578125,,0.57421875,,2119.076904296875,,256.0,,0.5504584312438965,,0.01171875,,,,,,,,,,,,,,
5,66399,,52081.453125,,0.004875806625932455,,0.49609375,,52081.453125,,50210.2578125,,0.58984375,,1883.461181640625,,0.50390625,,50209.46484375,,0.5859375,,1859.7271728515625,,256.0,,0.5801774263381958,,0.00390625,,,,,,,,,,,,,,
5,66449,,13864.05078125,,0.0046692038886249065,,0.4765625,,13864.05078125,,12268.5146484375,,0.77734375,,1823.517822265625,,0.5234375,,11824.3525390625,,0.7734375,,1811.71630859375,,256.0,,0.7442697286605835,,0.0,,,,,,,,,,,,,,
5,66499,,13593.650390625,,0.00493445061147213,,0.4296875,,13593.650390625,,11686.3291015625,,0.69921875,,2015.0208740234375,,0.5703125,,11503.7861328125,,0.6953125,,1982.1641845703125,,256.0,,0.6152631640434265,,0.0078125,,,,,,,,,,,,,,
5,66549,,15151.763671875,,0.004902023356407881,,0.515625,,15151.763671875,,13947.376953125,,0.71484375,,1628.634521484375,,0.484375,,13117.83984375,,0.71484375,,1609.6746826171875,,256.0,,0.6685194969177246,,0.00390625,,,,,,,,,,,,,,
5,66599,,51461.8046875,,0.004685963504016399,,0.4765625,,51461.8046875,,50036.12109375,,0.578125,,1606.3037109375,,0.5234375,,49714.9140625,,0.58203125,,1566.26708984375,,256.0,,0.5538880825042725,,0.00390625,,,,,,,,,,,,,,
5,66649,,11899.4970703125,,0.005043075419962406,,0.5,,11899.4970703125,,10240.49609375,,0.5859375,,1654.9385986328125,,0.5,,10291.244140625,,0.5859375,,1612.315185546875,,256.0,,0.5643853545188904,,0.00390625,,,,,,,,,,,,,,
5,66699,,47713.7109375,,0.004693039692938328,,0.5390625,,47713.7109375,,45598.25390625,,0.57421875,,1870.9810791015625,,0.4609375,,46090.91015625,,0.57421875,,1867.2716064453125,,256.0,,0.5589880347251892,,0.00390625,,,,,,,,,,,,,,
5,66749,,63820.609375,,0.005146482959389687,,0.56640625,,63820.609375,,61543.66796875,,0.55078125,,2035.0174560546875,,0.43359375,,62064.51171875,,0.55078125,,1998.023193359375,,256.0,,0.5063194036483765,,0.0078125,,,,,,,,,,,,,,
5,66799,,13890.458984375,,0.004833887331187725,,0.51171875,,13890.458984375,,12379.189453125,,0.62109375,,1763.1158447265625,,0.48828125,,11917.7607421875,,0.62109375,,1720.8516845703125,,256.0,,0.5960606336593628,,0.0,,,,,,,,,,,,,,
5,66849,,39235.9765625,,0.004826358985155821,,0.4921875,,39235.9765625,,37430.46875,,0.55859375,,1820.555908203125,,0.5078125,,37427.53125,,0.55859375,,1793.4014892578125,,256.0,,0.5382377505302429,,0.00390625,,,,,,,,,,,,,,
5,66899,,97920.671875,,0.005030840635299683,,0.484375,,97920.671875,,96413.8828125,,0.7109375,,2058.6689453125,,0.515625,,95372.0,,0.70703125,,1996.794677734375,,256.0,,0.6877840757369995,,0.0078125,,,,,,,,,,,,,,
5,66949,,10235.265625,,0.0048415279015898705,,0.484375,,10235.265625,,8998.6630859375,,0.6796875,,1490.814453125,,0.515625,,8519.623046875,,0.6796875,,1461.4296875,,256.0,,0.639866828918457,,0.00390625,,,,,,,,,,,,,,
5,66999,,144172.578125,,0.0048892805352807045,,0.51171875,,144172.578125,,142267.484375,,0.734375,,2609.042236328125,,0.48828125,,140898.625,,0.73828125,,2570.00732421875,,256.0,,0.6986291408538818,,0.015625,,,,,,,,,,,,,,
5,67049,,62942.75,,0.005293286871165037,,0.4609375,,62942.75,,60409.91015625,,0.55078125,,2234.0771484375,,0.5390625,,61015.04296875,,0.5546875,,2226.47265625,,256.0,,0.6054463386535645,,0.0078125,,,,,,,,,,,,,,
5,67099,,17212.375,,0.004978769458830357,,0.5234375,,17212.375,,15651.986328125,,0.490234375,,1756.5601806640625,,0.4765625,,15312.9140625,,0.486328125,,1703.291015625,,256.0,,0.4788479208946228,,0.00390625,,,,,,,,,,,,,,
5,67149,,37407.4765625,,0.0048181768506765366,,0.4921875,,37407.4765625,,35624.59765625,,0.6015625,,1755.8221435546875,,0.5078125,,35681.57421875,,0.6015625,,1752.961181640625,,256.0,,0.593317985534668,,0.00390625,,,,,,,,,,,,,,
5,67199,,51109.7890625,,0.0049689700827002525,,0.45703125,,51109.7890625,,49690.53515625,,0.6953125,,1919.657958984375,,0.54296875,,48698.82421875,,0.6953125,,1910.5654296875,,256.0,,0.6495174169540405,,0.01171875,,,,,,,,,,,,,,
5,67249,,12931.4443359375,,0.004813758190721273,,0.55078125,,12931.4443359375,,11461.650390625,,0.61328125,,1661.711181640625,,0.44921875,,11108.6572265625,,0.61328125,,1630.86962890625,,256.0,,0.5959197282791138,,0.0,,,,,,,,,,,,,,
5,67299,,11634.998046875,,0.004707299638539553,,0.51953125,,11634.998046875,,10010.2412109375,,0.609375,,1787.3870849609375,,0.48046875,,9697.3701171875,,0.60546875,,1774.9981689453125,,256.0,,0.6209024786949158,,0.00390625,,,,,,,,,,,,,,
5,67349,,11586.451171875,,0.0051295580342411995,,0.51171875,,11586.451171875,,9818.2138671875,,0.63671875,,1704.378662109375,,0.48828125,,9959.009765625,,0.640625,,1691.29833984375,,256.0,,0.6260759830474854,,0.00390625,,,,,,,,,,,,,,
5,67399,,58276.49609375,,0.0047841458581388,,0.5,,58276.49609375,,56580.125,,0.59375,,1860.2677001953125,,0.5,,56295.6953125,,0.59375,,1816.904052734375,,256.0,,0.6050393581390381,,0.00390625,,,,,,,,,,,,,,
5,67449,,106415.9921875,,0.004504924640059471,,0.49609375,,106415.9921875,,103479.4609375,,0.63671875,,2312.8134765625,,0.50390625,,104730.828125,,0.63671875,,2308.884765625,,256.0,,0.5875638723373413,,0.015625,,,,,,,,,,,,,,
5,67499,,13667.546875,,0.004813348408788443,,0.46875,,13667.546875,,12592.599609375,,0.58984375,,1521.8533935546875,,0.53125,,11745.8505859375,,0.5859375,,1474.7913818359375,,256.0,,0.611832857131958,,0.0,,,,,,,,,,,,,,
5,67549,,61194.953125,,0.004565621726214886,,0.5,,61194.953125,,59317.15625,,0.6484375,,1921.6470947265625,,0.5,,59248.42578125,,0.6484375,,1902.6751708984375,,256.0,,0.6374197006225586,,0.00390625,,,,,,,,,,,,,,
5,67599,,15292.4189453125,,0.004944208078086376,,0.4140625,,15292.4189453125,,13352.244140625,,0.65234375,,1772.140380859375,,0.5859375,,13701.40625,,0.6484375,,1759.04638671875,,256.0,,0.5814405679702759,,0.0,,,,,,,,,,,,,,
5,67649,,14971.0244140625,,0.004738788120448589,,0.453125,,14971.0244140625,,12780.3251953125,,0.66015625,,2070.465576171875,,0.546875,,13046.923828125,,0.65625,,2044.333740234375,,256.0,,0.633309006690979,,0.01171875,,,,,,,,,,,,,,
5,67699,,18958.458984375,,0.004920314531773329,,0.46875,,18958.458984375,,17595.318359375,,0.484375,,1661.8795166015625,,0.53125,,17038.57421875,,0.486328125,,1621.146484375,,256.0,,0.4772123694419861,,0.0,,,,,,,,,,,,,,
5,67749,,66006.703125,,0.005084690172225237,,0.484375,,66006.703125,,63183.3828125,,0.4921875,,2184.4541015625,,0.515625,,64483.32421875,,0.494140625,,2162.2548828125,,256.0,,0.5001111626625061,,0.0078125,,,,,,,,,,,,,,
5,67799,,20064.7421875,,0.004800404887646437,,0.50390625,,20064.7421875,,18063.447265625,,0.63671875,,1892.49365234375,,0.49609375,,18303.603515625,,0.63671875,,1869.9407958984375,,256.0,,0.6496016383171082,,0.00390625,,,,,,,,,,,,,,
5,67849,,19890.19921875,,0.004801055416464806,,0.4453125,,19890.19921875,,18175.96875,,0.59765625,,1601.614990234375,,0.5546875,,18435.24609375,,0.59765625,,1567.5692138671875,,256.0,,0.555619478225708,,0.0,,,,,,,,,,,,,,
5,67899,,73915.765625,,0.004776169545948505,,0.53515625,,73915.765625,,72228.90625,,0.61328125,,2090.21337890625,,0.46484375,,71461.8828125,,0.61328125,,2050.53076171875,,256.0,,0.5960584878921509,,0.0078125,,,,,,,,,,,,,,
5,67949,,13807.9013671875,,0.00456278957426548,,0.52734375,,13807.9013671875,,12313.287109375,,0.71875,,1689.6195068359375,,0.47265625,,11956.345703125,,0.71484375,,1656.55078125,,256.0,,0.6618365049362183,,0.00390625,,,,,,,,,,,,,,
5,67999,,19893.677734375,,0.005079338327050209,,0.47265625,,19893.677734375,,18214.078125,,0.61328125,,1734.0103759765625,,0.52734375,,18152.466796875,,0.61328125,,1686.8011474609375,,256.0,,0.5819051265716553,,0.00390625,,,,,,,,,,,,,,
5,68049,,18445.59765625,,0.004933212883770466,,0.53125,,18445.59765625,,17100.4921875,,0.5859375,,1704.1851806640625,,0.46875,,16422.517578125,,0.58984375,,1663.997314453125,,256.0,,0.5974078178405762,,0.0,,,,,,,,,,,,,,
5,68099,,11527.4462890625,,0.004688649903982878,,0.4296875,,11527.4462890625,,9840.3291015625,,0.55859375,,1722.374755859375,,0.5703125,,9798.3017578125,,0.5546875,,1693.88671875,,256.0,,0.5002139210700989,,0.00390625,,,,,,,,,,,,,,
5,68149,,91074.1875,,0.0044685727916657925,,0.46875,,91074.1875,,89481.7265625,,0.498046875,,2089.378662109375,,0.53125,,88538.59375,,0.49609375,,2038.681884765625,,256.0,,0.4665963053703308,,0.01171875,,,,,,,,,,,,,,
5,68199,,12261.181640625,,0.0053129978477954865,,0.47265625,,12261.181640625,,10138.8134765625,,0.66015625,,1643.53466796875,,0.52734375,,11117.787109375,,0.66015625,,1622.2281494140625,,256.0,,0.6136740446090698,,0.00390625,,,,,,,,,,,,,,
5,68249,,14830.888671875,,0.004816352389752865,,0.4609375,,14830.888671875,,13283.1669921875,,0.60546875,,1753.358154296875,,0.5390625,,12872.05859375,,0.60546875,,1753.1943359375,,256.0,,0.558665931224823,,0.00390625,,,,,,,,,,,,,,
5,68299,,14922.01171875,,0.0050944918766617775,,0.46875,,14922.01171875,,13455.28515625,,0.640625,,1636.2520751953125,,0.53125,,13131.7890625,,0.63671875,,1620.697998046875,,256.0,,0.5729407072067261,,0.0,,,,,,,,,,,,,,
5,68349,,16997.8828125,,0.004990800283849239,,0.50390625,,16997.8828125,,15310.4375,,0.66796875,,1655.4627685546875,,0.49609375,,15405.0771484375,,0.66796875,,1624.79052734375,,256.0,,0.6878215670585632,,0.0,,,,,,,,,,,,,,
5,68399,,60848.1484375,,0.004880539607256651,,0.5,,60848.1484375,,58903.2890625,,0.6640625,,1920.17578125,,0.5,,58969.4609375,,0.66796875,,1903.376220703125,,256.0,,0.6685832738876343,,0.0078125,,,,,,,,,,,,,,
5,68449,,53484.84375,,0.004844957962632179,,0.53125,,53484.84375,,51385.109375,,0.578125,,1742.64404296875,,0.46875,,52121.625,,0.57421875,,1720.3109130859375,,256.0,,0.5585925579071045,,0.00390625,,,,,,,,,,,,,,
5,68499,,75501.046875,,0.004594299476593733,,0.484375,,75501.046875,,73211.859375,,0.55859375,,1885.2550048828125,,0.515625,,74051.015625,,0.55859375,,1853.967529296875,,256.0,,0.5393689870834351,,0.00390625,,,,,,,,,,,,,,
5,68549,,72354.75,,0.00492748711258173,,0.46875,,72354.75,,70306.875,,0.640625,,1942.518310546875,,0.53125,,70550.3671875,,0.64453125,,1909.748779296875,,256.0,,0.6306610703468323,,0.00390625,,,,,,,,,,,,,,
5,68599,,58989.3203125,,0.00487340334802866,,0.5234375,,58989.3203125,,56801.890625,,0.65234375,,1994.1202392578125,,0.4765625,,57229.97265625,,0.6484375,,1952.6510009765625,,256.0,,0.6267393827438354,,0.00390625,,,,,,,,,,,,,,
5,68649,,18932.3125,,0.005219875834882259,,0.4921875,,18932.3125,,17374.2421875,,0.5234375,,1760.803955078125,,0.5078125,,17015.55859375,,0.51953125,,1714.0189208984375,,256.0,,0.5085634589195251,,0.00390625,,,,,,,,,,,,,,
5,68699,,15528.80859375,,0.004918517079204321,,0.46484375,,15528.80859375,,13804.818359375,,0.609375,,1677.7899169921875,,0.53515625,,13944.0263671875,,0.609375,,1630.982177734375,,256.0,,0.590069055557251,,0.00390625,,,,,,,,,,,,,,
5,68749,,40673.171875,,0.004499034956097603,,0.515625,,40673.171875,,39086.8359375,,0.484375,,1813.7451171875,,0.484375,,38675.0,,0.48046875,,1770.7589111328125,,256.0,,0.4194106459617615,,0.00390625,,,,,,,,,,,,,,
5,68799,,14580.8994140625,,0.005015387199819088,,0.49609375,,14580.8994140625,,13220.009765625,,0.765625,,1647.773681640625,,0.50390625,,12684.2177734375,,0.765625,,1609.79833984375,,256.0,,0.7575399279594421,,0.0,,,,,,,,,,,,,,
5,68849,,14585.7431640625,,0.005159739404916763,,0.5078125,,14585.7431640625,,12449.244140625,,0.6015625,,1683.716796875,,0.4921875,,13366.33984375,,0.59765625,,1672.185791015625,,256.0,,0.573649525642395,,0.0,,,,,,,,,,,,,,
5,68899,,16828.595703125,,0.005316413007676601,,0.5078125,,16828.595703125,,15231.1337890625,,0.6953125,,1920.0606689453125,,0.4921875,,14638.005859375,,0.6953125,,1867.990234375,,256.0,,0.6861114501953125,,0.00390625,,,,,,,,,,,,,,
5,68949,,18649.158203125,,0.004698266740888357,,0.48828125,,18649.158203125,,16856.25390625,,0.6171875,,1712.527587890625,,0.51171875,,17034.869140625,,0.61328125,,1694.666748046875,,256.0,,0.6285431385040283,,0.00390625,,,,,,,,,,,,,,
5,68999,,21139.61328125,,0.004786552395671606,,0.5703125,,21139.61328125,,19426.640625,,0.7734375,,1721.49462890625,,0.4296875,,19431.458984375,,0.76953125,,1699.630615234375,,256.0,,0.7612566947937012,,0.0,,,,,,,,,,,,,,
5,69049,,14780.056640625,,0.004554440267384052,,0.4609375,,14780.056640625,,12092.728515625,,0.68359375,,2462.217529296875,,0.5390625,,12564.919921875,,0.68359375,,2440.245849609375,,256.0,,0.6536080241203308,,0.01171875,,,,,,,,,,,,,,
5,69099,,127557.609375,,0.005172418430447578,,0.515625,,127557.609375,,125537.734375,,0.66796875,,2331.24462890625,,0.484375,,124979.1796875,,0.66796875,,2267.056640625,,256.0,,0.6541397571563721,,0.0078125,,,,,,,,,,,,,,
5,69149,,88706.78125,,0.0048543531447649,,0.5,,88706.78125,,86591.46875,,0.7578125,,2507.946533203125,,0.5,,85842.7890625,,0.75,,2471.369873046875,,256.0,,0.7185359001159668,,0.01953125,,,,,,,,,,,,,,
5,69199,,79061.84375,,0.004654739052057266,,0.5078125,,79061.84375,,77246.828125,,0.6953125,,2003.815185546875,,0.4921875,,76907.015625,,0.6953125,,1966.0216064453125,,256.0,,0.7225589752197266,,0.01171875,,,,,,,,,,,,,,
5,69249,,168762.71875,,0.004861986264586449,,0.47265625,,168762.71875,,166602.75,,0.66015625,,2476.02294921875,,0.52734375,,166023.875,,0.6640625,,2422.79638671875,,256.0,,0.6728651523590088,,0.01171875,,,,,,,,,,,,,,
5,69299,,67402.4453125,,0.004695314448326826,,0.484375,,67402.4453125,,65257.3984375,,0.67578125,,2193.072998046875,,0.515625,,65157.2421875,,0.6796875,,2197.1787109375,,256.0,,0.6764628887176514,,0.01171875,,,,,,,,,,,,,,
5,69349,,55735.08203125,,0.005234508775174618,,0.453125,,55735.08203125,,53583.53125,,0.64453125,,1959.930908203125,,0.546875,,53982.40234375,,0.6484375,,1944.3004150390625,,256.0,,0.6324927806854248,,0.00390625,,,,,,,,,,,,,,
5,69399,,65286.359375,,0.005079525522887707,,0.4921875,,65286.359375,,63165.359375,,0.6015625,,2007.3876953125,,0.5078125,,63438.9765625,,0.60546875,,1960.996826171875,,256.0,,0.60215824842453,,0.0078125,,,,,,,,,,,,,,
5,69449,,18091.14453125,,0.004812126513570547,,0.5703125,,18091.14453125,,16447.009765625,,0.703125,,1859.712646484375,,0.4296875,,16034.7998046875,,0.703125,,1840.766845703125,,256.0,,0.6703954935073853,,0.00390625,,,,,,,,,,,,,,
5,69499,,12591.5078125,,0.005203926470130682,,0.4609375,,12591.5078125,,11001.6533203125,,0.51953125,,1556.3177490234375,,0.5390625,,11103.8115234375,,0.5234375,,1521.2337646484375,,256.0,,0.5174848437309265,,0.0,,,,,,,,,,,,,,
5,69549,,44569.30859375,,0.005067226476967335,,0.55859375,,44569.30859375,,42907.84375,,0.54296875,,1838.760009765625,,0.44140625,,42562.8125,,0.54296875,,1829.2001953125,,256.0,,0.5357016921043396,,0.0078125,,,,,,,,,,,,,,
5,69599,,85212.03125,,0.004950595088303089,,0.546875,,85212.03125,,82488.2578125,,0.64453125,,2228.413330078125,,0.453125,,83482.203125,,0.64453125,,2225.181884765625,,256.0,,0.6396498084068298,,0.01171875,,,,,,,,,,,,,,
5,69649,,16166.556640625,,0.004858226981014013,,0.48828125,,16166.556640625,,14329.2666015625,,0.61328125,,1980.552001953125,,0.51171875,,14072.0625,,0.61328125,,1951.2322998046875,,256.0,,0.5719970464706421,,0.01171875,,,,,,,,,,,,,,
5,69699,,99452.2578125,,0.005962415598332882,,0.48046875,,99452.2578125,,97781.453125,,0.60546875,,2302.912109375,,0.51953125,,96582.828125,,0.60546875,,2237.3203125,,256.0,,0.5862038135528564,,0.0078125,,,,,,,,,,,,,,
5,69749,,90459.921875,,0.004519166424870491,,0.49609375,,90459.921875,,88756.1796875,,0.734375,,1926.0377197265625,,0.50390625,,88322.703125,,0.734375,,1914.929443359375,,256.0,,0.6820664405822754,,0.0078125,,,,,,,,,,,,,,
5,69799,,19967.8046875,,0.004904037341475487,,0.48828125,,19967.8046875,,17005.30859375,,0.6796875,,1702.4833984375,,0.51171875,,19532.544921875,,0.6796875,,1695.2725830078125,,256.0,,0.6721949577331543,,0.0,,,,,,,,,,,,,,
5,69849,,18825.048828125,,0.004995065741240978,,0.5390625,,18825.048828125,,17482.56640625,,0.54296875,,1674.53173828125,,0.4609375,,16856.05078125,,0.5390625,,1636.9486083984375,,256.0,,0.5152655839920044,,0.0,,,,,,,,,,,,,,
5,69899,,64759.19921875,,0.004706407431513071,,0.52734375,,64759.19921875,,62854.76953125,,0.490234375,,2106.5625,,0.47265625,,62488.015625,,0.48828125,,2069.05126953125,,256.0,,0.48729753494262695,,0.0078125,,,,,,,,,,,,,,
5,69949,,14119.0625,,0.005117508582770824,,0.484375,,14119.0625,,12723.4150390625,,0.6328125,,1589.0203857421875,,0.515625,,12370.0322265625,,0.6328125,,1555.65625,,256.0,,0.580798864364624,,0.0,,,,,,,,,,,,,,
5,69999,,95036.859375,,0.005254385992884636,,0.48046875,,95036.859375,,92676.7109375,,0.4765625,,2001.864990234375,,0.51953125,,93452.609375,,0.47265625,,1942.5274658203125,,256.0,,0.43291887640953064,,0.01171875,,,,,,,,,,,,,,
5,70049,,19129.05078125,,0.004888753406703472,,0.52734375,,19129.05078125,,17666.046875,,0.5390625,,1636.159423828125,,0.47265625,,17352.48828125,,0.53515625,,1603.40478515625,,256.0,,0.45434921979904175,,0.0,,,,,,,,,,,,,,
5,70099,,10430.8798828125,,0.00482009444385767,,0.5390625,,10430.8798828125,,8886.1337890625,,0.4609375,,1820.1177978515625,,0.4609375,,8362.62109375,,0.4609375,,1792.8868408203125,,256.0,,0.4452328681945801,,0.00390625,,,,,,,,,,,,,,
5,70149,,66221.9375,,0.004529194440692663,,0.453125,,66221.9375,,64317.26953125,,0.55078125,,2077.19580078125,,0.546875,,63981.3515625,,0.55078125,,2068.05224609375,,256.0,,0.5131591558456421,,0.0078125,,,,,,,,,,,,,,
5,70199,,70646.03125,,0.005038004368543625,,0.4921875,,70646.03125,,68857.390625,,0.54296875,,2202.759765625,,0.5078125,,68055.4140625,,0.54296875,,2176.494140625,,256.0,,0.5125877857208252,,0.00390625,,,,,,,,,,,,,,
5,70249,,17356.07421875,,0.005001399666070938,,0.46875,,17356.07421875,,15273.1982421875,,0.486328125,,1906.81689453125,,0.53125,,15650.4306640625,,0.486328125,,1881.70166015625,,256.0,,0.5064349174499512,,0.00390625,,,,,,,,,,,,,,
5,70299,,15850.587890625,,0.004579946398735046,,0.5234375,,15850.587890625,,13951.560546875,,0.67578125,,1702.9168701171875,,0.4765625,,14358.8037109375,,0.671875,,1687.89306640625,,256.0,,0.6457685232162476,,0.0,,,,,,,,,,,,,,
5,70349,,41985.734375,,0.0049919793382287025,,0.53515625,,41985.734375,,40176.921875,,0.6875,,2231.933837890625,,0.46484375,,39368.83203125,,0.6875,,2193.78076171875,,256.0,,0.6231865882873535,,0.01171875,,,,,,,,,,,,,,
5,70399,,16315.759765625,,0.0050343479961156845,,0.515625,,16315.759765625,,14362.833984375,,0.703125,,1821.4571533203125,,0.484375,,14653.525390625,,0.703125,,1793.703857421875,,256.0,,0.7192625999450684,,0.00390625,,,,,,,,,,,,,,
5,70449,,14406.3994140625,,0.004547117277979851,,0.5,,14406.3994140625,,12282.6455078125,,0.77734375,,1750.486572265625,,0.5,,13026.259765625,,0.7734375,,1753.4068603515625,,256.0,,0.6942013502120972,,0.0078125,,,,,,,,,,,,,,
5,70499,,15130.5341796875,,0.004787098616361618,,0.4921875,,15130.5341796875,,13448.0068359375,,0.6171875,,1637.668701171875,,0.5078125,,13564.1025390625,,0.6171875,,1611.289794921875,,256.0,,0.6466608047485352,,0.0,,,,,,,,,,,,,,
5,70549,,17112.5,,0.00499773770570755,,0.4921875,,17112.5,,15092.734375,,0.59375,,1585.560791015625,,0.5078125,,15968.701171875,,0.59375,,1578.00537109375,,256.0,,0.5552288293838501,,0.0,,,,,,,,,,,,,,
5,70599,,58719.6171875,,0.0049617174081504345,,0.5234375,,58719.6171875,,56662.859375,,0.6171875,,2064.65087890625,,0.4765625,,56668.453125,,0.6171875,,2043.275146484375,,256.0,,0.5829505324363708,,0.0078125,,,,,,,,,,,,,,
5,70649,,15894.51953125,,0.004678299184888601,,0.4765625,,15894.51953125,,13865.7080078125,,0.51953125,,1600.010009765625,,0.5234375,,14713.51171875,,0.5234375,,1609.809814453125,,256.0,,0.4611075818538666,,0.00390625,,,,,,,,,,,,,,
5,70699,,11172.2412109375,,0.004740371368825436,,0.453125,,11172.2412109375,,10016.5654296875,,0.51171875,,1559.5982666015625,,0.546875,,9242.03515625,,0.51171875,,1526.2830810546875,,256.0,,0.5040422677993774,,0.00390625,,,,,,,,,,,,,,
5,70749,,16629.625,,0.004907377064228058,,0.47265625,,16629.625,,14683.111328125,,0.58203125,,1685.408447265625,,0.52734375,,15207.146484375,,0.578125,,1683.586669921875,,256.0,,0.5867528915405273,,0.0,,,,,,,,,,,,,,
5,70799,,20020.7734375,,0.0054548694752156734,,0.47265625,,20020.7734375,,18806.921875,,0.69921875,,1668.696044921875,,0.52734375,,17922.419921875,,0.703125,,1643.509765625,,256.0,,0.6663247346878052,,0.0,,,,,,,,,,,,,,
5,70849,,54403.0390625,,0.0046025728806853294,,0.5234375,,54403.0390625,,52301.46875,,0.640625,,1917.4063720703125,,0.4765625,,52681.01953125,,0.63671875,,1906.1783447265625,,256.0,,0.5798617601394653,,0.00390625,,,,,,,,,,,,,,
5,70899,,19361.74609375,,0.004598997998982668,,0.48046875,,19361.74609375,,17315.744140625,,0.7109375,,1682.445068359375,,0.51953125,,18066.7265625,,0.7109375,,1658.578857421875,,256.0,,0.6614486575126648,,0.0,,,,,,,,,,,,,,
5,70949,,16250.333984375,,0.00515376590192318,,0.44921875,,16250.333984375,,15098.984375,,0.58203125,,1704.772216796875,,0.55078125,,14051.5498046875,,0.58203125,,1645.363037109375,,256.0,,0.5693117380142212,,0.0,,,,,,,,,,,,,,
5,70999,,61285.7890625,,0.004780076909810305,,0.4921875,,61285.7890625,,60065.234375,,0.59765625,,1982.947998046875,,0.5078125,,58586.046875,,0.6015625,,1937.350830078125,,256.0,,0.5857236385345459,,0.0078125,,,,,,,,,,,,,,
5,71049,,15147.203125,,0.004611355718225241,,0.56640625,,15147.203125,,13776.4462890625,,0.66796875,,1603.5465087890625,,0.43359375,,13358.5322265625,,0.66796875,,1555.8795166015625,,256.0,,0.6589968800544739,,0.0,,,,,,,,,,,,,,
5,71099,,22016.46484375,,0.004660110920667648,,0.48046875,,22016.46484375,,20683.5234375,,0.498046875,,1742.2431640625,,0.51953125,,19902.978515625,,0.5,,1704.18408203125,,256.0,,0.5130037069320679,,0.0,,,,,,,,,,,,,,
5,71149,,59710.3515625,,0.004576417617499828,,0.47265625,,59710.3515625,,56662.546875,,0.5390625,,1891.453369140625,,0.52734375,,58967.15625,,0.5390625,,1899.5521240234375,,256.0,,0.48670703172683716,,0.00390625,,,,,,,,,,,,,,
5,71199,,25305.7890625,,0.004661915823817253,,0.546875,,25305.7890625,,23531.82421875,,0.625,,1781.571533203125,,0.453125,,23517.3125,,0.625,,1780.868896484375,,256.0,,0.5419926643371582,,0.00390625,,,,,,,,,,,,,,
5,71249,,12879.0478515625,,0.004591999109834433,,0.5,,12879.0478515625,,11323.3798828125,,0.470703125,,1494.85498046875,,0.5,,11438.4794921875,,0.470703125,,1501.381591796875,,256.0,,0.4925946891307831,,0.0,,,,,,,,,,,,,,
5,71299,,52896.671875,,0.004594495054334402,,0.4296875,,52896.671875,,51951.4453125,,0.546875,,1831.68896484375,,0.5703125,,50211.50390625,,0.55078125,,1798.708740234375,,256.0,,0.5381225943565369,,0.00390625,,,,,,,,,,,,,,
5,71349,,58208.0546875,,0.005095197819173336,,0.5,,58208.0546875,,56573.48046875,,0.54296875,,1880.77734375,,0.5,,56116.4921875,,0.5390625,,1845.36181640625,,256.0,,0.5593177080154419,,0.00390625,,,,,,,,,,,,,,
5,71399,,13827.94140625,,0.004721841774880886,,0.50390625,,13827.94140625,,12592.6025390625,,0.609375,,1676.91064453125,,0.49609375,,11731.3798828125,,0.60546875,,1654.9886474609375,,256.0,,0.6225882768630981,,0.0,,,,,,,,,,,,,,
5,71449,,76152.015625,,0.004546887241303921,,0.46875,,76152.015625,,73406.25,,0.5546875,,1946.33447265625,,0.53125,,75014.203125,,0.5546875,,1937.239501953125,,256.0,,0.4980440139770508,,0.0078125,,,,,,,,,,,,,,
5,71499,,80769.25,,0.00466902507469058,,0.51953125,,80769.25,,78665.8671875,,0.58984375,,1937.38427734375,,0.48046875,,79019.34375,,0.58984375,,1915.903564453125,,256.0,,0.5785217881202698,,0.0078125,,,,,,,,,,,,,,
5,71549,,17445.064453125,,0.004748372361063957,,0.47265625,,17445.064453125,,15680.1611328125,,0.48046875,,1901.531005859375,,0.52734375,,15447.76953125,,0.48046875,,1860.6669921875,,256.0,,0.517952024936676,,0.01171875,,,,,,,,,,,,,,
5,71599,,64145.9453125,,0.004922141786664724,,0.46484375,,64145.9453125,,61257.58984375,,0.52734375,,2019.369873046875,,0.53515625,,62996.68359375,,0.53515625,,2018.2489013671875,,256.0,,0.5417609214782715,,0.00390625,,,,,,,,,,,,,,
5,71649,,98365.0390625,,0.005233153700828552,,0.5625,,98365.0390625,,95682.0703125,,0.4921875,,2176.732177734375,,0.4375,,96683.8046875,,0.48828125,,2187.47119140625,,256.0,,0.4903513789176941,,0.0078125,,,,,,,,,,,,,,
5,71699,,17148.09765625,,0.004577167797833681,,0.53515625,,17148.09765625,,15580.2001953125,,0.5546875,,1572.2381591796875,,0.46484375,,15572.99609375,,0.5546875,,1570.7625732421875,,256.0,,0.5720700025558472,,0.0,,,,,,,,,,,,,,
5,71749,,14522.357421875,,0.0053588105365633965,,0.4609375,,14522.357421875,,12828.8330078125,,0.66015625,,1562.7091064453125,,0.5390625,,13113.8291015625,,0.6640625,,1539.3447265625,,256.0,,0.6091994643211365,,0.0,,,,,,,,,,,,,,
5,71799,,12983.853515625,,0.004523891489952803,,0.49609375,,12983.853515625,,11520.1884765625,,0.62109375,,1563.93994140625,,0.50390625,,11341.7744140625,,0.625,,1541.803466796875,,256.0,,0.6120407581329346,,0.00390625,,,,,,,,,,,,,,
5,71849,,11368.259765625,,0.005229544825851917,,0.49609375,,11368.259765625,,9778.9482421875,,0.47265625,,1539.635009765625,,0.50390625,,9906.6318359375,,0.46875,,1511.303466796875,,256.0,,0.47169971466064453,,0.0,,,,,,,,,,,,,,
5,71899,,13487.490234375,,0.004959213547408581,,0.515625,,13487.490234375,,12038.326171875,,0.55078125,,1635.0701904296875,,0.484375,,11714.693359375,,0.546875,,1586.89111328125,,256.0,,0.555821418762207,,0.0,,,,,,,,,,,,,,
5,71949,,102753.96875,,0.004920667968690395,,0.50390625,,102753.96875,,100540.1015625,,0.50390625,,2137.84228515625,,0.49609375,,100695.5546875,,0.50390625,,2134.429931640625,,256.0,,0.5060910582542419,,0.0078125,,,,,,,,,,,,,,
5,71999,,17512.427734375,,0.005011179018765688,,0.515625,,17512.427734375,,15928.451171875,,0.55078125,,1745.13037109375,,0.484375,,15641.4736328125,,0.55078125,,1709.798828125,,256.0,,0.5234149694442749,,0.00390625,,,,,,,,,,,,,,
5,72049,,81380.71875,,0.004811976104974747,,0.453125,,81380.71875,,79004.7421875,,0.56640625,,2189.344482421875,,0.546875,,79406.0546875,,0.56640625,,2161.294921875,,256.0,,0.5549988150596619,,0.00390625,,,,,,,,,,,,,,
5,72099,,50400.95703125,,0.00477174436673522,,0.5078125,,50400.95703125,,49003.5703125,,0.66015625,,1829.59619140625,,0.4921875,,48170.0703125,,0.66015625,,1798.6759033203125,,256.0,,0.6136248111724854,,0.00390625,,,,,,,,,,,,,,
5,72149,,111352.3125,,0.004490872845053673,,0.54296875,,111352.3125,,109485.328125,,0.54296875,,2209.8203125,,0.45703125,,108828.375,,0.5390625,,2181.0986328125,,256.0,,0.517667293548584,,0.0078125,,,,,,,,,,,,,,
5,72199,,10823.361328125,,0.004835356492549181,,0.53515625,,10823.361328125,,9324.2236328125,,0.51171875,,1718.047119140625,,0.46484375,,8912.720703125,,0.5078125,,1691.73291015625,,256.0,,0.4802403450012207,,0.00390625,,,,,,,,,,,,,,
5,72249,,21459.09765625,,0.004870214499533176,,0.52734375,,21459.09765625,,19609.189453125,,0.5078125,,1752.205810546875,,0.47265625,,19814.701171875,,0.51171875,,1742.101806640625,,256.0,,0.5323902368545532,,0.0,,,,,,,,,,,,,,
5,72299,,17001.67578125,,0.004987284541130066,,0.5078125,,17001.67578125,,15327.32421875,,0.5546875,,1813.9256591796875,,0.4921875,,15094.759765625,,0.55859375,,1767.340087890625,,256.0,,0.6250555515289307,,0.0,,,,,,,,,,,,,,
5,72349,,95334.578125,,0.004591062664985657,,0.4296875,,95334.578125,,92912.359375,,0.482421875,,2083.1572265625,,0.5703125,,93589.03125,,0.486328125,,2084.609619140625,,256.0,,0.4660235345363617,,0.01171875,,,,,,,,,,,,,,
5,72399,,22405.97265625,,0.00480249896645546,,0.46875,,22405.97265625,,20852.146484375,,0.484375,,1594.280029296875,,0.53125,,20785.208984375,,0.482421875,,1580.311279296875,,256.0,,0.49744194746017456,,0.0,,,,,,,,,,,,,,
5,72449,,15662.3955078125,,0.0045998310670256615,,0.51171875,,15662.3955078125,,14357.732421875,,0.6640625,,1678.68896484375,,0.48828125,,13647.03515625,,0.6640625,,1641.333740234375,,256.0,,0.5922865867614746,,0.0,,,,,,,,,,,,,,
5,72499,,22260.806640625,,0.004736710339784622,,0.54296875,,22260.806640625,,20831.705078125,,0.66015625,,2010.5555419921875,,0.45703125,,19701.6484375,,0.65625,,1977.70556640625,,256.0,,0.6233746409416199,,0.0078125,,,,,,,,,,,,,,
5,72549,,108828.6484375,,0.0045630233362317085,,0.5546875,,108828.6484375,,106846.28125,,0.5234375,,2125.61083984375,,0.4453125,,106555.3671875,,0.52734375,,2130.042724609375,,256.0,,0.5161396861076355,,0.0078125,,,,,,,,,,,,,,
5,72599,,111328.609375,,0.004451323300600052,,0.51953125,,111328.609375,,108487.2421875,,0.3828125,,2199.94287109375,,0.48046875,,109784.4375,,0.38671875,,2185.594482421875,,256.0,,0.4318813979625702,,0.0078125,,,,,,,,,,,,,,
5,72649,,13301.4892578125,,0.005138578824698925,,0.51171875,,13301.4892578125,,11379.62109375,,0.5546875,,1654.057861328125,,0.48828125,,11939.1796875,,0.5546875,,1630.1204833984375,,256.0,,0.5615798830986023,,0.0,,,,,,,,,,,,,,
5,72699,,48591.3671875,,0.004812256433069706,,0.51171875,,48591.3671875,,46658.71484375,,0.4375,,1721.259521484375,,0.48828125,,47100.42578125,,0.439453125,,1702.3380126953125,,256.0,,0.4589114189147949,,0.00390625,,,,,,,,,,,,,,
5,72749,,85591.8671875,,0.00456062238663435,,0.5078125,,85591.8671875,,83642.03125,,0.68359375,,2036.3590087890625,,0.4921875,,83476.4609375,,0.68359375,,2028.8818359375,,256.0,,0.6455765962600708,,0.0078125,,,,,,,,,,,,,,
5,72799,,53682.0,,0.004813573323190212,,0.4921875,,53682.0,,52192.25,,0.51953125,,1795.65380859375,,0.5078125,,51596.4609375,,0.51953125,,1779.638916015625,,256.0,,0.5293782949447632,,0.0078125,,,,,,,,,,,,,,
5,72849,,139886.421875,,0.004864840768277645,,0.44921875,,139886.421875,,137307.546875,,0.60546875,,2290.96533203125,,0.55078125,,137885.46875,,0.609375,,2288.862060546875,,256.0,,0.5157071352005005,,0.0078125,,,,,,,,,,,,,,
5,72899,,17025.3984375,,0.004996263422071934,,0.46875,,17025.3984375,,15654.265625,,0.52734375,,1736.42578125,,0.53125,,14966.5107421875,,0.52734375,,1693.592041015625,,256.0,,0.5070236325263977,,0.0,,,,,,,,,,,,,,
5,72949,,103649.8203125,,0.004949136171489954,,0.46484375,,103649.8203125,,101261.3984375,,0.5546875,,2586.25390625,,0.53515625,,100919.7890625,,0.5546875,,2532.192626953125,,256.0,,0.4767070710659027,,0.01171875,,,,,,,,,,,,,,
5,72999,,13939.078125,,0.00474590016528964,,0.5234375,,13939.078125,,12464.048828125,,0.58984375,,1747.863525390625,,0.4765625,,11937.7666015625,,0.58984375,,1728.4783935546875,,256.0,,0.5558182597160339,,0.00390625,,,,,,,,,,,,,,
5,73049,,14925.828125,,0.00465216301381588,,0.49609375,,14925.828125,,13410.978515625,,0.443359375,,1779.47900390625,,0.50390625,,12923.03125,,0.4453125,,1738.16748046875,,256.0,,0.445663183927536,,0.00390625,,,,,,,,,,,,,,
5,73099,,85595.890625,,0.004484290257096291,,0.42578125,,85595.890625,,82577.2734375,,0.54296875,,2289.21044921875,,0.57421875,,84045.921875,,0.54296875,,2279.36669921875,,256.0,,0.5037217140197754,,0.0078125,,,,,,,,,,,,,,
5,73149,,62752.9765625,,0.004557819105684757,,0.4140625,,62752.9765625,,60616.359375,,0.56640625,,1826.5882568359375,,0.5859375,,61248.33203125,,0.56640625,,1814.670166015625,,256.0,,0.5292470455169678,,0.0078125,,,,,,,,,,,,,,
5,73199,,20157.5546875,,0.00487913005053997,,0.53515625,,20157.5546875,,17998.1171875,,0.5546875,,1573.423583984375,,0.46484375,,19180.73046875,,0.55859375,,1562.8372802734375,,256.0,,0.553713858127594,,0.0,,,,,,,,,,,,,,
5,73249,,65953.0546875,,0.004679244942963123,,0.50390625,,65953.0546875,,64316.10546875,,0.609375,,1954.380859375,,0.49609375,,63710.55859375,,0.609375,,1925.0643310546875,,256.0,,0.5536268353462219,,0.0078125,,,,,,,,,,,,,,
5,73299,,19541.125,,0.004900509491562843,,0.48046875,,19541.125,,17571.009765625,,0.57421875,,1741.251708984375,,0.51953125,,18066.1875,,0.57421875,,1703.8004150390625,,256.0,,0.539228618144989,,0.0,,,,,,,,,,,,,,
5,73349,,63990.0625,,0.005035345442593098,,0.48046875,,63990.0625,,62246.484375,,0.62890625,,2177.85888671875,,0.51953125,,61410.4921875,,0.62890625,,2145.29296875,,256.0,,0.5748588442802429,,0.0078125,,,,,,,,,,,,,,
5,73399,,57462.87890625,,0.005018922965973616,,0.48046875,,57462.87890625,,55492.78125,,0.57421875,,1847.675048828125,,0.51953125,,55779.55078125,,0.57421875,,1805.7498779296875,,256.0,,0.5989137291908264,,0.00390625,,,,,,,,,,,,,,
5,73449,,57502.1015625,,0.0050837192684412,,0.48046875,,57502.1015625,,55448.3671875,,0.60546875,,1896.3712158203125,,0.51953125,,55797.51953125,,0.6015625,,1861.948486328125,,256.0,,0.609986424446106,,0.00390625,,,,,,,,,,,,,,
5,73499,,93358.890625,,0.005088214762508869,,0.5234375,,93358.890625,,90629.65625,,0.62890625,,2152.0078125,,0.4765625,,91799.3046875,,0.62890625,,2136.81591796875,,256.0,,0.619506299495697,,0.0078125,,,,,,,,,,,,,,
5,73549,,49886.12890625,,0.0046811290085315704,,0.55078125,,49886.12890625,,47972.3984375,,0.466796875,,1742.8709716796875,,0.44921875,,48325.15625,,0.46875,,1731.831298828125,,256.0,,0.4531370997428894,,0.00390625,,,,,,,,,,,,,,
5,73599,,13143.22265625,,0.005077945068478584,,0.48828125,,13143.22265625,,11297.5126953125,,0.51171875,,1687.99169921875,,0.51171875,,11654.8212890625,,0.51171875,,1646.12109375,,256.0,,0.49014991521835327,,0.0,,,,,,,,,,,,,,
5,73649,,47500.0546875,,0.004696899093687534,,0.4609375,,47500.0546875,,45460.9921875,,0.423828125,,1710.7049560546875,,0.5390625,,46136.21484375,,0.421875,,1692.202392578125,,256.0,,0.4530423581600189,,0.00390625,,,,,,,,,,,,,,
5,73699,,16963.7734375,,0.004733948968350887,,0.453125,,16963.7734375,,15640.71875,,0.61328125,,1576.73486328125,,0.546875,,15155.9599609375,,0.6171875,,1554.1319580078125,,256.0,,0.5900082588195801,,0.0,,,,,,,,,,,,,,
5,73749,,56468.9296875,,0.005009224638342857,,0.51171875,,56468.9296875,,54588.58984375,,0.484375,,1849.671875,,0.48828125,,54695.2421875,,0.486328125,,1804.3529052734375,,256.0,,0.49600160121917725,,0.00390625,,,,,,,,,,,,,,
5,73799,,86910.7109375,,0.004887336865067482,,0.51171875,,86910.7109375,,85507.8671875,,0.5625,,2118.459228515625,,0.48828125,,84131.0625,,0.55859375,,2064.0341796875,,256.0,,0.4920012354850769,,0.01171875,,,,,,,,,,,,,,
5,73849,,16087.708984375,,0.005301424767822027,,0.484375,,16087.708984375,,14183.47265625,,0.5,,1798.676513671875,,0.515625,,14420.0859375,,0.50390625,,1773.18115234375,,256.0,,0.4722709059715271,,0.0,,,,,,,,,,,,,,
5,73899,,56347.4375,,0.0049551380798220634,,0.5,,56347.4375,,54317.15234375,,0.6484375,,1976.6534423828125,,0.5,,54441.80859375,,0.6484375,,1959.2611083984375,,256.0,,0.6631592512130737,,0.0078125,,,,,,,,,,,,,,
5,73949,,15027.287109375,,0.004722911864519119,,0.53515625,,15027.287109375,,13629.958984375,,0.52734375,,1540.534912109375,,0.46484375,,13381.27734375,,0.53125,,1502.80322265625,,256.0,,0.5715760588645935,,0.0,,,,,,,,,,,,,,
5,73999,,14710.9599609375,,0.004956495948135853,,0.45703125,,14710.9599609375,,12426.38671875,,0.52734375,,1795.86181640625,,0.54296875,,13420.087890625,,0.52734375,,1779.5841064453125,,256.0,,0.5689981579780579,,0.00390625,,,,,,,,,,,,,,
5,74049,,22297.1796875,,0.005025140009820461,,0.52734375,,22297.1796875,,20824.5703125,,0.734375,,1560.8955078125,,0.47265625,,20675.64453125,,0.73046875,,1533.25146484375,,256.0,,0.7415174245834351,,0.0,,,,,,,,,,,,,,
5,74099,,83838.3671875,,0.004509229212999344,,0.546875,,83838.3671875,,81886.796875,,0.5859375,,2064.4892578125,,0.453125,,81689.296875,,0.5859375,,2036.147705078125,,256.0,,0.5502600073814392,,0.01171875,,,,,,,,,,,,,,
5,74149,,145942.109375,,0.0048299613408744335,,0.4921875,,145942.109375,,143799.203125,,0.5390625,,2496.662841796875,,0.5078125,,143119.71875,,0.54296875,,2468.64794921875,,256.0,,0.5239115953445435,,0.015625,,,,,,,,,,,,,,
5,74199,,16135.630859375,,0.004896039143204689,,0.54296875,,16135.630859375,,14840.8994140625,,0.48046875,,1665.189208984375,,0.45703125,,14136.7578125,,0.48046875,,1628.4169921875,,256.0,,0.45375198125839233,,0.0,,,,,,,,,,,,,,
5,74249,,48871.8359375,,0.004619940184056759,,0.5390625,,48871.8359375,,46790.9921875,,0.6796875,,2446.37548828125,,0.4609375,,46067.39453125,,0.6796875,,2438.912109375,,256.0,,0.640648365020752,,0.015625,,,,,,,,,,,,,,
5,74299,,64955.2421875,,0.004877464845776558,,0.453125,,64955.2421875,,62840.2109375,,0.54296875,,1833.1396484375,,0.546875,,63445.33203125,,0.54296875,,1791.8013916015625,,256.0,,0.4835822284221649,,0.00390625,,,,,,,,,,,,,,
5,74349,,21523.23828125,,0.005000484641641378,,0.46484375,,21523.23828125,,19558.5703125,,0.44140625,,1690.999755859375,,0.53515625,,20107.794921875,,0.44140625,,1689.11083984375,,256.0,,0.4360499978065491,,0.0,,,,,,,,,,,,,,
5,74399,,43606.078125,,0.004838773049414158,,0.51171875,,43606.078125,,41984.2578125,,0.6171875,,1817.204345703125,,0.48828125,,41637.9375,,0.609375,,1772.754638671875,,256.0,,0.5484697222709656,,0.0078125,,,,,,,,,,,,,,
5,74449,,46132.0234375,,0.0052610402926802635,,0.54296875,,46132.0234375,,44012.5703125,,0.5625,,1804.3125,,0.45703125,,44653.8125,,0.5625,,1793.3470458984375,,256.0,,0.5575253963470459,,0.00390625,,,,,,,,,,,,,,
5,74499,,48383.93359375,,0.00466968072578311,,0.5234375,,48383.93359375,,46944.0546875,,0.56640625,,1759.165283203125,,0.4765625,,46318.0078125,,0.5625,,1746.6396484375,,256.0,,0.5529200434684753,,0.00390625,,,,,,,,,,,,,,
5,74549,,13822.8662109375,,0.005047856830060482,,0.49609375,,13822.8662109375,,12198.78515625,,0.63671875,,1724.174072265625,,0.50390625,,12041.7578125,,0.6328125,,1681.015625,,256.0,,0.6536083221435547,,0.00390625,,,,,,,,,,,,,,
5,74599,,112690.625,,0.004730041138827801,,0.53515625,,112690.625,,109348.96875,,0.61328125,,2277.5244140625,,0.46484375,,111490.15625,,0.61328125,,2264.604736328125,,256.0,,0.5479042530059814,,0.01171875,,,,,,,,,,,,,,
5,74649,,15427.361328125,,0.004954792093485594,,0.48046875,,15427.361328125,,13471.953125,,0.55859375,,1674.657958984375,,0.51953125,,14052.89453125,,0.5546875,,1655.2169189453125,,256.0,,0.5180071592330933,,0.00390625,,,,,,,,,,,,,,
5,74699,,56635.5546875,,0.0052288249135017395,,0.515625,,56635.5546875,,55037.25,,0.78125,,1934.095703125,,0.484375,,54404.3125,,0.78515625,,1895.4517822265625,,256.0,,0.7651463747024536,,0.0078125,,,,,,,,,,,,,,
5,74749,,15055.95703125,,0.004890154581516981,,0.46484375,,15055.95703125,,13550.4599609375,,0.50390625,,1637.338134765625,,0.53515625,,13329.3515625,,0.5078125,,1594.7646484375,,256.0,,0.46140962839126587,,0.0,,,,,,,,,,,,,,
5,74799,,13427.2041015625,,0.004687177017331123,,0.4609375,,13427.2041015625,,11515.111328125,,0.46484375,,1858.05322265625,,0.5390625,,11641.0703125,,0.46875,,1840.1739501953125,,256.0,,0.47643035650253296,,0.00390625,,,,,,,,,,,,,,
5,74849,,68364.234375,,0.004614866804331541,,0.49609375,,68364.234375,,66588.3046875,,0.62109375,,1890.5521240234375,,0.50390625,,66387.2421875,,0.6171875,,1862.3636474609375,,256.0,,0.5246469974517822,,0.0078125,,,,,,,,,,,,,,
5,74899,,57051.40625,,0.004715870134532452,,0.4453125,,57051.40625,,55033.4921875,,0.58984375,,1756.28466796875,,0.5546875,,55558.96484375,,0.5859375,,1754.0716552734375,,256.0,,0.5582454800605774,,0.00390625,,,,,,,,,,,,,,
5,74949,,57120.9453125,,0.004768922924995422,,0.5078125,,57120.9453125,,54915.71484375,,0.59765625,,1994.6092529296875,,0.4921875,,55371.0,,0.59765625,,1960.5714111328125,,256.0,,0.5404137372970581,,0.0078125,,,,,,,,,,,,,,
5,74999,,14706.18359375,,0.004818088375031948,,0.4921875,,14706.18359375,,13199.6435546875,,0.546875,,1528.681884765625,,0.5078125,,13187.1328125,,0.54296875,,1496.9078369140625,,256.0,,0.5076586008071899,,0.0,,,,,,,,,,,,,,
5,75049,,19058.5078125,,0.004808589816093445,,0.5,,19058.5078125,,17097.103515625,,0.66015625,,1946.63330078125,,0.5,,17186.556640625,,0.66015625,,1886.723388671875,,256.0,,0.6172336339950562,,0.00390625,,,,,,,,,,,,,,
5,75099,,15573.556640625,,0.004887470044195652,,0.45703125,,15573.556640625,,14078.8642578125,,0.578125,,1778.39306640625,,0.54296875,,13551.794921875,,0.578125,,1738.060546875,,256.0,,0.54115891456604,,0.00390625,,,,,,,,,,,,,,
5,75149,,12083.3515625,,0.004571382887661457,,0.50390625,,12083.3515625,,10494.4326171875,,0.5546875,,1609.634521484375,,0.49609375,,10478.9990234375,,0.55078125,,1583.6365966796875,,256.0,,0.5551885962486267,,0.00390625,,,,,,,,,,,,,,
5,75199,,17544.87109375,,0.004564204253256321,,0.4921875,,17544.87109375,,15860.4833984375,,0.62890625,,1957.3575439453125,,0.5078125,,15335.68359375,,0.62890625,,1936.2174072265625,,256.0,,0.5554437041282654,,0.00390625,,,,,,,,,,,,,,
5,75249,,104420.5390625,,0.004890088923275471,,0.47265625,,104420.5390625,,102358.359375,,0.7421875,,2443.257568359375,,0.52734375,,101629.1875,,0.7421875,,2410.276123046875,,256.0,,0.7304679155349731,,0.01171875,,,,,,,,,,,,,,
5,75299,,19831.23828125,,0.004844294860959053,,0.45703125,,19831.23828125,,17977.76953125,,0.482421875,,1511.710205078125,,0.54296875,,18681.41796875,,0.4765625,,1491.580810546875,,256.0,,0.5002416372299194,,0.0,,,,,,,,,,,,,,
5,75349,,40999.73046875,,0.004458877258002758,,0.4765625,,40999.73046875,,38872.89453125,,0.6171875,,2052.10400390625,,0.5234375,,39034.28125,,0.61328125,,2040.1781005859375,,256.0,,0.614516019821167,,0.0078125,,,,,,,,,,,,,,
5,75399,,148405.296875,,0.004442435689270496,,0.4765625,,148405.296875,,145684.03125,,0.6328125,,2354.725830078125,,0.5234375,,146430.640625,,0.6328125,,2341.20703125,,256.0,,0.5894638299942017,,0.01171875,,,,,,,,,,,,,,
5,75449,,13513.6201171875,,0.005009921733289957,,0.48828125,,13513.6201171875,,11638.03125,,0.466796875,,2102.2646484375,,0.51171875,,11229.9560546875,,0.466796875,,2056.98828125,,256.0,,0.4360519051551819,,0.01171875,,,,,,,,,,,,,,
5,75499,,97562.1640625,,0.004838610999286175,,0.50390625,,97562.1640625,,95211.5546875,,0.6484375,,2417.8427734375,,0.49609375,,95103.3828125,,0.65234375,,2391.550048828125,,256.0,,0.6320322751998901,,0.01171875,,,,,,,,,,,,,,
5,75549,,19870.42578125,,0.004964856430888176,,0.46484375,,19870.42578125,,17894.15234375,,0.6875,,1535.4151611328125,,0.53515625,,18792.765625,,0.6875,,1518.5205078125,,256.0,,0.683773398399353,,0.0,,,,,,,,,,,,,,
5,75599,,13746.951171875,,0.004632350988686085,,0.4921875,,13746.951171875,,11847.9501953125,,0.484375,,1781.241455078125,,0.5078125,,12113.2021484375,,0.48046875,,1751.5091552734375,,256.0,,0.48705244064331055,,0.00390625,,,,,,,,,,,,,,
5,75649,,16838.70703125,,0.004420106764882803,,0.453125,,16838.70703125,,14906.6376953125,,0.5703125,,1834.5555419921875,,0.546875,,15133.939453125,,0.5703125,,1802.2830810546875,,256.0,,0.5563832521438599,,0.0078125,,,,,,,,,,,,,,
5,75699,,17214.78515625,,0.004944914020597935,,0.48046875,,17214.78515625,,15699.7138671875,,0.640625,,1595.9373779296875,,0.51953125,,15570.1748046875,,0.640625,,1563.74462890625,,256.0,,0.5816821455955505,,0.0,,,,,,,,,,,,,,
5,75749,,13548.9775390625,,0.004496841225773096,,0.453125,,13548.9775390625,,11116.775390625,,0.58203125,,1972.881103515625,,0.546875,,12056.1875,,0.58203125,,1952.111083984375,,256.0,,0.49292367696762085,,0.0078125,,,,,,,,,,,,,,
5,75799,,14617.958984375,,0.005088209640234709,,0.48046875,,14617.958984375,,13185.498046875,,0.625,,1555.69482421875,,0.51953125,,12961.611328125,,0.62890625,,1533.1142578125,,256.0,,0.6024900674819946,,0.00390625,,,,,,,,,,,,,,
5,75849,,47564.15625,,0.0047005899250507355,,0.5546875,,47564.15625,,46139.73828125,,0.72265625,,1845.51171875,,0.4453125,,45322.12890625,,0.7265625,,1820.9283447265625,,256.0,,0.6725749373435974,,0.00390625,,,,,,,,,,,,,,
5,75899,,87602.5625,,0.0047282688319683075,,0.45703125,,87602.5625,,85752.515625,,0.625,,2120.9375,,0.54296875,,85244.5546875,,0.625,,2087.112060546875,,256.0,,0.6472241282463074,,0.0078125,,,,,,,,,,,,,,
5,75949,,16420.361328125,,0.0046958900056779385,,0.5078125,,16420.361328125,,14616.7353515625,,0.55859375,,1875.73388671875,,0.4921875,,14498.6953125,,0.55859375,,1849.5572509765625,,256.0,,0.5458353757858276,,0.00390625,,,,,,,,,,,,,,
5,75999,,69566.4609375,,0.004696604795753956,,0.51171875,,69566.4609375,,68341.6796875,,0.67578125,,1914.581787109375,,0.48828125,,67017.3203125,,0.67578125,,1859.3455810546875,,256.0,,0.6529178023338318,,0.00390625,,,,,,,,,,,,,,
5,76049,,65952.7890625,,0.004682059399783611,,0.47265625,,65952.7890625,,64768.5390625,,0.43359375,,1742.10546875,,0.52734375,,63683.1953125,,0.431640625,,1711.7371826171875,,256.0,,0.4652678966522217,,0.00390625,,,,,,,,,,,,,,
5,76099,,10438.0546875,,0.004899153485894203,,0.4609375,,10438.0546875,,8783.2041015625,,0.578125,,1698.47607421875,,0.5390625,,8727.8642578125,,0.58203125,,1666.564697265625,,256.0,,0.571142852306366,,0.0,,,,,,,,,,,,,,
5,76149,,63238.40625,,0.004659488331526518,,0.47265625,,63238.40625,,61696.3828125,,0.486328125,,1792.286376953125,,0.52734375,,61221.34375,,0.48828125,,1766.8037109375,,256.0,,0.47665220499038696,,0.00390625,,,,,,,,,,,,,,
5,76199,,15042.9794921875,,0.005166082642972469,,0.4609375,,15042.9794921875,,13470.896484375,,0.73828125,,1589.594482421875,,0.5390625,,13454.154296875,,0.73828125,,1571.3134765625,,256.0,,0.69677734375,,0.0,,,,,,,,,,,,,,
5,76249,,16146.216796875,,0.004878182429820299,,0.51171875,,16146.216796875,,14190.009765625,,0.66015625,,1720.8289794921875,,0.48828125,,14689.150390625,,0.6640625,,1692.445556640625,,256.0,,0.6503059267997742,,0.0,,,,,,,,,,,,,,
5,76299,,11852.033203125,,0.005001995712518692,,0.5,,11852.033203125,,10403.189453125,,0.65625,,1651.1220703125,,0.5,,10053.470703125,,0.65625,,1596.283447265625,,256.0,,0.6280814409255981,,0.0,,,,,,,,,,,,,,
5,76349,,102864.359375,,0.004902353510260582,,0.49609375,,102864.359375,,100900.921875,,0.494140625,,2196.52197265625,,0.50390625,,100471.1171875,,0.494140625,,2160.16650390625,,256.0,,0.4571138322353363,,0.0078125,,,,,,,,,,,,,,
5,76399,,43293.72265625,,0.005607609637081623,,0.53125,,43293.72265625,,41754.80078125,,0.486328125,,1857.11376953125,,0.46875,,41153.53515625,,0.48828125,,1821.997314453125,,256.0,,0.4980189800262451,,0.0078125,,,,,,,,,,,,,,
5,76449,,66569.6328125,,0.0048540676943957806,,0.43359375,,66569.6328125,,65483.9140625,,0.458984375,,1681.243408203125,,0.56640625,,64334.34765625,,0.45703125,,1639.760009765625,,256.0,,0.4654439389705658,,0.00390625,,,,,,,,,,,,,,
5,76499,,19520.28515625,,0.00504367146641016,,0.484375,,19520.28515625,,17771.666015625,,0.67578125,,1730.883056640625,,0.515625,,17826.2109375,,0.67578125,,1711.8121337890625,,256.0,,0.6341771483421326,,0.0,,,,,,,,,,,,,,
5,76549,,84077.984375,,0.005050589330494404,,0.46875,,84077.984375,,81949.171875,,0.67578125,,2299.16845703125,,0.53125,,81632.71875,,0.671875,,2274.91748046875,,256.0,,0.6365468502044678,,0.01171875,,,,,,,,,,,,,,
5,76599,,15794.5400390625,,0.005084298551082611,,0.51953125,,15794.5400390625,,14080.8046875,,0.671875,,1933.61767578125,,0.48046875,,13675.357421875,,0.67578125,,1899.30126953125,,256.0,,0.6241841316223145,,0.00390625,,,,,,,,,,,,,,
5,76649,,59609.46484375,,0.004574846476316452,,0.515625,,59609.46484375,,57263.50390625,,0.52734375,,1855.8531494140625,,0.484375,,58271.01953125,,0.53125,,1828.553466796875,,256.0,,0.490214467048645,,0.00390625,,,,,,,,,,,,,,
5,76699,,15107.140625,,0.0052384003065526485,,0.4765625,,15107.140625,,13445.3623046875,,0.71875,,1558.248046875,,0.5234375,,13698.1943359375,,0.71875,,1512.4776611328125,,256.0,,0.6581191420555115,,0.0,,,,,,,,,,,,,,
5,76749,,38575.625,,0.006179006304591894,,0.48828125,,38575.625,,36700.25390625,,0.515625,,1744.2574462890625,,0.51171875,,37005.16796875,,0.515625,,1701.570556640625,,256.0,,0.5048827528953552,,0.0078125,,,,,,,,,,,,,,
5,76775,,,,,,,,,,,,,,,,,,,,,,,,,,,,,18794.18359375,0.004860734101384878,0.4998077154159546,18794.18359375,17198.7734375,0.608517587184906,1642.4449462890625,0.5001922845840454,17131.474609375,0.608298122882843,1615.7103271484375,255.98416137695312,0.6242932081222534,0.0010014981962740421
5,76775,42936.25390625,,0.004856467247009277,,0.5000571012496948,,42936.25390625,,41096.62890625,,0.5959364771842957,,1877.58349609375,,0.49994292855262756,,41046.56640625,,0.595701277256012,,1852.0179443359375,,256.0,,0.5756979584693909,,0.005077575333416462,,,,,,,,,,,,,,,
6,76799,,15694.7216796875,,0.00535998260602355,,0.515625,,15694.7216796875,,14225.732421875,,0.67578125,,1704.773193359375,,0.484375,,13781.595703125,,0.6796875,,1677.3416748046875,,256.0,,0.6902985572814941,,0.0,,,,,,,,,,,,,,
6,76849,,12174.75390625,,0.005106866359710693,,0.5078125,,12174.75390625,,10352.2666015625,,0.58984375,,1717.532470703125,,0.4921875,,10586.9775390625,,0.58984375,,1692.73193359375,,256.0,,0.5591404438018799,,0.00390625,,,,,,,,,,,,,,
6,76899,,13976.8017578125,,0.004564078524708748,,0.44921875,,13976.8017578125,,12073.544921875,,0.5859375,,1926.6668701171875,,0.55078125,,12053.544921875,,0.5859375,,1899.846923828125,,256.0,,0.4790688753128052,,0.00390625,,,,,,,,,,,,,,
6,76949,,98128.5546875,,0.004748104605823755,,0.4921875,,98128.5546875,,95851.4765625,,0.7734375,,2670.564453125,,0.5078125,,95083.4921875,,0.7734375,,2651.57666015625,,256.0,,0.7062473297119141,,0.015625,,,,,,,,,,,,,,
6,76999,,16172.7705078125,,0.0047536324709653854,,0.5546875,,16172.7705078125,,14411.4375,,0.70703125,,1729.83837890625,,0.4453125,,14492.47265625,,0.70703125,,1711.79248046875,,256.0,,0.6898473501205444,,0.00390625,,,,,,,,,,,,,,
6,77049,,16417.828125,,0.005015935283154249,,0.51171875,,16417.828125,,14548.3095703125,,0.59375,,1572.34130859375,,0.48828125,,15173.17578125,,0.59375,,1541.827880859375,,256.0,,0.6103801727294922,,0.0,,,,,,,,,,,,,,
6,77099,,13559.46875,,0.004555901512503624,,0.46875,,13559.46875,,11605.2744140625,,0.70703125,,2105.7744140625,,0.53125,,11318.1259765625,,0.703125,,2089.7626953125,,256.0,,0.660409152507782,,0.0078125,,,,,,,,,,,,,,
6,77149,,12707.4853515625,,0.0049559446051716805,,0.46875,,12707.4853515625,,11255.302734375,,0.515625,,1662.5115966796875,,0.53125,,10869.6025390625,,0.51171875,,1627.553466796875,,256.0,,0.5331084132194519,,0.0,,,,,,,,,,,,,,
6,77199,,13196.5,,0.005593304987996817,,0.50390625,,13196.5,,11351.3232421875,,0.6484375,,1939.505126953125,,0.49609375,,11212.3974609375,,0.64453125,,1889.774658203125,,256.0,,0.622052788734436,,0.00390625,,,,,,,,,,,,,,
6,77249,,125150.734375,,0.004719797521829605,,0.55078125,,125150.734375,,122562.0546875,,0.5546875,,2321.41015625,,0.44921875,,123075.5859375,,0.5546875,,2342.41064453125,,256.0,,0.5140911340713501,,0.01171875,,,,,,,,,,,,,,
6,77299,,55380.83203125,,0.004658811260014772,,0.48828125,,55380.83203125,,53633.140625,,0.65234375,,1791.1197509765625,,0.51171875,,53556.83203125,,0.65234375,,1780.570556640625,,256.0,,0.624995231628418,,0.00390625,,,,,,,,,,,,,,
6,77349,,11979.865234375,,0.004781387746334076,,0.5234375,,11979.865234375,,10029.2373046875,,0.64453125,,1613.6646728515625,,0.4765625,,10740.921875,,0.640625,,1575.906982421875,,256.0,,0.6476277112960815,,0.0,,,,,,,,,,,,,,
6,77399,,14940.9111328125,,0.006940800696611404,,0.5234375,,14940.9111328125,,13544.0966796875,,0.65234375,,1713.698974609375,,0.4765625,,12970.6982421875,,0.6484375,,1653.3280029296875,,256.0,,0.6190897226333618,,0.00390625,,,,,,,,,,,,,,
6,77449,,56619.078125,,0.005059066228568554,,0.4921875,,56619.078125,,54725.9921875,,0.5234375,,1917.49462890625,,0.5078125,,54717.90625,,0.51953125,,1876.7666015625,,256.0,,0.5495789051055908,,0.00390625,,,,,,,,,,,,,,
6,77499,,61538.0,,0.004688310902565718,,0.453125,,61538.0,,59536.15625,,0.609375,,2018.8018798828125,,0.546875,,59531.14453125,,0.609375,,1989.896728515625,,256.0,,0.5811741352081299,,0.00390625,,,,,,,,,,,,,,
6,77549,,12677.6474609375,,0.00451683159917593,,0.46875,,12677.6474609375,,11482.6767578125,,0.63671875,,1529.22900390625,,0.53125,,10831.5966796875,,0.63671875,,1511.7916259765625,,256.0,,0.6193804740905762,,0.0,,,,,,,,,,,,,,
6,77599,,18174.78515625,,0.004639394581317902,,0.55078125,,18174.78515625,,16577.736328125,,0.58984375,,1611.997314453125,,0.44921875,,16571.552734375,,0.5859375,,1588.28271484375,,256.0,,0.5989819765090942,,0.0,,,,,,,,,,,,,,
6,77649,,52187.484375,,0.005549815949052572,,0.5234375,,52187.484375,,50584.34765625,,0.6875,,1902.3515625,,0.4765625,,50023.55078125,,0.69140625,,1864.7147216796875,,256.0,,0.6279425621032715,,0.00390625,,,,,,,,,,,,,,
6,77699,,54457.4609375,,0.0045664627104997635,,0.45703125,,54457.4609375,,52647.078125,,0.64453125,,1882.3282470703125,,0.54296875,,52510.9140625,,0.640625,,1874.6015625,,256.0,,0.6245070695877075,,0.0078125,,,,,,,,,,,,,,
6,77749,,18975.083984375,,0.005174683872610331,,0.5,,18975.083984375,,16832.5703125,,0.50390625,,1635.00439453125,,0.5,,17873.10546875,,0.498046875,,1609.4888916015625,,256.0,,0.5224202871322632,,0.0,,,,,,,,,,,,,,
6,77799,,54025.890625,,0.005092634819447994,,0.52734375,,54025.890625,,52162.41796875,,0.62109375,,1905.7843017578125,,0.47265625,,52093.7265625,,0.62109375,,1889.847412109375,,256.0,,0.5949327945709229,,0.0078125,,,,,,,,,,,,,,
6,77849,,15994.93359375,,0.004922953434288502,,0.4765625,,15994.93359375,,13947.431640625,,0.5703125,,1710.8492431640625,,0.5234375,,14644.541015625,,0.5703125,,1687.0452880859375,,256.0,,0.5718899369239807,,0.00390625,,,,,,,,,,,,,,
6,77899,,65913.40625,,0.004808854311704636,,0.5078125,,65913.40625,,63823.41015625,,0.4765625,,2396.36279296875,,0.4921875,,63265.5859375,,0.474609375,,2341.462158203125,,256.0,,0.4928149878978729,,0.01171875,,,,,,,,,,,,,,
6,77949,,113175.5703125,,0.005012029316276312,,0.51953125,,113175.5703125,,110959.0390625,,0.462890625,,2282.74658203125,,0.48046875,,110864.359375,,0.4609375,,2244.98974609375,,256.0,,0.478454053401947,,0.01953125,,,,,,,,,,,,,,
6,77999,,13295.591796875,,0.004824185743927956,,0.4765625,,13295.591796875,,11658.6083984375,,0.578125,,1576.8441162109375,,0.5234375,,11798.537109375,,0.578125,,1557.19482421875,,256.0,,0.5693647265434265,,0.0,,,,,,,,,,,,,,
6,78049,,19125.671875,,0.004596111364662647,,0.45703125,,19125.671875,,17885.1484375,,0.58984375,,1476.3507080078125,,0.54296875,,17417.7421875,,0.58984375,,1472.104248046875,,256.0,,0.5758824348449707,,0.0,,,,,,,,,,,,,,
6,78099,,14871.93359375,,0.004763244651257992,,0.4296875,,14871.93359375,,13045.3310546875,,0.478515625,,1545.593017578125,,0.5703125,,13628.654296875,,0.474609375,,1524.288330078125,,256.0,,0.46268221735954285,,0.00390625,,,,,,,,,,,,,,
6,78149,,79147.5625,,0.005136347375810146,,0.53125,,79147.5625,,77518.03125,,0.5078125,,2089.520263671875,,0.46875,,76634.3203125,,0.5078125,,2053.238525390625,,256.0,,0.5463722944259644,,0.0078125,,,,,,,,,,,,,,
6,78199,,15750.2451171875,,0.0046041435562074184,,0.5625,,15750.2451171875,,14553.154296875,,0.546875,,1764.005859375,,0.4375,,13450.779296875,,0.55078125,,1732.550537109375,,256.0,,0.5203183889389038,,0.00390625,,,,,,,,,,,,,,
6,78249,,51514.86328125,,0.004792083986103535,,0.50390625,,51514.86328125,,49458.1953125,,0.63671875,,2061.74951171875,,0.49609375,,49456.3984375,,0.63671875,,2053.384765625,,256.0,,0.5928613543510437,,0.015625,,,,,,,,,,,,,,
6,78299,,63690.140625,,0.00493424478918314,,0.51953125,,63690.140625,,61789.71484375,,0.44921875,,2293.66845703125,,0.48046875,,61043.484375,,0.44921875,,2253.41259765625,,256.0,,0.46416133642196655,,0.01171875,,,,,,,,,,,,,,
6,78349,,55434.21875,,0.004696170333772898,,0.54296875,,55434.21875,,52873.07421875,,0.59375,,1976.11181640625,,0.45703125,,54058.79296875,,0.59375,,1960.45751953125,,256.0,,0.585342288017273,,0.00390625,,,,,,,,,,,,,,
6,78399,,77033.296875,,0.004614175297319889,,0.52734375,,77033.296875,,75430.46875,,0.65234375,,1870.38720703125,,0.47265625,,74922.125,,0.6484375,,1843.619384765625,,256.0,,0.585263729095459,,0.0078125,,,,,,,,,,,,,,
6,78449,,67165.53125,,0.005309445317834616,,0.46484375,,67165.53125,,65588.4921875,,0.4453125,,1900.3333740234375,,0.53515625,,64981.3125,,0.447265625,,1860.91845703125,,256.0,,0.4242240786552429,,0.00390625,,,,,,,,,,,,,,
6,78499,,18269.197265625,,0.004876072984188795,,0.47265625,,18269.197265625,,17330.4140625,,0.5703125,,1531.695068359375,,0.52734375,,16173.4658203125,,0.57421875,,1502.81982421875,,256.0,,0.5459075570106506,,0.0,,,,,,,,,,,,,,
6,78549,,41955.4140625,,0.004824598785489798,,0.484375,,41955.4140625,,39905.8125,,0.61328125,,1903.4825439453125,,0.515625,,40239.8828125,,0.609375,,1861.643798828125,,256.0,,0.5686312913894653,,0.00390625,,,,,,,,,,,,,,
6,78599,,14579.07421875,,0.004499126225709915,,0.484375,,14579.07421875,,13403.1728515625,,0.63671875,,1518.826171875,,0.515625,,12745.990234375,,0.63671875,,1490.15869140625,,256.0,,0.5841026306152344,,0.0,,,,,,,,,,,,,,
6,78649,,76593.828125,,0.004756631329655647,,0.4765625,,76593.828125,,74659.3203125,,0.62109375,,1968.6551513671875,,0.5234375,,74615.703125,,0.62109375,,1943.9774169921875,,256.0,,0.572778582572937,,0.01171875,,,,,,,,,,,,,,
6,78699,,102291.890625,,0.004626038484275341,,0.5390625,,102291.890625,,100713.84375,,0.58203125,,2154.60595703125,,0.4609375,,99604.859375,,0.58203125,,2110.47021484375,,256.0,,0.5594320297241211,,0.01171875,,,,,,,,,,,,,,
6,78749,,18804.125,,0.005005676299333572,,0.4921875,,18804.125,,17371.08984375,,0.5703125,,1713.111328125,,0.5078125,,16836.873046875,,0.5703125,,1687.173828125,,256.0,,0.6189183592796326,,0.0,,,,,,,,,,,,,,
6,78799,,56140.5078125,,0.0048711420968174934,,0.515625,,56140.5078125,,54565.015625,,0.578125,,1779.594970703125,,0.484375,,54213.0546875,,0.578125,,1723.349609375,,256.0,,0.559663712978363,,0.00390625,,,,,,,,,,,,,,
6,78849,,117816.578125,,0.004522894509136677,,0.5,,117816.578125,,115185.09375,,0.5078125,,2247.609375,,0.5,,115961.625,,0.50390625,,2238.837890625,,256.0,,0.47073838114738464,,0.01171875,,,,,,,,,,,,,,
6,78899,,15635.7138671875,,0.0047387005761265755,,0.48828125,,15635.7138671875,,14020.2119140625,,0.5625,,1608.0316162109375,,0.51171875,,14074.8466796875,,0.5625,,1568.3382568359375,,256.0,,0.5382678508758545,,0.0,,,,,,,,,,,,,,
6,78949,,53732.1796875,,0.004827674478292465,,0.47265625,,53732.1796875,,51713.96875,,0.71484375,,1982.7392578125,,0.52734375,,51829.93359375,,0.71484375,,1937.719482421875,,256.0,,0.7233299016952515,,0.00390625,,,,,,,,,,,,,,
6,78999,,11533.6826171875,,0.0045424229465425014,,0.48046875,,11533.6826171875,,9712.259765625,,0.609375,,1607.22216796875,,0.51953125,,10140.6630859375,,0.609375,,1607.2193603515625,,256.0,,0.5959192514419556,,0.0,,,,,,,,,,,,,,
6,79049,,15001.861328125,,0.004840662702918053,,0.5234375,,15001.861328125,,13196.822265625,,0.578125,,1471.906982421875,,0.4765625,,13877.9541015625,,0.57421875,,1457.0379638671875,,256.0,,0.5716466903686523,,0.0,,,,,,,,,,,,,,
6,79099,,42979.5234375,,0.004669615067541599,,0.546875,,42979.5234375,,41691.44140625,,0.5078125,,1743.6925048828125,,0.453125,,40813.0234375,,0.5078125,,1710.89013671875,,256.0,,0.5149989128112793,,0.00390625,,,,,,,,,,,,,,
6,79149,,22274.41796875,,0.004560097586363554,,0.5078125,,22274.41796875,,20754.453125,,0.494140625,,1904.280029296875,,0.4921875,,20041.568359375,,0.494140625,,1848.5367431640625,,256.0,,0.5295969247817993,,0.00390625,,,,,,,,,,,,,,
6,79199,,17229.794921875,,0.00461093382909894,,0.42578125,,17229.794921875,,16088.15625,,0.5078125,,1567.70166015625,,0.57421875,,15278.40234375,,0.50390625,,1525.330322265625,,256.0,,0.495307058095932,,0.0,,,,,,,,,,,,,,
6,79249,,61444.578125,,0.004930196329951286,,0.5234375,,61444.578125,,59334.4765625,,0.6796875,,2116.0048828125,,0.4765625,,59338.4375,,0.68359375,,2100.24267578125,,256.0,,0.6790580749511719,,0.0078125,,,,,,,,,,,,,,
6,79299,,19637.96875,,0.005085399374365807,,0.5234375,,19637.96875,,18290.408203125,,0.6015625,,1947.5103759765625,,0.4765625,,17124.828125,,0.59765625,,1913.192626953125,,256.0,,0.5758259296417236,,0.0078125,,,,,,,,,,,,,,
6,79349,,151865.546875,,0.004582712892442942,,0.515625,,151865.546875,,149190.34375,,0.71484375,,2323.005615234375,,0.484375,,149912.703125,,0.7109375,,2305.05029296875,,256.0,,0.6652201414108276,,0.01171875,,,,,,,,,,,,,,
6,79399,,14106.875,,0.0051601966843008995,,0.4921875,,14106.875,,12962.677734375,,0.50390625,,1626.20703125,,0.5078125,,12039.947265625,,0.49609375,,1584.918701171875,,256.0,,0.48678717017173767,,0.00390625,,,,,,,,,,,,,,
6,79449,,113957.5625,,0.004491161555051804,,0.48828125,,113957.5625,,111728.359375,,0.6015625,,2160.5146484375,,0.51171875,,111882.0234375,,0.60546875,,2144.221435546875,,256.0,,0.5876714587211609,,0.01171875,,,,,,,,,,,,,,
6,79499,,44796.53125,,0.004565419163554907,,0.546875,,44796.53125,,42462.0703125,,0.609375,,1990.2843017578125,,0.453125,,43170.109375,,0.609375,,1970.6019287109375,,256.0,,0.5545704364776611,,0.0078125,,,,,,,,,,,,,,
6,79549,,20574.134765625,,0.00478941947221756,,0.52734375,,20574.134765625,,19108.4296875,,0.7578125,,1734.311767578125,,0.47265625,,18603.94140625,,0.7578125,,1701.586669921875,,256.0,,0.7453265190124512,,0.0,,,,,,,,,,,,,,
6,79599,,18133.681640625,,0.004847768694162369,,0.515625,,18133.681640625,,15862.32421875,,0.61328125,,1943.8411865234375,,0.484375,,16545.98828125,,0.609375,,1915.2088623046875,,256.0,,0.6393049955368042,,0.0078125,,,,,,,,,,,,,,
6,79649,,48291.7578125,,0.0045373812317848206,,0.4375,,48291.7578125,,46989.140625,,0.44921875,,1812.511474609375,,0.5625,,46008.234375,,0.451171875,,1773.630126953125,,256.0,,0.454539954662323,,0.00390625,,,,,,,,,,,,,,
6,79699,,99112.875,,0.005050355102866888,,0.484375,,99112.875,,97903.4765625,,0.6015625,,2185.716064453125,,0.515625,,95976.859375,,0.60546875,,2159.690673828125,,256.0,,0.525388240814209,,0.0078125,,,,,,,,,,,,,,
6,79749,,17842.375,,0.005103298928588629,,0.5234375,,17842.375,,15795.376953125,,0.5625,,1723.2791748046875,,0.4765625,,16462.287109375,,0.5625,,1703.8056640625,,256.0,,0.5593447685241699,,0.0,,,,,,,,,,,,,,
6,79799,,101890.828125,,0.00465801078826189,,0.44921875,,101890.828125,,99505.5,,0.482421875,,2159.2314453125,,0.55078125,,99985.640625,,0.482421875,,2131.277099609375,,256.0,,0.4316781461238861,,0.01171875,,,,,,,,,,,,,,
6,79849,,12502.484375,,0.004796329420059919,,0.5078125,,12502.484375,,11079.4619140625,,0.609375,,1543.1304931640625,,0.4921875,,10872.0576171875,,0.60546875,,1510.319580078125,,256.0,,0.5453891754150391,,0.0,,,,,,,,,,,,,,
6,79899,,15996.146484375,,0.00505180936306715,,0.50390625,,15996.146484375,,14402.0654296875,,0.4921875,,1666.785888671875,,0.49609375,,14292.8837890625,,0.4921875,,1630.558837890625,,256.0,,0.5442124605178833,,0.0,,,,,,,,,,,,,,
6,79949,,12142.4296875,,0.004529223777353764,,0.4453125,,12142.4296875,,10575.625,,0.6640625,,1613.4127197265625,,0.5546875,,10498.4541015625,,0.6640625,,1597.365966796875,,256.0,,0.6004287600517273,,0.00390625,,,,,,,,,,,,,,
6,79999,,107243.71875,,0.004559376742690802,,0.51953125,,107243.71875,,105270.53125,,0.63671875,,2184.4091796875,,0.48046875,,104879.1328125,,0.63671875,,2153.37646484375,,256.0,,0.6012598276138306,,0.015625,,,,,,,,,,,,,,
6,80049,,74106.40625,,0.004971186630427837,,0.49609375,,74106.40625,,72592.609375,,0.5234375,,1883.682373046875,,0.50390625,,71882.125,,0.5234375,,1854.3992919921875,,256.0,,0.49355053901672363,,0.0078125,,,,,,,,,,,,,,
6,80099,,16040.669921875,,0.004568891134113073,,0.46484375,,16040.669921875,,14678.8876953125,,0.70703125,,1637.765380859375,,0.53515625,,14160.126953125,,0.70703125,,1604.55810546875,,256.0,,0.6866762042045593,,0.00390625,,,,,,,,,,,,,,
6,80149,,11861.376953125,,0.005587545223534107,,0.46875,,11861.376953125,,10406.8798828125,,0.484375,,1667.941162109375,,0.53125,,10012.9326171875,,0.486328125,,1634.99951171875,,256.0,,0.47301310300827026,,0.0,,,,,,,,,,,,,,
6,80199,,53895.328125,,0.004691999405622482,,0.4921875,,53895.328125,,52470.91015625,,0.59765625,,1950.677001953125,,0.5078125,,51437.06640625,,0.59765625,,1932.001220703125,,256.0,,0.625686526298523,,0.01171875,,,,,,,,,,,,,,
6,80249,,14777.4453125,,0.004742211662232876,,0.5078125,,14777.4453125,,13066.60546875,,0.73828125,,1675.318115234375,,0.4921875,,13178.404296875,,0.73828125,,1634.562255859375,,256.0,,0.6760416030883789,,0.0,,,,,,,,,,,,,,
6,80299,,11711.359375,,0.004972386639565229,,0.46875,,11711.359375,,9753.955078125,,0.62109375,,1684.403564453125,,0.53125,,10325.1435546875,,0.62109375,,1659.216552734375,,256.0,,0.6244429349899292,,0.00390625,,,,,,,,,,,,,,
6,80349,,84193.96875,,0.005844508297741413,,0.5078125,,84193.96875,,81598.8203125,,0.6796875,,2126.921875,,0.4921875,,82573.0859375,,0.6796875,,2089.11083984375,,256.0,,0.674675703048706,,0.0078125,,,,,,,,,,,,,,
6,80399,,63827.5234375,,0.004497800022363663,,0.515625,,63827.5234375,,61205.13671875,,0.58203125,,2023.2857666015625,,0.484375,,62405.16015625,,0.58203125,,2021.4671630859375,,256.0,,0.5648959875106812,,0.00390625,,,,,,,,,,,,,,
6,80449,,92054.2734375,,0.004853836260735989,,0.484375,,92054.2734375,,89689.09375,,0.60546875,,2079.94921875,,0.515625,,90291.2265625,,0.60546875,,2048.2763671875,,256.0,,0.5518882274627686,,0.01171875,,,,,,,,,,,,,,
6,80499,,133907.25,,0.004896953236311674,,0.46484375,,133907.25,,132400.09375,,0.671875,,2412.5625,,0.53515625,,130638.6640625,,0.671875,,2363.1806640625,,256.0,,0.604896068572998,,0.015625,,,,,,,,,,,,,,
6,80549,,68556.234375,,0.0048034824430942535,,0.44140625,,68556.234375,,66538.421875,,0.57421875,,1914.142333984375,,0.55859375,,66763.78125,,0.578125,,1896.1309814453125,,256.0,,0.5729028582572937,,0.00390625,,,,,,,,,,,,,,
6,80599,,16704.03515625,,0.005847569555044174,,0.48046875,,16704.03515625,,14395.9462890625,,0.5703125,,1669.3358154296875,,0.51953125,,15702.666015625,,0.5703125,,1640.123046875,,256.0,,0.5991148948669434,,0.0,,,,,,,,,,,,,,
6,80649,,101896.59375,,0.005047104321420193,,0.4765625,,101896.59375,,99783.6328125,,0.59375,,2158.81640625,,0.5234375,,99722.96875,,0.59375,,2127.75439453125,,256.0,,0.619821310043335,,0.0078125,,,,,,,,,,,,,,
6,80699,,53920.9296875,,0.004697504919022322,,0.43359375,,53920.9296875,,52350.3828125,,0.65625,,1861.7200927734375,,0.56640625,,51779.55078125,,0.65625,,1850.2120361328125,,256.0,,0.6481536626815796,,0.00390625,,,,,,,,,,,,,,
6,80749,,57917.4765625,,0.004831222351640463,,0.52734375,,57917.4765625,,56492.98828125,,0.5703125,,2078.84326171875,,0.47265625,,55240.71484375,,0.56640625,,2022.40185546875,,256.0,,0.587203860282898,,0.0078125,,,,,,,,,,,,,,
6,80799,,14656.1083984375,,0.004442432429641485,,0.4609375,,14656.1083984375,,13445.248046875,,0.6484375,,1744.0960693359375,,0.5390625,,12409.1884765625,,0.65234375,,1713.68408203125,,256.0,,0.5913805365562439,,0.00390625,,,,,,,,,,,,,,
6,80849,,14949.54296875,,0.005193094722926617,,0.5078125,,14949.54296875,,13063.02734375,,0.6015625,,1789.276123046875,,0.4921875,,13275.498046875,,0.6015625,,1771.28369140625,,256.0,,0.5778860449790955,,0.00390625,,,,,,,,,,,,,,
6,80899,,49759.09375,,0.004805303644388914,,0.54296875,,49759.09375,,48046.02734375,,0.625,,1841.3717041015625,,0.45703125,,47823.03515625,,0.625,,1807.755615234375,,256.0,,0.5875532627105713,,0.00390625,,,,,,,,,,,,,,
6,80949,,13249.58984375,,0.004927337169647217,,0.51171875,,13249.58984375,,11429.96484375,,0.609375,,1784.5205078125,,0.48828125,,11521.087890625,,0.609375,,1763.606689453125,,256.0,,0.5817709565162659,,0.00390625,,,,,,,,,,,,,,
6,80999,,13079.0625,,0.004830304067581892,,0.5,,13079.0625,,11852.1396484375,,0.5546875,,1720.040771484375,,0.5,,10905.9345703125,,0.5546875,,1680.009765625,,256.0,,0.5297479033470154,,0.0078125,,,,,,,,,,,,,,
6,81049,,13680.62109375,,0.00470535084605217,,0.4921875,,13680.62109375,,11884.091796875,,0.490234375,,1944.042236328125,,0.5078125,,11605.3876953125,,0.48828125,,1927.7210693359375,,256.0,,0.5084351897239685,,0.0078125,,,,,,,,,,,,,,
6,81099,,13066.4052734375,,0.0046946885995566845,,0.515625,,13066.4052734375,,11526.474609375,,0.5078125,,1580.6011962890625,,0.484375,,11480.5322265625,,0.50390625,,1545.20263671875,,256.0,,0.4741535186767578,,0.0,,,,,,,,,,,,,,
6,81149,,14896.87109375,,0.0049714501947164536,,0.5390625,,14896.87109375,,13612.6923828125,,0.6328125,,1649.4140625,,0.4609375,,12926.404296875,,0.62890625,,1605.231689453125,,256.0,,0.6150788068771362,,0.00390625,,,,,,,,,,,,,,
6,81199,,14036.54296875,,0.0051234206184744835,,0.546875,,14036.54296875,,12914.90234375,,0.55078125,,1454.2789306640625,,0.453125,,12288.3583984375,,0.55078125,,1415.5469970703125,,256.0,,0.5231426358222961,,0.0,,,,,,,,,,,,,,
6,81249,,19796.96875,,0.004703613929450512,,0.48828125,,19796.96875,,18656.853515625,,0.65625,,1666.5380859375,,0.51171875,,17665.279296875,,0.65234375,,1605.266357421875,,256.0,,0.5684603452682495,,0.0,,,,,,,,,,,,,,
6,81299,,55889.1171875,,0.004665897227823734,,0.49609375,,55889.1171875,,53688.56640625,,0.703125,,1947.028564453125,,0.50390625,,54209.91015625,,0.703125,,1932.731689453125,,256.0,,0.6701123714447021,,0.0078125,,,,,,,,,,,,,,
6,81349,,14391.9970703125,,0.004661069251596928,,0.4765625,,14391.9970703125,,13449.83984375,,0.55859375,,1554.718017578125,,0.5234375,,12238.5029296875,,0.55859375,,1540.9339599609375,,256.0,,0.5245984792709351,,0.0,,,,,,,,,,,,,,
6,81399,,52404.0703125,,0.0044857654720544815,,0.4765625,,52404.0703125,,51097.70703125,,0.62109375,,1764.8360595703125,,0.5234375,,50220.7421875,,0.62109375,,1724.8564453125,,256.0,,0.5863369703292847,,0.0078125,,,,,,,,,,,,,,
6,81449,,13808.662109375,,0.004736403934657574,,0.5,,13808.662109375,,12315.53515625,,0.5390625,,1691.9644775390625,,0.5,,11957.3662109375,,0.5390625,,1652.45703125,,256.0,,0.5533984899520874,,0.0,,,,,,,,,,,,,,
6,81499,,52447.16796875,,0.005139102227985859,,0.4765625,,52447.16796875,,50400.5,,0.5625,,1717.6048583984375,,0.5234375,,51075.30078125,,0.56640625,,1700.92919921875,,256.0,,0.5505689382553101,,0.00390625,,,,,,,,,,,,,,
6,81549,,17836.26171875,,0.0048929257318377495,,0.50390625,,17836.26171875,,15948.29296875,,0.578125,,1588.7579345703125,,0.49609375,,16551.078125,,0.578125,,1584.391845703125,,256.0,,0.5905478000640869,,0.0,,,,,,,,,,,,,,
6,81599,,11042.072265625,,0.00559969013556838,,0.48828125,,11042.072265625,,9843.97265625,,0.58203125,,1507.11279296875,,0.51171875,,9280.3525390625,,0.58203125,,1452.705810546875,,256.0,,0.5696766972541809,,0.0,,,,,,,,,,,,,,
6,81649,,41581.5,,0.004679667763411999,,0.5546875,,41581.5,,39684.58203125,,0.734375,,1716.9842529296875,,0.4453125,,40057.0625,,0.73046875,,1704.367919921875,,256.0,,0.6941777467727661,,0.00390625,,,,,,,,,,,,,,
6,81699,,18210.5234375,,0.004672378301620483,,0.4453125,,18210.5234375,,16973.125,,0.578125,,1880.205078125,,0.5546875,,15716.330078125,,0.578125,,1851.3896484375,,256.0,,0.6023997068405151,,0.01171875,,,,,,,,,,,,,,
6,81749,,13637.2001953125,,0.0044881440699100494,,0.4375,,13637.2001953125,,12109.27734375,,0.69921875,,1541.1484375,,0.5625,,12104.8212890625,,0.6953125,,1519.15283203125,,256.0,,0.6375019550323486,,0.0,,,,,,,,,,,,,,
6,81799,,44970.3984375,,0.004653876647353172,,0.51171875,,44970.3984375,,43279.71484375,,0.671875,,1822.602294921875,,0.48828125,,43031.19140625,,0.671875,,1807.2841796875,,256.0,,0.6385432481765747,,0.00390625,,,,,,,,,,,,,,
6,81849,,185668.09375,,0.0050246561877429485,,0.50390625,,185668.09375,,182527.28125,,0.462890625,,2596.534423828125,,0.49609375,,183617.078125,,0.4609375,,2595.291748046875,,256.0,,0.4503372609615326,,0.01171875,,,,,,,,,,,,,,
6,81899,,12980.1484375,,0.004557217471301556,,0.52734375,,12980.1484375,,11145.8515625,,0.61328125,,1568.7158203125,,0.47265625,,11687.9052734375,,0.61328125,,1557.82275390625,,256.0,,0.5698593854904175,,0.0,,,,,,,,,,,,,,
6,81949,,18033.583984375,,0.00500069372355938,,0.43359375,,18033.583984375,,16533.072265625,,0.48046875,,1842.845458984375,,0.56640625,,15890.185546875,,0.478515625,,1801.0645751953125,,256.0,,0.4502902030944824,,0.0,,,,,,,,,,,,,,
6,81999,,96964.421875,,0.005171141587197781,,0.45703125,,96964.421875,,94392.25,,0.4609375,,2086.607421875,,0.54296875,,95375.390625,,0.4609375,,2074.6044921875,,256.0,,0.4674335718154907,,0.0078125,,,,,,,,,,,,,,
6,82049,,13818.58984375,,0.004944594576954842,,0.515625,,13818.58984375,,11901.71484375,,0.447265625,,1778.9697265625,,0.484375,,12212.359375,,0.44921875,,1744.1365966796875,,256.0,,0.45531973242759705,,0.00390625,,,,,,,,,,,,,,
6,82099,,48964.984375,,0.004607559647411108,,0.46875,,48964.984375,,47474.55859375,,0.62890625,,1812.896484375,,0.53125,,46863.6328125,,0.625,,1778.8841552734375,,256.0,,0.6235905885696411,,0.0078125,,,,,,,,,,,,,,
6,82149,,64071.71875,,0.004913236014544964,,0.484375,,64071.71875,,61852.25,,0.5234375,,1883.962158203125,,0.515625,,62552.22265625,,0.51953125,,1855.002197265625,,256.0,,0.49906671047210693,,0.00390625,,,,,,,,,,,,,,
6,82199,,13286.826171875,,0.0047933561727404594,,0.5625,,13286.826171875,,12016.9501953125,,0.6015625,,1609.7056884765625,,0.4375,,11395.998046875,,0.60546875,,1550.996826171875,,256.0,,0.551819920539856,,0.0,,,,,,,,,,,,,,
6,82249,,80525.0859375,,0.0048714615404605865,,0.4453125,,80525.0859375,,78847.6953125,,0.59375,,2040.2386474609375,,0.5546875,,78160.796875,,0.58984375,,2001.43798828125,,256.0,,0.5946845412254333,,0.01171875,,,,,,,,,,,,,,
6,82299,,62586.3828125,,0.004641151987016201,,0.46875,,62586.3828125,,61375.78125,,0.390625,,1774.9656982421875,,0.53125,,60269.5703125,,0.392578125,,1752.452392578125,,256.0,,0.39514899253845215,,0.00390625,,,,,,,,,,,,,,
6,82349,,11849.634765625,,0.004266891162842512,,0.48828125,,11849.634765625,,10538.2265625,,0.498046875,,1637.0106201171875,,0.51171875,,9908.7783203125,,0.5,,1615.2545166015625,,256.0,,0.4890900254249573,,0.00390625,,,,,,,,,,,,,,
6,82399,,13358.3955078125,,0.004690259695053101,,0.5,,13358.3955078125,,11760.638671875,,0.65625,,1787.437255859375,,0.5,,11427.46484375,,0.65234375,,1741.249755859375,,256.0,,0.6399094462394714,,0.0078125,,,,,,,,,,,,,,
6,82449,,52825.78125,,0.004949863068759441,,0.51171875,,52825.78125,,51525.046875,,0.53515625,,1786.75830078125,,0.48828125,,50589.56640625,,0.53515625,,1750.18603515625,,256.0,,0.5387443900108337,,0.00390625,,,,,,,,,,,,,,
6,82499,,15560.42578125,,0.0049747806042432785,,0.5,,15560.42578125,,14212.6181640625,,0.55859375,,1668.0933837890625,,0.5,,13601.408203125,,0.55859375,,1638.730224609375,,256.0,,0.5752301812171936,,0.0,,,,,,,,,,,,,,
6,82549,,165771.84375,,0.004534014500677586,,0.50390625,,165771.84375,,163872.5625,,0.55859375,,2559.87451171875,,0.49609375,,162601.0625,,0.5546875,,2510.18798828125,,256.0,,0.555099368095398,,0.01953125,,,,,,,,,,,,,,
6,82599,,98628.359375,,0.00486832857131958,,0.4609375,,98628.359375,,96952.453125,,0.546875,,1941.184326171875,,0.5390625,,96463.0,,0.546875,,1900.087646484375,,256.0,,0.53902667760849,,0.0078125,,,,,,,,,,,,,,
6,82649,,14976.40625,,0.004551957361400127,,0.5,,14976.40625,,13312.5771484375,,0.62890625,,1827.75927734375,,0.5,,13021.3974609375,,0.625,,1791.077880859375,,256.0,,0.6191234588623047,,0.00390625,,,,,,,,,,,,,,
6,82699,,53588.828125,,0.004725099541246891,,0.4921875,,53588.828125,,51873.53125,,0.5859375,,1785.72900390625,,0.5078125,,51727.015625,,0.5859375,,1791.3775634765625,,256.0,,0.5903660655021667,,0.00390625,,,,,,,,,,,,,,
6,82749,,17234.197265625,,0.005175941623747349,,0.50390625,,17234.197265625,,15151.755859375,,0.57421875,,1630.67333984375,,0.49609375,,16076.1357421875,,0.5703125,,1609.8287353515625,,256.0,,0.5250192880630493,,0.0,,,,,,,,,,,,,,
6,82799,,16176.763671875,,0.004650376737117767,,0.5234375,,16176.763671875,,14635.8466796875,,0.458984375,,1444.13330078125,,0.4765625,,14850.3017578125,,0.458984375,,1423.244384765625,,256.0,,0.4563518464565277,,0.0,,,,,,,,,,,,,,
6,82849,,97695.2109375,,0.004744905978441238,,0.5,,97695.2109375,,95475.75,,0.4453125,,2257.888427734375,,0.5,,95420.1640625,,0.443359375,,2236.61865234375,,256.0,,0.4390893876552582,,0.01171875,,,,,,,,,,,,,,
6,82899,,10350.587890625,,0.0048340014182031155,,0.50390625,,10350.587890625,,8344.3662109375,,0.609375,,1676.7001953125,,0.49609375,,9053.125,,0.609375,,1626.98388671875,,256.0,,0.6565262079238892,,0.0,,,,,,,,,,,,,,
6,82949,,53974.4765625,,0.0046153985895216465,,0.51171875,,53974.4765625,,52092.0078125,,0.45703125,,1863.77734375,,0.48828125,,52143.33203125,,0.455078125,,1849.830322265625,,256.0,,0.45738157629966736,,0.00390625,,,,,,,,,,,,,,
6,82999,,47208.640625,,0.004729125648736954,,0.5546875,,47208.640625,,44927.1796875,,0.51171875,,1855.160400390625,,0.4453125,,45827.39453125,,0.51171875,,1807.549560546875,,256.0,,0.48321229219436646,,0.00390625,,,,,,,,,,,,,,
6,83049,,13278.04296875,,0.004593582358211279,,0.51171875,,13278.04296875,,11289.2255859375,,0.61328125,,1803.4261474609375,,0.48828125,,11658.203125,,0.61328125,,1805.23046875,,256.0,,0.6111960411071777,,0.00390625,,,,,,,,,,,,,,
6,83099,,14340.0927734375,,0.004627756308764219,,0.546875,,14340.0927734375,,12465.7158203125,,0.53125,,1718.7001953125,,0.453125,,12792.392578125,,0.53125,,1703.37646484375,,256.0,,0.5146012306213379,,0.00390625,,,,,,,,,,,,,,
6,83149,,16353.451171875,,0.00531527167186141,,0.46875,,16353.451171875,,14809.2119140625,,0.447265625,,1621.096923828125,,0.53125,,14704.7734375,,0.4453125,,1571.82080078125,,256.0,,0.4437790811061859,,0.0,,,,,,,,,,,,,,
6,83199,,12050.30859375,,0.00473830895498395,,0.53515625,,12050.30859375,,10578.3408203125,,0.66796875,,1513.69189453125,,0.46484375,,10521.5673828125,,0.6640625,,1487.015380859375,,256.0,,0.5991297364234924,,0.0,,,,,,,,,,,,,,
6,83249,,13866.45703125,,0.0048808446153998375,,0.51953125,,13866.45703125,,12185.02734375,,0.546875,,1624.230712890625,,0.48046875,,12345.7451171875,,0.55078125,,1577.909912109375,,256.0,,0.5424435138702393,,0.00390625,,,,,,,,,,,,,,
6,83299,,37884.44140625,,0.004944603890180588,,0.515625,,37884.44140625,,35892.98046875,,0.6640625,,1776.101318359375,,0.484375,,36355.78125,,0.66015625,,1744.01953125,,256.0,,0.6812280416488647,,0.0078125,,,,,,,,,,,,,,
6,83349,,58664.8125,,0.004585452377796173,,0.515625,,58664.8125,,56942.0,,0.515625,,1843.42138671875,,0.484375,,56729.41796875,,0.51171875,,1814.78515625,,256.0,,0.562105119228363,,0.00390625,,,,,,,,,,,,,,
6,83399,,85678.484375,,0.004680153913795948,,0.46875,,85678.484375,,83052.78125,,0.6015625,,2051.45849609375,,0.53125,,84212.7890625,,0.6015625,,2039.9310302734375,,256.0,,0.6425401568412781,,0.0078125,,,,,,,,,,,,,,
6,83449,,60645.45703125,,0.0048012020997703075,,0.51953125,,60645.45703125,,59588.9609375,,0.51171875,,1845.42822265625,,0.48046875,,58046.41796875,,0.51171875,,1810.104248046875,,256.0,,0.4959038197994232,,0.00390625,,,,,,,,,,,,,,
6,83499,,55154.859375,,0.004959973506629467,,0.51953125,,55154.859375,,53172.58203125,,0.3515625,,2149.58447265625,,0.48046875,,52886.5859375,,0.353515625,,2100.961669921875,,256.0,,0.3485179543495178,,0.0078125,,,,,,,,,,,,,,
6,83549,,18444.99609375,,0.004690226167440414,,0.51171875,,18444.99609375,,17056.52734375,,0.61328125,,1641.32568359375,,0.48828125,,16609.486328125,,0.61328125,,1582.6524658203125,,256.0,,0.5557675957679749,,0.0,,,,,,,,,,,,,,
6,83599,,16401.95703125,,0.004886860027909279,,0.5078125,,16401.95703125,,15705.6806640625,,0.671875,,1718.385986328125,,0.4921875,,13712.9912109375,,0.671875,,1666.857177734375,,256.0,,0.6527310609817505,,0.00390625,,,,,,,,,,,,,,
6,83649,,13605.119140625,,0.005255899392068386,,0.53515625,,13605.119140625,,12124.3623046875,,0.57421875,,1526.461669921875,,0.46484375,,12068.5703125,,0.578125,,1490.8443603515625,,256.0,,0.5695260167121887,,0.0,,,,,,,,,,,,,,
6,83699,,16792.2265625,,0.004623629152774811,,0.52734375,,16792.2265625,,15068.6767578125,,0.39453125,,1699.475830078125,,0.47265625,,15129.916015625,,0.39453125,,1686.3875732421875,,256.0,,0.4019920825958252,,0.00390625,,,,,,,,,,,,,,
6,83749,,75728.1015625,,0.004990848712623119,,0.484375,,75728.1015625,,73667.3359375,,0.490234375,,2221.423828125,,0.515625,,73366.6875,,0.494140625,,2200.76123046875,,256.0,,0.45691347122192383,,0.0078125,,,,,,,,,,,,,,
6,83799,,68315.2109375,,0.004728865809738636,,0.45703125,,68315.2109375,,66147.2109375,,0.55859375,,1861.671142578125,,0.54296875,,66775.03125,,0.55859375,,1846.5108642578125,,256.0,,0.5062806010246277,,0.00390625,,,,,,,,,,,,,,
6,83849,,13160.98828125,,0.004734985064715147,,0.48046875,,13160.98828125,,11214.712890625,,0.64453125,,2128.153564453125,,0.51953125,,10857.248046875,,0.64453125,,2121.861328125,,256.0,,0.6441622972488403,,0.0078125,,,,,,,,,,,,,,
6,83899,,13487.8671875,,0.004779144190251827,,0.5390625,,13487.8671875,,11467.251953125,,0.58984375,,1892.8336181640625,,0.4609375,,11747.400390625,,0.58984375,,1868.2474365234375,,256.0,,0.5632961988449097,,0.0078125,,,,,,,,,,,,,,
6,83949,,19334.041015625,,0.004451299086213112,,0.5078125,,19334.041015625,,17971.173828125,,0.515625,,1632.7760009765625,,0.4921875,,17457.921875,,0.515625,,1606.210693359375,,256.0,,0.5067650675773621,,0.0,,,,,,,,,,,,,,
6,83999,,84161.8359375,,0.005418288521468639,,0.5,,84161.8359375,,82058.21875,,0.494140625,,2155.049560546875,,0.5,,82012.046875,,0.4921875,,2098.361083984375,,256.0,,0.4824236333370209,,0.0078125,,,,,,,,,,,,,,
6,84049,,105118.3125,,0.004571831785142422,,0.51953125,,105118.3125,,103152.046875,,0.5859375,,2221.2998046875,,0.48046875,,102660.8671875,,0.5859375,,2202.40478515625,,256.0,,0.533495306968689,,0.01171875,,,,,,,,,,,,,,
6,84099,,53507.18359375,,0.004577277228236198,,0.51171875,,53507.18359375,,51415.30078125,,0.609375,,2160.765380859375,,0.48828125,,51299.3046875,,0.60546875,,2138.995849609375,,256.0,,0.5924744606018066,,0.015625,,,,,,,,,,,,,,
6,84149,,14378.55078125,,0.0051706405356526375,,0.4765625,,14378.55078125,,12457.0380859375,,0.5390625,,1726.1510009765625,,0.5234375,,12857.2119140625,,0.54296875,,1716.69921875,,256.0,,0.5337163209915161,,0.0,,,,,,,,,,,,,,
6,84199,,89946.671875,,0.005022834055125713,,0.51953125,,89946.671875,,87808.546875,,0.55859375,,2152.541015625,,0.48046875,,87834.140625,,0.55859375,,2098.125,,256.0,,0.5717261433601379,,0.0078125,,,,,,,,,,,,,,
6,84249,,53094.9765625,,0.004562645219266415,,0.515625,,53094.9765625,,51748.6640625,,0.59765625,,1797.7908935546875,,0.484375,,50891.8046875,,0.59765625,,1751.69189453125,,256.0,,0.5925904512405396,,0.00390625,,,,,,,,,,,,,,
6,84299,,14286.78515625,,0.005028390791267157,,0.5,,14286.78515625,,12189.55078125,,0.60546875,,2110.6416015625,,0.5,,12195.25390625,,0.60546875,,2078.124755859375,,256.0,,0.5930261015892029,,0.00390625,,,,,,,,,,,,,,
6,84349,,12703.35546875,,0.004962840583175421,,0.515625,,12703.35546875,,11270.2431640625,,0.462890625,,1588.417236328125,,0.484375,,10988.3994140625,,0.4609375,,1559.652587890625,,256.0,,0.4609217047691345,,0.0,,,,,,,,,,,,,,
6,84399,,18028.73828125,,0.004651818424463272,,0.48828125,,18028.73828125,,16777.1015625,,0.68359375,,1566.12841796875,,0.51171875,,16194.033203125,,0.6796875,,1520.2119140625,,256.0,,0.6385669708251953,,0.0,,,,,,,,,,,,,,
6,84449,,15938.3046875,,0.004749460145831108,,0.546875,,15938.3046875,,14163.818359375,,0.6328125,,1544.2808837890625,,0.453125,,14643.5654296875,,0.62890625,,1524.9454345703125,,256.0,,0.6106199026107788,,0.0,,,,,,,,,,,,,,
6,84499,,14310.982421875,,0.004828566685318947,,0.47265625,,14310.982421875,,12521.8896484375,,0.404296875,,1733.341064453125,,0.52734375,,12653.544921875,,0.40234375,,1713.188720703125,,256.0,,0.42921194434165955,,0.00390625,,,,,,,,,,,,,,
6,84549,,13078.697265625,,0.004762136377394199,,0.484375,,13078.697265625,,12168.9033203125,,0.56640625,,1550.833984375,,0.515625,,10914.4736328125,,0.5625,,1523.1842041015625,,256.0,,0.5350639820098877,,0.0,,,,,,,,,,,,,,
6,84599,,18432.06640625,,0.004820086061954498,,0.52734375,,18432.06640625,,17095.26171875,,0.39453125,,1598.032470703125,,0.47265625,,16599.271484375,,0.39453125,,1571.5662841796875,,256.0,,0.4158902168273926,,0.0,,,,,,,,,,,,,,
6,84649,,113798.9609375,,0.005111226346343756,,0.55859375,,113798.9609375,,111836.3203125,,0.55078125,,2550.7255859375,,0.44140625,,110714.8359375,,0.55078125,,2496.0380859375,,256.0,,0.4917294979095459,,0.01953125,,,,,,,,,,,,,,
6,84699,,58845.53125,,0.005000540986657143,,0.4921875,,58845.53125,,57122.171875,,0.494140625,,1824.3802490234375,,0.5078125,,56930.26171875,,0.490234375,,1814.25,,256.0,,0.4975687861442566,,0.00390625,,,,,,,,,,,,,,
6,84749,,15166.841796875,,0.004492731764912605,,0.48046875,,15166.841796875,,14377.9072265625,,0.5078125,,1594.9755859375,,0.51953125,,12800.037109375,,0.50390625,,1560.76318359375,,256.0,,0.4763333797454834,,0.0,,,,,,,,,,,,,,
6,84799,,14109.375,,0.0049731433391571045,,0.4921875,,14109.375,,12266.0537109375,,0.66796875,,1728.020751953125,,0.5078125,,12543.2802734375,,0.671875,,1681.3963623046875,,256.0,,0.6061885356903076,,0.00390625,,,,,,,,,,,,,,
6,84849,,65082.1015625,,0.004739413969218731,,0.51953125,,65082.1015625,,63044.0,,0.62109375,,2282.95361328125,,0.48046875,,62559.11328125,,0.62109375,,2278.140625,,256.0,,0.5626339912414551,,0.01171875,,,,,,,,,,,,,,
6,84899,,59739.125,,0.004832074977457523,,0.48046875,,59739.125,,57495.640625,,0.5546875,,1912.233154296875,,0.51953125,,58167.8359375,,0.5546875,,1902.534423828125,,256.0,,0.540958821773529,,0.0078125,,,,,,,,,,,,,,
6,84949,,47198.53125,,0.004664910025894642,,0.4765625,,47198.53125,,45630.015625,,0.32421875,,1814.829833984375,,0.5234375,,45178.12890625,,0.326171875,,1774.093505859375,,256.0,,0.3318890333175659,,0.00390625,,,,,,,,,,,,,,
6,84999,,13596.087890625,,0.00452012475579977,,0.51953125,,13596.087890625,,12347.1572265625,,0.57421875,,1406.645263671875,,0.48046875,,12055.3330078125,,0.5703125,,1383.039306640625,,256.0,,0.5534727573394775,,0.0,,,,,,,,,,,,,,
6,85049,,11299.12890625,,0.005042362026870251,,0.4453125,,11299.12890625,,9077.345703125,,0.64453125,,2066.254150390625,,0.5546875,,9410.09765625,,0.64453125,,2044.56005859375,,256.0,,0.6291624903678894,,0.01171875,,,,,,,,,,,,,,
6,85099,,53480.83984375,,0.004473177250474691,,0.49609375,,53480.83984375,,51823.796875,,0.42578125,,1622.1322021484375,,0.50390625,,51919.8359375,,0.427734375,,1595.913818359375,,256.0,,0.4333624839782715,,0.00390625,,,,,,,,,,,,,,
6,85149,,23048.71875,,0.005141071975231171,,0.54296875,,23048.71875,,21417.28515625,,0.55078125,,1758.1387939453125,,0.45703125,,21197.220703125,,0.546875,,1724.791259765625,,256.0,,0.5551828145980835,,0.0,,,,,,,,,,,,,,
6,85199,,10771.40234375,,0.004721829202026129,,0.41015625,,10771.40234375,,9065.1435546875,,0.3671875,,1581.296142578125,,0.58984375,,9318.5615234375,,0.37109375,,1577.804443359375,,256.0,,0.3812617063522339,,0.0,,,,,,,,,,,,,,
6,85249,,50950.59375,,0.004780225921422243,,0.4765625,,50950.59375,,49420.28125,,0.484375,,1736.01220703125,,0.5234375,,49024.22265625,,0.482421875,,1720.671630859375,,256.0,,0.46537941694259644,,0.00390625,,,,,,,,,,,,,,
6,85299,,12421.97265625,,0.004894951358437538,,0.47265625,,12421.97265625,,10396.2744140625,,0.59765625,,1616.79736328125,,0.52734375,,11208.3720703125,,0.6015625,,1622.5006103515625,,256.0,,0.5410622954368591,,0.0,,,,,,,,,,,,,,
6,85349,,53484.7734375,,0.004967383109033108,,0.5078125,,53484.7734375,,51071.421875,,0.4296875,,2212.618408203125,,0.4921875,,51495.12890625,,0.431640625,,2190.3740234375,,256.0,,0.4030594825744629,,0.01171875,,,,,,,,,,,,,,
6,85399,,14846.19140625,,0.005139981396496296,,0.4765625,,14846.19140625,,13780.9951171875,,0.5859375,,1597.3565673828125,,0.5234375,,12743.8046875,,0.58984375,,1570.2255859375,,256.0,,0.5524091720581055,,0.0,,,,,,,,,,,,,,
6,85449,,18540.05859375,,0.00450655585154891,,0.49609375,,18540.05859375,,16884.638671875,,0.58203125,,1660.46728515625,,0.50390625,,16893.693359375,,0.578125,,1641.31689453125,,256.0,,0.5576831102371216,,0.00390625,,,,,,,,,,,,,,
6,85499,,83579.84375,,0.004677733406424522,,0.51953125,,83579.84375,,81061.3203125,,0.50390625,,2004.2432861328125,,0.48046875,,82110.078125,,0.5078125,,1984.0419921875,,256.0,,0.5074036121368408,,0.01171875,,,,,,,,,,,,,,
6,85549,,14349.857421875,,0.004688320215791464,,0.51953125,,14349.857421875,,12738.09375,,0.6484375,,1700.5843505859375,,0.48046875,,12574.8427734375,,0.6484375,,1686.193603515625,,256.0,,0.6002415418624878,,0.00390625,,,,,,,,,,,,,,
6,85599,,71014.234375,,0.004191331099718809,,0.546875,,71014.234375,,68605.40625,,0.416015625,,2051.019775390625,,0.453125,,69337.2734375,,0.41796875,,2034.7611083984375,,256.0,,0.42691051959991455,,0.01171875,,,,,,,,,,,,,,
6,85649,,11020.3916015625,,0.0051093935035169125,,0.5234375,,11020.3916015625,,9435.166015625,,0.458984375,,1572.6142578125,,0.4765625,,9483.5634765625,,0.458984375,,1549.439453125,,256.0,,0.4304219186306,,0.0,,,,,,,,,,,,,,
6,85699,,18412.08984375,,0.004898484796285629,,0.47265625,,18412.08984375,,16153.4169921875,,0.60546875,,1576.6873779296875,,0.52734375,,17527.8828125,,0.60546875,,1566.191162109375,,256.0,,0.5726014375686646,,0.0,,,,,,,,,,,,,,
6,85749,,46910.3515625,,0.0048054843209683895,,0.46484375,,46910.3515625,,45188.31640625,,0.5,,1731.21435546875,,0.53515625,,45231.16796875,,0.50390625,,1670.00927734375,,256.0,,0.4873974323272705,,0.00390625,,,,,,,,,,,,,,
6,85799,,158923.203125,,0.004661119543015957,,0.5234375,,158923.203125,,156060.8125,,0.482421875,,2537.326171875,,0.4765625,,156730.171875,,0.484375,,2518.08984375,,256.0,,0.4831100106239319,,0.01171875,,,,,,,,,,,,,,
6,85849,,10760.046875,,0.004632577300071716,,0.50390625,,10760.046875,,8973.515625,,0.54296875,,1507.36328125,,0.49609375,,9548.529296875,,0.54296875,,1490.686279296875,,256.0,,0.5168906450271606,,0.0,,,,,,,,,,,,,,
6,85899,,11310.677734375,,0.004764707293361425,,0.51953125,,11310.677734375,,9501.66015625,,0.50390625,,1539.859619140625,,0.48046875,,10043.6328125,,0.50390625,,1536.202392578125,,256.0,,0.511466383934021,,0.0,,,,,,,,,,,,,,
6,85949,,11473.90234375,,0.004959870129823685,,0.4453125,,11473.90234375,,10271.201171875,,0.4765625,,1506.135009765625,,0.5546875,,9688.931640625,,0.47265625,,1481.5367431640625,,256.0,,0.41850757598876953,,0.0,,,,,,,,,,,,,,
6,85999,,12718.26953125,,0.004744610749185085,,0.484375,,12718.26953125,,11640.25390625,,0.6875,,1488.94677734375,,0.515625,,10855.8125,,0.68359375,,1451.5244140625,,256.0,,0.6386408805847168,,0.0,,,,,,,,,,,,,,
6,86049,,60982.40625,,0.004655999597162008,,0.4453125,,60982.40625,,58683.84765625,,0.73046875,,1850.9913330078125,,0.5546875,,59606.16796875,,0.73046875,,1823.806640625,,256.0,,0.6424990892410278,,0.00390625,,,,,,,,,,,,,,
6,86099,,14541.5927734375,,0.004805580712854862,,0.453125,,14541.5927734375,,13164.2392578125,,0.345703125,,1760.0908203125,,0.546875,,12437.044921875,,0.349609375,,1721.810302734375,,256.0,,0.3490397334098816,,0.00390625,,,,,,,,,,,,,,
6,86149,,48910.74609375,,0.004647266119718552,,0.51953125,,48910.74609375,,46611.21875,,0.4296875,,2158.6552734375,,0.48046875,,46879.65234375,,0.4296875,,2171.964599609375,,256.0,,0.412149041891098,,0.01171875,,,,,,,,,,,,,,
6,86199,,32582.08203125,,0.005069493316113949,,0.53515625,,32582.08203125,,31530.5625,,0.6640625,,1714.3115234375,,0.46484375,,30227.431640625,,0.6640625,,1691.8597412109375,,256.0,,0.6780328154563904,,0.00390625,,,,,,,,,,,,,,
6,86249,,77489.75,,0.004656672477722168,,0.46484375,,77489.75,,75737.8828125,,0.5703125,,1905.675048828125,,0.53515625,,75451.171875,,0.57421875,,1884.7833251953125,,256.0,,0.5434370040893555,,0.0078125,,,,,,,,,,,,,,
6,86299,,18704.88671875,,0.004990139976143837,,0.49609375,,18704.88671875,,17209.09375,,0.578125,,1992.7060546875,,0.50390625,,16253.78515625,,0.58203125,,1954.186279296875,,256.0,,0.5437277555465698,,0.0078125,,,,,,,,,,,,,,
6,86349,,17601.423828125,,0.004766927100718021,,0.41796875,,17601.423828125,,16059.5029296875,,0.55859375,,1801.528076171875,,0.58203125,,15574.9599609375,,0.5625,,1766.85546875,,256.0,,0.5497629642486572,,0.00390625,,,,,,,,,,,,,,
6,86399,,41169.9609375,,0.005135104991495609,,0.44140625,,41169.9609375,,39503.26171875,,0.60546875,,1781.745361328125,,0.55859375,,39311.84765625,,0.6015625,,1743.068359375,,256.0,,0.5613980293273926,,0.0078125,,,,,,,,,,,,,,
6,86449,,42597.609375,,0.004630643874406815,,0.5078125,,42597.609375,,41283.83984375,,0.3984375,,1836.2344970703125,,0.4921875,,40281.90625,,0.3984375,,1793.243408203125,,256.0,,0.39420193433761597,,0.0078125,,,,,,,,,,,,,,
6,86499,,14211.06640625,,0.004660507198423147,,0.5,,14211.06640625,,12320.47265625,,0.49609375,,1528.4151611328125,,0.5,,13063.650390625,,0.49609375,,1509.5941162109375,,256.0,,0.46834492683410645,,0.0,,,,,,,,,,,,,,
6,86549,,16277.0048828125,,0.004568228032439947,,0.50390625,,16277.0048828125,,15083.01953125,,0.5234375,,1548.1962890625,,0.49609375,,14396.544921875,,0.5234375,,1526.25,,256.0,,0.536672055721283,,0.0,,,,,,,,,,,,,,
6,86599,,18081.984375,,0.004559546709060669,,0.50390625,,18081.984375,,17117.072265625,,0.494140625,,1754.307861328125,,0.49609375,,15576.8544921875,,0.4921875,,1715.730712890625,,256.0,,0.482719749212265,,0.0,,,,,,,,,,,,,,
6,86649,,84801.1328125,,0.004627827554941177,,0.5078125,,84801.1328125,,83690.15625,,0.466796875,,2381.6416015625,,0.4921875,,81209.3125,,0.46484375,,2321.153564453125,,256.0,,0.4778072237968445,,0.01171875,,,,,,,,,,,,,,
6,86699,,12298.427734375,,0.005099126137793064,,0.42578125,,12298.427734375,,10657.7177734375,,0.58984375,,1656.86279296875,,0.57421875,,10650.2119140625,,0.58984375,,1632.062744140625,,256.0,,0.5425713062286377,,0.00390625,,,,,,,,,,,,,,
6,86749,,14427.80859375,,0.004978004842996597,,0.5078125,,14427.80859375,,12804.9384765625,,0.41796875,,1425.2940673828125,,0.4921875,,13212.1015625,,0.421875,,1413.281982421875,,256.0,,0.38022708892822266,,0.0,,,,,,,,,,,,,,
6,86799,,42172.52734375,,0.004802638199180365,,0.57421875,,42172.52734375,,40563.0390625,,0.65234375,,1716.643310546875,,0.42578125,,40381.0703125,,0.6484375,,1684.299560546875,,256.0,,0.6564741134643555,,0.00390625,,,,,,,,,,,,,,
6,86849,,56004.84375,,0.004671178758144379,,0.48828125,,56004.84375,,54007.1875,,0.40234375,,1985.8101806640625,,0.51171875,,54059.08203125,,0.40234375,,1957.61328125,,256.0,,0.40863513946533203,,0.0078125,,,,,,,,,,,,,,
6,86899,,16669.609375,,0.004788646474480629,,0.5,,16669.609375,,15594.8466796875,,0.515625,,1539.665283203125,,0.5,,14684.2822265625,,0.51171875,,1520.42626953125,,256.0,,0.5234233140945435,,0.0,,,,,,,,,,,,,,
6,86949,,44508.015625,,0.0048240176402032375,,0.4765625,,44508.015625,,42594.17578125,,0.55078125,,1846.046875,,0.5234375,,42752.33203125,,0.55078125,,1823.4794921875,,256.0,,0.5403958559036255,,0.0078125,,,,,,,,,,,,,,
6,86999,,16310.3193359375,,0.0050683170557022095,,0.5234375,,16310.3193359375,,15279.5986328125,,0.5078125,,1609.357177734375,,0.4765625,,14158.2431640625,,0.5078125,,1573.440673828125,,256.0,,0.4847007989883423,,0.0,,,,,,,,,,,,,,
6,87049,,98802.765625,,0.0050166305154562,,0.4921875,,98802.765625,,96429.1796875,,0.65234375,,2106.10400390625,,0.5078125,,96985.6640625,,0.65234375,,2084.58349609375,,256.0,,0.602338433265686,,0.01171875,,,,,,,,,,,,,,
6,87099,,40576.6875,,0.004667390137910843,,0.47265625,,40576.6875,,38677.609375,,0.455078125,,1905.047119140625,,0.52734375,,38678.0,,0.45703125,,1892.7193603515625,,256.0,,0.44849228858947754,,0.0078125,,,,,,,,,,,,,,
6,87149,,44615.375,,0.004929119721055031,,0.43359375,,44615.375,,43305.16015625,,0.58203125,,1866.532958984375,,0.56640625,,42242.703125,,0.5859375,,1816.351318359375,,256.0,,0.5307224988937378,,0.0078125,,,,,,,,,,,,,,
6,87199,,16123.90234375,,0.004740557633340359,,0.5,,16123.90234375,,14556.390625,,0.578125,,1531.618896484375,,0.5,,14658.056640625,,0.578125,,1501.73828125,,256.0,,0.5967148542404175,,0.0,,,,,,,,,,,,,,
6,87249,,139329.140625,,0.005009927786886692,,0.453125,,139329.140625,,136567.890625,,0.49609375,,2465.37841796875,,0.546875,,137163.21875,,0.49609375,,2461.7939453125,,256.0,,0.49632954597473145,,0.01171875,,,,,,,,,,,,,,
6,87299,,17190.41015625,,0.0046001942828297615,,0.48046875,,17190.41015625,,15240.5107421875,,0.52734375,,1778.3514404296875,,0.51953125,,15614.556640625,,0.5234375,,1747.40234375,,256.0,,0.512384295463562,,0.0078125,,,,,,,,,,,,,,
6,87349,,45172.90234375,,0.004588772542774677,,0.5078125,,45172.90234375,,43496.23828125,,0.55859375,,1762.69384765625,,0.4921875,,43344.37109375,,0.55859375,,1742.499755859375,,256.0,,0.5269811153411865,,0.0078125,,,,,,,,,,,,,,
6,87399,,14536.041015625,,0.004738430958241224,,0.46875,,14536.041015625,,12955.1591796875,,0.578125,,1602.8291015625,,0.53125,,12940.5712890625,,0.578125,,1573.52197265625,,256.0,,0.5536055564880371,,0.0,,,,,,,,,,,,,,
6,87449,,50550.98828125,,0.004776913207024336,,0.52734375,,50550.98828125,,48248.26171875,,0.462890625,,2322.88525390625,,0.47265625,,48233.18359375,,0.462890625,,2297.6435546875,,256.0,,0.43901264667510986,,0.01171875,,,,,,,,,,,,,,
6,87499,,19329.3828125,,0.004823748022317886,,0.56640625,,19329.3828125,,17776.974609375,,0.62109375,,1798.6219482421875,,0.43359375,,17295.630859375,,0.62109375,,1787.541748046875,,256.0,,0.5692907571792603,,0.0,,,,,,,,,,,,,,
6,87549,,82666.40625,,0.004641949664801359,,0.4765625,,82666.40625,,81036.140625,,0.5546875,,2089.6875,,0.5234375,,80142.703125,,0.5546875,,2064.287841796875,,256.0,,0.5574615001678467,,0.0078125,,,,,,,,,,,,,,
6,87599,,13425.33203125,,0.004932796582579613,,0.45703125,,13425.33203125,,11175.1015625,,0.609375,,1741.321533203125,,0.54296875,,12213.0244140625,,0.61328125,,1721.218017578125,,256.0,,0.6006536483764648,,0.0,,,,,,,,,,,,,,
6,87649,,73387.2265625,,0.005380488000810146,,0.4609375,,73387.2265625,,71069.1171875,,0.5859375,,2895.56005859375,,0.5390625,,69942.609375,,0.5859375,,2867.165283203125,,256.0,,0.5160430669784546,,0.0234375,,,,,,,,,,,,,,
6,87699,,77394.90625,,0.0049116117879748344,,0.46484375,,77394.90625,,74973.3828125,,0.451171875,,2325.04833984375,,0.53515625,,75182.421875,,0.451171875,,2308.970458984375,,256.0,,0.4369626045227051,,0.015625,,,,,,,,,,,,,,
6,87749,,61928.4921875,,0.00475948303937912,,0.50390625,,61928.4921875,,60014.609375,,0.671875,,1880.78466796875,,0.49609375,,60098.2734375,,0.671875,,1863.3182373046875,,256.0,,0.6569364070892334,,0.00390625,,,,,,,,,,,,,,
6,87799,,53242.5625,,0.004964796826243401,,0.4375,,53242.5625,,51325.70703125,,0.55078125,,2022.638671875,,0.5625,,51148.0078125,,0.5546875,,1988.77099609375,,256.0,,0.5415287613868713,,0.0078125,,,,,,,,,,,,,,
6,87849,,41552.4453125,,0.004724083002656698,,0.54296875,,41552.4453125,,40475.4140625,,0.61328125,,2046.8345947265625,,0.45703125,,38587.203125,,0.61328125,,1995.442138671875,,256.0,,0.5790585875511169,,0.0078125,,,,,,,,,,,,,,
6,87899,,14038.138671875,,0.0045082950964570045,,0.43359375,,14038.138671875,,12049.302734375,,0.5859375,,1737.937744140625,,0.56640625,,12583.841796875,,0.5859375,,1705.194091796875,,256.0,,0.5387750864028931,,0.00390625,,,,,,,,,,,,,,
6,87949,,42307.9609375,,0.004913164768368006,,0.42578125,,42307.9609375,,40216.9765625,,0.625,,2337.328125,,0.57421875,,39734.87109375,,0.625,,2326.7509765625,,256.0,,0.6115716099739075,,0.015625,,,,,,,,,,,,,,
6,87999,,15952.8251953125,,0.004811882507055998,,0.5078125,,15952.8251953125,,14461.599609375,,0.53515625,,1485.6329345703125,,0.4921875,,14493.5556640625,,0.53515625,,1464.8626708984375,,256.0,,0.5184558033943176,,0.0,,,,,,,,,,,,,,
6,88049,,68285.953125,,0.004794025328010321,,0.5546875,,68285.953125,,66135.8828125,,0.66015625,,2052.25048828125,,0.4453125,,66348.9140625,,0.66015625,,2034.85009765625,,256.0,,0.639989972114563,,0.00390625,,,,,,,,,,,,,,
6,88099,,11701.0166015625,,0.0048336368054151535,,0.53125,,11701.0166015625,,10151.53515625,,0.41015625,,1496.184814453125,,0.46875,,10287.677734375,,0.40625,,1466.6357421875,,256.0,,0.41904300451278687,,0.0,,,,,,,,,,,,,,
6,88149,,44309.53125,,0.004865601658821106,,0.52734375,,44309.53125,,42515.77734375,,0.76953125,,1955.7628173828125,,0.47265625,,42218.15625,,0.76953125,,1929.36669921875,,256.0,,0.7356313467025757,,0.0078125,,,,,,,,,,,,,,
6,88199,,14972.94140625,,0.0047303615137934685,,0.56640625,,14972.94140625,,13343.001953125,,0.5703125,,1605.62939453125,,0.43359375,,13397.27734375,,0.57421875,,1599.9736328125,,256.0,,0.5071951150894165,,0.0,,,,,,,,,,,,,,
6,88249,,14008.884765625,,0.004732752218842506,,0.50390625,,14008.884765625,,12279.11328125,,0.6953125,,1765.570068359375,,0.49609375,,12240.640625,,0.6953125,,1732.445556640625,,256.0,,0.6618474721908569,,0.00390625,,,,,,,,,,,,,,
6,88299,,53098.6015625,,0.004986622370779514,,0.52734375,,53098.6015625,,51630.37890625,,0.67578125,,1849.640380859375,,0.47265625,,50914.4453125,,0.67578125,,1802.743896484375,,256.0,,0.6352823972702026,,0.00390625,,,,,,,,,,,,,,
6,88349,,14751.51953125,,0.004534697160124779,,0.4453125,,14751.51953125,,12876.4521484375,,0.7421875,,1599.874267578125,,0.5546875,,13431.650390625,,0.74609375,,1595.063720703125,,256.0,,0.6839046478271484,,0.0,,,,,,,,,,,,,,
6,88399,,64254.59375,,0.005221118684858084,,0.47265625,,64254.59375,,61768.64453125,,0.60546875,,2063.8203125,,0.52734375,,62647.26171875,,0.60546875,,2029.4603271484375,,256.0,,0.5873333215713501,,0.0078125,,,,,,,,,,,,,,
6,88449,,15830.025390625,,0.005091914441436529,,0.50390625,,15830.025390625,,14502.0439453125,,0.62109375,,1837.01171875,,0.49609375,,13523.3408203125,,0.625,,1797.653076171875,,256.0,,0.6597987413406372,,0.0078125,,,,,,,,,,,,,,
6,88499,,13163.7392578125,,0.004580636974424124,,0.55859375,,13163.7392578125,,11514.9365234375,,0.63671875,,1808.4052734375,,0.44140625,,11227.9921875,,0.6328125,,1776.14501953125,,256.0,,0.6043418049812317,,0.00390625,,,,,,,,,,,,,,
6,88549,,16976.990234375,,0.005044783931225538,,0.453125,,16976.990234375,,15180.6318359375,,0.5078125,,1629.516357421875,,0.546875,,15543.498046875,,0.5078125,,1600.333984375,,256.0,,0.46075987815856934,,0.0,,,,,,,,,,,,,,
6,88599,,50103.2265625,,0.004696976859122515,,0.4921875,,50103.2265625,,48298.55859375,,0.52734375,,2195.66943359375,,0.5078125,,47529.984375,,0.52734375,,2182.240478515625,,256.0,,0.5258494019508362,,0.015625,,,,,,,,,,,,,,
6,88649,,20329.046875,,0.005232329946011305,,0.54296875,,20329.046875,,18917.048828125,,0.5546875,,1695.83984375,,0.45703125,,18367.927734375,,0.55859375,,1677.277587890625,,256.0,,0.5409949421882629,,0.0,,,,,,,,,,,,,,
6,88699,,11620.7265625,,0.004595109727233648,,0.50390625,,11620.7265625,,10100.9931640625,,0.490234375,,1517.05322265625,,0.49609375,,10120.3642578125,,0.4921875,,1503.041015625,,256.0,,0.4763188362121582,,0.0,,,,,,,,,,,,,,
6,88749,,13283.609375,,0.004812009632587433,,0.5390625,,13283.609375,,11843.9462890625,,0.5546875,,1562.4825439453125,,0.4609375,,11625.7255859375,,0.55078125,,1535.064697265625,,256.0,,0.5329622030258179,,0.0,,,,,,,,,,,,,,
6,88799,,16180.685546875,,0.0049268524162471294,,0.46875,,16180.685546875,,14010.3291015625,,0.54296875,,1634.275390625,,0.53125,,15084.05078125,,0.5390625,,1632.717529296875,,256.0,,0.5395281910896301,,0.0,,,,,,,,,,,,,,
6,88849,,12883.4833984375,,0.004968342371284962,,0.48828125,,12883.4833984375,,11210.578125,,0.6484375,,1499.42724609375,,0.51171875,,11580.83984375,,0.6484375,,1476.12158203125,,256.0,,0.6237081289291382,,0.0,,,,,,,,,,,,,,
6,88899,,12616.2255859375,,0.00492031779140234,,0.48046875,,12616.2255859375,,11435.822265625,,0.67578125,,1659.690673828125,,0.51953125,,10507.7509765625,,0.67578125,,1629.1875,,256.0,,0.6523414254188538,,0.00390625,,,,,,,,,,,,,,
6,88949,,14673.568359375,,0.004994647577404976,,0.55078125,,14673.568359375,,13060.2119140625,,0.6640625,,1456.6759033203125,,0.44921875,,13388.3349609375,,0.6640625,,1441.91455078125,,256.0,,0.6559671759605408,,0.0,,,,,,,,,,,,,,
6,88999,,14827.2529296875,,0.005263452883809805,,0.51953125,,14827.2529296875,,13020.9794921875,,0.5859375,,1727.461181640625,,0.48046875,,13211.0712890625,,0.58203125,,1694.994140625,,256.0,,0.5604182481765747,,0.00390625,,,,,,,,,,,,,,
6,89049,,92638.515625,,0.004528862424194813,,0.54296875,,92638.515625,,90680.671875,,0.62890625,,2075.912353515625,,0.45703125,,90468.4453125,,0.625,,2052.006103515625,,256.0,,0.5665172338485718,,0.0078125,,,,,,,,,,,,,,
6,89099,,15703.2138671875,,0.004952333401888609,,0.4765625,,15703.2138671875,,13577.3984375,,0.62890625,,2450.1435546875,,0.5234375,,12941.3671875,,0.62890625,,2437.518310546875,,256.0,,0.6245896220207214,,0.015625,,,,,,,,,,,,,,
6,89149,,17502.01171875,,0.004778217524290085,,0.46484375,,17502.01171875,,15634.76171875,,0.57421875,,1680.390625,,0.53515625,,16038.63671875,,0.57421875,,1650.2353515625,,256.0,,0.5525448322296143,,0.0,,,,,,,,,,,,,,
6,89199,,14454.3115234375,,0.0053530363366007805,,0.4765625,,14454.3115234375,,13103.88671875,,0.57421875,,1489.501708984375,,0.5234375,,12858.263671875,,0.57421875,,1456.97021484375,,256.0,,0.5497339963912964,,0.0,,,,,,,,,,,,,,
6,89249,,39886.3984375,,0.004681681282818317,,0.4609375,,39886.3984375,,38366.71484375,,0.5078125,,1664.843994140625,,0.5390625,,38096.58203125,,0.5078125,,1644.6585693359375,,256.0,,0.5008629560470581,,0.00390625,,,,,,,,,,,,,,
6,89299,,82118.4140625,,0.004924088250845671,,0.484375,,82118.4140625,,79096.9296875,,0.73046875,,2525.302001953125,,0.515625,,80100.515625,,0.73046875,,2514.075927734375,,256.0,,0.7001107931137085,,0.015625,,,,,,,,,,,,,,
6,89349,,68101.171875,,0.004569287411868572,,0.453125,,68101.171875,,66681.40625,,0.66796875,,1828.966064453125,,0.546875,,65860.5234375,,0.66796875,,1831.442138671875,,256.0,,0.6368246078491211,,0.00390625,,,,,,,,,,,,,,
6,89399,,52577.85546875,,0.00507016759365797,,0.4921875,,52577.85546875,,50477.35546875,,0.56640625,,1857.35791015625,,0.5078125,,51008.02734375,,0.5625,,1812.9693603515625,,256.0,,0.5612174272537231,,0.00390625,,,,,,,,,,,,,,
6,89449,,11897.43359375,,0.004986695945262909,,0.484375,,11897.43359375,,10288.3037109375,,0.47265625,,1647.830078125,,0.515625,,10230.8349609375,,0.47265625,,1627.8992919921875,,256.0,,0.45355460047721863,,0.0,,,,,,,,,,,,,,
6,89499,,16190.427734375,,0.004450160078704357,,0.51953125,,16190.427734375,,14424.7939453125,,0.58984375,,1627.9176025390625,,0.48046875,,14712.169921875,,0.58984375,,1615.97216796875,,256.0,,0.5782098174095154,,0.0,,,,,,,,,,,,,,
6,89549,,45583.3203125,,0.004515466280281544,,0.45703125,,45583.3203125,,43648.45703125,,0.6875,,2123.4794921875,,0.54296875,,43292.734375,,0.6875,,2101.965576171875,,256.0,,0.6629252433776855,,0.01171875,,,,,,,,,,,,,,
6,89571,,,,,,,,,,,,,,,,,,,,,,,,,,,,,18144.96875,0.004860734101384878,0.4998077154159546,18144.96875,16579.076171875,0.644460141658783,1611.5093994140625,0.5001922845840454,16514.27734375,0.6443211436271667,1585.061279296875,255.98416137695312,0.6192634701728821,0.0010014981962740421
6,89571,42436.06640625,,0.004853531252592802,,0.4992862641811371,,42436.06640625,,40628.3515625,,0.5770344138145447,,1844.6456298828125,,0.5007137060165405,,40580.4921875,,0.5766158699989319,,1818.975830078125,,256.0,,0.5583672523498535,,0.0051496196538209915,,,,,,,,,,,,,,,
7,89599,,65640.1015625,,0.0046542976051568985,,0.51171875,,65640.1015625,,63896.578125,,0.51953125,,1958.652587890625,,0.48828125,,63497.06640625,,0.5234375,,1927.9007568359375,,256.0,,0.511784553527832,,0.01171875,,,,,,,,,,,,,,
7,89649,,44330.85546875,,0.004634206183254719,,0.54296875,,44330.85546875,,43102.6875,,0.734375,,1746.507080078125,,0.45703125,,42098.8125,,0.73046875,,1713.70361328125,,256.0,,0.6709062457084656,,0.00390625,,,,,,,,,,,,,,
7,89699,,16224.1650390625,,0.004598445724695921,,0.53125,,16224.1650390625,,14923.654296875,,0.6953125,,1684.4786376953125,,0.46875,,14170.9345703125,,0.6953125,,1669.2623291015625,,256.0,,0.6808366775512695,,0.00390625,,,,,,,,,,,,,,
7,89749,,81011.890625,,0.004745969083160162,,0.50390625,,81011.890625,,78776.140625,,0.58984375,,1893.1961669921875,,0.49609375,,79486.1484375,,0.5859375,,1868.293212890625,,256.0,,0.5501726865768433,,0.0078125,,,,,,,,,,,,,,
7,89799,,17254.30078125,,0.004735987633466721,,0.44140625,,17254.30078125,,15106.0673828125,,0.8203125,,1653.314697265625,,0.55859375,,16095.1533203125,,0.8203125,,1654.0645751953125,,256.0,,0.8379244804382324,,0.0,,,,,,,,,,,,,,
7,89849,,14512.248046875,,0.00499883946031332,,0.515625,,14512.248046875,,12821.7041015625,,0.67578125,,1746.57470703125,,0.484375,,12731.0595703125,,0.67578125,,1725.1563720703125,,256.0,,0.6464977860450745,,0.00390625,,,,,,,,,,,,,,
7,89899,,83624.390625,,0.005114659667015076,,0.484375,,83624.390625,,81237.7109375,,0.53125,,2039.6171875,,0.515625,,81949.265625,,0.53515625,,2022.1904296875,,256.0,,0.46376752853393555,,0.0078125,,,,,,,,,,,,,,
7,89949,,85904.7578125,,0.005008458159863949,,0.48828125,,85904.7578125,,83781.65625,,0.69921875,,2046.2913818359375,,0.51171875,,83972.8515625,,0.69921875,,2008.71630859375,,256.0,,0.6816086769104004,,0.0078125,,,,,,,,,,,,,,
7,89999,,12094.47265625,,0.004922633990645409,,0.46484375,,12094.47265625,,10637.4189453125,,0.7109375,,1560.039306640625,,0.53515625,,10466.07421875,,0.71484375,,1525.4130859375,,256.0,,0.6684788465499878,,0.0,,,,,,,,,,,,,,
7,90049,,13318.138671875,,0.004893244244158268,,0.53125,,13318.138671875,,11907.6728515625,,0.57421875,,1570.2911376953125,,0.46875,,11606.7001953125,,0.57421875,,1551.612548828125,,256.0,,0.5368108153343201,,0.0,,,,,,,,,,,,,,
7,90099,,111555.875,,0.004666037391871214,,0.5390625,,111555.875,,109840.703125,,0.5859375,,2247.200927734375,,0.4609375,,108811.90625,,0.5859375,,2211.940673828125,,256.0,,0.569603681564331,,0.01171875,,,,,,,,,,,,,,
7,90149,,12791.658203125,,0.004807295277714729,,0.4765625,,12791.658203125,,11123.63671875,,0.5078125,,1604.1002197265625,,0.5234375,,11282.8037109375,,0.50390625,,1572.776611328125,,256.0,,0.4881928563117981,,0.0,,,,,,,,,,,,,,
7,90199,,57872.03125,,0.005201522260904312,,0.421875,,57872.03125,,56275.05078125,,0.7421875,,2291.142578125,,0.578125,,54925.74609375,,0.74609375,,2252.1201171875,,256.0,,0.7150317430496216,,0.0078125,,,,,,,,,,,,,,
7,90249,,63258.84765625,,0.004804002121090889,,0.48828125,,63258.84765625,,62012.24609375,,0.56640625,,1770.2362060546875,,0.51171875,,61002.20703125,,0.56640625,,1733.007568359375,,256.0,,0.5317296385765076,,0.00390625,,,,,,,,,,,,,,
7,90299,,14452.607421875,,0.004898360930383205,,0.5,,14452.607421875,,12910.416015625,,0.62109375,,1651.37841796875,,0.5,,12721.4140625,,0.62109375,,1622.006103515625,,256.0,,0.6134283542633057,,0.0,,,,,,,,,,,,,,
7,90349,,12846.7822265625,,0.004950597416609526,,0.5,,12846.7822265625,,10860.2861328125,,0.67578125,,1807.076904296875,,0.5,,11238.4296875,,0.671875,,1787.7718505859375,,256.0,,0.6464707255363464,,0.0078125,,,,,,,,,,,,,,
7,90399,,60689.7578125,,0.004628279712051153,,0.49609375,,60689.7578125,,59159.18359375,,0.6640625,,1879.555419921875,,0.50390625,,58514.64453125,,0.6640625,,1826.1304931640625,,256.0,,0.6288694739341736,,0.00390625,,,,,,,,,,,,,,
7,90449,,14486.1328125,,0.0050710653886199,,0.5078125,,14486.1328125,,12419.5078125,,0.6875,,1652.2861328125,,0.4921875,,13253.740234375,,0.69140625,,1646.7320556640625,,256.0,,0.6445118188858032,,0.00390625,,,,,,,,,,,,,,
7,90499,,49329.4921875,,0.005022973753511906,,0.515625,,49329.4921875,,47446.2265625,,0.546875,,1830.6417236328125,,0.484375,,47577.3671875,,0.55078125,,1804.752685546875,,256.0,,0.522436797618866,,0.00390625,,,,,,,,,,,,,,
7,90549,,121352.5,,0.004646048881113529,,0.5390625,,121352.5,,119747.7421875,,0.6953125,,2201.3818359375,,0.4609375,,118567.1484375,,0.6953125,,2188.72412109375,,256.0,,0.6850206255912781,,0.01171875,,,,,,,,,,,,,,
7,90599,,89367.625,,0.004436669871211052,,0.5546875,,89367.625,,86826.0,,0.7265625,,2064.86767578125,,0.4453125,,87814.5546875,,0.7265625,,2029.823486328125,,256.0,,0.6873833537101746,,0.0078125,,,,,,,,,,,,,,
7,90649,,12622.982421875,,0.004756591748446226,,0.484375,,12622.982421875,,11287.57421875,,0.40234375,,1642.997314453125,,0.515625,,10683.8447265625,,0.40234375,,1631.5498046875,,256.0,,0.4080084264278412,,0.0,,,,,,,,,,,,,,
7,90699,,13026.53515625,,0.004467083606868982,,0.52734375,,13026.53515625,,11502.95703125,,0.6328125,,1508.4833984375,,0.47265625,,11546.875,,0.6328125,,1494.755859375,,256.0,,0.616544246673584,,0.0,,,,,,,,,,,,,,
7,90749,,56715.34765625,,0.004729163832962513,,0.5078125,,56715.34765625,,55587.48828125,,0.56640625,,1913.9677734375,,0.4921875,,54048.578125,,0.56640625,,1880.66162109375,,256.0,,0.5801986455917358,,0.00390625,,,,,,,,,,,,,,
7,90799,,10500.9619140625,,0.0049033695831894875,,0.4765625,,10500.9619140625,,8914.80078125,,0.625,,1605.9627685546875,,0.5234375,,8904.64453125,,0.625,,1576.515869140625,,256.0,,0.5788702964782715,,0.00390625,,,,,,,,,,,,,,
7,90849,,17097.015625,,0.005031801760196686,,0.55859375,,17097.015625,,15285.9609375,,0.73046875,,1747.9197998046875,,0.44140625,,15433.5,,0.73046875,,1726.6533203125,,256.0,,0.6954073905944824,,0.00390625,,,,,,,,,,,,,,
7,90899,,17288.978515625,,0.0048415642231702805,,0.49609375,,17288.978515625,,15801.3310546875,,0.65625,,1562.76904296875,,0.50390625,,15696.62890625,,0.65625,,1517.228515625,,256.0,,0.6302608847618103,,0.0,,,,,,,,,,,,,,
7,90949,,14050.951171875,,0.005099785048514605,,0.49609375,,14050.951171875,,12706.28125,,0.875,,1516.3331298828125,,0.50390625,,12404.89453125,,0.875,,1474.392578125,,256.0,,0.8330401182174683,,0.0,,,,,,,,,,,,,,
7,90999,,145524.53125,,0.004667400382459164,,0.4921875,,145524.53125,,143859.25,,0.63671875,,2391.53662109375,,0.5078125,,142444.0625,,0.6328125,,2354.20458984375,,256.0,,0.578097939491272,,0.01171875,,,,,,,,,,,,,,
7,91049,,54324.15625,,0.004893207922577858,,0.515625,,54324.15625,,52838.36328125,,0.59765625,,1845.317138671875,,0.484375,,52142.90625,,0.6015625,,1821.7236328125,,256.0,,0.6315279006958008,,0.00390625,,,,,,,,,,,,,,
7,91099,,55822.890625,,0.004648003727197647,,0.5078125,,55822.890625,,55083.00390625,,0.72265625,,1748.8121337890625,,0.4921875,,53081.22265625,,0.71875,,1732.736572265625,,256.0,,0.7181620597839355,,0.00390625,,,,,,,,,,,,,,
7,91149,,50079.5390625,,0.004562207963317633,,0.5078125,,50079.5390625,,48135.66796875,,0.5703125,,1923.0146484375,,0.4921875,,48200.87109375,,0.5703125,,1899.5179443359375,,256.0,,0.5095416307449341,,0.00390625,,,,,,,,,,,,,,
7,91199,,36301.4453125,,0.004999207332730293,,0.578125,,36301.4453125,,34370.93359375,,0.69140625,,2460.21240234375,,0.421875,,33339.96875,,0.69140625,,2431.777099609375,,256.0,,0.6591587066650391,,0.01171875,,,,,,,,,,,,,,
7,91249,,117366.984375,,0.004773038439452648,,0.48046875,,117366.984375,,115334.125,,0.76171875,,2112.216796875,,0.51953125,,115198.1875,,0.76171875,,2089.44775390625,,256.0,,0.7172303199768066,,0.0078125,,,,,,,,,,,,,,
7,91299,,82513.15625,,0.004802873358130455,,0.484375,,82513.15625,,80604.3515625,,0.62890625,,2168.2802734375,,0.515625,,80112.9375,,0.625,,2140.7490234375,,256.0,,0.5915296077728271,,0.01171875,,,,,,,,,,,,,,
7,91349,,16354.3203125,,0.004919697064906359,,0.5390625,,16354.3203125,,14943.40234375,,0.58203125,,1698.792724609375,,0.4609375,,14399.25390625,,0.58203125,,1667.1910400390625,,256.0,,0.5866693258285522,,0.0,,,,,,,,,,,,,,
7,91399,,85841.9140625,,0.004795554094016552,,0.5234375,,85841.9140625,,83314.2421875,,0.70703125,,2229.78271484375,,0.4765625,,83927.4375,,0.7109375,,2212.367431640625,,256.0,,0.637931764125824,,0.01171875,,,,,,,,,,,,,,
7,91449,,77260.75,,0.0051863226108253,,0.484375,,77260.75,,74011.796875,,0.703125,,2101.714111328125,,0.515625,,76286.96875,,0.703125,,2121.016357421875,,256.0,,0.6904764175415039,,0.00390625,,,,,,,,,,,,,,
7,91499,,10147.26171875,,0.005215074401348829,,0.44921875,,10147.26171875,,9281.34765625,,0.66015625,,1572.4693603515625,,0.55078125,,7902.2705078125,,0.65625,,1538.434326171875,,256.0,,0.6115256547927856,,0.0,,,,,,,,,,,,,,
7,91549,,15355.51953125,,0.0048426310531795025,,0.49609375,,15355.51953125,,13017.7841796875,,0.53125,,2056.3056640625,,0.50390625,,13612.0849609375,,0.52734375,,2024.864990234375,,256.0,,0.48507294058799744,,0.0078125,,,,,,,,,,,,,,
7,91599,,52257.37890625,,0.004686777945607901,,0.5,,52257.37890625,,50910.4609375,,0.55859375,,1808.3223876953125,,0.5,,50021.4609375,,0.5625,,1774.5106201171875,,256.0,,0.5277495384216309,,0.00390625,,,,,,,,,,,,,,
7,91649,,17876.390625,,0.0047594415955245495,,0.48828125,,17876.390625,,16170.87109375,,0.671875,,1673.1865234375,,0.51171875,,16248.3330078125,,0.67578125,,1660.3892822265625,,256.0,,0.6862016916275024,,0.0,,,,,,,,,,,,,,
7,91699,,83911.4140625,,0.004745728336274624,,0.5078125,,83911.4140625,,81417.3984375,,0.67578125,,2526.985107421875,,0.4921875,,81376.8515625,,0.67578125,,2501.5908203125,,256.0,,0.6676579713821411,,0.01953125,,,,,,,,,,,,,,
7,91749,,9122.904296875,,0.0049899122677743435,,0.46875,,9122.904296875,,7892.64794921875,,0.67578125,,1614.4072265625,,0.53125,,7172.6220703125,,0.67578125,,1566.131591796875,,256.0,,0.6825867891311646,,0.0,,,,,,,,,,,,,,
7,91799,,16751.134765625,,0.004875129088759422,,0.4296875,,16751.134765625,,15608.4033203125,,0.65625,,1676.7630615234375,,0.5703125,,14566.0302734375,,0.65625,,1651.0733642578125,,256.0,,0.6388353705406189,,0.00390625,,,,,,,,,,,,,,
7,91849,,16776.36328125,,0.005172178149223328,,0.44921875,,16776.36328125,,15047.0224609375,,0.6640625,,1838.0341796875,,0.55078125,,14871.0615234375,,0.66796875,,1796.611083984375,,256.0,,0.6547445058822632,,0.00390625,,,,,,,,,,,,,,
7,91899,,14600.6708984375,,0.004850415047258139,,0.4921875,,14600.6708984375,,12930.25390625,,0.5625,,1655.1168212890625,,0.5078125,,12996.9208984375,,0.55859375,,1619.049560546875,,256.0,,0.5513781905174255,,0.0,,,,,,,,,,,,,,
7,91949,,10070.6328125,,0.005084830801934004,,0.50390625,,10070.6328125,,8407.978515625,,0.61328125,,1570.04248046875,,0.49609375,,8646.26171875,,0.61328125,,1516.983642578125,,256.0,,0.5900337100028992,,0.0,,,,,,,,,,,,,,
7,91999,,12181.9765625,,0.005115474574267864,,0.52734375,,12181.9765625,,10375.2958984375,,0.58984375,,1740.6556396484375,,0.47265625,,10518.966796875,,0.59375,,1729.0338134765625,,256.0,,0.5584241151809692,,0.0078125,,,,,,,,,,,,,,
7,92049,,41159.4453125,,0.004866604693233967,,0.50390625,,41159.4453125,,39351.42578125,,0.62109375,,1967.75146484375,,0.49609375,,39043.203125,,0.62109375,,1956.51025390625,,256.0,,0.6274523735046387,,0.0078125,,,,,,,,,,,,,,
7,92099,,44029.0078125,,0.004938511177897453,,0.51953125,,44029.0078125,,43161.10546875,,0.61328125,,1849.4398193359375,,0.48046875,,41235.23828125,,0.61328125,,1812.226318359375,,256.0,,0.6046549081802368,,0.0078125,,,,,,,,,,,,,,
7,92149,,14100.892578125,,0.004929008893668652,,0.421875,,14100.892578125,,12824.0244140625,,0.58203125,,1517.2735595703125,,0.578125,,12363.2314453125,,0.58203125,,1497.2569580078125,,256.0,,0.6125573515892029,,0.0,,,,,,,,,,,,,,
7,92199,,15045.7626953125,,0.004624274559319019,,0.4609375,,15045.7626953125,,13608.154296875,,0.68359375,,1661.104736328125,,0.5390625,,13185.6923828125,,0.6875,,1636.5738525390625,,256.0,,0.6641854643821716,,0.0,,,,,,,,,,,,,,
7,92249,,13564.966796875,,0.004621781408786774,,0.4765625,,13564.966796875,,12384.4765625,,0.67578125,,1523.2535400390625,,0.5234375,,11731.4052734375,,0.67578125,,1490.79736328125,,256.0,,0.662791907787323,,0.0,,,,,,,,,,,,,,
7,92299,,100955.046875,,0.004893090575933456,,0.546875,,100955.046875,,98240.5625,,0.59765625,,2417.0869140625,,0.453125,,98845.5234375,,0.59765625,,2406.9248046875,,256.0,,0.5811337232589722,,0.015625,,,,,,,,,,,,,,
7,92349,,39449.76953125,,0.004855584353208542,,0.53125,,39449.76953125,,37593.47265625,,0.54296875,,1695.8865966796875,,0.46875,,37957.81640625,,0.5390625,,1652.3642578125,,256.0,,0.5364701747894287,,0.00390625,,,,,,,,,,,,,,
7,92399,,14733.978515625,,0.004757783375680447,,0.46875,,14733.978515625,,12837.0009765625,,0.5546875,,1668.47314453125,,0.53125,,13308.861328125,,0.55859375,,1653.6214599609375,,256.0,,0.5608331561088562,,0.00390625,,,,,,,,,,,,,,
7,92449,,12082.857421875,,0.005006195977330208,,0.48046875,,12082.857421875,,10008.1796875,,0.52734375,,1994.19775390625,,0.51953125,,10202.791015625,,0.53125,,1960.5460205078125,,256.0,,0.514484167098999,,0.0078125,,,,,,,,,,,,,,
7,92499,,56286.0859375,,0.005061428993940353,,0.546875,,56286.0859375,,54471.234375,,0.6171875,,1967.796630859375,,0.453125,,54193.9375,,0.6171875,,1939.2049560546875,,256.0,,0.5873507261276245,,0.00390625,,,,,,,,,,,,,,
7,92549,,16549.8671875,,0.004897979088127613,,0.515625,,16549.8671875,,15165.6875,,0.58984375,,1652.51171875,,0.484375,,14649.4248046875,,0.58984375,,1632.108154296875,,256.0,,0.6026046276092529,,0.0,,,,,,,,,,,,,,
7,92599,,16220.892578125,,0.004521000664681196,,0.4921875,,16220.892578125,,14528.626953125,,0.5,,1659.450439453125,,0.5078125,,14626.4912109375,,0.5,,1627.2158203125,,256.0,,0.46744340658187866,,0.00390625,,,,,,,,,,,,,,
7,92649,,65217.21875,,0.0047055622562766075,,0.56640625,,65217.21875,,63422.7734375,,0.63671875,,1925.829345703125,,0.43359375,,63169.55078125,,0.63671875,,1916.290771484375,,256.0,,0.598003625869751,,0.00390625,,,,,,,,,,,,,,
7,92699,,14706.66796875,,0.004801097325980663,,0.5,,14706.66796875,,12723.529296875,,0.5546875,,1648.1595458984375,,0.5,,13414.3388671875,,0.55859375,,1627.3095703125,,256.0,,0.534583568572998,,0.0,,,,,,,,,,,,,,
7,92749,,72195.65625,,0.004632610362023115,,0.52734375,,72195.65625,,70123.7109375,,0.6015625,,2397.9521484375,,0.47265625,,69498.921875,,0.60546875,,2370.737548828125,,256.0,,0.5850513577461243,,0.01953125,,,,,,,,,,,,,,
7,92799,,55902.16015625,,0.004340235609561205,,0.5234375,,55902.16015625,,54400.81640625,,0.5859375,,1953.9208984375,,0.4765625,,53526.73828125,,0.58984375,,1922.843505859375,,256.0,,0.5777296423912048,,0.0078125,,,,,,,,,,,,,,
7,92849,,54786.359375,,0.004780860617756844,,0.51171875,,54786.359375,,52939.34375,,0.6875,,1785.114501953125,,0.48828125,,53088.79296875,,0.6875,,1759.469482421875,,256.0,,0.6758713722229004,,0.0078125,,,,,,,,,,,,,,
7,92899,,95918.6796875,,0.005055982619524002,,0.5078125,,95918.6796875,,93063.34375,,0.578125,,1946.2734375,,0.4921875,,94901.3515625,,0.57421875,,1926.39013671875,,256.0,,0.5738478899002075,,0.0078125,,,,,,,,,,,,,,
7,92949,,15606.8134765625,,0.005148656200617552,,0.484375,,15606.8134765625,,13624.365234375,,0.57421875,,1721.4847412109375,,0.515625,,14157.3623046875,,0.57421875,,1710.4149169921875,,256.0,,0.5257914066314697,,0.0,,,,,,,,,,,,,,
7,92999,,75717.078125,,0.004902669228613377,,0.5,,75717.078125,,73580.8515625,,0.65234375,,2065.131103515625,,0.5,,73764.328125,,0.65234375,,2023.8419189453125,,256.0,,0.6020084619522095,,0.0078125,,,,,,,,,,,,,,
7,93049,,39098.7890625,,0.0050322506576776505,,0.52734375,,39098.7890625,,37783.5625,,0.61328125,,1716.0018310546875,,0.47265625,,37016.38671875,,0.6171875,,1681.630126953125,,256.0,,0.5843533277511597,,0.00390625,,,,,,,,,,,,,,
7,93099,,17724.12890625,,0.004883486311882734,,0.51953125,,17724.12890625,,16520.5078125,,0.5078125,,1600.7423095703125,,0.48046875,,15754.4775390625,,0.5078125,,1572.529052734375,,256.0,,0.5135223865509033,,0.0,,,,,,,,,,,,,,
7,93149,,40041.234375,,0.004818906541913748,,0.50390625,,40041.234375,,38190.95703125,,0.55859375,,1728.95703125,,0.49609375,,38451.96875,,0.55859375,,1710.587158203125,,256.0,,0.5284504294395447,,0.0078125,,,,,,,,,,,,,,
7,93199,,51064.0625,,0.004448299296200275,,0.51953125,,51064.0625,,49255.13671875,,0.51171875,,1547.8756103515625,,0.48046875,,49801.15625,,0.51171875,,1523.96142578125,,256.0,,0.4984648823738098,,0.00390625,,,,,,,,,,,,,,
7,93249,,53510.7578125,,0.005273349117487669,,0.5625,,53510.7578125,,51648.42578125,,0.56640625,,1880.361328125,,0.4375,,51622.23828125,,0.56640625,,1870.4825439453125,,256.0,,0.547968327999115,,0.01171875,,,,,,,,,,,,,,
7,93299,,54356.59375,,0.005080186761915684,,0.51171875,,54356.59375,,52401.78125,,0.59375,,1690.914794921875,,0.48828125,,52974.546875,,0.59375,,1645.9486083984375,,256.0,,0.5493584275245667,,0.00390625,,,,,,,,,,,,,,
7,93349,,18085.8828125,,0.004557321313768625,,0.5234375,,18085.8828125,,15588.0478515625,,0.73046875,,1954.109375,,0.4765625,,16690.970703125,,0.73046875,,1938.6365966796875,,256.0,,0.6709949970245361,,0.0078125,,,,,,,,,,,,,,
7,93399,,13415.4912109375,,0.004864790942519903,,0.515625,,13415.4912109375,,11968.6142578125,,0.59765625,,1559.10009765625,,0.484375,,11761.451171875,,0.6015625,,1541.8165283203125,,256.0,,0.56184321641922,,0.0,,,,,,,,,,,,,,
7,93449,,50464.89453125,,0.0050219022668898106,,0.55078125,,50464.89453125,,48528.87109375,,0.703125,,1798.8505859375,,0.44921875,,48823.75390625,,0.69921875,,1778.3140869140625,,256.0,,0.661810040473938,,0.0078125,,,,,,,,,,,,,,
7,93499,,57624.62890625,,0.004489284474402666,,0.5,,57624.62890625,,56326.87109375,,0.63671875,,1926.910888671875,,0.5,,55091.125,,0.63671875,,1904.352294921875,,256.0,,0.6277140378952026,,0.0078125,,,,,,,,,,,,,,
7,93549,,114738.03125,,0.004744828213006258,,0.515625,,114738.03125,,112531.78125,,0.55859375,,2142.73974609375,,0.484375,,112695.125,,0.5625,,2106.417236328125,,256.0,,0.5618818998336792,,0.0078125,,,,,,,,,,,,,,
7,93599,,96653.40625,,0.005068062338978052,,0.48828125,,96653.40625,,95116.609375,,0.4765625,,2074.842529296875,,0.51171875,,94076.1328125,,0.474609375,,2039.227783203125,,256.0,,0.4891624450683594,,0.0078125,,,,,,,,,,,,,,
7,93649,,45238.5625,,0.005096146371215582,,0.53125,,45238.5625,,43089.96484375,,0.546875,,1839.278564453125,,0.46875,,43739.37109375,,0.54296875,,1808.5101318359375,,256.0,,0.538400411605835,,0.00390625,,,,,,,,,,,,,,
7,93699,,45131.78125,,0.004960999824106693,,0.5234375,,45131.78125,,43973.7578125,,0.546875,,1761.840576171875,,0.4765625,,42813.71484375,,0.54296875,,1714.2548828125,,256.0,,0.5168630480766296,,0.00390625,,,,,,,,,,,,,,
7,93749,,12907.6689453125,,0.005143484100699425,,0.546875,,12907.6689453125,,11475.380859375,,0.498046875,,1691.912109375,,0.453125,,10977.71875,,0.5,,1670.32568359375,,256.0,,0.5125805735588074,,0.0,,,,,,,,,,,,,,
7,93799,,17158.375,,0.004663463681936264,,0.4765625,,17158.375,,16071.837890625,,0.453125,,1570.71728515625,,0.5234375,,15136.064453125,,0.455078125,,1538.1295166015625,,256.0,,0.4483799636363983,,0.00390625,,,,,,,,,,,,,,
7,93849,,62275.53125,,0.004870248958468437,,0.4921875,,62275.53125,,60219.3125,,0.6171875,,1708.8604736328125,,0.5078125,,60936.12890625,,0.6171875,,1686.765869140625,,256.0,,0.586143434047699,,0.00390625,,,,,,,,,,,,,,
7,93899,,12410.6484375,,0.004581783898174763,,0.50390625,,12410.6484375,,11229.6259765625,,0.53515625,,1577.985595703125,,0.49609375,,10469.4814453125,,0.53515625,,1544.2054443359375,,256.0,,0.5453523397445679,,0.0,,,,,,,,,,,,,,
7,93949,,55659.5078125,,0.0049398113042116165,,0.46875,,55659.5078125,,54536.328125,,0.51953125,,1817.68115234375,,0.53125,,53192.38671875,,0.51953125,,1772.616943359375,,256.0,,0.4819347560405731,,0.0078125,,,,,,,,,,,,,,
7,93999,,99651.640625,,0.004796953406184912,,0.51171875,,99651.640625,,97722.2578125,,0.5859375,,2116.2275390625,,0.48828125,,97368.8515625,,0.58203125,,2095.942138671875,,256.0,,0.5612600445747375,,0.0078125,,,,,,,,,,,,,,
7,94049,,49739.70703125,,0.004698546137660742,,0.51171875,,49739.70703125,,47511.19140625,,0.578125,,1685.3189697265625,,0.48828125,,48623.4609375,,0.57421875,,1659.442626953125,,256.0,,0.5830686092376709,,0.00390625,,,,,,,,,,,,,,
7,94099,,53373.328125,,0.005289296619594097,,0.5234375,,53373.328125,,51669.78515625,,0.72265625,,1819.920654296875,,0.4765625,,51460.13671875,,0.71875,,1796.814208984375,,256.0,,0.685914158821106,,0.0078125,,,,,,,,,,,,,,
7,94149,,53451.1328125,,0.0044555747881531715,,0.51953125,,53451.1328125,,51552.62109375,,0.421875,,1929.485107421875,,0.48046875,,51532.671875,,0.421875,,1887.48486328125,,256.0,,0.41132792830467224,,0.0078125,,,,,,,,,,,,,,
7,94199,,14015.3671875,,0.004693604540079832,,0.51171875,,14015.3671875,,12709.18359375,,0.52734375,,1549.648193359375,,0.48828125,,12246.453125,,0.52734375,,1525.4483642578125,,256.0,,0.5307697057723999,,0.00390625,,,,,,,,,,,,,,
7,94249,,15947.720703125,,0.004515505395829678,,0.46875,,15947.720703125,,14496.576171875,,0.60546875,,1585.47509765625,,0.53125,,14264.017578125,,0.60546875,,1549.37255859375,,256.0,,0.5673859119415283,,0.00390625,,,,,,,,,,,,,,
7,94299,,58347.734375,,0.0049806516617536545,,0.53125,,58347.734375,,56496.6015625,,0.64453125,,1960.746337890625,,0.46875,,56304.41015625,,0.64453125,,1933.70751953125,,256.0,,0.6362589597702026,,0.00390625,,,,,,,,,,,,,,
7,94349,,88156.9375,,0.00470347423106432,,0.4921875,,88156.9375,,86786.078125,,0.67578125,,1958.5980224609375,,0.5078125,,85638.5,,0.67578125,,1930.6865234375,,256.0,,0.6272174119949341,,0.0078125,,,,,,,,,,,,,,
7,94399,,12554.1484375,,0.00478626461699605,,0.46875,,12554.1484375,,10509.927734375,,0.546875,,1811.5870361328125,,0.53125,,10993.828125,,0.546875,,1792.95556640625,,256.0,,0.5101504921913147,,0.00390625,,,,,,,,,,,,,,
7,94449,,13290.1875,,0.004747423343360424,,0.53125,,13290.1875,,11847.5869140625,,0.54296875,,1575.8262939453125,,0.46875,,11621.8447265625,,0.54296875,,1535.11767578125,,256.0,,0.5328137874603271,,0.0,,,,,,,,,,,,,,
7,94499,,15642.7548828125,,0.004636422730982304,,0.52734375,,15642.7548828125,,13721.208984375,,0.62890625,,1561.5596923828125,,0.47265625,,14439.109375,,0.6328125,,1563.6318359375,,256.0,,0.6021890640258789,,0.0,,,,,,,,,,,,,,
7,94549,,13813.697265625,,0.005113995634019375,,0.52734375,,13813.697265625,,12145.9453125,,0.61328125,,1889.776611328125,,0.47265625,,11737.7724609375,,0.6171875,,1853.900390625,,256.0,,0.6033326387405396,,0.0078125,,,,,,,,,,,,,,
7,94599,,52891.3359375,,0.004902079701423645,,0.54296875,,52891.3359375,,50664.61328125,,0.458984375,,2125.848876953125,,0.45703125,,50888.7890625,,0.458984375,,2103.4189453125,,256.0,,0.463378369808197,,0.0078125,,,,,,,,,,,,,,
7,94649,,54779.0,,0.004643058404326439,,0.4765625,,54779.0,,52478.515625,,0.5625,,1821.4056396484375,,0.5234375,,53457.296875,,0.5625,,1800.7861328125,,256.0,,0.5407589077949524,,0.00390625,,,,,,,,,,,,,,
7,94699,,55221.53125,,0.004701156169176102,,0.5234375,,55221.53125,,53453.26953125,,0.71875,,1916.8663330078125,,0.4765625,,53175.30078125,,0.71875,,1897.6278076171875,,256.0,,0.6667051315307617,,0.0078125,,,,,,,,,,,,,,
7,94749,,71495.7734375,,0.00558708980679512,,0.49609375,,71495.7734375,,69688.2109375,,0.59765625,,2225.033203125,,0.50390625,,68915.5234375,,0.59375,,2162.781005859375,,256.0,,0.559005081653595,,0.01171875,,,,,,,,,,,,,,
7,94799,,42291.484375,,0.0050482433289289474,,0.51171875,,42291.484375,,40164.40234375,,0.64453125,,1848.35107421875,,0.48828125,,40753.4921875,,0.64453125,,1816.727783203125,,256.0,,0.6150068044662476,,0.0078125,,,,,,,,,,,,,,
7,94849,,20841.13671875,,0.004786445759236813,,0.4765625,,20841.13671875,,18050.498046875,,0.63671875,,1658.471435546875,,0.5234375,,20325.921875,,0.63671875,,1647.3818359375,,256.0,,0.6041290760040283,,0.0,,,,,,,,,,,,,,
7,94899,,48905.53125,,0.0047509088180959225,,0.56640625,,48905.53125,,47206.49609375,,0.43359375,,1643.002197265625,,0.43359375,,47342.21875,,0.431640625,,1619.3385009765625,,256.0,,0.4419161081314087,,0.00390625,,,,,,,,,,,,,,
7,94949,,13116.701171875,,0.0046165576204657555,,0.5390625,,13116.701171875,,11780.779296875,,0.416015625,,1634.14697265625,,0.4609375,,11213.5126953125,,0.412109375,,1604.964599609375,,256.0,,0.3995071053504944,,0.0,,,,,,,,,,,,,,
7,94999,,12018.97265625,,0.00493587926030159,,0.48046875,,12018.97265625,,10019.08984375,,0.5703125,,1671.21044921875,,0.51953125,,10705.2802734375,,0.5703125,,1642.3641357421875,,256.0,,0.5652273893356323,,0.00390625,,,,,,,,,,,,,,
7,95049,,24704.48828125,,0.004816870670765638,,0.48828125,,24704.48828125,,22989.708984375,,0.58984375,,1777.5068359375,,0.51171875,,22871.642578125,,0.58984375,,1770.11865234375,,256.0,,0.5725858211517334,,0.0078125,,,,,,,,,,,,,,
7,95099,,16532.34375,,0.004812217317521572,,0.44140625,,16532.34375,,15040.0009765625,,0.50390625,,1621.061767578125,,0.55859375,,14820.486328125,,0.50390625,,1583.1361083984375,,256.0,,0.5042239427566528,,0.0,,,,,,,,,,,,,,
7,95149,,62977.6328125,,0.004950971342623234,,0.46875,,62977.6328125,,61967.06640625,,0.4453125,,1787.7633056640625,,0.53125,,60447.91015625,,0.443359375,,1752.532470703125,,256.0,,0.47569116950035095,,0.00390625,,,,,,,,,,,,,,
7,95199,,10677.458984375,,0.004829031880944967,,0.48046875,,10677.458984375,,9062.576171875,,0.6015625,,1594.5931396484375,,0.51953125,,9129.5048828125,,0.60546875,,1568.244873046875,,256.0,,0.5723683834075928,,0.0,,,,,,,,,,,,,,
7,95249,,18180.158203125,,0.004940353333950043,,0.4765625,,18180.158203125,,16349.986328125,,0.5703125,,1696.8704833984375,,0.5234375,,16639.7109375,,0.57421875,,1673.74853515625,,256.0,,0.5273174047470093,,0.0,,,,,,,,,,,,,,
7,95299,,17224.859375,,0.005220395512878895,,0.4765625,,17224.859375,,15323.19921875,,0.61328125,,1597.715576171875,,0.5234375,,15948.1279296875,,0.609375,,1580.676025390625,,256.0,,0.5711265206336975,,0.0,,,,,,,,,,,,,,
7,95349,,44321.7578125,,0.004706281702965498,,0.52734375,,44321.7578125,,42182.49609375,,0.4296875,,1824.154541015625,,0.47265625,,42842.23046875,,0.4296875,,1794.63671875,,256.0,,0.3835082948207855,,0.0078125,,,,,,,,,,,,,,
7,95399,,13795.828125,,0.004999575205147266,,0.5,,13795.828125,,12148.16796875,,0.58984375,,1663.373046875,,0.5,,12145.6806640625,,0.59375,,1634.43408203125,,256.0,,0.5638187527656555,,0.0,,,,,,,,,,,,,,
7,95449,,88722.265625,,0.004678618162870407,,0.5,,88722.265625,,86788.5,,0.6015625,,2086.047119140625,,0.5,,86485.859375,,0.59765625,,2084.12646484375,,256.0,,0.5672293901443481,,0.01171875,,,,,,,,,,,,,,
7,95499,,14004.9404296875,,0.0051049585454165936,,0.484375,,14004.9404296875,,12797.919921875,,0.486328125,,1640.576171875,,0.515625,,11975.5693359375,,0.484375,,1595.81494140625,,256.0,,0.4632805585861206,,0.0,,,,,,,,,,,,,,
7,95549,,11988.080078125,,0.0045183515176177025,,0.4765625,,11988.080078125,,10357.34375,,0.56640625,,1762.9130859375,,0.5234375,,10139.8798828125,,0.56640625,,1716.022216796875,,256.0,,0.5988641977310181,,0.00390625,,,,,,,,,,,,,,
7,95599,,56198.42578125,,0.0048152427189052105,,0.45703125,,56198.42578125,,54118.609375,,0.484375,,1880.6553955078125,,0.54296875,,54512.76171875,,0.482421875,,1884.8226318359375,,256.0,,0.49399787187576294,,0.00390625,,,,,,,,,,,,,,
7,95649,,16352.224609375,,0.004887201823294163,,0.4921875,,16352.224609375,,14473.2138671875,,0.61328125,,1809.914306640625,,0.5078125,,14639.1162109375,,0.609375,,1782.2069091796875,,256.0,,0.5840904116630554,,0.0078125,,,,,,,,,,,,,,
7,95699,,9139.4873046875,,0.004807069897651672,,0.5078125,,9139.4873046875,,7579.4296875,,0.51171875,,1468.357177734375,,0.4921875,,7783.84130859375,,0.51171875,,1447.345947265625,,256.0,,0.5271198153495789,,0.0,,,,,,,,,,,,,,
7,95749,,92339.578125,,0.004762596916407347,,0.51171875,,92339.578125,,90901.7265625,,0.73828125,,2023.1646728515625,,0.48828125,,89764.71875,,0.7421875,,1989.536865234375,,256.0,,0.6907426714897156,,0.0078125,,,,,,,,,,,,,,
7,95799,,79402.6875,,0.004620569758117199,,0.4921875,,79402.6875,,77528.1015625,,0.62890625,,1822.32177734375,,0.5078125,,77640.8984375,,0.625,,1814.05322265625,,256.0,,0.6052099466323853,,0.00390625,,,,,,,,,,,,,,
7,95849,,12954.6748046875,,0.005123040173202753,,0.51953125,,12954.6748046875,,10842.01171875,,0.67578125,,1581.484619140625,,0.48046875,,11912.2958984375,,0.671875,,1573.557861328125,,256.0,,0.649385929107666,,0.0,,,,,,,,,,,,,,
7,95899,,19264.0234375,,0.00525670638307929,,0.5234375,,19264.0234375,,17497.705078125,,0.54296875,,1615.2313232421875,,0.4765625,,17852.06640625,,0.54296875,,1563.0421142578125,,256.0,,0.539947509765625,,0.0,,,,,,,,,,,,,,
7,95949,,13404.8388671875,,0.004976282361894846,,0.546875,,13404.8388671875,,12212.3291015625,,0.58203125,,1610.82470703125,,0.453125,,11411.2509765625,,0.5859375,,1575.2728271484375,,256.0,,0.5856789350509644,,0.0,,,,,,,,,,,,,,
7,95999,,16095.7099609375,,0.004938538186252117,,0.49609375,,16095.7099609375,,14433.0009765625,,0.43359375,,1630.359375,,0.50390625,,14512.22265625,,0.431640625,,1615.8369140625,,256.0,,0.43562161922454834,,0.0,,,,,,,,,,,,,,
7,96049,,108203.46875,,0.00447129737585783,,0.51171875,,108203.46875,,105242.3515625,,0.51953125,,2303.4931640625,,0.48828125,,106579.96875,,0.51953125,,2281.134033203125,,256.0,,0.4921254515647888,,0.01171875,,,,,,,,,,,,,,
7,96099,,16823.40234375,,0.004920414183288813,,0.50390625,,16823.40234375,,15276.2109375,,0.515625,,1838.53369140625,,0.49609375,,14728.734375,,0.515625,,1803.325439453125,,256.0,,0.48950648307800293,,0.00390625,,,,,,,,,,,,,,
7,96149,,13241.3203125,,0.005009566433727741,,0.4609375,,13241.3203125,,11659.298828125,,0.53125,,1762.287353515625,,0.5390625,,11297.701171875,,0.53125,,1763.35302734375,,256.0,,0.5326051712036133,,0.00390625,,,,,,,,,,,,,,
7,96199,,10444.26953125,,0.004702329635620117,,0.5234375,,10444.26953125,,8932.818359375,,0.5,,1476.8759765625,,0.4765625,,9030.9921875,,0.50390625,,1447.8529052734375,,256.0,,0.4911908805370331,,0.0,,,,,,,,,,,,,,
7,96249,,69950.5625,,0.004783184267580509,,0.5234375,,69950.5625,,67989.4296875,,0.5546875,,1898.5908203125,,0.4765625,,68133.0078125,,0.5546875,,1880.096435546875,,256.0,,0.5369337797164917,,0.0078125,,,,,,,,,,,,,,
7,96299,,15806.98828125,,0.004790694918483496,,0.44140625,,15806.98828125,,14544.134765625,,0.52734375,,1464.602294921875,,0.55859375,,14179.005859375,,0.53125,,1426.232666015625,,256.0,,0.5110995769500732,,0.0,,,,,,,,,,,,,,
7,96349,,15202.732421875,,0.005306055303663015,,0.4921875,,15202.732421875,,14126.548828125,,0.51953125,,1697.4283447265625,,0.5078125,,12943.001953125,,0.51953125,,1638.4840087890625,,256.0,,0.48853811621665955,,0.0,,,,,,,,,,,,,,
7,96399,,43158.8984375,,0.004908749368041754,,0.55078125,,43158.8984375,,41424.265625,,0.5078125,,1613.598388671875,,0.44921875,,41691.9296875,,0.5078125,,1588.00439453125,,256.0,,0.48910850286483765,,0.00390625,,,,,,,,,,,,,,
7,96449,,45625.1796875,,0.004673046059906483,,0.46484375,,45625.1796875,,44175.46875,,0.51953125,,1918.7225341796875,,0.53515625,,43268.67578125,,0.515625,,1887.49169921875,,256.0,,0.49484845995903015,,0.0078125,,,,,,,,,,,,,,
7,96499,,14420.5341796875,,0.004620891064405441,,0.53125,,14420.5341796875,,12867.1650390625,,0.51953125,,1571.15234375,,0.46875,,12841.787109375,,0.51953125,,1560.9642333984375,,256.0,,0.5432442426681519,,0.0,,,,,,,,,,,,,,
7,96549,,21068.78125,,0.0048684412613511086,,0.46875,,21068.78125,,19263.888671875,,0.5234375,,1875.802978515625,,0.53125,,19153.98828125,,0.51953125,,1843.88232421875,,256.0,,0.4855045974254608,,0.00390625,,,,,,,,,,,,,,
7,96599,,95675.3203125,,0.0052077751606702805,,0.484375,,95675.3203125,,92548.2265625,,0.58984375,,2344.546875,,0.515625,,94123.59375,,0.58984375,,2334.273193359375,,256.0,,0.5578376054763794,,0.01171875,,,,,,,,,,,,,,
7,96649,,63126.55078125,,0.005050368141382933,,0.49609375,,63126.55078125,,61155.90625,,0.66796875,,2285.89404296875,,0.50390625,,60552.40625,,0.66796875,,2258.8955078125,,256.0,,0.6476527452468872,,0.01171875,,,,,,,,,,,,,,
7,96699,,17217.92578125,,0.004822826012969017,,0.4609375,,17217.92578125,,15427.447265625,,0.66015625,,1718.6162109375,,0.5390625,,15573.37109375,,0.66015625,,1716.4189453125,,256.0,,0.6202906370162964,,0.0078125,,,,,,,,,,,,,,
7,96749,,120553.296875,,0.0043576243333518505,,0.515625,,120553.296875,,118218.265625,,0.404296875,,2155.63671875,,0.484375,,118599.625,,0.404296875,,2133.055419921875,,256.0,,0.3894793391227722,,0.0078125,,,,,,,,,,,,,,
7,96799,,51729.890625,,0.00502230878919363,,0.48828125,,51729.890625,,49517.75390625,,0.5546875,,2066.32470703125,,0.51171875,,49816.37109375,,0.5546875,,2059.33740234375,,256.0,,0.5174551010131836,,0.0078125,,,,,,,,,,,,,,
7,96849,,12844.998046875,,0.004848494194447994,,0.4921875,,12844.998046875,,11292.4853515625,,0.671875,,1656.6142578125,,0.5078125,,11144.6513671875,,0.671875,,1596.24609375,,256.0,,0.6188467741012573,,0.00390625,,,,,,,,,,,,,,
7,96899,,18393.5625,,0.004580223001539707,,0.48828125,,18393.5625,,16912.03125,,0.578125,,1659.512451171875,,0.51171875,,16582.40625,,0.578125,,1633.17333984375,,256.0,,0.5459737777709961,,0.00390625,,,,,,,,,,,,,,
7,96949,,62010.7421875,,0.0049509089440107346,,0.421875,,62010.7421875,,59548.34375,,0.47265625,,1762.9251708984375,,0.578125,,60937.71484375,,0.4765625,,1772.4957275390625,,256.0,,0.4635801315307617,,0.00390625,,,,,,,,,,,,,,
7,96999,,72343.609375,,0.0049042124301195145,,0.51171875,,72343.609375,,70838.0390625,,0.33984375,,2081.609619140625,,0.48828125,,69725.796875,,0.34375,,2041.765869140625,,256.0,,0.32564789056777954,,0.01171875,,,,,,,,,,,,,,
7,97049,,15542.44921875,,0.0046056341379880905,,0.48828125,,15542.44921875,,13380.5068359375,,0.4453125,,1600.5029296875,,0.51171875,,14526.8056640625,,0.443359375,,1577.08349609375,,256.0,,0.4363959729671478,,0.0,,,,,,,,,,,,,,
7,97099,,95533.359375,,0.005247194319963455,,0.5390625,,95533.359375,,94046.4609375,,0.3828125,,2142.53271484375,,0.4609375,,92778.1171875,,0.380859375,,2099.618408203125,,256.0,,0.3537573218345642,,0.0078125,,,,,,,,,,,,,,
7,97149,,11134.365234375,,0.0049223280511796474,,0.546875,,11134.365234375,,9180.70703125,,0.435546875,,1849.5360107421875,,0.453125,,9410.3203125,,0.4375,,1828.16845703125,,256.0,,0.4360996186733246,,0.00390625,,,,,,,,,,,,,,
7,97199,,88300.734375,,0.004709276836365461,,0.46875,,88300.734375,,85672.6484375,,0.6953125,,2013.79296875,,0.53125,,86905.3203125,,0.6953125,,2009.72021484375,,256.0,,0.6470862030982971,,0.0078125,,,,,,,,,,,,,,
7,97249,,13318.671875,,0.004692756105214357,,0.53125,,13318.671875,,11736.7236328125,,0.4140625,,1620.326416015625,,0.46875,,11691.2314453125,,0.412109375,,1589.06201171875,,256.0,,0.3893436789512634,,0.0,,,,,,,,,,,,,,
7,97299,,15319.94921875,,0.004831932485103607,,0.54296875,,15319.94921875,,13454.982421875,,0.55078125,,1607.481689453125,,0.45703125,,13981.02734375,,0.54296875,,1596.406005859375,,256.0,,0.5216825008392334,,0.0,,,,,,,,,,,,,,
7,97349,,26749.47265625,,0.0048208762891590595,,0.4609375,,26749.47265625,,24814.115234375,,0.62109375,,1720.900634765625,,0.5390625,,25283.291015625,,0.62109375,,1680.641357421875,,256.0,,0.5971839427947998,,0.0,,,,,,,,,,,,,,
7,97399,,46551.625,,0.005119132809340954,,0.48828125,,46551.625,,44801.0546875,,0.470703125,,1908.322509765625,,0.51171875,,44490.1015625,,0.46875,,1903.7666015625,,256.0,,0.4521615505218506,,0.01171875,,,,,,,,,,,,,,
7,97449,,18759.154296875,,0.004702925682067871,,0.515625,,18759.154296875,,17089.841796875,,0.5546875,,1963.8316650390625,,0.484375,,16533.03515625,,0.5546875,,1931.5997314453125,,256.0,,0.5247118473052979,,0.0078125,,,,,,,,,,,,,,
7,97499,,59719.9453125,,0.0046515860594809055,,0.5234375,,59719.9453125,,57142.6796875,,0.54296875,,2169.929443359375,,0.4765625,,57956.34375,,0.54296875,,2170.937744140625,,256.0,,0.5242206454277039,,0.01171875,,,,,,,,,,,,,,
7,97549,,54196.890625,,0.00571480905637145,,0.51953125,,54196.890625,,52168.9765625,,0.5234375,,1740.745849609375,,0.48046875,,52755.23046875,,0.51953125,,1728.82421875,,256.0,,0.5022131204605103,,0.00390625,,,,,,,,,,,,,,
7,97599,,14624.298828125,,0.008212948217988014,,0.46484375,,14624.298828125,,13285.5166015625,,0.48046875,,1669.9222412109375,,0.53515625,,12707.38671875,,0.48046875,,1585.772705078125,,256.0,,0.46786031126976013,,0.0,,,,,,,,,,,,,,
7,97649,,83705.96875,,0.0046929409727454185,,0.49609375,,83705.96875,,81777.0546875,,0.51953125,,1939.0704345703125,,0.50390625,,81765.0,,0.51953125,,1930.81591796875,,256.0,,0.48447591066360474,,0.00390625,,,,,,,,,,,,,,
7,97699,,42691.34375,,0.004567325115203857,,0.46875,,42691.34375,,41870.7890625,,0.58203125,,1757.9449462890625,,0.53125,,40044.109375,,0.58203125,,1709.839111328125,,256.0,,0.5497329235076904,,0.00390625,,,,,,,,,,,,,,
7,97749,,16138.1943359375,,0.004596970044076443,,0.55859375,,16138.1943359375,,14510.5205078125,,0.5625,,1734.923583984375,,0.44140625,,14308.427734375,,0.55859375,,1722.5166015625,,256.0,,0.5480464696884155,,0.00390625,,,,,,,,,,,,,,
7,97799,,12908.18359375,,0.005012776702642441,,0.51171875,,12908.18359375,,10945.5654296875,,0.59765625,,1650.646240234375,,0.48828125,,11603.171875,,0.59765625,,1616.984130859375,,256.0,,0.5870441198348999,,0.00390625,,,,,,,,,,,,,,
7,97849,,12993.91796875,,0.0045686443336308,,0.4921875,,12993.91796875,,11457.859375,,0.55078125,,1659.89892578125,,0.5078125,,11226.87109375,,0.55078125,,1643.20703125,,256.0,,0.524915337562561,,0.0,,,,,,,,,,,,,,
7,97899,,14200.1689453125,,0.005077321082353592,,0.5078125,,14200.1689453125,,12478.0478515625,,0.48046875,,1654.7779541015625,,0.4921875,,12627.767578125,,0.478515625,,1639.74462890625,,256.0,,0.48222407698631287,,0.00390625,,,,,,,,,,,,,,
7,97949,,14480.76171875,,0.00505712628364563,,0.5234375,,14480.76171875,,12681.310546875,,0.71484375,,1569.11279296875,,0.4765625,,13158.501953125,,0.71484375,,1552.598876953125,,256.0,,0.7166080474853516,,0.0,,,,,,,,,,,,,,
7,97999,,90706.234375,,0.004970913287252188,,0.51953125,,90706.234375,,88834.390625,,0.490234375,,1921.236328125,,0.48046875,,88788.578125,,0.490234375,,1868.260986328125,,256.0,,0.45949846506118774,,0.0078125,,,,,,,,,,,,,,
7,98049,,14093.49609375,,0.00523723429068923,,0.515625,,14093.49609375,,12782.5537109375,,0.55078125,,1687.40869140625,,0.484375,,12078.7890625,,0.55078125,,1638.240966796875,,256.0,,0.5250862836837769,,0.00390625,,,,,,,,,,,,,,
7,98099,,94118.640625,,0.005045335739850998,,0.48046875,,94118.640625,,91847.5703125,,0.6796875,,2268.020263671875,,0.51953125,,91868.7734375,,0.67578125,,2252.9130859375,,256.0,,0.6332001090049744,,0.01171875,,,,,,,,,,,,,,
7,98149,,56751.3828125,,0.004717906005680561,,0.48046875,,56751.3828125,,54823.31640625,,0.53515625,,1846.6007080078125,,0.51953125,,55014.36328125,,0.53125,,1818.4844970703125,,256.0,,0.48102903366088867,,0.0078125,,,,,,,,,,,,,,
7,98199,,15045.8544921875,,0.0052179074846208096,,0.5390625,,15045.8544921875,,13617.91015625,,0.6015625,,1668.3897705078125,,0.4609375,,13174.3095703125,,0.6015625,,1631.0997314453125,,256.0,,0.571266770362854,,0.0,,,,,,,,,,,,,,
7,98249,,91840.765625,,0.004720360040664673,,0.52734375,,91840.765625,,88982.0703125,,0.5859375,,2451.5068359375,,0.47265625,,89810.875,,0.5859375,,2437.06982421875,,256.0,,0.5463863015174866,,0.01953125,,,,,,,,,,,,,,
7,98299,,83485.46875,,0.004900442436337471,,0.5234375,,83485.46875,,81798.8046875,,0.64453125,,2019.4779052734375,,0.4765625,,81157.875,,0.64453125,,1994.77783203125,,256.0,,0.5993634462356567,,0.0078125,,,,,,,,,,,,,,
7,98349,,45842.05859375,,0.005331055726855993,,0.48828125,,45842.05859375,,43854.37109375,,0.6171875,,1892.12841796875,,0.51171875,,44071.39453125,,0.6171875,,1866.2239990234375,,256.0,,0.5873799324035645,,0.0078125,,,,,,,,,,,,,,
7,98399,,57361.46875,,0.007284556981176138,,0.484375,,57361.46875,,57266.19140625,,0.62109375,,2110.64404296875,,0.515625,,53311.9296875,,0.62109375,,2034.17626953125,,256.0,,0.5646981000900269,,0.0078125,,,,,,,,,,,,,,
7,98449,,12695.6865234375,,0.004996173083782196,,0.49609375,,12695.6865234375,,10871.00390625,,0.61328125,,1696.724365234375,,0.50390625,,11172.259765625,,0.61328125,,1651.38525390625,,256.0,,0.5980997085571289,,0.0078125,,,,,,,,,,,,,,
7,98499,,12351.5078125,,0.004486845340579748,,0.4765625,,12351.5078125,,10857.2490234375,,0.78125,,1538.1058349609375,,0.5234375,,10798.669921875,,0.78125,,1508.99169921875,,256.0,,0.763235330581665,,0.0,,,,,,,,,,,,,,
7,98549,,15012.4765625,,0.005394661799073219,,0.4921875,,15012.4765625,,12599.9208984375,,0.609375,,1595.529052734375,,0.5078125,,14239.208984375,,0.609375,,1590.2926025390625,,256.0,,0.6242538094520569,,0.0,,,,,,,,,,,,,,
7,98599,,13638.81640625,,0.005002632737159729,,0.5,,13638.81640625,,11528.634765625,,0.6015625,,1939.3021240234375,,0.5,,11897.44140625,,0.6015625,,1912.255126953125,,256.0,,0.5758487582206726,,0.0078125,,,,,,,,,,,,,,
7,98649,,17444.4765625,,0.005028022453188896,,0.484375,,17444.4765625,,15487.578125,,0.59375,,1603.7747802734375,,0.515625,,16194.6337890625,,0.59375,,1602.9658203125,,256.0,,0.5881879925727844,,0.0,,,,,,,,,,,,,,
7,98699,,20945.83203125,,0.004740850999951363,,0.45703125,,20945.83203125,,18653.5625,,0.63671875,,1551.661865234375,,0.54296875,,20142.86328125,,0.6328125,,1543.5751953125,,256.0,,0.5940126180648804,,0.0,,,,,,,,,,,,,,
7,98749,,42401.3671875,,0.004865697119385004,,0.53125,,42401.3671875,,40718.27734375,,0.49609375,,1782.3616943359375,,0.46875,,40534.32421875,,0.49609375,,1767.774658203125,,256.0,,0.4929389953613281,,0.00390625,,,,,,,,,,,,,,
7,98799,,11166.162109375,,0.0051301103085279465,,0.57421875,,11166.162109375,,9844.2685546875,,0.4609375,,1493.8125,,0.42578125,,9539.353515625,,0.458984375,,1454.890869140625,,256.0,,0.43304604291915894,,0.0,,,,,,,,,,,,,,
7,98849,,11899.916015625,,0.004625912290066481,,0.50390625,,11899.916015625,,10096.716796875,,0.447265625,,1543.729736328125,,0.49609375,,10624.4072265625,,0.4453125,,1534.97802734375,,256.0,,0.4352165162563324,,0.0,,,,,,,,,,,,,,
7,98899,,19047.8984375,,0.0050236741080880165,,0.48046875,,19047.8984375,,16911.537109375,,0.60546875,,1837.654052734375,,0.51953125,,17534.90234375,,0.6015625,,1811.7041015625,,256.0,,0.5671570897102356,,0.0078125,,,,,,,,,,,,,,
7,98949,,83963.578125,,0.0052335746586322784,,0.5,,83963.578125,,82350.5,,0.66796875,,1869.9937744140625,,0.5,,81876.296875,,0.6640625,,1830.3629150390625,,256.0,,0.6442369222640991,,0.0078125,,,,,,,,,,,,,,
7,98999,,15812.255859375,,0.005186019465327263,,0.5,,15812.255859375,,14444.287109375,,0.63671875,,1678.2607421875,,0.5,,13872.431640625,,0.63671875,,1629.5322265625,,256.0,,0.6214282512664795,,0.0,,,,,,,,,,,,,,
7,99049,,65092.1015625,,0.00506862998008728,,0.48828125,,65092.1015625,,62650.18359375,,0.60546875,,2121.4326171875,,0.51171875,,63343.796875,,0.60546875,,2068.78564453125,,256.0,,0.5915041565895081,,0.0078125,,,,,,,,,,,,,,
7,99099,,45484.51953125,,0.00538114458322525,,0.50390625,,45484.51953125,,43890.25390625,,0.58984375,,1817.069091796875,,0.49609375,,43491.43359375,,0.58984375,,1770.28271484375,,256.0,,0.5884594917297363,,0.00390625,,,,,,,,,,,,,,
7,99149,,16940.0859375,,0.004570630379021168,,0.4765625,,16940.0859375,,14959.900390625,,0.44921875,,1677.135009765625,,0.5234375,,15592.439453125,,0.453125,,1650.69580078125,,256.0,,0.4342308044433594,,0.00390625,,,,,,,,,,,,,,
7,99199,,17115.818359375,,0.004911988042294979,,0.5078125,,17115.818359375,,15597.4482421875,,0.640625,,1594.935302734375,,0.4921875,,15486.4638671875,,0.640625,,1552.790283203125,,256.0,,0.6580793857574463,,0.0,,,,,,,,,,,,,,
7,99249,,51876.09375,,0.004863177426159382,,0.5078125,,51876.09375,,50062.0390625,,0.640625,,1885.737548828125,,0.4921875,,49944.87109375,,0.63671875,,1859.539794921875,,256.0,,0.6319951415061951,,0.0078125,,,,,,,,,,,,,,
7,99299,,11644.861328125,,0.004605569876730442,,0.51953125,,11644.861328125,,10083.89453125,,0.5234375,,1650.531982421875,,0.48046875,,9925.8798828125,,0.5234375,,1629.416015625,,256.0,,0.5144574046134949,,0.00390625,,,,,,,,,,,,,,
7,99349,,92851.703125,,0.0047342535108327866,,0.43359375,,92851.703125,,91033.828125,,0.56640625,,2032.5787353515625,,0.56640625,,90613.96875,,0.56640625,,2023.0421142578125,,256.0,,0.5873575210571289,,0.0078125,,,,,,,,,,,,,,
7,99399,,17993.76171875,,0.004813660867512226,,0.5234375,,17993.76171875,,16540.41015625,,0.625,,1639.06689453125,,0.4765625,,16195.24609375,,0.62890625,,1612.7979736328125,,256.0,,0.5869093537330627,,0.0,,,,,,,,,,,,,,
7,99449,,71216.203125,,0.0052593424916267395,,0.48046875,,71216.203125,,69278.1484375,,0.67578125,,1795.569091796875,,0.51953125,,69564.78125,,0.671875,,1793.91455078125,,256.0,,0.6299635767936707,,0.00390625,,,,,,,,,,,,,,
7,99499,,53469.03125,,0.0046867746859788895,,0.48828125,,53469.03125,,51387.33984375,,0.50390625,,1884.9754638671875,,0.51171875,,51796.3046875,,0.50390625,,1869.443115234375,,256.0,,0.4996910095214844,,0.00390625,,,,,,,,,,,,,,
7,99549,,48623.6640625,,0.005000912584364414,,0.52734375,,48623.6640625,,46610.046875,,0.57421875,,1880.1812744140625,,0.47265625,,46904.625,,0.5703125,,1852.47412109375,,256.0,,0.5418949127197266,,0.00390625,,,,,,,,,,,,,,
7,99599,,17858.08984375,,0.004828165285289288,,0.51953125,,17858.08984375,,16989.501953125,,0.65625,,1784.8939208984375,,0.48046875,,15212.0595703125,,0.65234375,,1729.7252197265625,,256.0,,0.6044849753379822,,0.00390625,,,,,,,,,,,,,,
7,99649,,11586.7470703125,,0.004534452222287655,,0.4609375,,11586.7470703125,,9924.9638671875,,0.546875,,1500.003173828125,,0.5390625,,10272.9326171875,,0.55078125,,1475.5950927734375,,256.0,,0.5190314054489136,,0.0,,,,,,,,,,,,,,
7,99699,,17141.775390625,,0.0048063332214951515,,0.5078125,,17141.775390625,,15084.892578125,,0.63671875,,2269.6044921875,,0.4921875,,14690.009765625,,0.63671875,,2239.044189453125,,256.0,,0.5990908145904541,,0.01171875,,,,,,,,,,,,,,
7,99749,,71331.1953125,,0.004973915405571461,,0.50390625,,71331.1953125,,68900.0546875,,0.63671875,,2213.48876953125,,0.49609375,,69380.4140625,,0.63671875,,2168.433349609375,,256.0,,0.609395444393158,,0.0078125,,,,,,,,,,,,,,
7,99799,,15486.375,,0.004233080428093672,,0.4765625,,15486.375,,13622.0693359375,,0.6171875,,1777.208740234375,,0.5234375,,13810.640625,,0.6171875,,1762.8302001953125,,256.0,,0.6030382513999939,,0.0078125,,,,,,,,,,,,,,
7,99849,,61809.2265625,,0.004525749944150448,,0.51953125,,61809.2265625,,59963.25,,0.51171875,,1747.856201171875,,0.48046875,,60181.62890625,,0.515625,,1725.720703125,,256.0,,0.4968191087245941,,0.00390625,,,,,,,,,,,,,,
7,99899,,12107.611328125,,0.005013742949813604,,0.5234375,,12107.611328125,,10866.669921875,,0.55078125,,1610.386474609375,,0.4765625,,10157.4619140625,,0.5546875,,1580.704833984375,,256.0,,0.5122110247612,,0.0,,,,,,,,,,,,,,
7,99949,,85429.4453125,,0.00489225797355175,,0.515625,,85429.4453125,,83952.8359375,,0.578125,,2088.147216796875,,0.484375,,82769.21875,,0.578125,,2048.68896484375,,256.0,,0.5512186288833618,,0.0078125,,,,,,,,,,,,,,
7,99999,,14173.681640625,,0.004783270880579948,,0.48828125,,14173.681640625,,12836.5361328125,,0.73828125,,1525.54052734375,,0.51171875,,12467.412109375,,0.7421875,,1517.874267578125,,256.0,,0.7405060529708862,,0.0,,,,,,,,,,,,,,
7,100049,,16375.998046875,,0.00506708025932312,,0.5078125,,16375.998046875,,14240.2958984375,,0.55078125,,2257.29150390625,,0.4921875,,14041.5732421875,,0.55078125,,2212.835693359375,,256.0,,0.5123909115791321,,0.015625,,,,,,,,,,,,,,
7,100099,,87400.75,,0.004939884878695011,,0.46875,,87400.75,,85350.5078125,,0.5625,,2006.391357421875,,0.53125,,85467.9453125,,0.5625,,1976.66552734375,,256.0,,0.5341193675994873,,0.0078125,,,,,,,,,,,,,,
7,100149,,13105.1162109375,,0.004974025301635265,,0.5234375,,13105.1162109375,,11411.783203125,,0.6015625,,1646.649169921875,,0.4765625,,11547.1787109375,,0.6015625,,1604.621337890625,,256.0,,0.5795406699180603,,0.0078125,,,,,,,,,,,,,,
7,100199,,47740.85546875,,0.004621892236173153,,0.51171875,,47740.85546875,,45838.14453125,,0.6171875,,2074.01123046875,,0.48828125,,45540.33984375,,0.6171875,,2029.2138671875,,256.0,,0.5775758624076843,,0.015625,,,,,,,,,,,,,,
7,100249,,74567.4453125,,0.004516190849244595,,0.49609375,,74567.4453125,,72073.6171875,,0.6484375,,2183.623291015625,,0.50390625,,72722.9375,,0.65234375,,2154.7138671875,,256.0,,0.5950564742088318,,0.015625,,,,,,,,,,,,,,
7,100299,,69475.671875,,0.005200994201004505,,0.46875,,69475.671875,,67752.1171875,,0.63671875,,1965.191650390625,,0.53125,,67300.9609375,,0.6328125,,1933.07861328125,,256.0,,0.6008370518684387,,0.00390625,,,,,,,,,,,,,,
7,100349,,54135.46875,,0.004509568214416504,,0.55078125,,54135.46875,,52565.234375,,0.6328125,,2002.224365234375,,0.44921875,,51715.3671875,,0.6328125,,1988.1082763671875,,256.0,,0.6023814082145691,,0.0078125,,,,,,,,,,,,,,
7,100399,,100516.953125,,0.004754297435283661,,0.44921875,,100516.953125,,97492.3984375,,0.53515625,,2161.71484375,,0.55078125,,99245.328125,,0.5390625,,2134.4599609375,,256.0,,0.5084319114685059,,0.01171875,,,,,,,,,,,,,,
7,100449,,14198.8603515625,,0.004859132692217827,,0.515625,,14198.8603515625,,12585.5224609375,,0.498046875,,1593.1927490234375,,0.484375,,12646.14453125,,0.5,,1572.8616943359375,,256.0,,0.4660103917121887,,0.0,,,,,,,,,,,,,,
7,100499,,55202.0078125,,0.004917284473776817,,0.51171875,,55202.0078125,,52468.375,,0.490234375,,1903.6226806640625,,0.48828125,,54131.36328125,,0.490234375,,1900.651611328125,,256.0,,0.4688938558101654,,0.00390625,,,,,,,,,,,,,,
7,100549,,15387.841796875,,0.004726924002170563,,0.49609375,,15387.841796875,,13974.490234375,,0.59375,,1568.978515625,,0.50390625,,13672.6083984375,,0.59375,,1559.607421875,,256.0,,0.5654118061065674,,0.00390625,,,,,,,,,,,,,,
7,100599,,12232.171875,,0.004679479636251926,,0.484375,,12232.171875,,11089.9833984375,,0.69140625,,1533.7462158203125,,0.515625,,10327.3876953125,,0.69140625,,1513.22509765625,,256.0,,0.667165219783783,,0.0,,,,,,,,,,,,,,
7,100649,,14686.59375,,0.004598050378262997,,0.53125,,14686.59375,,13240.0498046875,,0.54296875,,1536.053955078125,,0.46875,,13073.173828125,,0.54296875,,1523.9107666015625,,256.0,,0.5486713647842407,,0.0,,,,,,,,,,,,,,
7,100699,,13312.63671875,,0.004699167795479298,,0.45703125,,13312.63671875,,11771.7958984375,,0.58203125,,1793.4580078125,,0.54296875,,11303.3603515625,,0.58203125,,1756.65869140625,,256.0,,0.5686588287353516,,0.0078125,,,,,,,,,,,,,,
7,100749,,14729.0888671875,,0.005032243672758341,,0.54296875,,14729.0888671875,,12826.73046875,,0.57421875,,1694.9344482421875,,0.45703125,,13259.6474609375,,0.5703125,,1676.8648681640625,,256.0,,0.557449460029602,,0.00390625,,,,,,,,,,,,,,
7,100799,,38844.5625,,0.004763847216963768,,0.50390625,,38844.5625,,37276.7421875,,0.64453125,,2075.95263671875,,0.49609375,,36276.109375,,0.640625,,2060.322265625,,256.0,,0.6204479932785034,,0.01171875,,,,,,,,,,,,,,
7,100849,,51805.09375,,0.004526171833276749,,0.44921875,,51805.09375,,50014.8125,,0.61328125,,1665.0595703125,,0.55078125,,50277.51171875,,0.61328125,,1652.805908203125,,256.0,,0.5714737772941589,,0.00390625,,,,,,,,,,,,,,
7,100899,,100872.203125,,0.004817544482648373,,0.4765625,,100872.203125,,99575.0078125,,0.53125,,2064.75927734375,,0.5234375,,98080.7734375,,0.52734375,,2023.8720703125,,256.0,,0.5034472942352295,,0.01171875,,,,,,,,,,,,,,
7,100949,,85047.640625,,0.004756595473736525,,0.5,,85047.640625,,82918.9375,,0.5390625,,2181.2578125,,0.5,,82860.1015625,,0.5390625,,2134.98828125,,256.0,,0.5388007760047913,,0.01171875,,,,,,,,,,,,,,
7,100999,,17490.845703125,,0.004816237837076187,,0.51953125,,17490.845703125,,16092.6015625,,0.58984375,,1652.595947265625,,0.48046875,,15614.865234375,,0.58984375,,1621.62939453125,,256.0,,0.5710563659667969,,0.00390625,,,,,,,,,,,,,,
7,101049,,64308.5234375,,0.005344081204384565,,0.4921875,,64308.5234375,,62084.44921875,,0.51953125,,2029.18017578125,,0.5078125,,62504.05078125,,0.515625,,1999.361328125,,256.0,,0.49478358030319214,,0.0078125,,,,,,,,,,,,,,
7,101099,,14190.33203125,,0.004959378391504288,,0.453125,,14190.33203125,,12926.8916015625,,0.61328125,,1517.4967041015625,,0.546875,,12436.3955078125,,0.60546875,,1499.880615234375,,256.0,,0.5736382007598877,,0.0,,,,,,,,,,,,,,
7,101149,,19931.900390625,,0.004668042063713074,,0.46875,,19931.900390625,,18476.453125,,0.55859375,,1586.855712890625,,0.53125,,18223.21875,,0.55859375,,1577.2742919921875,,256.0,,0.5749253630638123,,0.0,,,,,,,,,,,,,,
7,101199,,15802.333984375,,0.005009036511182785,,0.5390625,,15802.333984375,,14844.33203125,,0.6328125,,1707.85986328125,,0.4609375,,13397.1201171875,,0.6328125,,1655.3577880859375,,256.0,,0.5982366800308228,,0.00390625,,,,,,,,,,,,,,
7,101249,,68705.859375,,0.005086913704872131,,0.48828125,,68705.859375,,67036.453125,,0.640625,,1869.022216796875,,0.51171875,,66674.828125,,0.640625,,1831.41845703125,,256.0,,0.6008919477462769,,0.00390625,,,,,,,,,,,,,,
7,101299,,60496.671875,,0.0048548816703259945,,0.5078125,,60496.671875,,58465.5234375,,0.578125,,1886.399169921875,,0.4921875,,58775.30859375,,0.578125,,1866.11669921875,,256.0,,0.5351855754852295,,0.01171875,,,,,,,,,,,,,,
7,101349,,15363.16015625,,0.0050881183706223965,,0.48828125,,15363.16015625,,14169.8427734375,,0.5234375,,1553.54443359375,,0.51171875,,13482.310546875,,0.5234375,,1520.624267578125,,256.0,,0.4856928288936615,,0.0,,,,,,,,,,,,,,
7,101399,,111409.40625,,0.004629222676157951,,0.49609375,,111409.40625,,109573.0,,0.71875,,2500.4267578125,,0.50390625,,108286.09375,,0.71484375,,2459.28759765625,,256.0,,0.6616448760032654,,0.015625,,,,,,,,,,,,,,
7,101449,,56657.73046875,,0.00457291305065155,,0.53125,,56657.73046875,,54410.7109375,,0.7734375,,2121.19482421875,,0.46875,,54689.96484375,,0.7734375,,2093.58837890625,,256.0,,0.730769157409668,,0.0078125,,,,,,,,,,,,,,
7,101499,,131565.140625,,0.00475732795894146,,0.5078125,,131565.140625,,129348.4296875,,0.4453125,,2218.853515625,,0.4921875,,129378.171875,,0.44921875,,2184.82763671875,,256.0,,0.4458163380622864,,0.01171875,,,,,,,,,,,,,,
7,101549,,56442.9375,,0.004575411323457956,,0.5,,56442.9375,,54059.8203125,,0.47265625,,1919.8204345703125,,0.5,,55004.05078125,,0.470703125,,1902.185546875,,256.0,,0.5050458908081055,,0.0078125,,,,,,,,,,,,,,
7,101599,,13807.06640625,,0.0045620291493833065,,0.515625,,13807.06640625,,12562.1005859375,,0.65234375,,1594.498046875,,0.484375,,11901.6220703125,,0.65234375,,1555.912841796875,,256.0,,0.6317654252052307,,0.00390625,,,,,,,,,,,,,,
7,101649,,94252.0625,,0.004630899988114834,,0.49609375,,94252.0625,,92432.4296875,,0.5703125,,1998.51904296875,,0.50390625,,92078.9765625,,0.5703125,,1994.209228515625,,256.0,,0.5423766374588013,,0.0078125,,,,,,,,,,,,,,
7,101699,,19174.021484375,,0.005100693088024855,,0.59375,,19174.021484375,,17533.640625,,0.640625,,1884.0943603515625,,0.40625,,17097.240234375,,0.640625,,1833.0673828125,,256.0,,0.6375671625137329,,0.00390625,,,,,,,,,,,,,,
7,101749,,51439.09765625,,0.005322501063346863,,0.5234375,,51439.09765625,,48861.25,,0.76953125,,2341.702392578125,,0.4765625,,49368.6796875,,0.76953125,,2306.5625,,256.0,,0.7361456155776978,,0.015625,,,,,,,,,,,,,,
7,101799,,102648.453125,,0.004842869471758604,,0.51171875,,102648.453125,,100456.609375,,0.609375,,2434.98388671875,,0.48828125,,100014.703125,,0.6015625,,2390.6162109375,,256.0,,0.6001706123352051,,0.01171875,,,,,,,,,,,,,,
7,101849,,45794.9453125,,0.005280734971165657,,0.51171875,,45794.9453125,,44261.26953125,,0.5390625,,1690.043212890625,,0.48828125,,43980.2578125,,0.5390625,,1658.31689453125,,256.0,,0.539000391960144,,0.00390625,,,,,,,,,,,,,,
7,101899,,15533.20703125,,0.005020910874009132,,0.52734375,,15533.20703125,,14664.5927734375,,0.83203125,,1599.2303466796875,,0.47265625,,13263.8095703125,,0.83203125,,1538.7825927734375,,256.0,,0.7896633148193359,,0.0,,,,,,,,,,,,,,
7,101949,,11617.525390625,,0.005036716815084219,,0.54296875,,11617.525390625,,10276.63671875,,0.59375,,1510.6693115234375,,0.45703125,,9962.296875,,0.6015625,,1485.449462890625,,256.0,,0.5593020915985107,,0.0,,,,,,,,,,,,,,
7,101999,,96263.9296875,,0.0050033824518322945,,0.484375,,96263.9296875,,94053.9921875,,0.59765625,,2507.94873046875,,0.515625,,93469.3203125,,0.59765625,,2496.603759765625,,256.0,,0.5983068943023682,,0.01953125,,,,,,,,,,,,,,
7,102049,,50060.1875,,0.005337178707122803,,0.5234375,,50060.1875,,48212.16796875,,0.61328125,,2081.083251953125,,0.4765625,,47770.5,,0.6171875,,2056.624267578125,,256.0,,0.5801061987876892,,0.01171875,,,,,,,,,,,,,,
7,102099,,14633.5966796875,,0.004855263978242874,,0.45703125,,14633.5966796875,,12814.34375,,0.57421875,,1939.9261474609375,,0.54296875,,12583.265625,,0.57421875,,1929.65771484375,,256.0,,0.5570027828216553,,0.01171875,,,,,,,,,,,,,,
7,102149,,12651.8271484375,,0.0043802037835121155,,0.453125,,12651.8271484375,,11080.3056640625,,0.65234375,,1936.6109619140625,,0.546875,,10378.3798828125,,0.65234375,,1908.357421875,,256.0,,0.6216456294059753,,0.01171875,,,,,,,,,,,,,,
7,102199,,13578.13671875,,0.004871217533946037,,0.48828125,,13578.13671875,,12054.6513671875,,0.6796875,,1517.625244140625,,0.51171875,,12102.8056640625,,0.68359375,,1481.192626953125,,256.0,,0.662773609161377,,0.0,,,,,,,,,,,,,,
7,102249,,12455.3955078125,,0.004811227321624756,,0.46484375,,12455.3955078125,,10919.2333984375,,0.61328125,,1562.7110595703125,,0.53515625,,10881.6474609375,,0.61328125,,1547.1995849609375,,256.0,,0.6013818979263306,,0.0,,,,,,,,,,,,,,
7,102299,,63119.515625,,0.005537053570151329,,0.5,,63119.515625,,61227.7578125,,0.6171875,,1948.060302734375,,0.5,,61114.84375,,0.62109375,,1948.365234375,,256.0,,0.5477529764175415,,0.00390625,,,,,,,,,,,,,,
7,102349,,10894.271484375,,0.004678213037550449,,0.52734375,,10894.271484375,,9120.107421875,,0.64453125,,1638.2861328125,,0.47265625,,9411.3134765625,,0.64453125,,1618.835205078125,,256.0,,0.6230428218841553,,0.00390625,,,,,,,,,,,,,,
7,102367,,,,,,,,,,,,,,,,,,,,,,,,,,,,,17949.083984375,0.004860734101384878,0.4998077154159546,17949.083984375,16392.693359375,0.6272884011268616,1597.9735107421875,0.5001922845840454,16334.763671875,0.627199649810791,1572.708251953125,255.98416137695312,0.6153483390808105,0.0010014981962740421
7,102367,41683.58203125,,0.004855799488723278,,0.4995274543762207,,41683.58203125,,39890.8515625,,0.5892272591590881,,1819.4412841796875,,0.5004725456237793,,39862.6953125,,0.5889328122138977,,1794.21533203125,,256.0,,0.5692583918571472,,0.005103828851133585,,,,,,,,,,,,,,,
8,102399,,67195.203125,,0.004652351140975952,,0.4375,,67195.203125,,65575.625,,0.609375,,1946.9219970703125,,0.5625,,64949.14453125,,0.609375,,1918.720458984375,,256.0,,0.5940238237380981,,0.0078125,,,,,,,,,,,,,,
8,102449,,20132.6015625,,0.004779196344316006,,0.54296875,,20132.6015625,,18042.09765625,,0.734375,,1911.3931884765625,,0.45703125,,18423.92578125,,0.734375,,1887.78466796875,,256.0,,0.7052406668663025,,0.00390625,,,,,,,,,,,,,,
8,102499,,11339.0439453125,,0.004960285034030676,,0.50390625,,11339.0439453125,,9658.7119140625,,0.5234375,,1413.3349609375,,0.49609375,,10184.2578125,,0.5234375,,1421.783203125,,256.0,,0.47951948642730713,,0.0,,,,,,,,,,,,,,
8,102549,,113497.3984375,,0.00506130326539278,,0.5,,113497.3984375,,111786.90625,,0.70703125,,2181.143798828125,,0.5,,110860.734375,,0.703125,,2166.01416015625,,256.0,,0.6667596697807312,,0.015625,,,,,,,,,,,,,,
8,102599,,14047.6728515625,,0.004565833136439323,,0.484375,,14047.6728515625,,12264.8359375,,0.5859375,,1513.0380859375,,0.515625,,12802.056640625,,0.58203125,,1515.414794921875,,256.0,,0.5755056738853455,,0.0,,,,,,,,,,,,,,
8,102649,,15283.2734375,,0.004642901476472616,,0.5390625,,15283.2734375,,13838.2626953125,,0.5859375,,1509.2811279296875,,0.4609375,,13722.17578125,,0.58203125,,1496.8258056640625,,256.0,,0.5692450404167175,,0.0,,,,,,,,,,,,,,
8,102699,,52465.125,,0.0045278677716851234,,0.5234375,,52465.125,,50679.1015625,,0.5546875,,1859.2235107421875,,0.4765625,,50560.11328125,,0.5546875,,1831.81201171875,,256.0,,0.5465456247329712,,0.00390625,,,,,,,,,,,,,,
8,102749,,60806.79296875,,0.00444184010848403,,0.50390625,,60806.79296875,,58598.9765625,,0.65625,,2125.994384765625,,0.49609375,,58795.94921875,,0.6484375,,2092.66259765625,,256.0,,0.6123125553131104,,0.01171875,,,,,,,,,,,,,,
8,102799,,122795.8671875,,0.00493840966373682,,0.5234375,,122795.8671875,,120023.7890625,,0.6484375,,2408.299560546875,,0.4765625,,120788.7734375,,0.6484375,,2370.877197265625,,256.0,,0.6197115778923035,,0.015625,,,,,,,,,,,,,,
8,102849,,20076.927734375,,0.005154585465788841,,0.50390625,,20076.927734375,,18882.845703125,,0.640625,,1702.1156005859375,,0.49609375,,17931.498046875,,0.63671875,,1637.3961181640625,,256.0,,0.6066394448280334,,0.00390625,,,,,,,,,,,,,,
8,102899,,47235.9140625,,0.004665569867938757,,0.51171875,,47235.9140625,,45077.18359375,,0.49609375,,1842.195068359375,,0.48828125,,45737.60546875,,0.498046875,,1814.8460693359375,,256.0,,0.4737964868545532,,0.0078125,,,,,,,,,,,,,,
8,102949,,13676.9189453125,,0.004859618842601776,,0.55078125,,13676.9189453125,,12221.404296875,,0.52734375,,1438.744140625,,0.44921875,,12282.384765625,,0.52734375,,1411.30419921875,,256.0,,0.5353791117668152,,0.0,,,,,,,,,,,,,,
8,102999,,57045.86328125,,0.004644633270800114,,0.484375,,57045.86328125,,54972.453125,,0.69140625,,2159.68505859375,,0.515625,,54848.28515625,,0.6875,,2111.305419921875,,256.0,,0.6706055402755737,,0.01171875,,,,,,,,,,,,,,
8,103049,,62842.5,,0.004806972574442625,,0.51171875,,62842.5,,60270.18359375,,0.546875,,1970.732666015625,,0.48828125,,61487.203125,,0.546875,,1956.881103515625,,256.0,,0.5503115653991699,,0.0078125,,,,,,,,,,,,,,
8,103099,,69412.296875,,0.005024447571486235,,0.50390625,,69412.296875,,67743.703125,,0.65625,,1942.4383544921875,,0.49609375,,67228.09375,,0.65625,,1910.3516845703125,,256.0,,0.6536962389945984,,0.0078125,,,,,,,,,,,,,,
8,103149,,95010.2578125,,0.004950002767145634,,0.4375,,95010.2578125,,93100.6640625,,0.50390625,,2116.27587890625,,0.5625,,92706.0546875,,0.50390625,,2097.52587890625,,256.0,,0.49097323417663574,,0.015625,,,,,,,,,,,,,,
8,103199,,17180.16796875,,0.004821678623557091,,0.5078125,,17180.16796875,,16118.2822265625,,0.578125,,1542.21826171875,,0.4921875,,15195.7041015625,,0.58203125,,1504.1337890625,,256.0,,0.5853602886199951,,0.0,,,,,,,,,,,,,,
8,103249,,67518.1171875,,0.004833923652768135,,0.5,,67518.1171875,,65210.39453125,,0.55859375,,1853.02783203125,,0.5,,66128.75,,0.55859375,,1844.0650634765625,,256.0,,0.5407869219779968,,0.0078125,,,,,,,,,,,,,,
8,103299,,13167.36328125,,0.004283127374947071,,0.515625,,13167.36328125,,11999.24609375,,0.6796875,,1581.178955078125,,0.484375,,11193.453125,,0.6796875,,1560.849365234375,,256.0,,0.6566253900527954,,0.00390625,,,,,,,,,,,,,,
8,103349,,12181.8984375,,0.0050503648817539215,,0.53125,,12181.8984375,,10684.1806640625,,0.68359375,,1612.2236328125,,0.46875,,10507.8583984375,,0.6796875,,1559.5328369140625,,256.0,,0.6481644511222839,,0.0,,,,,,,,,,,,,,
8,103399,,17661.802734375,,0.004763126373291016,,0.44921875,,17661.802734375,,16189.5537109375,,0.64453125,,1835.9136962890625,,0.55078125,,15516.978515625,,0.64453125,,1781.160400390625,,256.0,,0.6373130083084106,,0.00390625,,,,,,,,,,,,,,
8,103449,,11290.654296875,,0.004724606871604919,,0.4765625,,11290.654296875,,9921.4052734375,,0.50390625,,1466.4384765625,,0.5234375,,9741.0283203125,,0.5,,1452.435546875,,256.0,,0.500051736831665,,0.0,,,,,,,,,,,,,,
8,103499,,14273.1376953125,,0.004415573552250862,,0.43359375,,14273.1376953125,,12643.6689453125,,0.62890625,,1559.8603515625,,0.56640625,,12789.8994140625,,0.6328125,,1552.846435546875,,256.0,,0.5992095470428467,,0.0,,,,,,,,,,,,,,
8,103549,,20358.9140625,,0.004863137379288673,,0.51171875,,20358.9140625,,18637.208984375,,0.65234375,,1836.206298828125,,0.48828125,,18412.380859375,,0.65234375,,1832.03271484375,,256.0,,0.6241158843040466,,0.00390625,,,,,,,,,,,,,,
8,103599,,15330.361328125,,0.004523066803812981,,0.453125,,15330.361328125,,13060.4853515625,,0.65625,,1669.1844482421875,,0.546875,,14287.73046875,,0.65234375,,1643.32275390625,,256.0,,0.6232226490974426,,0.00390625,,,,,,,,,,,,,,
8,103649,,45975.6953125,,0.004725334234535694,,0.515625,,45975.6953125,,43532.88671875,,0.50390625,,2042.45263671875,,0.484375,,44373.38671875,,0.5,,2002.665771484375,,256.0,,0.4812912344932556,,0.01171875,,,,,,,,,,,,,,
8,103699,,19150.138671875,,0.005166742950677872,,0.5,,19150.138671875,,17342.984375,,0.58203125,,1569.655517578125,,0.5,,17834.09765625,,0.578125,,1553.539794921875,,256.0,,0.556654155254364,,0.0,,,,,,,,,,,,,,
8,103749,,122766.0625,,0.004982523154467344,,0.45703125,,122766.0625,,119819.0859375,,0.6171875,,2300.00146484375,,0.54296875,,121125.0,,0.6171875,,2288.04541015625,,256.0,,0.5671617984771729,,0.015625,,,,,,,,,,,,,,
8,103799,,10325.1015625,,0.005028457846492529,,0.51171875,,10325.1015625,,8855.064453125,,0.61328125,,1639.52783203125,,0.48828125,,8542.419921875,,0.61328125,,1613.1900634765625,,256.0,,0.5898410081863403,,0.0,,,,,,,,,,,,,,
8,103849,,55006.1875,,0.005085324868559837,,0.5390625,,55006.1875,,52341.328125,,0.68359375,,2042.83056640625,,0.4609375,,53615.83203125,,0.68359375,,2012.387451171875,,256.0,,0.6663037538528442,,0.0078125,,,,,,,,,,,,,,
8,103899,,12584.24609375,,0.004848669748753309,,0.48046875,,12584.24609375,,11189.521484375,,0.56640625,,1675.0888671875,,0.51953125,,10660.9853515625,,0.56640625,,1642.8955078125,,256.0,,0.5296007394790649,,0.00390625,,,,,,,,,,,,,,
8,103949,,49381.19140625,,0.004725209902971983,,0.5078125,,49381.19140625,,47796.64453125,,0.5390625,,1795.274169921875,,0.4921875,,47408.96875,,0.53515625,,1761.49658203125,,256.0,,0.4972061514854431,,0.00390625,,,,,,,,,,,,,,
8,103999,,12990.439453125,,0.004831066355109215,,0.48828125,,12990.439453125,,11390.23828125,,0.53125,,1753.650634765625,,0.51171875,,11135.5244140625,,0.53515625,,1701.466796875,,256.0,,0.4916331171989441,,0.00390625,,,,,,,,,,,,,,
8,104049,,21190.2109375,,0.005085986107587814,,0.51171875,,21190.2109375,,19292.66796875,,0.59375,,1645.8243408203125,,0.48828125,,19805.759765625,,0.59765625,,1636.16796875,,256.0,,0.5886582136154175,,0.0,,,,,,,,,,,,,,
8,104099,,51263.6953125,,0.004349538590759039,,0.51171875,,51263.6953125,,48626.2890625,,0.578125,,1697.737548828125,,0.48828125,,50489.765625,,0.578125,,1713.6024169921875,,256.0,,0.5517141222953796,,0.0078125,,,,,,,,,,,,,,
8,104149,,16838.51171875,,0.004856162704527378,,0.56640625,,16838.51171875,,15463.4599609375,,0.4296875,,1664.5836181640625,,0.43359375,,14932.7099609375,,0.427734375,,1616.2696533203125,,256.0,,0.42600589990615845,,0.0,,,,,,,,,,,,,,
8,104199,,65613.796875,,0.004759279545396566,,0.5390625,,65613.796875,,63315.9140625,,0.703125,,1897.029541015625,,0.4609375,,64136.03125,,0.703125,,1878.6209716796875,,256.0,,0.6938732862472534,,0.00390625,,,,,,,,,,,,,,
8,104249,,16013.912109375,,0.004980710335075855,,0.5078125,,16013.912109375,,14177.904296875,,0.69921875,,1637.4779052734375,,0.4921875,,14585.8447265625,,0.69921875,,1626.598388671875,,256.0,,0.6878453493118286,,0.0,,,,,,,,,,,,,,
8,104299,,17487.80078125,,0.004449346102774143,,0.47265625,,17487.80078125,,16033.005859375,,0.73828125,,1474.15185546875,,0.52734375,,16022.56640625,,0.73828125,,1445.87451171875,,256.0,,0.7128908038139343,,0.0,,,,,,,,,,,,,,
8,104349,,11047.0966796875,,0.004923240281641483,,0.5,,11047.0966796875,,9129.1728515625,,0.431640625,,1607.5709228515625,,0.5,,9757.296875,,0.43359375,,1600.1522216796875,,256.0,,0.42782387137413025,,0.00390625,,,,,,,,,,,,,,
8,104399,,79600.296875,,0.004695014096796513,,0.4609375,,79600.296875,,77096.5234375,,0.609375,,1990.635009765625,,0.5390625,,78148.1640625,,0.61328125,,1965.279052734375,,256.0,,0.593565821647644,,0.0078125,,,,,,,,,,,,,,
8,104449,,42497.06640625,,0.005058649927377701,,0.52734375,,42497.06640625,,39952.71484375,,0.625,,2094.664306640625,,0.47265625,,40883.484375,,0.62109375,,2063.269287109375,,256.0,,0.5844300985336304,,0.0078125,,,,,,,,,,,,,,
8,104499,,13264.7744140625,,0.004438307136297226,,0.453125,,13264.7744140625,,11713.0234375,,0.48046875,,1630.68701171875,,0.546875,,11592.2265625,,0.478515625,,1593.61181640625,,256.0,,0.4427504539489746,,0.00390625,,,,,,,,,,,,,,
8,104549,,62241.03125,,0.004624706692993641,,0.4765625,,62241.03125,,60947.19140625,,0.5703125,,1842.867431640625,,0.5234375,,59884.5546875,,0.56640625,,1807.44677734375,,256.0,,0.5356827974319458,,0.00390625,,,,,,,,,,,,,,
8,104599,,17843.61328125,,0.005015328526496887,,0.54296875,,17843.61328125,,16482.6953125,,0.46875,,1603.8253173828125,,0.45703125,,16030.5673828125,,0.46875,,1570.136962890625,,256.0,,0.44631069898605347,,0.0,,,,,,,,,,,,,,
8,104649,,58522.3359375,,0.004711243323981762,,0.515625,,58522.3359375,,56425.015625,,0.80078125,,2008.6142578125,,0.484375,,56636.9453125,,0.80078125,,1974.0972900390625,,256.0,,0.7845724821090698,,0.015625,,,,,,,,,,,,,,
8,104699,,44606.36328125,,0.004475763998925686,,0.51171875,,44606.36328125,,42664.58203125,,0.5859375,,1981.9095458984375,,0.48828125,,42607.4140625,,0.5859375,,1958.8184814453125,,256.0,,0.5521414875984192,,0.0078125,,,,,,,,,,,,,,
8,104749,,118222.015625,,0.004696833901107311,,0.51171875,,118222.015625,,115271.453125,,0.71875,,2370.16162109375,,0.48828125,,116453.890625,,0.71484375,,2348.515625,,256.0,,0.6612251996994019,,0.015625,,,,,,,,,,,,,,
8,104799,,106107.09375,,0.004319297149777412,,0.51171875,,106107.09375,,103788.3203125,,0.6328125,,2020.352783203125,,0.48828125,,104392.1171875,,0.6328125,,2013.40478515625,,256.0,,0.639548659324646,,0.0078125,,,,,,,,,,,,,,
8,104849,,37937.796875,,0.004837672226130962,,0.515625,,37937.796875,,36351.81640625,,0.52734375,,1569.7958984375,,0.484375,,36396.09765625,,0.5234375,,1557.8831787109375,,256.0,,0.47937843203544617,,0.00390625,,,,,,,,,,,,,,
8,104899,,43127.078125,,0.005213275086134672,,0.4375,,43127.078125,,41288.4296875,,0.62890625,,1723.5234375,,0.5625,,41538.07421875,,0.625,,1704.1258544921875,,256.0,,0.5964648127555847,,0.00390625,,,,,,,,,,,,,,
8,104949,,50824.0859375,,0.004861700348556042,,0.5234375,,50824.0859375,,48714.30859375,,0.69140625,,1920.5653076171875,,0.4765625,,49122.125,,0.6953125,,1891.16796875,,256.0,,0.6725656390190125,,0.0078125,,,,,,,,,,,,,,
8,104999,,14364.734375,,0.004680669400840998,,0.49609375,,14364.734375,,12606.8779296875,,0.65625,,1828.1148681640625,,0.50390625,,12502.8681640625,,0.65625,,1791.6083984375,,256.0,,0.6453430652618408,,0.0078125,,,,,,,,,,,,,,
8,105049,,50964.55078125,,0.004763967357575893,,0.5078125,,50964.55078125,,48444.390625,,0.51953125,,2036.4638671875,,0.4921875,,49427.74609375,,0.51953125,,2020.501708984375,,256.0,,0.4932854175567627,,0.0078125,,,,,,,,,,,,,,
8,105099,,14701.4931640625,,0.00477222865447402,,0.41796875,,14701.4931640625,,12936.8427734375,,0.6484375,,1879.8704833984375,,0.58203125,,12744.0244140625,,0.65234375,,1842.249267578125,,256.0,,0.6135877370834351,,0.0078125,,,,,,,,,,,,,,
8,105149,,16956.55078125,,0.004499176051467657,,0.53515625,,16956.55078125,,15365.890625,,0.703125,,1578.9241943359375,,0.46484375,,15397.4814453125,,0.703125,,1570.807373046875,,256.0,,0.6846720576286316,,0.0,,,,,,,,,,,,,,
8,105199,,14701.630859375,,0.0046199411153793335,,0.5390625,,14701.630859375,,12879.849609375,,0.69921875,,1723.8836669921875,,0.4609375,,13084.6181640625,,0.6953125,,1714.909423828125,,256.0,,0.6706447005271912,,0.00390625,,,,,,,,,,,,,,
8,105249,,51557.7578125,,0.004751844797283411,,0.51953125,,51557.7578125,,49446.4375,,0.70703125,,1750.950439453125,,0.48046875,,50184.24609375,,0.703125,,1733.877685546875,,256.0,,0.6948628425598145,,0.00390625,,,,,,,,,,,,,,
8,105299,,40980.625,,0.00496013555675745,,0.484375,,40980.625,,39177.265625,,0.53515625,,1805.0093994140625,,0.515625,,39212.60546875,,0.5390625,,1766.366943359375,,256.0,,0.5245746374130249,,0.0078125,,,,,,,,,,,,,,
8,105349,,72149.28125,,0.004650302231311798,,0.46875,,72149.28125,,70324.203125,,0.5078125,,1997.9705810546875,,0.53125,,70019.734375,,0.51171875,,1956.6453857421875,,256.0,,0.5116569995880127,,0.0078125,,,,,,,,,,,,,,
8,105399,,12985.1669921875,,0.004642978310585022,,0.56640625,,12985.1669921875,,10762.2080078125,,0.71875,,1723.2332763671875,,0.43359375,,11768.0302734375,,0.71875,,1716.8623046875,,256.0,,0.6844786405563354,,0.00390625,,,,,,,,,,,,,,
8,105449,,56909.5390625,,0.0046766712330281734,,0.5,,56909.5390625,,54144.0234375,,0.62890625,,2304.194091796875,,0.5,,55092.65234375,,0.625,,2278.21240234375,,256.0,,0.5726177096366882,,0.01953125,,,,,,,,,,,,,,
8,105499,,47745.38671875,,0.004697674419730902,,0.4921875,,47745.38671875,,45647.9765625,,0.64453125,,1975.2412109375,,0.5078125,,45916.08203125,,0.6484375,,1951.474365234375,,256.0,,0.6290377378463745,,0.0078125,,,,,,,,,,,,,,
8,105549,,19524.78515625,,0.004477875307202339,,0.5390625,,19524.78515625,,18122.74609375,,0.6640625,,1678.878173828125,,0.4609375,,17584.45703125,,0.66015625,,1663.48583984375,,256.0,,0.6456230282783508,,0.00390625,,,,,,,,,,,,,,
8,105599,,13823.8408203125,,0.005143758840858936,,0.48828125,,13823.8408203125,,12744.6162109375,,0.74609375,,1533.2508544921875,,0.51171875,,11876.1142578125,,0.74609375,,1493.70068359375,,256.0,,0.727789580821991,,0.0,,,,,,,,,,,,,,
8,105649,,13807.34765625,,0.004962609149515629,,0.48046875,,13807.34765625,,12015.8974609375,,0.55078125,,1666.90234375,,0.51953125,,12294.099609375,,0.55078125,,1637.79541015625,,256.0,,0.5427860021591187,,0.0,,,,,,,,,,,,,,
8,105699,,62877.3828125,,0.004695176612585783,,0.48828125,,62877.3828125,,60319.76171875,,0.62890625,,2013.0953369140625,,0.51171875,,61431.3671875,,0.62890625,,1990.5396728515625,,256.0,,0.5826303958892822,,0.0078125,,,,,,,,,,,,,,
8,105749,,74385.7421875,,0.004843686241656542,,0.4609375,,74385.7421875,,72515.140625,,0.55078125,,1795.8314208984375,,0.5390625,,72697.8828125,,0.55078125,,1762.6339111328125,,256.0,,0.5455612540245056,,0.00390625,,,,,,,,,,,,,,
8,105799,,15776.341796875,,0.004610592499375343,,0.453125,,15776.341796875,,14458.9384765625,,0.64453125,,1609.700439453125,,0.546875,,13899.1181640625,,0.64453125,,1584.926025390625,,256.0,,0.6358943581581116,,0.0078125,,,,,,,,,,,,,,
8,105849,,12913.2451171875,,0.006286364980041981,,0.51171875,,12913.2451171875,,11473.4462890625,,0.71484375,,1710.628662109375,,0.48828125,,10985.3447265625,,0.71484375,,1657.0701904296875,,256.0,,0.6673802137374878,,0.00390625,,,,,,,,,,,,,,
8,105899,,13899.263671875,,0.004537558648735285,,0.515625,,13899.263671875,,12015.2275390625,,0.59765625,,1757.356689453125,,0.484375,,12296.265625,,0.6015625,,1729.67724609375,,256.0,,0.581633985042572,,0.0078125,,,,,,,,,,,,,,
8,105949,,15475.703125,,0.004923434928059578,,0.50390625,,15475.703125,,14215.826171875,,0.5,,1500.015380859375,,0.49609375,,13753.736328125,,0.49609375,,1481.828857421875,,256.0,,0.528049647808075,,0.0,,,,,,,,,,,,,,
8,105999,,45939.58984375,,0.004782550036907196,,0.5390625,,45939.58984375,,44238.97265625,,0.443359375,,1805.5152587890625,,0.4609375,,44048.3828125,,0.443359375,,1786.309326171875,,256.0,,0.4331321120262146,,0.0078125,,,,,,,,,,,,,,
8,106049,,107859.546875,,0.0048699458129704,,0.51953125,,107859.546875,,106568.6953125,,0.6953125,,2011.4835205078125,,0.48046875,,105137.953125,,0.69921875,,2000.95654296875,,256.0,,0.663182258605957,,0.0078125,,,,,,,,,,,,,,
8,106099,,13071.560546875,,0.0047066789120435715,,0.46484375,,13071.560546875,,11274.22265625,,0.56640625,,1594.0162353515625,,0.53515625,,11700.8818359375,,0.56640625,,1574.000244140625,,256.0,,0.5273396372795105,,0.0,,,,,,,,,,,,,,
8,106149,,59901.84375,,0.004660638980567455,,0.515625,,59901.84375,,57442.09765625,,0.53125,,1903.002685546875,,0.484375,,58574.7265625,,0.53515625,,1883.8603515625,,256.0,,0.5172563195228577,,0.00390625,,,,,,,,,,,,,,
8,106199,,13647.2158203125,,0.00484896544367075,,0.484375,,13647.2158203125,,12073.9208984375,,0.59765625,,1603.168212890625,,0.515625,,12029.3603515625,,0.59375,,1587.982666015625,,256.0,,0.5905621647834778,,0.00390625,,,,,,,,,,,,,,
8,106249,,15146.978515625,,0.0044348835945129395,,0.390625,,15146.978515625,,13549.580078125,,0.5859375,,1465.3841552734375,,0.609375,,13834.6513671875,,0.5859375,,1444.341796875,,256.0,,0.5760425329208374,,0.0,,,,,,,,,,,,,,
8,106299,,14609.1865234375,,0.005034605041146278,,0.51171875,,14609.1865234375,,13213.37890625,,0.5703125,,1654.2449951171875,,0.48828125,,12738.7041015625,,0.5703125,,1612.044677734375,,256.0,,0.5570623278617859,,0.0,,,,,,,,,,,,,,
8,106349,,72336.953125,,0.0052603622898459435,,0.4921875,,72336.953125,,70389.828125,,0.609375,,1908.27685546875,,0.5078125,,70473.453125,,0.61328125,,1902.344970703125,,256.0,,0.5918101668357849,,0.00390625,,,,,,,,,,,,,,
8,106399,,89179.6171875,,0.004973355680704117,,0.453125,,89179.6171875,,87519.5,,0.6484375,,2058.0869140625,,0.546875,,86744.265625,,0.6484375,,2037.38427734375,,256.0,,0.6402386426925659,,0.01171875,,,,,,,,,,,,,,
8,106449,,14309.330078125,,0.0045923469588160515,,0.53515625,,14309.330078125,,12748.419921875,,0.6171875,,1551.745849609375,,0.46484375,,12789.0712890625,,0.62109375,,1529.421630859375,,256.0,,0.560674786567688,,0.0,,,,,,,,,,,,,,
8,106499,,16018.3388671875,,0.00499650789424777,,0.5234375,,16018.3388671875,,14503.4970703125,,0.6953125,,1636.952880859375,,0.4765625,,14291.8525390625,,0.69140625,,1604.375,,256.0,,0.6767991781234741,,0.0,,,,,,,,,,,,,,
8,106549,,152513.75,,0.004829947836697102,,0.48046875,,152513.75,,150166.28125,,0.54296875,,2436.22802734375,,0.51953125,,150018.96875,,0.54296875,,2405.9921875,,256.0,,0.5079377889633179,,0.01171875,,,,,,,,,,,,,,
8,106599,,15485.8662109375,,0.004668272566050291,,0.453125,,15485.8662109375,,14020.236328125,,0.5859375,,1600.8592529296875,,0.546875,,13780.6923828125,,0.5859375,,1569.94384765625,,256.0,,0.5452505350112915,,0.0,,,,,,,,,,,,,,
8,106649,,14081.626953125,,0.005067957565188408,,0.546875,,14081.626953125,,12363.2763671875,,0.703125,,1595.642333984375,,0.453125,,12651.708984375,,0.70703125,,1552.6259765625,,256.0,,0.6867544651031494,,0.0,,,,,,,,,,,,,,
8,106699,,93138.5234375,,0.0047180200926959515,,0.47265625,,93138.5234375,,90936.40625,,0.546875,,2119.384765625,,0.52734375,,91114.9609375,,0.54296875,,2106.300537109375,,256.0,,0.5216109752655029,,0.01171875,,,,,,,,,,,,,,
8,106749,,60883.3515625,,0.005137670785188675,,0.51171875,,60883.3515625,,57682.734375,,0.5625,,2334.57568359375,,0.48828125,,59443.48828125,,0.5625,,2305.91162109375,,256.0,,0.5345856547355652,,0.015625,,,,,,,,,,,,,,
8,106799,,16041.2197265625,,0.004943080246448517,,0.52734375,,16041.2197265625,,14422.90625,,0.52734375,,1814.4796142578125,,0.47265625,,14088.2978515625,,0.52734375,,1756.7559814453125,,256.0,,0.5345553755760193,,0.00390625,,,,,,,,,,,,,,
8,106849,,18562.421875,,0.004647994413971901,,0.421875,,18562.421875,,17170.80078125,,0.484375,,1668.666748046875,,0.578125,,16643.640625,,0.484375,,1641.73681640625,,256.0,,0.46973228454589844,,0.0,,,,,,,,,,,,,,
8,106899,,10656.27734375,,0.005166982300579548,,0.4140625,,10656.27734375,,9036.9560546875,,0.640625,,1616.459228515625,,0.5859375,,9088.1083984375,,0.640625,,1571.03173828125,,256.0,,0.6299276947975159,,0.00390625,,,,,,,,,,,,,,
8,106949,,46863.7265625,,0.0047320034354925156,,0.5546875,,46863.7265625,,45046.58203125,,0.54296875,,1855.87109375,,0.4453125,,44997.37890625,,0.54296875,,1827.616943359375,,256.0,,0.49615758657455444,,0.0078125,,,,,,,,,,,,,,
8,106999,,18035.05859375,,0.005118175875395536,,0.44921875,,18035.05859375,,16459.01171875,,0.64453125,,1437.911865234375,,0.55078125,,16756.099609375,,0.640625,,1417.093994140625,,256.0,,0.6019834280014038,,0.0,,,,,,,,,,,,,,
8,107049,,13462.9462890625,,0.004542526789009571,,0.49609375,,13462.9462890625,,12103.767578125,,0.59765625,,1512.9105224609375,,0.50390625,,11818.15625,,0.6015625,,1491.0582275390625,,256.0,,0.5876908302307129,,0.0,,,,,,,,,,,,,,
8,107099,,44096.6953125,,0.004777600523084402,,0.48046875,,44096.6953125,,42355.73828125,,0.44921875,,1643.1142578125,,0.51953125,,42572.83984375,,0.44921875,,1621.7021484375,,256.0,,0.424465149641037,,0.00390625,,,,,,,,,,,,,,
8,107149,,104060.515625,,0.00464734248816967,,0.484375,,104060.515625,,101805.015625,,0.55859375,,2093.687255859375,,0.515625,,102129.9921875,,0.5625,,2092.341796875,,256.0,,0.5447167158126831,,0.0078125,,,,,,,,,,,,,,
8,107199,,15838.1572265625,,0.005203457549214363,,0.51953125,,15838.1572265625,,14649.009765625,,0.54296875,,1537.138916015625,,0.48046875,,13988.5224609375,,0.54296875,,1501.643310546875,,256.0,,0.5186251997947693,,0.0,,,,,,,,,,,,,,
8,107249,,15612.939453125,,0.004847611300647259,,0.44921875,,15612.939453125,,13413.662109375,,0.65625,,2236.861083984375,,0.55078125,,13367.79296875,,0.65625,,2207.56201171875,,256.0,,0.6275109052658081,,0.01953125,,,,,,,,,,,,,,
8,107299,,46930.53515625,,0.004596029408276081,,0.50390625,,46930.53515625,,45296.78125,,0.66796875,,1854.961181640625,,0.49609375,,44885.421875,,0.66796875,,1823.9052734375,,256.0,,0.6569346189498901,,0.01171875,,,,,,,,,,,,,,
8,107349,,12706.357421875,,0.005222818814218044,,0.48046875,,12706.357421875,,10873.513671875,,0.52734375,,1851.2783203125,,0.51953125,,10841.314453125,,0.52734375,,1846.607177734375,,256.0,,0.5097213983535767,,0.00390625,,,,,,,,,,,,,,
8,107399,,62080.4765625,,0.0046270666643977165,,0.5,,62080.4765625,,59848.171875,,0.54296875,,1828.241943359375,,0.5,,60678.21875,,0.54296875,,1806.318603515625,,256.0,,0.49365943670272827,,0.00390625,,,,,,,,,,,,,,
8,107449,,12786.783203125,,0.00453680707141757,,0.46484375,,12786.783203125,,11004.6982421875,,0.6015625,,1449.93505859375,,0.53515625,,11692.322265625,,0.59765625,,1426.612548828125,,256.0,,0.5798959136009216,,0.0,,,,,,,,,,,,,,
8,107499,,13358.2763671875,,0.005536491982638836,,0.46875,,13358.2763671875,,11854.17578125,,0.67578125,,1670.8238525390625,,0.53125,,11545.703125,,0.67578125,,1645.85009765625,,256.0,,0.6613831520080566,,0.00390625,,,,,,,,,,,,,,
8,107549,,16945.80078125,,0.005102777853608131,,0.4765625,,16945.80078125,,15050.0341796875,,0.55859375,,2038.0233154296875,,0.5234375,,14792.5078125,,0.5625,,2011.03857421875,,256.0,,0.5422679781913757,,0.0078125,,,,,,,,,,,,,,
8,107599,,69801.09375,,0.004711098037660122,,0.53515625,,69801.09375,,68415.2890625,,0.52734375,,1876.099853515625,,0.46484375,,67458.6171875,,0.52734375,,1852.1806640625,,256.0,,0.5300402045249939,,0.0078125,,,,,,,,,,,,,,
8,107649,,17145.474609375,,0.004992595408111811,,0.5,,17145.474609375,,14893.818359375,,0.703125,,1806.33447265625,,0.5,,15792.0654296875,,0.69921875,,1798.732421875,,256.0,,0.699265718460083,,0.00390625,,,,,,,,,,,,,,
8,107699,,16572.212890625,,0.004657035227864981,,0.421875,,16572.212890625,,15553.8193359375,,0.52734375,,1551.3760986328125,,0.578125,,14525.73828125,,0.53125,,1513.4935302734375,,256.0,,0.5201172828674316,,0.00390625,,,,,,,,,,,,,,
8,107749,,13958.751953125,,0.004752976354211569,,0.54296875,,13958.751953125,,11811.7041015625,,0.59375,,1716.7010498046875,,0.45703125,,12701.8095703125,,0.59765625,,1687.287841796875,,256.0,,0.5715597867965698,,0.0,,,,,,,,,,,,,,
8,107799,,17648.546875,,0.004807664081454277,,0.5234375,,17648.546875,,16317.1298828125,,0.59375,,1649.33056640625,,0.4765625,,15716.0146484375,,0.58984375,,1614.6163330078125,,256.0,,0.5709012150764465,,0.00390625,,,,,,,,,,,,,,
8,107849,,17472.857421875,,0.004853538703173399,,0.453125,,17472.857421875,,15686.203125,,0.58984375,,1669.968994140625,,0.546875,,15945.830078125,,0.58984375,,1643.712646484375,,256.0,,0.579811692237854,,0.0,,,,,,,,,,,,,,
8,107899,,110244.8203125,,0.004847802221775055,,0.5625,,110244.8203125,,107875.9453125,,0.53515625,,2358.837890625,,0.4375,,107911.7734375,,0.5390625,,2343.083984375,,256.0,,0.5017325282096863,,0.01171875,,,,,,,,,,,,,,
8,107949,,13146.587890625,,0.004787490237504244,,0.484375,,13146.587890625,,11465.4853515625,,0.5,,1490.98876953125,,0.515625,,11861.7060546875,,0.49609375,,1474.99560546875,,256.0,,0.48632025718688965,,0.0,,,,,,,,,,,,,,
8,107999,,17404.375,,0.0051795500330626965,,0.4453125,,17404.375,,16720.642578125,,0.59375,,1675.34375,,0.5546875,,14777.0634765625,,0.58984375,,1635.6998291015625,,256.0,,0.5852407813072205,,0.0,,,,,,,,,,,,,,
8,108049,,16707.85546875,,0.004890493582934141,,0.52734375,,16707.85546875,,15539.240234375,,0.69921875,,1852.9205322265625,,0.47265625,,14200.1142578125,,0.69921875,,1823.4342041015625,,256.0,,0.6494207382202148,,0.00390625,,,,,,,,,,,,,,
8,108099,,79156.78125,,0.004706649109721184,,0.5078125,,79156.78125,,77063.4609375,,0.546875,,1877.3189697265625,,0.4921875,,77539.734375,,0.55078125,,1833.0523681640625,,256.0,,0.5255519151687622,,0.00390625,,,,,,,,,,,,,,
8,108149,,17772.89453125,,0.005001298617571592,,0.5,,17772.89453125,,16380.8935546875,,0.56640625,,1578.7763671875,,0.5,,16030.357421875,,0.56640625,,1555.7633056640625,,256.0,,0.5651695728302002,,0.0,,,,,,,,,,,,,,
8,108199,,20137.462890625,,0.00521636288613081,,0.5,,20137.462890625,,18169.37109375,,0.49609375,,1773.528564453125,,0.5,,18566.59375,,0.49609375,,1765.431396484375,,256.0,,0.4946163594722748,,0.00390625,,,,,,,,,,,,,,
8,108249,,11919.708984375,,0.004735959693789482,,0.53515625,,11919.708984375,,9950.8798828125,,0.6171875,,1664.8359375,,0.46484375,,10573.388671875,,0.61328125,,1650.3133544921875,,256.0,,0.6209051012992859,,0.0,,,,,,,,,,,,,,
8,108299,,15166.990234375,,0.004786291625350714,,0.54296875,,15166.990234375,,13698.265625,,0.52734375,,1573.161865234375,,0.45703125,,13518.861328125,,0.52734375,,1543.690185546875,,256.0,,0.5203143358230591,,0.0,,,,,,,,,,,,,,
8,108349,,41914.57421875,,0.0045365821570158005,,0.52734375,,41914.57421875,,39560.9296875,,0.58984375,,1923.854248046875,,0.47265625,,40433.83203125,,0.58984375,,1910.532470703125,,256.0,,0.5721590518951416,,0.0078125,,,,,,,,,,,,,,
8,108399,,17373.6640625,,0.004632456228137016,,0.5234375,,17373.6640625,,16380.0888671875,,0.46875,,1535.025146484375,,0.4765625,,15333.4365234375,,0.46875,,1498.777099609375,,256.0,,0.4475131928920746,,0.0,,,,,,,,,,,,,,
8,108449,,12954.220703125,,0.004760639742016792,,0.52734375,,12954.220703125,,11355.8349609375,,0.5625,,1527.5511474609375,,0.47265625,,11523.7353515625,,0.55859375,,1501.3203125,,256.0,,0.5576143264770508,,0.0,,,,,,,,,,,,,,
8,108499,,43477.90625,,0.0044352225959300995,,0.48828125,,43477.90625,,41275.21875,,0.609375,,1950.34423828125,,0.51171875,,41818.1875,,0.61328125,,1912.062744140625,,256.0,,0.6188419461250305,,0.0078125,,,,,,,,,,,,,,
8,108549,,15543.0068359375,,0.004902534186840057,,0.55078125,,15543.0068359375,,13369.31640625,,0.61328125,,1524.8624267578125,,0.44921875,,14668.2109375,,0.61328125,,1523.623779296875,,256.0,,0.6015490889549255,,0.0,,,,,,,,,,,,,,
8,108599,,12681.69140625,,0.004528974648565054,,0.4765625,,12681.69140625,,11244.3759765625,,0.58203125,,1654.5784912109375,,0.5234375,,10836.771484375,,0.57421875,,1627.657958984375,,256.0,,0.5923968553543091,,0.00390625,,,,,,,,,,,,,,
8,108649,,9969.625,,0.0044842553324997425,,0.51171875,,9969.625,,8438.4228515625,,0.45703125,,1433.80029296875,,0.48828125,,8647.1962890625,,0.45703125,,1419.829833984375,,256.0,,0.45281124114990234,,0.0,,,,,,,,,,,,,,
8,108699,,61195.609375,,0.0046493615955114365,,0.50390625,,61195.609375,,59830.046875,,0.3828125,,1977.0501708984375,,0.49609375,,58633.92578125,,0.380859375,,1950.19140625,,256.0,,0.39298924803733826,,0.0078125,,,,,,,,,,,,,,
8,108749,,16003.7568359375,,0.004357877187430859,,0.53125,,16003.7568359375,,13814.4228515625,,0.6796875,,1858.677490234375,,0.46875,,14492.7412109375,,0.6796875,,1841.6719970703125,,256.0,,0.648986279964447,,0.00390625,,,,,,,,,,,,,,
8,108799,,16378.71484375,,0.004588204436004162,,0.53125,,16378.71484375,,14012.7978515625,,0.546875,,1822.630615234375,,0.46875,,15113.6806640625,,0.55078125,,1808.31982421875,,256.0,,0.5469619631767273,,0.00390625,,,,,,,,,,,,,,
8,108849,,15361.3369140625,,0.004841976799070835,,0.5390625,,15361.3369140625,,13441.5146484375,,0.64453125,,1705.1578369140625,,0.4609375,,13882.2373046875,,0.64453125,,1693.763916015625,,256.0,,0.6106047630310059,,0.00390625,,,,,,,,,,,,,,
8,108899,,14878.3037109375,,0.004723955877125263,,0.53125,,14878.3037109375,,13228.818359375,,0.5390625,,1534.4434814453125,,0.46875,,13479.8525390625,,0.5390625,,1513.492919921875,,256.0,,0.5218644142150879,,0.0,,,,,,,,,,,,,,
8,108949,,99658.8203125,,0.0046751550398766994,,0.46484375,,99658.8203125,,98190.7578125,,0.4921875,,1965.4739990234375,,0.53515625,,97216.84375,,0.490234375,,1944.5660400390625,,256.0,,0.483928918838501,,0.0078125,,,,,,,,,,,,,,
8,108999,,50758.5078125,,0.005103526171296835,,0.57421875,,50758.5078125,,49316.9609375,,0.6640625,,1846.4771728515625,,0.42578125,,48547.12109375,,0.66796875,,1806.4619140625,,256.0,,0.6589161157608032,,0.00390625,,,,,,,,,,,,,,
8,109049,,14564.337890625,,0.005080774892121553,,0.47265625,,14564.337890625,,12759.09765625,,0.578125,,1658.46044921875,,0.52734375,,13077.6455078125,,0.58203125,,1633.4720458984375,,256.0,,0.5737745761871338,,0.00390625,,,,,,,,,,,,,,
8,109099,,78924.03125,,0.004485332872718573,,0.546875,,78924.03125,,78089.1640625,,0.61328125,,1870.825927734375,,0.453125,,76043.828125,,0.609375,,1844.2528076171875,,256.0,,0.6012228727340698,,0.0078125,,,,,,,,,,,,,,
8,109149,,67071.1328125,,0.004750175401568413,,0.46875,,67071.1328125,,64585.05859375,,0.625,,2011.97705078125,,0.53125,,65558.375,,0.62109375,,1986.855224609375,,256.0,,0.5835170745849609,,0.01171875,,,,,,,,,,,,,,
8,109199,,13768.423828125,,0.004739885684102774,,0.46484375,,13768.423828125,,12504.2578125,,0.578125,,1525.639404296875,,0.53515625,,12005.9287109375,,0.578125,,1501.0205078125,,256.0,,0.5344518423080444,,0.0,,,,,,,,,,,,,,
8,109249,,14744.671875,,0.00463097495958209,,0.484375,,14744.671875,,13053.2109375,,0.46875,,1510.4300537109375,,0.515625,,13443.20703125,,0.470703125,,1482.4974365234375,,256.0,,0.45897042751312256,,0.0,,,,,,,,,,,,,,
8,109299,,19416.58203125,,0.004609318450093269,,0.5234375,,19416.58203125,,17292.47265625,,0.5390625,,1583.37890625,,0.4765625,,18399.166015625,,0.54296875,,1558.1484375,,256.0,,0.5213054418563843,,0.00390625,,,,,,,,,,,,,,
8,109349,,13300.3203125,,0.004780923016369343,,0.4765625,,13300.3203125,,11816.265625,,0.515625,,1715.9683837890625,,0.5234375,,11371.2783203125,,0.51953125,,1697.128662109375,,256.0,,0.5088154673576355,,0.00390625,,,,,,,,,,,,,,
8,109399,,21919.67578125,,0.005287711974233389,,0.5078125,,21919.67578125,,20795.76953125,,0.6171875,,1660.369140625,,0.4921875,,19757.974609375,,0.61328125,,1625.237060546875,,256.0,,0.5615153312683105,,0.0,,,,,,,,,,,,,,
8,109449,,17328.8125,,0.004787709563970566,,0.48828125,,17328.8125,,16085.5517578125,,0.5078125,,1718.883544921875,,0.51171875,,15172.88671875,,0.5078125,,1680.2998046875,,256.0,,0.5034239292144775,,0.00390625,,,,,,,,,,,,,,
8,109499,,37709.9140625,,0.0049479189328849316,,0.53515625,,37709.9140625,,35764.52734375,,0.57421875,,1962.6461181640625,,0.46484375,,35758.5234375,,0.578125,,1934.12841796875,,256.0,,0.571840226650238,,0.01171875,,,,,,,,,,,,,,
8,109549,,100066.046875,,0.005036748945713043,,0.54296875,,100066.046875,,98051.7421875,,0.5,,2307.25439453125,,0.45703125,,97501.1796875,,0.5,,2271.9111328125,,256.0,,0.48607325553894043,,0.015625,,,,,,,,,,,,,,
8,109599,,60339.8984375,,0.004558706656098366,,0.51953125,,60339.8984375,,58351.3125,,0.60546875,,1841.7728271484375,,0.48046875,,58670.6171875,,0.60546875,,1816.0906982421875,,256.0,,0.5835930109024048,,0.00390625,,,,,,,,,,,,,,
8,109649,,16335.43359375,,0.004688679240643978,,0.51171875,,16335.43359375,,14929.1767578125,,0.49609375,,1641.912841796875,,0.48828125,,14496.5498046875,,0.49609375,,1603.22705078125,,256.0,,0.4855913519859314,,0.00390625,,,,,,,,,,,,,,
8,109699,,16207.96875,,0.004804953932762146,,0.453125,,16207.96875,,14666.947265625,,0.53125,,1561.5946044921875,,0.546875,,14658.40625,,0.53515625,,1528.990234375,,256.0,,0.5315444469451904,,0.0,,,,,,,,,,,,,,
8,109749,,12209.22265625,,0.0051507363095879555,,0.5,,12209.22265625,,10342.291015625,,0.53125,,1634.749267578125,,0.5,,10840.41015625,,0.53125,,1600.9940185546875,,256.0,,0.5219091176986694,,0.0,,,,,,,,,,,,,,
8,109799,,108795.5625,,0.005245584063231945,,0.48046875,,108795.5625,,107018.0390625,,0.5234375,,2180.90673828125,,0.51953125,,106250.8671875,,0.5234375,,2141.3125,,256.0,,0.5007444620132446,,0.0078125,,,,,,,,,,,,,,
8,109849,,17378.79296875,,0.00472282525151968,,0.50390625,,17378.79296875,,15256.3369140625,,0.671875,,1875.9833984375,,0.49609375,,15757.099609375,,0.671875,,1868.1651611328125,,256.0,,0.6504541039466858,,0.00390625,,,,,,,,,,,,,,
8,109899,,13662.876953125,,0.004801888018846512,,0.44140625,,13662.876953125,,12137.6318359375,,0.45703125,,1596.26416015625,,0.55859375,,12027.2900390625,,0.458984375,,1564.56640625,,256.0,,0.44560930132865906,,0.0,,,,,,,,,,,,,,
8,109949,,81213.84375,,0.004472594242542982,,0.5,,81213.84375,,79426.6796875,,0.6328125,,1998.006103515625,,0.5,,79020.171875,,0.6328125,,1982.839111328125,,256.0,,0.6250932812690735,,0.0078125,,,,,,,,,,,,,,
8,109999,,16295.6044921875,,0.0048462506383657455,,0.47265625,,16295.6044921875,,14325.33984375,,0.5703125,,1575.1444091796875,,0.52734375,,15123.9443359375,,0.5703125,,1566.780029296875,,256.0,,0.5525502562522888,,0.00390625,,,,,,,,,,,,,,
8,110049,,102478.8125,,0.005006405990570784,,0.54296875,,102478.8125,,101001.2109375,,0.59375,,2053.15625,,0.45703125,,99879.78125,,0.59375,,2023.4857177734375,,256.0,,0.5942288637161255,,0.0078125,,,,,,,,,,,,,,
8,110099,,21190.08984375,,0.004848475567996502,,0.515625,,21190.08984375,,19595.57421875,,0.462890625,,1807.955810546875,,0.484375,,19216.27734375,,0.462890625,,1760.375,,256.0,,0.4362160563468933,,0.00390625,,,,,,,,,,,,,,
8,110149,,73290.7734375,,0.004875423386693001,,0.56640625,,73290.7734375,,71040.4375,,0.5625,,1972.0484619140625,,0.43359375,,71632.6796875,,0.5625,,1936.38037109375,,256.0,,0.572536826133728,,0.0078125,,,,,,,,,,,,,,
8,110199,,54127.5234375,,0.004958209581673145,,0.53125,,54127.5234375,,52140.890625,,0.65625,,1737.787841796875,,0.46875,,52670.80078125,,0.66015625,,1705.5721435546875,,256.0,,0.6535064578056335,,0.00390625,,,,,,,,,,,,,,
8,110249,,54820.125,,0.004950307309627533,,0.4921875,,54820.125,,53015.9921875,,0.66796875,,1843.446044921875,,0.5078125,,52955.796875,,0.6640625,,1825.010009765625,,256.0,,0.6438225507736206,,0.0078125,,,,,,,,,,,,,,
8,110299,,17483.94921875,,0.0047348011285066605,,0.421875,,17483.94921875,,15556.9697265625,,0.51953125,,1687.4404296875,,0.578125,,16078.068359375,,0.51953125,,1645.4208984375,,256.0,,0.5003706216812134,,0.00390625,,,,,,,,,,,,,,
8,110349,,14716.1015625,,0.00483296625316143,,0.47265625,,14716.1015625,,12760.474609375,,0.4921875,,1626.309814453125,,0.52734375,,13435.3642578125,,0.4921875,,1610.0557861328125,,256.0,,0.4803406596183777,,0.0,,,,,,,,,,,,,,
8,110399,,14013.78515625,,0.00486188568174839,,0.4765625,,14013.78515625,,12260.771484375,,0.55078125,,1576.91015625,,0.5234375,,12623.71875,,0.55078125,,1566.17041015625,,256.0,,0.5507386326789856,,0.0078125,,,,,,,,,,,,,,
8,110449,,15967.5625,,0.004936476703733206,,0.546875,,15967.5625,,14918.8740234375,,0.66015625,,1572.7169189453125,,0.453125,,13909.1533203125,,0.6640625,,1534.380126953125,,256.0,,0.6546937227249146,,0.0,,,,,,,,,,,,,,
8,110499,,113644.5546875,,0.004924331326037645,,0.4609375,,113644.5546875,,111469.375,,0.59765625,,2271.8427734375,,0.5390625,,111304.921875,,0.59765625,,2242.96875,,256.0,,0.5624396800994873,,0.0078125,,,,,,,,,,,,,,
8,110549,,14417.703125,,0.004584995564073324,,0.546875,,14417.703125,,13323.107421875,,0.57421875,,1659.09716796875,,0.453125,,12226.0576171875,,0.57421875,,1627.142822265625,,256.0,,0.5325064659118652,,0.00390625,,,,,,,,,,,,,,
8,110599,,50619.6796875,,0.004979191347956657,,0.5390625,,50619.6796875,,48203.8125,,0.6015625,,2318.343017578125,,0.4609375,,48449.73828125,,0.6015625,,2267.45947265625,,256.0,,0.5679047107696533,,0.01171875,,,,,,,,,,,,,,
8,110649,,18350.6796875,,0.004930099006742239,,0.5078125,,18350.6796875,,16971.7421875,,0.52734375,,1620.485107421875,,0.4921875,,16522.908203125,,0.5234375,,1586.22265625,,256.0,,0.5040138959884644,,0.0,,,,,,,,,,,,,,
8,110699,,15829.8359375,,0.004681041929870844,,0.44140625,,15829.8359375,,14483.2099609375,,0.443359375,,1782.740234375,,0.55859375,,13656.46875,,0.443359375,,1737.251708984375,,256.0,,0.4241296648979187,,0.0078125,,,,,,,,,,,,,,
8,110749,,66945.609375,,0.004924085922539234,,0.50390625,,66945.609375,,64451.17578125,,0.5234375,,2060.787109375,,0.49609375,,65341.51953125,,0.5234375,,2037.7274169921875,,256.0,,0.49805986881256104,,0.0078125,,,,,,,,,,,,,,
8,110799,,15345.7265625,,0.004647317808121443,,0.484375,,15345.7265625,,13888.8642578125,,0.56640625,,1830.5491943359375,,0.515625,,13160.349609375,,0.56640625,,1811.691650390625,,256.0,,0.5447732210159302,,0.00390625,,,,,,,,,,,,,,
8,110849,,48519.125,,0.0048346309922635555,,0.47265625,,48519.125,,46739.875,,0.4921875,,2001.7113037109375,,0.52734375,,46323.83203125,,0.490234375,,1972.8289794921875,,256.0,,0.44671499729156494,,0.0078125,,,,,,,,,,,,,,
8,110899,,14320.4501953125,,0.004519917070865631,,0.51953125,,14320.4501953125,,13014.2236328125,,0.490234375,,1478.45068359375,,0.48046875,,12689.005859375,,0.486328125,,1459.2203369140625,,256.0,,0.48160335421562195,,0.0,,,,,,,,,,,,,,
8,110949,,19188.32421875,,0.005488389637321234,,0.4765625,,19188.32421875,,17567.478515625,,0.515625,,1716.1488037109375,,0.5234375,,17416.693359375,,0.51171875,,1676.3310546875,,256.0,,0.4926930367946625,,0.0,,,,,,,,,,,,,,
8,110999,,57076.3046875,,0.0046602534130215645,,0.49609375,,57076.3046875,,56091.7890625,,0.46484375,,1921.84423828125,,0.50390625,,54264.87109375,,0.46484375,,1874.1004638671875,,256.0,,0.43645796179771423,,0.0078125,,,,,,,,,,,,,,
8,111049,,45474.5234375,,0.004648199304938316,,0.55078125,,45474.5234375,,43951.24609375,,0.55078125,,1738.9632568359375,,0.44921875,,43541.1953125,,0.55078125,,1717.6458740234375,,256.0,,0.5290095210075378,,0.00390625,,,,,,,,,,,,,,
8,111099,,61607.99609375,,0.004687902517616749,,0.49609375,,61607.99609375,,59906.2890625,,0.546875,,2093.18701171875,,0.50390625,,59155.875,,0.55078125,,2060.6396484375,,256.0,,0.5255548357963562,,0.0078125,,,,,,,,,,,,,,
8,111149,,96203.578125,,0.00484850537031889,,0.48046875,,96203.578125,,93459.8984375,,0.55078125,,2112.658935546875,,0.51953125,,94723.734375,,0.5546875,,2110.86474609375,,256.0,,0.5345281362533569,,0.0078125,,,,,,,,,,,,,,
8,111199,,17940.83984375,,0.005107930861413479,,0.53125,,17940.83984375,,16613.6796875,,0.69140625,,1576.6815185546875,,0.46875,,16152.8603515625,,0.69140625,,1538.4583740234375,,256.0,,0.6663902997970581,,0.0,,,,,,,,,,,,,,
8,111249,,14105.623046875,,0.004819835536181927,,0.5078125,,14105.623046875,,11937.998046875,,0.53125,,1561.818603515625,,0.4921875,,13166.1826171875,,0.53515625,,1545.2484130859375,,256.0,,0.5117964744567871,,0.00390625,,,,,,,,,,,,,,
8,111299,,77076.1171875,,0.004578898660838604,,0.515625,,77076.1171875,,74750.8828125,,0.59375,,1963.9609375,,0.484375,,75480.703125,,0.58984375,,1956.6885986328125,,256.0,,0.5840107798576355,,0.00390625,,,,,,,,,,,,,,
8,111349,,17120.49609375,,0.005410491488873959,,0.53515625,,17120.49609375,,14892.197265625,,0.63671875,,1666.79736328125,,0.46484375,,16048.421875,,0.63671875,,1633.5750732421875,,256.0,,0.615623414516449,,0.0,,,,,,,,,,,,,,
8,111399,,70175.7890625,,0.00534426374360919,,0.4765625,,70175.7890625,,67861.9140625,,0.5625,,2087.94189453125,,0.5234375,,68353.8359375,,0.56640625,,2047.8807373046875,,256.0,,0.561754584312439,,0.0078125,,,,,,,,,,,,,,
8,111449,,13016.125,,0.004550515674054623,,0.52734375,,13016.125,,11384.9072265625,,0.53515625,,1657.669189453125,,0.47265625,,11346.4462890625,,0.53515625,,1643.227783203125,,256.0,,0.5218958854675293,,0.0,,,,,,,,,,,,,,
8,111499,,41140.6328125,,0.005030881147831678,,0.4765625,,41140.6328125,,39000.3828125,,0.61328125,,1717.4072265625,,0.5234375,,39885.01171875,,0.609375,,1678.4677734375,,256.0,,0.5763023495674133,,0.00390625,,,,,,,,,,,,,,
8,111549,,11578.5546875,,0.004743254743516445,,0.46484375,,11578.5546875,,10264.58203125,,0.44921875,,1536.925048828125,,0.53515625,,9855.154296875,,0.44921875,,1500.44873046875,,256.0,,0.4354593753814697,,0.00390625,,,,,,,,,,,,,,
8,111599,,15601.423828125,,0.004876096732914448,,0.53515625,,15601.423828125,,14182.8212890625,,0.53125,,1596.103759765625,,0.46484375,,13843.8447265625,,0.53515625,,1580.077880859375,,256.0,,0.5287463068962097,,0.0,,,,,,,,,,,,,,
8,111649,,14529.625,,0.004836307838559151,,0.47265625,,14529.625,,13222.7001953125,,0.4296875,,1536.41064453125,,0.52734375,,12790.328125,,0.43359375,,1509.810791015625,,256.0,,0.4146134853363037,,0.0,,,,,,,,,,,,,,
8,111699,,15017.6357421875,,0.004836150910705328,,0.59375,,15017.6357421875,,13317.6318359375,,0.58203125,,1843.21533203125,,0.40625,,13070.939453125,,0.58203125,,1803.484130859375,,256.0,,0.5502738356590271,,0.00390625,,,,,,,,,,,,,,
8,111749,,117622.59375,,0.004530224017798901,,0.46484375,,117622.59375,,115509.90625,,0.53125,,2035.3251953125,,0.53515625,,115677.8515625,,0.53125,,2022.094970703125,,256.0,,0.5220025777816772,,0.0078125,,,,,,,,,,,,,,
8,111799,,57468.5078125,,0.0046845595352351665,,0.5,,57468.5078125,,55242.2578125,,0.6171875,,1977.2734375,,0.5,,55751.06640625,,0.6171875,,1966.41455078125,,256.0,,0.5779120922088623,,0.0078125,,,,,,,,,,,,,,
8,111849,,19690.419921875,,0.004870781674981117,,0.55078125,,19690.419921875,,17777.64453125,,0.5078125,,1949.52001953125,,0.44921875,,17744.123046875,,0.50390625,,1909.552978515625,,256.0,,0.48330849409103394,,0.0078125,,,,,,,,,,,,,,
8,111899,,15791.1435546875,,0.0046583302319049835,,0.54296875,,15791.1435546875,,14090.6474609375,,0.51953125,,1924.1107177734375,,0.45703125,,13671.66796875,,0.515625,,1895.8609619140625,,256.0,,0.4980127215385437,,0.0078125,,,,,,,,,,,,,,
8,111949,,46249.203125,,0.004907278344035149,,0.44921875,,46249.203125,,45105.9296875,,0.515625,,1778.176025390625,,0.55078125,,43885.58203125,,0.515625,,1728.72021484375,,256.0,,0.4850850999355316,,0.00390625,,,,,,,,,,,,,,
8,111999,,18893.3125,,0.004745423793792725,,0.5625,,18893.3125,,16646.234375,,0.62109375,,1789.6563720703125,,0.4375,,17568.173828125,,0.62109375,,1782.5595703125,,256.0,,0.5919567346572876,,0.00390625,,,,,,,,,,,,,,
8,112049,,127461.53125,,0.004608708433806896,,0.5078125,,127461.53125,,126209.828125,,0.55078125,,2171.8671875,,0.4921875,,124408.96875,,0.55078125,,2132.39501953125,,256.0,,0.528889536857605,,0.0078125,,,,,,,,,,,,,,
8,112099,,55320.5390625,,0.005414505954831839,,0.53515625,,55320.5390625,,53032.234375,,0.609375,,2123.1220703125,,0.46484375,,53379.44140625,,0.609375,,2106.287109375,,256.0,,0.6017693877220154,,0.01171875,,,,,,,,,,,,,,
8,112149,,39644.0390625,,0.004937149118632078,,0.44921875,,39644.0390625,,36975.76953125,,0.6484375,,2411.717529296875,,0.55078125,,37512.625,,0.64453125,,2387.963623046875,,256.0,,0.6122164726257324,,0.01953125,,,,,,,,,,,,,,
8,112199,,53334.51171875,,0.004639501683413982,,0.5,,53334.51171875,,51727.4375,,0.5234375,,1735.2481689453125,,0.5,,51497.0625,,0.5234375,,1709.2718505859375,,256.0,,0.5052667856216431,,0.00390625,,,,,,,,,,,,,,
8,112249,,63759.0078125,,0.004669096786528826,,0.50390625,,63759.0078125,,61829.44140625,,0.67578125,,1841.130615234375,,0.49609375,,62023.8203125,,0.671875,,1823.6280517578125,,256.0,,0.6609774827957153,,0.00390625,,,,,,,,,,,,,,
8,112299,,12012.8427734375,,0.004822521936148405,,0.4765625,,12012.8427734375,,10584.205078125,,0.484375,,1718.995849609375,,0.5234375,,10030.1787109375,,0.484375,,1692.305419921875,,256.0,,0.4827808737754822,,0.00390625,,,,,,,,,,,,,,
8,112349,,73354.53125,,0.004877622239291668,,0.5234375,,73354.53125,,71263.7421875,,0.59375,,2336.427734375,,0.4765625,,70833.2890625,,0.59375,,2275.60498046875,,256.0,,0.5693806409835815,,0.0078125,,,,,,,,,,,,,,
8,112399,,41264.36328125,,0.005086459219455719,,0.5,,41264.36328125,,40118.9375,,0.515625,,1594.001953125,,0.5,,39270.453125,,0.515625,,1545.3348388671875,,256.0,,0.4908815324306488,,0.00390625,,,,,,,,,,,,,,
8,112449,,14907.4677734375,,0.0050927745178341866,,0.515625,,14907.4677734375,,13543.427734375,,0.43359375,,1507.689697265625,,0.484375,,13303.642578125,,0.431640625,,1460.1756591796875,,256.0,,0.41948363184928894,,0.0,,,,,,,,,,,,,,
8,112499,,44088.19140625,,0.004682662431150675,,0.51953125,,44088.19140625,,42000.84765625,,0.58984375,,1786.831298828125,,0.48046875,,42616.046875,,0.5859375,,1772.654541015625,,256.0,,0.5446449518203735,,0.0078125,,,,,,,,,,,,,,
8,112549,,13717.490234375,,0.004690022207796574,,0.484375,,13717.490234375,,12301.3662109375,,0.5078125,,1556.56787109375,,0.515625,,12059.1533203125,,0.5078125,,1517.892578125,,256.0,,0.48491406440734863,,0.0,,,,,,,,,,,,,,
8,112599,,56307.41796875,,0.004848218988627195,,0.45703125,,56307.41796875,,54957.5546875,,0.4765625,,1849.422119140625,,0.54296875,,53999.96484375,,0.47265625,,1807.8939208984375,,256.0,,0.4468923509120941,,0.01171875,,,,,,,,,,,,,,
8,112649,,13432.7587890625,,0.005079794209450483,,0.515625,,13432.7587890625,,12172.05859375,,0.53125,,1424.706298828125,,0.484375,,11875.0712890625,,0.53125,,1393.681396484375,,256.0,,0.4941292703151703,,0.0,,,,,,,,,,,,,,
8,112699,,91011.6640625,,0.004641651641577482,,0.4609375,,91011.6640625,,89438.421875,,0.5234375,,2073.923828125,,0.5390625,,88445.140625,,0.52734375,,2065.845458984375,,256.0,,0.4981904923915863,,0.01171875,,,,,,,,,,,,,,
8,112749,,15364.54296875,,0.00479289423674345,,0.5234375,,15364.54296875,,13577.751953125,,0.57421875,,1668.451904296875,,0.4765625,,13826.529296875,,0.5703125,,1656.35205078125,,256.0,,0.5476175546646118,,0.0,,,,,,,,,,,,,,
8,112799,,16447.837890625,,0.005393930710852146,,0.50390625,,16447.837890625,,14972.9404296875,,0.55078125,,1691.8404541015625,,0.49609375,,14563.6064453125,,0.5546875,,1667.288330078125,,256.0,,0.5216547250747681,,0.0,,,,,,,,,,,,,,
8,112849,,102954.71875,,0.00500726792961359,,0.453125,,102954.71875,,100176.6171875,,0.546875,,2242.0615234375,,0.546875,,101283.4296875,,0.546875,,2207.33056640625,,256.0,,0.5027858018875122,,0.01953125,,,,,,,,,,,,,,
8,112899,,11473.130859375,,0.00497922208160162,,0.5390625,,11473.130859375,,9968.23046875,,0.546875,,1546.7982177734375,,0.4609375,,9889.6328125,,0.546875,,1541.59912109375,,256.0,,0.5328959226608276,,0.0,,,,,,,,,,,,,,
8,112949,,14164.912109375,,0.0045153433457016945,,0.5390625,,14164.912109375,,12964.84765625,,0.5703125,,1429.5855712890625,,0.4609375,,12526.53125,,0.5703125,,1408.8587646484375,,256.0,,0.5297702550888062,,0.0,,,,,,,,,,,,,,
8,112999,,62949.8203125,,0.005023070611059666,,0.54296875,,62949.8203125,,60915.86328125,,0.53515625,,1849.1904296875,,0.45703125,,61304.95703125,,0.53515625,,1829.6279296875,,256.0,,0.49474990367889404,,0.0078125,,,,,,,,,,,,,,
8,113049,,102374.125,,0.004862296395003796,,0.45703125,,102374.125,,100152.9609375,,0.5546875,,1956.20703125,,0.54296875,,100703.859375,,0.5546875,,1935.211669921875,,256.0,,0.5495707392692566,,0.0078125,,,,,,,,,,,,,,
8,113099,,10367.208984375,,0.004817471839487553,,0.4765625,,10367.208984375,,8791.2861328125,,0.56640625,,1624.179443359375,,0.5234375,,8710.1748046875,,0.56640625,,1608.7777099609375,,256.0,,0.5470017790794373,,0.0,,,,,,,,,,,,,,
8,113149,,54500.640625,,0.0044083259999752045,,0.4375,,54500.640625,,52673.9765625,,0.48828125,,1654.760498046875,,0.5625,,53023.78515625,,0.486328125,,1648.758544921875,,256.0,,0.4812808036804199,,0.00390625,,,,,,,,,,,,,,
8,113199,,15855.404296875,,0.004711580462753773,,0.49609375,,15855.404296875,,14473.34375,,0.66796875,,1858.41015625,,0.50390625,,13572.78515625,,0.6640625,,1806.2705078125,,256.0,,0.6352943181991577,,0.00390625,,,,,,,,,,,,,,
8,113249,,14296.640625,,0.00467723747715354,,0.52734375,,14296.640625,,12396.0810546875,,0.6328125,,1668.2021484375,,0.47265625,,12878.7080078125,,0.6328125,,1650.290771484375,,256.0,,0.6226181983947754,,0.00390625,,,,,,,,,,,,,,
8,113299,,17259.19921875,,0.00507648941129446,,0.46875,,17259.19921875,,15174.1650390625,,0.55859375,,1643.940185546875,,0.53125,,16077.4130859375,,0.55859375,,1622.877685546875,,256.0,,0.5440002679824829,,0.0,,,,,,,,,,,,,,
8,113349,,12715.376953125,,0.004686816595494747,,0.5234375,,12715.376953125,,11192.7919921875,,0.66015625,,1553.3765869140625,,0.4765625,,11172.787109375,,0.66015625,,1511.796630859375,,256.0,,0.6330199241638184,,0.0,,,,,,,,,,,,,,
8,113399,,10569.638671875,,0.007131445687264204,,0.51953125,,10569.638671875,,8820.0791015625,,0.67578125,,1639.904296875,,0.48046875,,9116.693359375,,0.67578125,,1562.5992431640625,,256.0,,0.6787087917327881,,0.0,,,,,,,,,,,,,,
8,113449,,12466.6796875,,0.004224330186843872,,0.49609375,,12466.6796875,,10861.1630859375,,0.58984375,,1596.8511962890625,,0.50390625,,10905.064453125,,0.58984375,,1570.280517578125,,256.0,,0.5937169790267944,,0.0,,,,,,,,,,,,,,
8,113499,,16639.3359375,,0.005031312815845013,,0.53125,,16639.3359375,,14972.4111328125,,0.640625,,1602.6522216796875,,0.46875,,15117.0302734375,,0.640625,,1586.5794677734375,,256.0,,0.635251522064209,,0.0,,,,,,,,,,,,,,
8,113549,,13834.98828125,,0.0051391636952757835,,0.49609375,,13834.98828125,,12744.798828125,,0.490234375,,1496.838134765625,,0.50390625,,11999.40625,,0.490234375,,1428.9334716796875,,256.0,,0.4995017945766449,,0.0,,,,,,,,,,,,,,
8,113599,,52855.28125,,0.004130503162741661,,0.4921875,,52855.28125,,50885.10546875,,0.48046875,,1712.849853515625,,0.5078125,,51395.72265625,,0.48046875,,1716.8828125,,256.0,,0.4743363559246063,,0.00390625,,,,,,,,,,,,,,
8,113649,,133939.15625,,0.004726155661046505,,0.50390625,,133939.15625,,131221.640625,,0.482421875,,2382.3681640625,,0.49609375,,131906.140625,,0.484375,,2368.14453125,,256.0,,0.4856650233268738,,0.01171875,,,,,,,,,,,,,,
8,113699,,40772.5703125,,0.005183074623346329,,0.51953125,,40772.5703125,,39198.390625,,0.671875,,1778.139404296875,,0.48046875,,38822.01171875,,0.671875,,1746.59423828125,,256.0,,0.6540273427963257,,0.00390625,,,,,,,,,,,,,,
8,113749,,56936.48828125,,0.004726874642074108,,0.47265625,,56936.48828125,,55483.20703125,,0.6484375,,1827.7159423828125,,0.52734375,,54778.5078125,,0.6484375,,1783.548095703125,,256.0,,0.6248577237129211,,0.00390625,,,,,,,,,,,,,,
8,113799,,50365.2734375,,0.005081217270344496,,0.453125,,50365.2734375,,48681.9609375,,0.474609375,,2230.71142578125,,0.546875,,47631.16796875,,0.4765625,,2186.70654296875,,256.0,,0.45484256744384766,,0.01171875,,,,,,,,,,,,,,
8,113849,,104801.5703125,,0.004610986914485693,,0.49609375,,104801.5703125,,103376.328125,,0.60546875,,2014.973876953125,,0.50390625,,102218.140625,,0.60546875,,1993.6959228515625,,256.0,,0.5886853933334351,,0.01171875,,,,,,,,,,,,,,
8,113899,,109845.0859375,,0.004992893896996975,,0.515625,,109845.0859375,,108073.875,,0.58203125,,2287.0029296875,,0.484375,,107094.75,,0.58203125,,2234.54443359375,,256.0,,0.5688449740409851,,0.01171875,,,,,,,,,,,,,,
8,113949,,13741.953125,,0.0047645000740885735,,0.5703125,,13741.953125,,11969.6416015625,,0.578125,,1538.89306640625,,0.4296875,,12487.953125,,0.58203125,,1487.417236328125,,256.0,,0.550977349281311,,0.0,,,,,,,,,,,,,,
8,113999,,18450.083984375,,0.0047187842428684235,,0.46484375,,18450.083984375,,16498.87890625,,0.61328125,,1609.6207275390625,,0.53515625,,17207.794921875,,0.609375,,1583.873046875,,256.0,,0.611130952835083,,0.0,,,,,,,,,,,,,,
8,114049,,13447.7890625,,0.004501050338149071,,0.5390625,,13447.7890625,,11869.4375,,0.44921875,,1792.530029296875,,0.4609375,,11467.1689453125,,0.4453125,,1766.4425048828125,,256.0,,0.434304803609848,,0.0078125,,,,,,,,,,,,,,
8,114099,,10830.73046875,,0.005570912268012762,,0.4921875,,10830.73046875,,9889.3515625,,0.5,,1537.852294921875,,0.5078125,,8733.9375,,0.5,,1500.3199462890625,,256.0,,0.48803645372390747,,0.0,,,,,,,,,,,,,,
8,114149,,13822.552734375,,0.005008809268474579,,0.50390625,,13822.552734375,,12529.8349609375,,0.578125,,1540.4095458984375,,0.49609375,,12076.482421875,,0.578125,,1498.3790283203125,,256.0,,0.5759212374687195,,0.0,,,,,,,,,,,,,,
8,114199,,58979.02734375,,0.004609077703207731,,0.48828125,,58979.02734375,,57249.3125,,0.609375,,1836.26318359375,,0.51171875,,57060.19140625,,0.61328125,,1812.290771484375,,256.0,,0.6224377155303955,,0.00390625,,,,,,,,,,,,,,
8,114249,,13644.3017578125,,0.00467694504186511,,0.44921875,,13644.3017578125,,12195.42578125,,0.56640625,,1556.08349609375,,0.55078125,,12008.5859375,,0.56640625,,1528.50830078125,,256.0,,0.549225926399231,,0.0,,,,,,,,,,,,,,
8,114299,,12115.0361328125,,0.004915028810501099,,0.45703125,,12115.0361328125,,10406.673828125,,0.52734375,,1566.5472412109375,,0.54296875,,10701.0927734375,,0.5234375,,1555.758544921875,,256.0,,0.5063389539718628,,0.00390625,,,,,,,,,,,,,,
8,114349,,47501.765625,,0.004843670409172773,,0.5,,47501.765625,,45745.7109375,,0.5390625,,1857.1240234375,,0.5,,45568.8359375,,0.5390625,,1831.8546142578125,,256.0,,0.5228941440582275,,0.00390625,,,,,,,,,,,,,,
8,114399,,48782.2265625,,0.004758650436997414,,0.515625,,48782.2265625,,46856.58984375,,0.53125,,1747.6107177734375,,0.484375,,47220.30078125,,0.52734375,,1739.94873046875,,256.0,,0.48426827788352966,,0.00390625,,,,,,,,,,,,,,
8,114449,,18495.25390625,,0.004608671180903912,,0.51171875,,18495.25390625,,16829.982421875,,0.6640625,,1742.39404296875,,0.48828125,,16708.822265625,,0.66796875,,1709.31103515625,,256.0,,0.6320526599884033,,0.00390625,,,,,,,,,,,,,,
8,114499,,67611.875,,0.004771394655108452,,0.42578125,,67611.875,,66214.46875,,0.5078125,,1758.5213623046875,,0.57421875,,65540.0859375,,0.5078125,,1710.6796875,,256.0,,0.5106950998306274,,0.00390625,,,,,,,,,,,,,,
8,114549,,13036.998046875,,0.004681482911109924,,0.52734375,,13036.998046875,,11430.859375,,0.58984375,,1559.3753662109375,,0.47265625,,11559.115234375,,0.5859375,,1524.646240234375,,256.0,,0.5831341743469238,,0.00390625,,,,,,,,,,,,,,
8,114599,,52832.734375,,0.004996975883841515,,0.4921875,,52832.734375,,51113.8359375,,0.5546875,,1816.303955078125,,0.5078125,,50942.8125,,0.55859375,,1792.514892578125,,256.0,,0.5563382506370544,,0.00390625,,,,,,,,,,,,,,
8,114649,,16531.630859375,,0.004950730130076408,,0.5078125,,16531.630859375,,15318.517578125,,0.466796875,,1568.346923828125,,0.4921875,,14636.3876953125,,0.46484375,,1540.0084228515625,,256.0,,0.4510190486907959,,0.0,,,,,,,,,,,,,,
8,114699,,81258.515625,,0.004589490592479706,,0.4921875,,81258.515625,,79213.921875,,0.494140625,,2024.9437255859375,,0.5078125,,79262.5859375,,0.494140625,,2015.586181640625,,256.0,,0.4792064130306244,,0.01171875,,,,,,,,,,,,,,
8,114749,,14697.0732421875,,0.004799666348844767,,0.484375,,14697.0732421875,,13340.576171875,,0.7109375,,1559.64990234375,,0.515625,,12970.0869140625,,0.70703125,,1523.8330078125,,256.0,,0.6750434637069702,,0.0,,,,,,,,,,,,,,
8,114799,,10595.650390625,,0.005203171633183956,,0.47265625,,10595.650390625,,9211.4423828125,,0.5625,,1581.292236328125,,0.52734375,,8859.986328125,,0.56640625,,1538.57958984375,,256.0,,0.5624293088912964,,0.0078125,,,,,,,,,,,,,,
8,114849,,58796.5234375,,0.005482658743858337,,0.52734375,,58796.5234375,,56915.90234375,,0.5390625,,1880.3580322265625,,0.47265625,,56943.765625,,0.53515625,,1853.024169921875,,256.0,,0.5126513242721558,,0.0078125,,,,,,,,,,,,,,
8,114899,,77418.046875,,0.0049707647413015366,,0.4765625,,77418.046875,,75301.1796875,,0.65234375,,1885.259521484375,,0.5234375,,75803.5390625,,0.6484375,,1846.12109375,,256.0,,0.6113131642341614,,0.0078125,,,,,,,,,,,,,,
8,114949,,34894.65625,,0.0047801584005355835,,0.51171875,,34894.65625,,33435.5625,,0.5625,,1797.98291015625,,0.48828125,,32764.283203125,,0.56640625,,1791.478271484375,,256.0,,0.5472886562347412,,0.0078125,,,,,,,,,,,,,,
8,114999,,72731.734375,,0.004594259895384312,,0.4765625,,72731.734375,,71308.6484375,,0.5859375,,1865.9654541015625,,0.5234375,,70435.8046875,,0.58203125,,1853.04150390625,,256.0,,0.5516704320907593,,0.00390625,,,,,,,,,,,,,,
8,115049,,15695.265625,,0.005160874221473932,,0.515625,,15695.265625,,13968.2275390625,,0.62109375,,1796.493408203125,,0.484375,,13864.33203125,,0.6171875,,1761.4771728515625,,256.0,,0.5822335481643677,,0.00390625,,,,,,,,,,,,,,
8,115099,,61098.3046875,,0.005284217651933432,,0.51171875,,61098.3046875,,58749.32421875,,0.6328125,,1910.2822265625,,0.48828125,,59648.19921875,,0.6328125,,1888.8035888671875,,256.0,,0.6062196493148804,,0.0078125,,,,,,,,,,,,,,
8,115149,,14809.140625,,0.004504494834691286,,0.515625,,14809.140625,,12497.9765625,,0.6171875,,1710.128662109375,,0.484375,,13722.6640625,,0.6171875,,1687.51171875,,256.0,,0.590334415435791,,0.00390625,,,,,,,,,,,,,,
8,115163,,,,,,,,,,,,,,,,,,,,,,,,,,,,,17932.287109375,0.004860734101384878,0.4998077154159546,17932.287109375,16384.037109375,0.5960400700569153,1585.9573974609375,0.5001922845840454,16333.91796875,0.5960133671760559,1560.6361083984375,255.98416137695312,0.5698844790458679,0.0010014981962740421
8,115163,41388.78515625,,0.004850490018725395,,0.5003052949905396,,41388.78515625,,39611.2890625,,0.5743256211280823,,1800.8671875,,0.49969473481178284,,39589.33203125,,0.5740905404090881,,1776.0379638671875,,256.0,,0.5561655759811401,,0.005049490369856358,,,,,,,,,,,,,,,
9,115199,,15443.431640625,,0.0047567859292030334,,0.55859375,,15443.431640625,,14016.447265625,,0.58203125,,1597.3133544921875,,0.44140625,,13739.130859375,,0.58203125,,1533.971435546875,,256.0,,0.5524217486381531,,0.0,,,,,,,,,,,,,,
9,115249,,75996.6875,,0.004885065834969282,,0.50390625,,75996.6875,,74139.1171875,,0.5078125,,2057.953369140625,,0.49609375,,73780.984375,,0.51171875,,2015.31982421875,,256.0,,0.4724765717983246,,0.00390625,,,,,,,,,,,,,,
9,115299,,107383.125,,0.004430630709975958,,0.5,,107383.125,,105353.9453125,,0.58203125,,2177.02685546875,,0.5,,105060.796875,,0.578125,,2174.494384765625,,256.0,,0.5459529161453247,,0.0078125,,,,,,,,,,,,,,
9,115349,,17526.8125,,0.004641578532755375,,0.5390625,,17526.8125,,16316.68359375,,0.59375,,1559.219482421875,,0.4609375,,15633.724609375,,0.59765625,,1543.9998779296875,,256.0,,0.6137955784797668,,0.0,,,,,,,,,,,,,,
9,115399,,13648.736328125,,0.004571983590722084,,0.4453125,,13648.736328125,,12585.94921875,,0.625,,1475.474365234375,,0.5546875,,11791.982421875,,0.625,,1444.06689453125,,256.0,,0.6075599193572998,,0.0,,,,,,,,,,,,,,
9,115449,,20895.80859375,,0.004826126620173454,,0.48046875,,20895.80859375,,19689.8125,,0.5859375,,1830.193603515625,,0.51953125,,18479.353515625,,0.5859375,,1792.257568359375,,256.0,,0.5746797919273376,,0.00390625,,,,,,,,,,,,,,
9,115499,,43361.75390625,,0.004978158976882696,,0.48046875,,43361.75390625,,41588.453125,,0.46484375,,1913.9239501953125,,0.51953125,,41343.91015625,,0.466796875,,1877.2191162109375,,256.0,,0.43941545486450195,,0.0078125,,,,,,,,,,,,,,
9,115549,,15007.392578125,,0.004802986979484558,,0.48828125,,15007.392578125,,13509.9384765625,,0.6328125,,1570.6451416015625,,0.51171875,,13394.732421875,,0.63671875,,1539.467529296875,,256.0,,0.6298928260803223,,0.0,,,,,,,,,,,,,,
9,115599,,11767.51953125,,0.00509396567940712,,0.51171875,,11767.51953125,,10173.4638671875,,0.515625,,1493.6923828125,,0.48828125,,10422.330078125,,0.515625,,1445.553955078125,,256.0,,0.5123695731163025,,0.0,,,,,,,,,,,,,,
9,115649,,38731.703125,,0.00461694085970521,,0.546875,,38731.703125,,37436.17578125,,0.66796875,,1791.548828125,,0.453125,,36478.4375,,0.66796875,,1757.2418212890625,,256.0,,0.6674153208732605,,0.0078125,,,,,,,,,,,,,,
9,115699,,11448.73046875,,0.004525379277765751,,0.52734375,,11448.73046875,,10280.64453125,,0.58203125,,1501.367919921875,,0.47265625,,9648.3095703125,,0.578125,,1467.1380615234375,,256.0,,0.5825077891349792,,0.0,,,,,,,,,,,,,,
9,115749,,16854.623046875,,0.005090290680527687,,0.46484375,,16854.623046875,,15341.2666015625,,0.6875,,1631.112548828125,,0.53515625,,15123.373046875,,0.6875,,1613.4951171875,,256.0,,0.6631200313568115,,0.00390625,,,,,,,,,,,,,,
9,115799,,99213.734375,,0.005054673179984093,,0.55078125,,99213.734375,,97590.625,,0.55859375,,2268.2216796875,,0.44921875,,96342.515625,,0.5546875,,2226.1044921875,,256.0,,0.5301136374473572,,0.01171875,,,,,,,,,,,,,,
9,115849,,18812.76171875,,0.005054866895079613,,0.55078125,,18812.76171875,,17326.501953125,,0.6484375,,1595.971923828125,,0.44921875,,17139.734375,,0.6484375,,1563.3148193359375,,256.0,,0.6127320528030396,,0.0,,,,,,,,,,,,,,
9,115899,,17962.8984375,,0.004918636754155159,,0.48046875,,17962.8984375,,16037.3056640625,,0.55078125,,1672.232421875,,0.51953125,,16549.953125,,0.5546875,,1666.3056640625,,256.0,,0.5416340827941895,,0.00390625,,,,,,,,,,,,,,
9,115949,,51977.66015625,,0.004611284006386995,,0.515625,,51977.66015625,,49932.76953125,,0.71484375,,1971.2200927734375,,0.484375,,50097.73828125,,0.71875,,1953.595458984375,,256.0,,0.7031383514404297,,0.0078125,,,,,,,,,,,,,,
9,115999,,62961.28125,,0.005071783903986216,,0.4921875,,62961.28125,,60742.2890625,,0.56640625,,1789.293701171875,,0.5078125,,61625.4296875,,0.56640625,,1765.546142578125,,256.0,,0.5298634171485901,,0.00390625,,,,,,,,,,,,,,
9,116049,,55091.2265625,,0.005091893952339888,,0.51953125,,55091.2265625,,53134.37890625,,0.490234375,,1891.7105712890625,,0.48046875,,53306.89453125,,0.490234375,,1849.47119140625,,256.0,,0.4892693758010864,,0.0078125,,,,,,,,,,,,,,
9,116099,,16193.1240234375,,0.004770820494741201,,0.5078125,,16193.1240234375,,14653.265625,,0.56640625,,1662.4888916015625,,0.4921875,,14426.1171875,,0.5625,,1644.376220703125,,256.0,,0.546639621257782,,0.0,,,,,,,,,,,,,,
9,116149,,66936.953125,,0.004707961343228817,,0.453125,,66936.953125,,65032.59375,,0.546875,,1990.9415283203125,,0.546875,,64890.30078125,,0.546875,,1960.0550537109375,,256.0,,0.5079116821289062,,0.0078125,,,,,,,,,,,,,,
9,116199,,84273.328125,,0.0048336004838347435,,0.48046875,,84273.328125,,81942.5078125,,0.546875,,1819.4697265625,,0.51953125,,82983.734375,,0.546875,,1800.9354248046875,,256.0,,0.532795786857605,,0.00390625,,,,,,,,,,,,,,
9,116249,,17317.421875,,0.004589014686644077,,0.5390625,,17317.421875,,15180.234375,,0.609375,,1644.4462890625,,0.4609375,,16179.1181640625,,0.609375,,1631.04736328125,,256.0,,0.5935723781585693,,0.0,,,,,,,,,,,,,,
9,116299,,86849.59375,,0.005024629645049572,,0.484375,,86849.59375,,84536.9140625,,0.53125,,1938.2266845703125,,0.515625,,85300.4296875,,0.53125,,1923.608642578125,,256.0,,0.4986935257911682,,0.01171875,,,,,,,,,,,,,,
9,116349,,15771.16015625,,0.004830681718885899,,0.48828125,,15771.16015625,,13826.287109375,,0.408203125,,1694.5238037109375,,0.51171875,,14343.8505859375,,0.408203125,,1677.65869140625,,256.0,,0.40027686953544617,,0.00390625,,,,,,,,,,,,,,
9,116399,,20210.328125,,0.004825762938708067,,0.46484375,,20210.328125,,18758.62109375,,0.58203125,,1537.8631591796875,,0.53515625,,18635.912109375,,0.58203125,,1488.258056640625,,256.0,,0.565045952796936,,0.0,,,,,,,,,,,,,,
9,116449,,65763.5234375,,0.0047186072915792465,,0.48828125,,65763.5234375,,63055.00390625,,0.66015625,,2022.3426513671875,,0.51171875,,64471.32421875,,0.65625,,1978.3785400390625,,256.0,,0.6184641122817993,,0.0078125,,,,,,,,,,,,,,
9,116499,,19078.83984375,,0.0047371299006044865,,0.42578125,,19078.83984375,,17204.59765625,,0.470703125,,1608.243408203125,,0.57421875,,17754.849609375,,0.474609375,,1589.990966796875,,256.0,,0.45543694496154785,,0.0,,,,,,,,,,,,,,
9,116549,,15161.59375,,0.004894869402050972,,0.5,,15161.59375,,13351.728515625,,0.53515625,,1656.151611328125,,0.5,,13698.65625,,0.53515625,,1616.65185546875,,256.0,,0.517115592956543,,0.0,,,,,,,,,,,,,,
9,116599,,13397.947265625,,0.004485864192247391,,0.50390625,,13397.947265625,,11498.2783203125,,0.48828125,,2036.430419921875,,0.49609375,,11242.9130859375,,0.486328125,,2018.27197265625,,256.0,,0.45931553840637207,,0.0078125,,,,,,,,,,,,,,
9,116649,,16673.328125,,0.004874683916568756,,0.4921875,,16673.328125,,14577.310546875,,0.498046875,,1748.522705078125,,0.5078125,,15284.44921875,,0.498046875,,1736.373291015625,,256.0,,0.4720573425292969,,0.0078125,,,,,,,,,,,,,,
9,116699,,76990.296875,,0.004611843731254339,,0.4609375,,76990.296875,,75111.828125,,0.5625,,2166.00146484375,,0.5390625,,74547.8203125,,0.55859375,,2154.93505859375,,256.0,,0.5272586345672607,,0.01171875,,,,,,,,,,,,,,
9,116749,,13112.416015625,,0.004381239414215088,,0.47265625,,13112.416015625,,11116.98046875,,0.5703125,,1772.556640625,,0.52734375,,11572.0673828125,,0.57421875,,1763.2271728515625,,256.0,,0.5617384314537048,,0.0078125,,,,,,,,,,,,,,
9,116799,,11483.1640625,,0.005055808927863836,,0.48046875,,11483.1640625,,9802.4990234375,,0.5703125,,1548.69775390625,,0.51953125,,10112.1904296875,,0.5703125,,1502.9404296875,,256.0,,0.5395445227622986,,0.0,,,,,,,,,,,,,,
9,116849,,91794.484375,,0.004679493606090546,,0.51953125,,91794.484375,,90057.1328125,,0.578125,,1990.8056640625,,0.48046875,,89578.953125,,0.578125,,1962.081298828125,,256.0,,0.554821789264679,,0.0078125,,,,,,,,,,,,,,
9,116899,,70989.421875,,0.004862463101744652,,0.51953125,,70989.421875,,68633.2734375,,0.51953125,,2051.29248046875,,0.48046875,,69254.4140625,,0.51953125,,2039.8629150390625,,256.0,,0.50393146276474,,0.00390625,,,,,,,,,,,,,,
9,116949,,60984.8671875,,0.004833582788705826,,0.49609375,,60984.8671875,,59229.4453125,,0.5078125,,1783.492431640625,,0.50390625,,59182.9609375,,0.5078125,,1773.8358154296875,,256.0,,0.4847352206707001,,0.00390625,,,,,,,,,,,,,,
9,116999,,52777.67578125,,0.004862719215452671,,0.51171875,,52777.67578125,,51113.23046875,,0.55859375,,2200.345703125,,0.48828125,,50089.62109375,,0.55859375,,2152.15087890625,,256.0,,0.5386060476303101,,0.015625,,,,,,,,,,,,,,
9,117049,,14583.998046875,,0.005087015684694052,,0.5234375,,14583.998046875,,12993.642578125,,0.546875,,1631.0673828125,,0.4765625,,12930.982421875,,0.546875,,1612.3033447265625,,256.0,,0.5164717435836792,,0.00390625,,,,,,,,,,,,,,
9,117099,,11149.171875,,0.004762498661875725,,0.47265625,,11149.171875,,9632.1318359375,,0.5546875,,1604.04150390625,,0.52734375,,9469.7587890625,,0.55859375,,1592.4112548828125,,256.0,,0.5445677042007446,,0.00390625,,,,,,,,,,,,,,
9,117149,,14939.1533203125,,0.004766453057527542,,0.55859375,,14939.1533203125,,13519.56640625,,0.490234375,,1444.4478759765625,,0.44140625,,13476.0458984375,,0.48828125,,1438.246337890625,,256.0,,0.4816543459892273,,0.0,,,,,,,,,,,,,,
9,117199,,11823.751953125,,0.00473125372081995,,0.4765625,,11823.751953125,,10051.580078125,,0.68359375,,1769.282470703125,,0.5234375,,10077.4052734375,,0.68359375,,1749.23779296875,,256.0,,0.6695205569267273,,0.0078125,,,,,,,,,,,,,,
9,117249,,14479.6318359375,,0.005117570050060749,,0.4453125,,14479.6318359375,,12558.36328125,,0.640625,,1541.24609375,,0.5546875,,13337.5419921875,,0.64453125,,1522.112548828125,,256.0,,0.6297518610954285,,0.0,,,,,,,,,,,,,,
9,117299,,70786.890625,,0.005048113875091076,,0.5078125,,70786.890625,,68592.03125,,0.6015625,,2247.27587890625,,0.4921875,,68525.8828125,,0.59375,,2208.59912109375,,256.0,,0.5849061012268066,,0.01171875,,,,,,,,,,,,,,
9,117349,,97457.859375,,0.004677946679294109,,0.5,,97457.859375,,95825.2578125,,0.447265625,,2034.597900390625,,0.5,,95026.4609375,,0.4453125,,2029.403564453125,,256.0,,0.4343237280845642,,0.0078125,,,,,,,,,,,,,,
9,117399,,17312.943359375,,0.0050249551422894,,0.48828125,,17312.943359375,,15818.9951171875,,0.65234375,,1556.957275390625,,0.51171875,,15742.904296875,,0.65234375,,1507.0294189453125,,256.0,,0.6631606817245483,,0.0,,,,,,,,,,,,,,
9,117449,,141727.6875,,0.0049850670620799065,,0.51953125,,141727.6875,,139240.15625,,0.6015625,,2379.58349609375,,0.48046875,,139488.390625,,0.59375,,2347.262939453125,,256.0,,0.5940051078796387,,0.01171875,,,,,,,,,,,,,,
9,117499,,11867.439453125,,0.004824240691959858,,0.51171875,,11867.439453125,,10470.6650390625,,0.515625,,1372.39404296875,,0.48828125,,10545.8134765625,,0.515625,,1346.007568359375,,256.0,,0.5150456428527832,,0.0,,,,,,,,,,,,,,
9,117549,,59644.59375,,0.005053125321865082,,0.484375,,59644.59375,,57979.84375,,0.49609375,,1818.7015380859375,,0.515625,,57704.95703125,,0.49609375,,1785.6798095703125,,256.0,,0.4699590802192688,,0.00390625,,,,,,,,,,,,,,
9,117599,,66046.71875,,0.004823743831366301,,0.47265625,,66046.71875,,64630.90234375,,0.62109375,,1900.4708251953125,,0.52734375,,63701.609375,,0.6171875,,1860.4486083984375,,256.0,,0.595058798789978,,0.00390625,,,,,,,,,,,,,,
9,117649,,19425.650390625,,0.005006810650229454,,0.5078125,,19425.650390625,,16868.06640625,,0.69140625,,1755.6142578125,,0.4921875,,18490.908203125,,0.6953125,,1736.712890625,,256.0,,0.6538655757904053,,0.00390625,,,,,,,,,,,,,,
9,117699,,109254.1484375,,0.004823691677302122,,0.48046875,,109254.1484375,,106732.6875,,0.494140625,,2070.413818359375,,0.51953125,,107655.859375,,0.494140625,,2049.33251953125,,256.0,,0.4339408278465271,,0.00390625,,,,,,,,,,,,,,
9,117749,,14502.466796875,,0.004553952720016241,,0.546875,,14502.466796875,,12453.36328125,,0.54296875,,1689.582763671875,,0.453125,,13171.19140625,,0.5390625,,1690.796875,,256.0,,0.5254127979278564,,0.0078125,,,,,,,,,,,,,,
9,117799,,55738.625,,0.0044132801704108715,,0.5078125,,55738.625,,53377.53125,,0.48828125,,2027.877197265625,,0.4921875,,54037.6328125,,0.48828125,,2034.211181640625,,256.0,,0.47161564230918884,,0.0078125,,,,,,,,,,,,,,
9,117849,,46121.93359375,,0.004525187890976667,,0.48828125,,46121.93359375,,44796.78515625,,0.5703125,,1860.987548828125,,0.51171875,,43737.6328125,,0.5703125,,1848.461181640625,,256.0,,0.5544198751449585,,0.00390625,,,,,,,,,,,,,,
9,117899,,14187.482421875,,0.004615559242665768,,0.484375,,14187.482421875,,12360.275390625,,0.70703125,,1759.0545654296875,,0.515625,,12522.1142578125,,0.70703125,,1733.5211181640625,,256.0,,0.6653156876564026,,0.00390625,,,,,,,,,,,,,,
9,117949,,14809.8046875,,0.0049169110134243965,,0.49609375,,14809.8046875,,13068.3671875,,0.59765625,,1801.525390625,,0.50390625,,12979.80078125,,0.59765625,,1769.916015625,,256.0,,0.5662065744400024,,0.0078125,,,,,,,,,,,,,,
9,117999,,76497.3046875,,0.004702801816165447,,0.4765625,,76497.3046875,,74157.90625,,0.396484375,,1903.744384765625,,0.5234375,,75052.515625,,0.400390625,,1880.4437255859375,,256.0,,0.3954242169857025,,0.00390625,,,,,,,,,,,,,,
9,118049,,13592.2080078125,,0.004811938852071762,,0.55078125,,13592.2080078125,,11830.5224609375,,0.462890625,,1604.086669921875,,0.44921875,,12180.9892578125,,0.46484375,,1568.8172607421875,,256.0,,0.4484071135520935,,0.0,,,,,,,,,,,,,,
9,118099,,16285.2880859375,,0.005173767916858196,,0.4375,,16285.2880859375,,15282.9111328125,,0.494140625,,1570.697265625,,0.5625,,14188.703125,,0.494140625,,1528.263671875,,256.0,,0.4784091114997864,,0.0,,,,,,,,,,,,,,
9,118149,,16361.00390625,,0.00493399053812027,,0.5078125,,16361.00390625,,14688.4599609375,,0.56640625,,1520.3074951171875,,0.4921875,,15013.486328125,,0.56640625,,1499.75439453125,,256.0,,0.5510132312774658,,0.0,,,,,,,,,,,,,,
9,118199,,12527.3642578125,,0.004854235332459211,,0.5,,12527.3642578125,,11119.404296875,,0.7734375,,1432.20068359375,,0.5,,11104.3408203125,,0.77734375,,1398.78173828125,,256.0,,0.7554812431335449,,0.0,,,,,,,,,,,,,,
9,118249,,12333.60546875,,0.004484463948756456,,0.484375,,12333.60546875,,10791.51171875,,0.55859375,,1517.855224609375,,0.515625,,10872.4658203125,,0.55859375,,1485.3787841796875,,256.0,,0.5296889543533325,,0.0,,,,,,,,,,,,,,
9,118299,,52068.53125,,0.0051743034273386,,0.55078125,,52068.53125,,50626.2265625,,0.640625,,1705.106201171875,,0.44921875,,50126.69921875,,0.64453125,,1679.0322265625,,256.0,,0.6042633652687073,,0.00390625,,,,,,,,,,,,,,
9,118349,,16111.8779296875,,0.004754495806992054,,0.50390625,,16111.8779296875,,14215.91015625,,0.61328125,,1584.869384765625,,0.49609375,,14864.7158203125,,0.61328125,,1558.26123046875,,256.0,,0.6062221527099609,,0.00390625,,,,,,,,,,,,,,
9,118399,,60707.1875,,0.00511186895892024,,0.52734375,,60707.1875,,58380.99609375,,0.52734375,,2097.54443359375,,0.47265625,,58856.85546875,,0.52734375,,2078.97509765625,,256.0,,0.4982052445411682,,0.0078125,,,,,,,,,,,,,,
9,118449,,134683.671875,,0.004688603803515434,,0.55859375,,134683.671875,,131789.046875,,0.4375,,2976.2939453125,,0.44140625,,131645.65625,,0.435546875,,2956.349365234375,,256.0,,0.4174478054046631,,0.02734375,,,,,,,,,,,,,,
9,118499,,14730.5888671875,,0.004223893862217665,,0.47265625,,14730.5888671875,,13295.763671875,,0.55859375,,1595.22509765625,,0.52734375,,13003.650390625,,0.55859375,,1566.539306640625,,256.0,,0.5409788489341736,,0.00390625,,,,,,,,,,,,,,
9,118549,,11440.7763671875,,0.004698698874562979,,0.48046875,,11440.7763671875,,9778.6552734375,,0.57421875,,1650.288330078125,,0.51953125,,9824.1875,,0.57421875,,1628.4222412109375,,256.0,,0.5517863035202026,,0.0,,,,,,,,,,,,,,
9,118599,,17788.7734375,,0.004822765942662954,,0.48046875,,17788.7734375,,16264.099609375,,0.6875,,1776.16845703125,,0.51953125,,15784.7822265625,,0.68359375,,1752.494873046875,,256.0,,0.6608495712280273,,0.00390625,,,,,,,,,,,,,,
9,118649,,53617.55859375,,0.0050659640692174435,,0.453125,,53617.55859375,,52097.84765625,,0.6484375,,2227.2919921875,,0.546875,,50732.92578125,,0.64453125,,2177.051025390625,,256.0,,0.6212641596794128,,0.0078125,,,,,,,,,,,,,,
9,118699,,17561.46875,,0.004396328702569008,,0.5078125,,17561.46875,,15530.880859375,,0.53125,,1657.212890625,,0.4921875,,16308.3037109375,,0.52734375,,1626.5404052734375,,256.0,,0.5002371072769165,,0.00390625,,,,,,,,,,,,,,
9,118749,,140839.265625,,0.004967761691659689,,0.48046875,,140839.265625,,138152.71875,,0.578125,,2477.5947265625,,0.51953125,,138594.28125,,0.578125,,2453.93115234375,,256.0,,0.5522863864898682,,0.015625,,,,,,,,,,,,,,
9,118799,,80440.5625,,0.004933623131364584,,0.515625,,80440.5625,,78240.3125,,0.625,,2086.5244140625,,0.484375,,78491.203125,,0.62109375,,2063.07470703125,,256.0,,0.6048218011856079,,0.01171875,,,,,,,,,,,,,,
9,118849,,84348.109375,,0.004985733889043331,,0.5234375,,84348.109375,,81806.6171875,,0.51171875,,2071.84765625,,0.4765625,,82764.328125,,0.515625,,2053.4296875,,256.0,,0.5083856582641602,,0.0078125,,,,,,,,,,,,,,
9,118899,,13823.986328125,,0.00476111052557826,,0.46875,,13823.986328125,,12655.7548828125,,0.59765625,,1606.754638671875,,0.53125,,11817.8857421875,,0.59765625,,1567.5758056640625,,256.0,,0.5849477052688599,,0.0,,,,,,,,,,,,,,
9,118949,,12995.1708984375,,0.0048655131831765175,,0.5234375,,12995.1708984375,,11256.701171875,,0.451171875,,1707.1253662109375,,0.4765625,,11342.1025390625,,0.44921875,,1684.4129638671875,,256.0,,0.437125563621521,,0.0078125,,,,,,,,,,,,,,
9,118999,,14991.3701171875,,0.004819868132472038,,0.5546875,,14991.3701171875,,13379.1640625,,0.421875,,1518.68017578125,,0.4453125,,13589.767578125,,0.41796875,,1495.129150390625,,256.0,,0.4088873267173767,,0.0,,,,,,,,,,,,,,
9,119049,,14373.0078125,,0.005145847797393799,,0.47265625,,14373.0078125,,13034.1943359375,,0.62109375,,1738.03857421875,,0.52734375,,12259.29296875,,0.62109375,,1714.49072265625,,256.0,,0.6009377241134644,,0.00390625,,,,,,,,,,,,,,
9,119099,,44609.23828125,,0.004616807214915752,,0.49609375,,44609.23828125,,43226.578125,,0.71484375,,1561.2547607421875,,0.50390625,,42875.0,,0.71484375,,1555.6434326171875,,256.0,,0.6990714073181152,,0.00390625,,,,,,,,,,,,,,
9,119149,,16752.4921875,,0.0047644805163145065,,0.52734375,,16752.4921875,,15387.1572265625,,0.3984375,,1798.899169921875,,0.47265625,,14553.630859375,,0.3984375,,1765.294677734375,,256.0,,0.3737180233001709,,0.0078125,,,,,,,,,,,,,,
9,119199,,11187.787109375,,0.004682091064751148,,0.45703125,,11187.787109375,,9667.0029296875,,0.60546875,,1518.4296875,,0.54296875,,9691.9873046875,,0.60546875,,1498.1529541015625,,256.0,,0.5862809419631958,,0.0,,,,,,,,,,,,,,
9,119249,,14042.59765625,,0.004673398099839687,,0.50390625,,14042.59765625,,12775.0546875,,0.59375,,1581.69677734375,,0.49609375,,12151.5888671875,,0.59375,,1576.854248046875,,256.0,,0.562204122543335,,0.0,,,,,,,,,,,,,,
9,119299,,93987.5546875,,0.004835851490497589,,0.50390625,,93987.5546875,,92150.6640625,,0.6796875,,2008.873046875,,0.49609375,,91854.6953125,,0.6796875,,1960.8731689453125,,256.0,,0.6551516056060791,,0.0078125,,,,,,,,,,,,,,
9,119349,,46010.46875,,0.004616157617419958,,0.484375,,46010.46875,,44585.70703125,,0.5859375,,1933.41162109375,,0.515625,,43601.4140625,,0.5859375,,1900.411865234375,,256.0,,0.5615552067756653,,0.01171875,,,,,,,,,,,,,,
9,119399,,14651.2802734375,,0.004500535316765308,,0.54296875,,14651.2802734375,,12995.5771484375,,0.486328125,,1612.841796875,,0.45703125,,13093.888671875,,0.486328125,,1600.252685546875,,256.0,,0.4712301194667816,,0.0,,,,,,,,,,,,,,
9,119449,,60531.71875,,0.004615826532244682,,0.5078125,,60531.71875,,59159.453125,,0.5859375,,1831.103759765625,,0.4921875,,58279.82421875,,0.5859375,,1793.057373046875,,256.0,,0.553736686706543,,0.00390625,,,,,,,,,,,,,,
9,119499,,43741.671875,,0.005017035640776157,,0.55078125,,43741.671875,,41993.53125,,0.7421875,,1724.4940185546875,,0.44921875,,42075.46484375,,0.7421875,,1689.859375,,256.0,,0.6971983909606934,,0.00390625,,,,,,,,,,,,,,
9,119549,,123116.984375,,0.004917901009321213,,0.4609375,,123116.984375,,120152.5703125,,0.4921875,,2213.78271484375,,0.5390625,,121653.1953125,,0.4921875,,2214.4111328125,,256.0,,0.48154181241989136,,0.01171875,,,,,,,,,,,,,,
9,119599,,13937.9013671875,,0.004926455672830343,,0.48828125,,13937.9013671875,,12350.974609375,,0.4921875,,1589.5474853515625,,0.51171875,,12368.595703125,,0.49609375,,1566.684814453125,,256.0,,0.49981173872947693,,0.0,,,,,,,,,,,,,,
9,119649,,14522.3974609375,,0.005123616196215153,,0.48046875,,14522.3974609375,,12867.5732421875,,0.55078125,,1692.4781494140625,,0.51953125,,12811.9404296875,,0.55078125,,1672.802490234375,,256.0,,0.5518699884414673,,0.0,,,,,,,,,,,,,,
9,119699,,205456.6875,,0.005117389373481274,,0.52734375,,205456.6875,,202808.03125,,0.4765625,,2950.47998046875,,0.47265625,,202266.390625,,0.478515625,,2888.453125,,256.0,,0.4517388939857483,,0.0234375,,,,,,,,,,,,,,
9,119749,,16229.287109375,,0.004475890658795834,,0.5234375,,16229.287109375,,14657.2607421875,,0.5234375,,1607.6009521484375,,0.4765625,,14621.41015625,,0.5234375,,1572.3038330078125,,256.0,,0.507103443145752,,0.00390625,,,,,,,,,,,,,,
9,119799,,10897.916015625,,0.004673594143241644,,0.5,,10897.916015625,,9473.8720703125,,0.58203125,,1542.16845703125,,0.5,,9268.130859375,,0.578125,,1511.659912109375,,256.0,,0.5699913501739502,,0.0,,,,,,,,,,,,,,
9,119849,,51122.28125,,0.004737156443297863,,0.484375,,51122.28125,,49809.48046875,,0.5703125,,1777.96435546875,,0.515625,,48886.421875,,0.56640625,,1770.69970703125,,256.0,,0.5308380126953125,,0.0078125,,,,,,,,,,,,,,
9,119899,,56599.26171875,,0.004787280224263668,,0.4140625,,56599.26171875,,55023.78515625,,0.458984375,,1711.486572265625,,0.5859375,,54779.49609375,,0.4609375,,1683.7529296875,,256.0,,0.4573063850402832,,0.00390625,,,,,,,,,,,,,,
9,119949,,75651.5234375,,0.005081596784293652,,0.5078125,,75651.5234375,,74042.140625,,0.365234375,,2021.51904296875,,0.4921875,,73239.6953125,,0.36328125,,1999.694091796875,,256.0,,0.36892709136009216,,0.01171875,,,,,,,,,,,,,,
9,119999,,50808.84375,,0.005065825767815113,,0.48828125,,50808.84375,,48668.375,,0.5,,1846.14306640625,,0.51171875,,49299.82421875,,0.50390625,,1803.342041015625,,256.0,,0.48650234937667847,,0.0078125,,,,,,,,,,,,,,
9,120049,,44623.890625,,0.00510796532034874,,0.49609375,,44623.890625,,43037.41796875,,0.53515625,,1880.33984375,,0.50390625,,42499.98046875,,0.53515625,,1830.0458984375,,256.0,,0.5136532783508301,,0.0078125,,,,,,,,,,,,,,
9,120099,,13662.5185546875,,0.004737009759992361,,0.47265625,,13662.5185546875,,12186.515625,,0.640625,,1850.89208984375,,0.52734375,,11473.5078125,,0.63671875,,1814.1212158203125,,256.0,,0.6141728162765503,,0.00390625,,,,,,,,,,,,,,
9,120149,,14931.0048828125,,0.005115840584039688,,0.51171875,,14931.0048828125,,13217.908203125,,0.50390625,,1554.98486328125,,0.48828125,,13560.755859375,,0.5078125,,1528.3609619140625,,256.0,,0.48961979150772095,,0.0,,,,,,,,,,,,,,
9,120199,,16253.390625,,0.00454853568226099,,0.53125,,16253.390625,,14425.3466796875,,0.59375,,1685.890380859375,,0.46875,,14734.9912109375,,0.58984375,,1660.55224609375,,256.0,,0.5665586590766907,,0.0078125,,,,,,,,,,,,,,
9,120249,,48466.5625,,0.0048989905044436455,,0.49609375,,48466.5625,,46833.41796875,,0.58984375,,1784.0074462890625,,0.50390625,,46560.27734375,,0.58984375,,1755.4185791015625,,256.0,,0.5926318168640137,,0.00390625,,,,,,,,,,,,,,
9,120299,,14023.171875,,0.004883822984993458,,0.4609375,,14023.171875,,12801.9638671875,,0.470703125,,1498.56884765625,,0.5390625,,12270.3818359375,,0.47265625,,1475.429443359375,,256.0,,0.476377010345459,,0.0,,,,,,,,,,,,,,
9,120349,,148509.875,,0.005051515530794859,,0.4921875,,148509.875,,145768.375,,0.609375,,2267.40185546875,,0.5078125,,146741.109375,,0.609375,,2242.88232421875,,256.0,,0.5774184465408325,,0.01171875,,,,,,,,,,,,,,
9,120399,,50793.9375,,0.0048360396176576614,,0.453125,,50793.9375,,49430.359375,,0.578125,,1660.69287109375,,0.546875,,48857.19921875,,0.578125,,1639.62255859375,,256.0,,0.5753142833709717,,0.00390625,,,,,,,,,,,,,,
9,120449,,14053.40625,,0.005080032162368298,,0.50390625,,14053.40625,,12858.041015625,,0.56640625,,1464.054443359375,,0.49609375,,12360.8134765625,,0.5625,,1423.902587890625,,256.0,,0.5471307635307312,,0.0,,,,,,,,,,,,,,
9,120499,,65139.19921875,,0.0045641446486115456,,0.44140625,,65139.19921875,,63939.1875,,0.5234375,,2081.97802734375,,0.55859375,,62227.9296875,,0.5234375,,2029.3031005859375,,256.0,,0.5049320459365845,,0.015625,,,,,,,,,,,,,,
9,120549,,12515.9990234375,,0.005188298411667347,,0.46484375,,12515.9990234375,,11236.296875,,0.53515625,,1609.130615234375,,0.53515625,,10610.6728515625,,0.53125,,1575.897216796875,,256.0,,0.5143813490867615,,0.00390625,,,,,,,,,,,,,,
9,120599,,69499.2265625,,0.004689371213316917,,0.453125,,69499.2265625,,67463.265625,,0.6640625,,2006.466796875,,0.546875,,67540.5078125,,0.6640625,,1988.209228515625,,256.0,,0.6317223310470581,,0.0078125,,,,,,,,,,,,,,
9,120649,,55293.625,,0.004527452401816845,,0.48828125,,55293.625,,53467.5546875,,0.70703125,,1791.86279296875,,0.51171875,,53557.765625,,0.70703125,,1770.0721435546875,,256.0,,0.6958473920822144,,0.00390625,,,,,,,,,,,,,,
9,120699,,14307.021484375,,0.00503289420157671,,0.4921875,,14307.021484375,,13001.4423828125,,0.5390625,,1498.661865234375,,0.5078125,,12633.978515625,,0.5390625,,1479.960693359375,,256.0,,0.5387207269668579,,0.0,,,,,,,,,,,,,,
9,120749,,13738.958984375,,0.005160249769687653,,0.49609375,,13738.958984375,,11638.0146484375,,0.47265625,,1859.7978515625,,0.50390625,,12136.5625,,0.474609375,,1843.544189453125,,256.0,,0.4692375063896179,,0.0078125,,,,,,,,,,,,,,
9,120799,,17405.296875,,0.0044952211901545525,,0.48046875,,17405.296875,,16221.271484375,,0.56640625,,1452.1640625,,0.51953125,,15714.6044921875,,0.56640625,,1422.5518798828125,,256.0,,0.5417366027832031,,0.0,,,,,,,,,,,,,,
9,120849,,10899.2060546875,,0.004770232364535332,,0.48046875,,10899.2060546875,,9545.01953125,,0.6171875,,1708.861572265625,,0.51953125,,8839.7763671875,,0.6171875,,1704.7548828125,,256.0,,0.5982747077941895,,0.00390625,,,,,,,,,,,,,,
9,120899,,11731.56640625,,0.004630470648407936,,0.48828125,,11731.56640625,,10101.5302734375,,0.61328125,,1448.306640625,,0.51171875,,10483.0888671875,,0.61328125,,1430.2073974609375,,256.0,,0.5907543897628784,,0.0,,,,,,,,,,,,,,
9,120949,,49609.95703125,,0.004509345628321171,,0.49609375,,49609.95703125,,48104.0703125,,0.5234375,,1719.8133544921875,,0.50390625,,47710.38671875,,0.51953125,,1685.64306640625,,256.0,,0.49379485845565796,,0.00390625,,,,,,,,,,,,,,
9,120999,,50018.6484375,,0.004790074657648802,,0.5234375,,50018.6484375,,48602.015625,,0.66796875,,2061.41796875,,0.4765625,,47353.20703125,,0.66796875,,2020.6588134765625,,256.0,,0.6644575595855713,,0.0078125,,,,,,,,,,,,,,
9,121049,,13829.25,,0.004763632547110319,,0.50390625,,13829.25,,12436.7216796875,,0.65625,,1555.2161865234375,,0.49609375,,12137.73046875,,0.66015625,,1528.83203125,,256.0,,0.630119800567627,,0.0,,,,,,,,,,,,,,
9,121099,,17330.15625,,0.004931007977575064,,0.46484375,,17330.15625,,15556.01953125,,0.53515625,,1613.08251953125,,0.53515625,,15917.4208984375,,0.5390625,,1573.7900390625,,256.0,,0.5045329928398132,,0.0,,,,,,,,,,,,,,
9,121149,,16735.94140625,,0.005258434917777777,,0.55078125,,16735.94140625,,15343.6435546875,,0.61328125,,1510.0111083984375,,0.44921875,,15133.0029296875,,0.61328125,,1485.2276611328125,,256.0,,0.6151255965232849,,0.0,,,,,,,,,,,,,,
9,121199,,16645.8046875,,0.004891422111541033,,0.53515625,,16645.8046875,,15447.328125,,0.578125,,1644.4691162109375,,0.46484375,,14595.01953125,,0.578125,,1604.792724609375,,256.0,,0.5577706098556519,,0.0,,,,,,,,,,,,,,
9,121249,,15940.916015625,,0.0050370111130177975,,0.51953125,,15940.916015625,,13929.900390625,,0.546875,,1785.390625,,0.48046875,,14417.7529296875,,0.546875,,1748.787353515625,,256.0,,0.5392059683799744,,0.00390625,,,,,,,,,,,,,,
9,121299,,17056.51171875,,0.004956557881087065,,0.4609375,,17056.51171875,,15378.7080078125,,0.640625,,1712.705810546875,,0.5390625,,15330.484375,,0.640625,,1691.12353515625,,256.0,,0.6324094533920288,,0.0078125,,,,,,,,,,,,,,
9,121349,,53279.29296875,,0.005496234633028507,,0.51953125,,53279.29296875,,51231.9140625,,0.6875,,1725.828125,,0.48046875,,51883.26953125,,0.6875,,1717.572998046875,,256.0,,0.6574235558509827,,0.00390625,,,,,,,,,,,,,,
9,121399,,51389.703125,,0.004769943654537201,,0.515625,,51389.703125,,49417.6171875,,0.53125,,1816.337646484375,,0.484375,,49748.28125,,0.52734375,,1797.169189453125,,256.0,,0.5079247355461121,,0.00390625,,,,,,,,,,,,,,
9,121449,,11742.34375,,0.004754201974719763,,0.55078125,,11742.34375,,10781.888671875,,0.5,,1368.222412109375,,0.44921875,,9989.048828125,,0.5,,1345.5269775390625,,256.0,,0.48971471190452576,,0.0,,,,,,,,,,,,,,
9,121499,,14275.2734375,,0.004927554167807102,,0.48046875,,14275.2734375,,13112.65625,,0.5859375,,1527.860107421875,,0.51953125,,12414.23828125,,0.5859375,,1495.793212890625,,256.0,,0.5585815906524658,,0.0,,,,,,,,,,,,,,
9,121549,,16238.6328125,,0.00490795960649848,,0.48046875,,16238.6328125,,14399.5166015625,,0.62890625,,1720.2650146484375,,0.51953125,,14643.4736328125,,0.62890625,,1714.01025390625,,256.0,,0.6085433959960938,,0.00390625,,,,,,,,,,,,,,
9,121599,,18732.33984375,,0.004887481685727835,,0.49609375,,18732.33984375,,17062.109375,,0.54296875,,1803.2001953125,,0.50390625,,16824.03515625,,0.54296875,,1775.3341064453125,,256.0,,0.5308913588523865,,0.00390625,,,,,,,,,,,,,,
9,121649,,58950.296875,,0.0051647815853357315,,0.4765625,,58950.296875,,56973.75,,0.55078125,,1883.9169921875,,0.5234375,,57175.4453125,,0.55078125,,1867.483154296875,,256.0,,0.5457731485366821,,0.0078125,,,,,,,,,,,,,,
9,121699,,16104.98828125,,0.004888501018285751,,0.51171875,,16104.98828125,,14913.640625,,0.64453125,,1639.2545166015625,,0.48828125,,14039.0390625,,0.64453125,,1618.044189453125,,256.0,,0.6421054601669312,,0.0,,,,,,,,,,,,,,
9,121749,,63756.7734375,,0.005107160657644272,,0.51953125,,63756.7734375,,61513.53125,,0.46875,,1987.11767578125,,0.48046875,,62055.6640625,,0.470703125,,1957.23193359375,,256.0,,0.4438800811767578,,0.0078125,,,,,,,,,,,,,,
9,121799,,98084.375,,0.004881282802671194,,0.4453125,,98084.375,,95977.296875,,0.48828125,,2029.725341796875,,0.5546875,,96162.71875,,0.48828125,,1999.01611328125,,256.0,,0.4638025760650635,,0.01171875,,,,,,,,,,,,,,
9,121849,,83251.046875,,0.005223331972956657,,0.5078125,,83251.046875,,80893.765625,,0.58203125,,2238.787109375,,0.4921875,,81150.0546875,,0.58203125,,2219.48828125,,256.0,,0.5756052732467651,,0.015625,,,,,,,,,,,,,,
9,121899,,58333.5859375,,0.0049882191233336926,,0.46875,,58333.5859375,,56700.6875,,0.416015625,,1653.4478759765625,,0.53125,,56689.46875,,0.416015625,,1623.56591796875,,256.0,,0.4025062024593353,,0.00390625,,,,,,,,,,,,,,
9,121949,,16628.5625,,0.004832410253584385,,0.54296875,,16628.5625,,14578.2822265625,,0.67578125,,1735.2728271484375,,0.45703125,,15225.7197265625,,0.67578125,,1717.85009765625,,256.0,,0.6580352187156677,,0.00390625,,,,,,,,,,,,,,
9,121999,,80914.640625,,0.0048073395155370235,,0.47265625,,80914.640625,,79285.0234375,,0.5078125,,1812.4912109375,,0.52734375,,78948.5234375,,0.5078125,,1783.2418212890625,,256.0,,0.48965010046958923,,0.00390625,,,,,,,,,,,,,,
9,122049,,139978.5625,,0.004647808149456978,,0.48828125,,139978.5625,,137430.265625,,0.56640625,,2139.78271484375,,0.51171875,,138261.46875,,0.56640625,,2125.611083984375,,256.0,,0.5349080562591553,,0.01171875,,,,,,,,,,,,,,
9,122099,,60640.2890625,,0.005098587833344936,,0.50390625,,60640.2890625,,59670.8046875,,0.6171875,,1766.9722900390625,,0.49609375,,58126.48828125,,0.6171875,,1716.3138427734375,,256.0,,0.5862811803817749,,0.0078125,,,,,,,,,,,,,,
9,122149,,14901.609375,,0.004890200681984425,,0.4921875,,14901.609375,,12633.7529296875,,0.62109375,,1957.8033447265625,,0.5078125,,13259.5009765625,,0.62109375,,1952.160400390625,,256.0,,0.6088160872459412,,0.00390625,,,,,,,,,,,,,,
9,122199,,16670.80859375,,0.004767118953168392,,0.4296875,,16670.80859375,,14939.94140625,,0.5546875,,1836.2884521484375,,0.5703125,,14767.376953125,,0.55078125,,1798.008056640625,,256.0,,0.5118793249130249,,0.0078125,,,,,,,,,,,,,,
9,122249,,13619.658203125,,0.004971505608409643,,0.46484375,,13619.658203125,,11878.6943359375,,0.60546875,,1416.9039306640625,,0.53515625,,12557.99609375,,0.60546875,,1385.72021484375,,256.0,,0.585847020149231,,0.0,,,,,,,,,,,,,,
9,122299,,12567.263671875,,0.004453816916793585,,0.5078125,,12567.263671875,,11462.802734375,,0.578125,,1413.7818603515625,,0.4921875,,10886.6494140625,,0.57421875,,1371.293212890625,,256.0,,0.5558032989501953,,0.0,,,,,,,,,,,,,,
9,122349,,85070.34375,,0.005032402463257313,,0.4921875,,85070.34375,,83354.8203125,,0.474609375,,2109.89404296875,,0.5078125,,82580.0625,,0.47265625,,2095.9052734375,,256.0,,0.444906085729599,,0.01171875,,,,,,,,,,,,,,
9,122399,,14547.4375,,0.004456196911633015,,0.5,,14547.4375,,12728.9462890625,,0.58984375,,1466.9141845703125,,0.5,,13423.17578125,,0.58984375,,1475.837890625,,256.0,,0.5642966032028198,,0.0,,,,,,,,,,,,,,
9,122449,,14382.755859375,,0.004979508928954601,,0.48046875,,14382.755859375,,13149.6787109375,,0.50390625,,1498.7822265625,,0.51953125,,12650.3408203125,,0.50390625,,1466.711181640625,,256.0,,0.47535526752471924,,0.0,,,,,,,,,,,,,,
9,122499,,14325.0029296875,,0.004718969576060772,,0.49609375,,14325.0029296875,,13287.2734375,,0.6953125,,1500.311767578125,,0.50390625,,12389.3134765625,,0.6953125,,1473.107666015625,,256.0,,0.6584591865539551,,0.0,,,,,,,,,,,,,,
9,122549,,12974.9775390625,,0.004944571293890476,,0.5390625,,12974.9775390625,,11732.1591796875,,0.6953125,,1687.89990234375,,0.4609375,,10883.052734375,,0.6953125,,1646.84375,,256.0,,0.6786308288574219,,0.00390625,,,,,,,,,,,,,,
9,122599,,52981.8359375,,0.00482771173119545,,0.5625,,52981.8359375,,51411.6484375,,0.53125,,2000.6964111328125,,0.4375,,50566.0546875,,0.53515625,,1985.27099609375,,256.0,,0.49878987669944763,,0.00390625,,,,,,,,,,,,,,
9,122649,,15453.509765625,,0.004880089312791824,,0.48828125,,15453.509765625,,13898.984375,,0.65234375,,1649.5648193359375,,0.51171875,,13720.2802734375,,0.65234375,,1638.190185546875,,256.0,,0.6306562423706055,,0.0,,,,,,,,,,,,,,
9,122699,,43161.75390625,,0.004788020625710487,,0.50390625,,43161.75390625,,41522.859375,,0.53515625,,1718.0142822265625,,0.49609375,,41375.62890625,,0.53515625,,1707.0040283203125,,256.0,,0.5310355424880981,,0.0078125,,,,,,,,,,,,,,
9,122749,,46037.18359375,,0.004936966113746166,,0.49609375,,46037.18359375,,44040.4453125,,0.498046875,,1922.719482421875,,0.50390625,,44230.796875,,0.49609375,,1880.4072265625,,256.0,,0.4645092487335205,,0.0078125,,,,,,,,,,,,,,
9,122799,,16643.33984375,,0.00460809376090765,,0.46484375,,16643.33984375,,15390.8486328125,,0.62890625,,1588.4503173828125,,0.53515625,,14731.1455078125,,0.62890625,,1576.2332763671875,,256.0,,0.6309048533439636,,0.0,,,,,,,,,,,,,,
9,122849,,15250.9892578125,,0.004801932722330093,,0.5078125,,15250.9892578125,,13828.9482421875,,0.578125,,1542.4090576171875,,0.4921875,,13618.4697265625,,0.578125,,1512.15087890625,,256.0,,0.5516785383224487,,0.0,,,,,,,,,,,,,,
9,122899,,74753.4453125,,0.004796524997800589,,0.4765625,,74753.4453125,,73597.140625,,0.45703125,,1770.709716796875,,0.5234375,,72406.3984375,,0.455078125,,1732.63720703125,,256.0,,0.43235287070274353,,0.00390625,,,,,,,,,,,,,,
9,122949,,13724.771484375,,0.0049789645709097385,,0.46875,,13724.771484375,,12369.74609375,,0.53125,,1721.44580078125,,0.53125,,11670.828125,,0.53125,,1687.5224609375,,256.0,,0.5172924995422363,,0.00390625,,,,,,,,,,,,,,
9,122999,,59754.6640625,,0.004804259166121483,,0.4765625,,59754.6640625,,57960.65234375,,0.62890625,,2142.95751953125,,0.5234375,,57295.93359375,,0.625,,2109.780029296875,,256.0,,0.6000001430511475,,0.01171875,,,,,,,,,,,,,,
9,123049,,56694.0078125,,0.00456212367862463,,0.57421875,,56694.0078125,,54893.4609375,,0.50390625,,1957.82568359375,,0.42578125,,54599.27734375,,0.50390625,,1937.45654296875,,256.0,,0.49285635352134705,,0.0078125,,,,,,,,,,,,,,
9,123099,,12057.8935546875,,0.005155850201845169,,0.50390625,,12057.8935546875,,10399.8291015625,,0.625,,1809.2711181640625,,0.49609375,,10130.3798828125,,0.625,,1776.306640625,,256.0,,0.6020256280899048,,0.00390625,,,,,,,,,,,,,,
9,123149,,101009.34375,,0.0048544565215706825,,0.53125,,101009.34375,,98366.984375,,0.5,,2221.106201171875,,0.46875,,99206.3984375,,0.494140625,,2224.203125,,256.0,,0.46180009841918945,,0.01171875,,,,,,,,,,,,,,
9,123199,,41993.7734375,,0.00486443005502224,,0.51171875,,41993.7734375,,39751.61328125,,0.59765625,,2007.52099609375,,0.48828125,,40233.12890625,,0.59375,,1995.28125,,256.0,,0.5736541152000427,,0.0078125,,,,,,,,,,,,,,
9,123249,,14472.4306640625,,0.00492489617317915,,0.52734375,,14472.4306640625,,12519.5185546875,,0.48046875,,1832.3763427734375,,0.47265625,,12785.8203125,,0.478515625,,1807.14697265625,,256.0,,0.429189532995224,,0.0078125,,,,,,,,,,,,,,
9,123299,,13811.2265625,,0.005054820794612169,,0.44921875,,13811.2265625,,12068.4404296875,,0.57421875,,1709.387451171875,,0.55078125,,12166.2060546875,,0.578125,,1678.4183349609375,,256.0,,0.5692645311355591,,0.00390625,,,,,,,,,,,,,,
9,123349,,71326.71875,,0.005162990186363459,,0.51953125,,71326.71875,,69722.8671875,,0.671875,,2050.298828125,,0.48046875,,68888.625,,0.66796875,,1991.6517333984375,,256.0,,0.6345247030258179,,0.01171875,,,,,,,,,,,,,,
9,123399,,48839.82421875,,0.005575576331466436,,0.51953125,,48839.82421875,,47114.78515625,,0.65625,,2057.473876953125,,0.48046875,,46504.5234375,,0.65625,,2002.8681640625,,256.0,,0.6434159874916077,,0.0078125,,,,,,,,,,,,,,
9,123449,,48946.515625,,0.00511667737737298,,0.53125,,48946.515625,,47171.515625,,0.62890625,,1878.87109375,,0.46875,,46993.8671875,,0.6328125,,1848.7769775390625,,256.0,,0.6134808659553528,,0.0078125,,,,,,,,,,,,,,
9,123499,,97549.84375,,0.004744342528283596,,0.484375,,97549.84375,,96225.640625,,0.51171875,,2380.7470703125,,0.515625,,94147.9296875,,0.51171875,,2345.35791015625,,256.0,,0.4714186191558838,,0.015625,,,,,,,,,,,,,,
9,123549,,115440.390625,,0.004648822825402021,,0.45703125,,115440.390625,,112315.0546875,,0.69140625,,1998.339599609375,,0.54296875,,114565.7265625,,0.69140625,,2001.6689453125,,256.0,,0.6668506860733032,,0.0078125,,,,,,,,,,,,,,
9,123599,,13729.1953125,,0.004788181744515896,,0.51171875,,13729.1953125,,12641.845703125,,0.5234375,,1611.39208984375,,0.48828125,,11619.091796875,,0.5234375,,1586.06103515625,,256.0,,0.525407075881958,,0.0078125,,,,,,,,,,,,,,
9,123649,,11156.091796875,,0.004703456070274115,,0.453125,,11156.091796875,,9726.8037109375,,0.578125,,1681.40185546875,,0.546875,,9251.6923828125,,0.57421875,,1652.286865234375,,256.0,,0.567438006401062,,0.0,,,,,,,,,,,,,,
9,123699,,13521.08984375,,0.004786977544426918,,0.40625,,13521.08984375,,11574.353515625,,0.5546875,,1941.5108642578125,,0.59375,,11609.1689453125,,0.55078125,,1917.1475830078125,,256.0,,0.5187642574310303,,0.0078125,,,,,,,,,,,,,,
9,123749,,46054.8828125,,0.004369532223790884,,0.5390625,,46054.8828125,,44522.0546875,,0.62890625,,1776.40771484375,,0.4609375,,44060.9453125,,0.625,,1750.3553466796875,,256.0,,0.6069111824035645,,0.00390625,,,,,,,,,,,,,,
9,123799,,56058.8984375,,0.004936765413731337,,0.46875,,56058.8984375,,54012.74609375,,0.625,,1868.384521484375,,0.53125,,54383.46875,,0.62109375,,1853.200927734375,,256.0,,0.6191918849945068,,0.00390625,,,,,,,,,,,,,,
9,123849,,54607.734375,,0.0047971708700060844,,0.53515625,,54607.734375,,52571.015625,,0.41796875,,1844.6552734375,,0.46484375,,52985.98828125,,0.41796875,,1813.80810546875,,256.0,,0.4015190601348877,,0.00390625,,,,,,,,,,,,,,
9,123899,,83114.546875,,0.004581797402352095,,0.4609375,,83114.546875,,81156.625,,0.482421875,,1915.0816650390625,,0.5390625,,81241.8359375,,0.484375,,1915.561279296875,,256.0,,0.465446412563324,,0.0078125,,,,,,,,,,,,,,
9,123949,,15554.142578125,,0.004467821680009365,,0.45703125,,15554.142578125,,13972.978515625,,0.53515625,,1571.4404296875,,0.54296875,,14007.505859375,,0.5390625,,1556.361328125,,256.0,,0.5236122608184814,,0.0,,,,,,,,,,,,,,
9,123999,,16061.48046875,,0.004899968858808279,,0.55078125,,16061.48046875,,14896.53125,,0.55078125,,1615.5400390625,,0.44921875,,14041.0556640625,,0.55078125,,1569.8341064453125,,256.0,,0.5389820337295532,,0.0,,,,,,,,,,,,,,
9,124049,,42414.16796875,,0.00474664056673646,,0.50390625,,42414.16796875,,39904.73046875,,0.55859375,,2037.6302490234375,,0.49609375,,40876.56640625,,0.55859375,,2009.4093017578125,,256.0,,0.533492922782898,,0.0078125,,,,,,,,,,,,,,
9,124099,,107112.328125,,0.004623827524483204,,0.48828125,,107112.328125,,105091.859375,,0.55078125,,2252.56298828125,,0.51171875,,104651.421875,,0.55078125,,2228.818115234375,,256.0,,0.523161768913269,,0.01171875,,,,,,,,,,,,,,
9,124149,,55264.7890625,,0.004773549269884825,,0.5078125,,55264.7890625,,53287.2734375,,0.5078125,,1892.8525390625,,0.4921875,,53501.30078125,,0.5078125,,1848.1534423828125,,256.0,,0.49737799167633057,,0.0078125,,,,,,,,,,,,,,
9,124199,,18260.919921875,,0.004994601011276245,,0.49609375,,18260.919921875,,16855.228515625,,0.609375,,1602.747802734375,,0.50390625,,16472.853515625,,0.609375,,1591.0103759765625,,256.0,,0.5924029350280762,,0.0,,,,,,,,,,,,,,
9,124249,,15061.8203125,,0.005490020848810673,,0.54296875,,15061.8203125,,14058.5791015625,,0.58984375,,1716.535888671875,,0.45703125,,12673.3388671875,,0.58984375,,1675.18701171875,,256.0,,0.5567404627799988,,0.00390625,,,,,,,,,,,,,,
9,124299,,16119.2236328125,,0.0049197981134057045,,0.4765625,,16119.2236328125,,14366.3759765625,,0.59375,,1565.572509765625,,0.5234375,,14767.0419921875,,0.59765625,,1539.45703125,,256.0,,0.5753802061080933,,0.0,,,,,,,,,,,,,,
9,124349,,41377.921875,,0.005080706439912319,,0.48828125,,41377.921875,,39359.80859375,,0.515625,,1859.072265625,,0.51171875,,39702.9609375,,0.51171875,,1834.0054931640625,,256.0,,0.4854486584663391,,0.0078125,,,,,,,,,,,,,,
9,124399,,14244.052734375,,0.004543844610452652,,0.4765625,,14244.052734375,,13076.552734375,,0.58984375,,1496.4029541015625,,0.5234375,,12453.564453125,,0.59375,,1461.5849609375,,256.0,,0.5763540267944336,,0.0,,,,,,,,,,,,,,
9,124449,,17377.970703125,,0.004825407173484564,,0.4921875,,17377.970703125,,15905.3515625,,0.625,,1549.8359375,,0.5078125,,15784.9794921875,,0.62109375,,1515.7740478515625,,256.0,,0.6071270704269409,,0.0,,,,,,,,,,,,,,
9,124499,,23716.80078125,,0.004596843384206295,,0.46875,,23716.80078125,,21514.30859375,,0.5390625,,1610.376220703125,,0.53125,,22707.4765625,,0.5390625,,1601.4383544921875,,256.0,,0.5141611099243164,,0.00390625,,,,,,,,,,,,,,
9,124549,,14009.52734375,,0.004833643324673176,,0.52734375,,14009.52734375,,12378.8994140625,,0.439453125,,1841.0704345703125,,0.47265625,,12004.8017578125,,0.4375,,1794.283203125,,256.0,,0.4036945700645447,,0.0078125,,,,,,,,,,,,,,
9,124599,,40981.8671875,,0.004913808312267065,,0.4921875,,40981.8671875,,39574.8671875,,0.62109375,,1693.6219482421875,,0.5078125,,39010.16796875,,0.62109375,,1685.076416015625,,256.0,,0.6035587787628174,,0.0078125,,,,,,,,,,,,,,
9,124649,,15279.232421875,,0.004650770220905542,,0.44921875,,15279.232421875,,13285.6611328125,,0.546875,,1874.084228515625,,0.55078125,,13534.791015625,,0.546875,,1863.92724609375,,256.0,,0.5223719477653503,,0.00390625,,,,,,,,,,,,,,
9,124699,,14471.728515625,,0.005085350014269352,,0.484375,,14471.728515625,,12781.8134765625,,0.66015625,,1818.250732421875,,0.515625,,12566.2060546875,,0.66015625,,1777.1871337890625,,256.0,,0.6320544481277466,,0.00390625,,,,,,,,,,,,,,
9,124749,,13586.2109375,,0.005200788378715515,,0.52734375,,13586.2109375,,12298.4326171875,,0.50390625,,1573.9888916015625,,0.47265625,,11757.4521484375,,0.50390625,,1542.549072265625,,256.0,,0.5078568458557129,,0.0,,,,,,,,,,,,,,
9,124799,,65883.0859375,,0.004831434693187475,,0.49609375,,65883.0859375,,64598.7109375,,0.51953125,,2018.2613525390625,,0.50390625,,63168.4375,,0.51953125,,1980.7637939453125,,256.0,,0.4781997799873352,,0.0078125,,,,,,,,,,,,,,
9,124849,,16115.205078125,,0.004733836278319359,,0.515625,,16115.205078125,,14586.091796875,,0.482421875,,1583.64501953125,,0.484375,,14497.5966796875,,0.48046875,,1563.07666015625,,256.0,,0.4684266746044159,,0.0,,,,,,,,,,,,,,
9,124899,,74291.15625,,0.0049589164555072784,,0.515625,,74291.15625,,72307.546875,,0.55078125,,1964.28369140625,,0.484375,,72376.0390625,,0.55078125,,1934.4466552734375,,256.0,,0.5281752347946167,,0.01171875,,,,,,,,,,,,,,
9,124949,,18693.13671875,,0.004988548345863819,,0.4765625,,18693.13671875,,17234.939453125,,0.640625,,1770.0040283203125,,0.5234375,,16630.71875,,0.640625,,1750.609130859375,,256.0,,0.6198989748954773,,0.00390625,,,,,,,,,,,,,,
9,124999,,65147.9140625,,0.005517518147826195,,0.4921875,,65147.9140625,,64021.89453125,,0.6484375,,2095.71630859375,,0.5078125,,62128.2421875,,0.6484375,,2049.97216796875,,256.0,,0.6030219197273254,,0.0078125,,,,,,,,,,,,,,
9,125049,,176360.4375,,0.0048255231231451035,,0.4609375,,176360.4375,,173486.46875,,0.5625,,2450.612548828125,,0.5390625,,174348.171875,,0.5625,,2435.629150390625,,256.0,,0.5335375666618347,,0.01171875,,,,,,,,,,,,,,
9,125099,,17217.591796875,,0.004390685819089413,,0.54296875,,17217.591796875,,15298.14453125,,0.59765625,,1655.497314453125,,0.45703125,,15844.8818359375,,0.59765625,,1636.65869140625,,256.0,,0.5786887407302856,,0.00390625,,,,,,,,,,,,,,
9,125149,,48904.09375,,0.004844944924116135,,0.5078125,,48904.09375,,46462.5,,0.5234375,,1976.21533203125,,0.4921875,,47414.77734375,,0.51953125,,1954.691650390625,,256.0,,0.4997677505016327,,0.0078125,,,,,,,,,,,,,,
9,125199,,16976.5390625,,0.00484430231153965,,0.54296875,,16976.5390625,,16129.7490234375,,0.671875,,1794.193115234375,,0.45703125,,14272.4931640625,,0.67578125,,1756.64599609375,,256.0,,0.6741554737091064,,0.00390625,,,,,,,,,,,,,,
9,125249,,14221.60546875,,0.0048151770606637,,0.5390625,,14221.60546875,,12871.5498046875,,0.51171875,,1486.77685546875,,0.4609375,,12636.2392578125,,0.51171875,,1448.646728515625,,256.0,,0.4824688136577606,,0.0,,,,,,,,,,,,,,
9,125299,,11556.9794921875,,0.00464168144389987,,0.51171875,,11556.9794921875,,10050.09375,,0.53515625,,1641.5399169921875,,0.48828125,,9803.845703125,,0.53125,,1618.479248046875,,256.0,,0.533988356590271,,0.0,,,,,,,,,,,,,,
9,125349,,14546.923828125,,0.004685826599597931,,0.515625,,14546.923828125,,12929.2783203125,,0.6171875,,1696.48388671875,,0.484375,,12771.9794921875,,0.61328125,,1696.105224609375,,256.0,,0.6071947813034058,,0.00390625,,,,,,,,,,,,,,
9,125399,,17660.98046875,,0.005057569593191147,,0.48046875,,17660.98046875,,16282.6474609375,,0.51953125,,1863.469482421875,,0.51953125,,15349.962890625,,0.51953125,,1825.878173828125,,256.0,,0.49857816100120544,,0.01171875,,,,,,,,,,,,,,
9,125449,,14056.658203125,,0.004731491208076477,,0.48828125,,14056.658203125,,12504.513671875,,0.453125,,1686.0797119140625,,0.51171875,,12261.0849609375,,0.45703125,,1661.63818359375,,256.0,,0.45327359437942505,,0.0,,,,,,,,,,,,,,
9,125499,,49145.7734375,,0.0051905447617173195,,0.453125,,49145.7734375,,47068.36328125,,0.671875,,1807.02099609375,,0.546875,,47646.00390625,,0.671875,,1770.1566162109375,,256.0,,0.6431914567947388,,0.00390625,,,,,,,,,,,,,,
9,125549,,56667.01953125,,0.004596461541950703,,0.4765625,,56667.01953125,,55585.3125,,0.55859375,,1884.6121826171875,,0.5234375,,54023.1953125,,0.5546875,,1840.916748046875,,256.0,,0.5299540758132935,,0.00390625,,,,,,,,,,,,,,
9,125599,,76723.7109375,,0.004876818507909775,,0.515625,,76723.7109375,,74427.2421875,,0.671875,,1872.744873046875,,0.484375,,75302.0,,0.671875,,1845.4400634765625,,256.0,,0.6438309550285339,,0.0078125,,,,,,,,,,,,,,
9,125649,,17011.861328125,,0.005039587616920471,,0.5546875,,17011.861328125,,15195.982421875,,0.71875,,1865.891845703125,,0.4453125,,15125.2353515625,,0.71875,,1836.612548828125,,256.0,,0.698272705078125,,0.00390625,,,,,,,,,,,,,,
9,125699,,14252.341796875,,0.004777669906616211,,0.45703125,,14252.341796875,,12626.609375,,0.6015625,,1940.3538818359375,,0.54296875,,12029.947265625,,0.6015625,,1907.772216796875,,256.0,,0.580986738204956,,0.0078125,,,,,,,,,,,,,,
9,125749,,73621.296875,,0.004353213589638472,,0.4921875,,73621.296875,,72724.0078125,,0.61328125,,1800.9208984375,,0.5078125,,70940.5859375,,0.61328125,,1777.06640625,,256.0,,0.5797861814498901,,0.00390625,,,,,,,,,,,,,,
9,125799,,15273.2734375,,0.004932615906000137,,0.48046875,,15273.2734375,,13178.0419921875,,0.765625,,1846.09228515625,,0.51953125,,13697.5869140625,,0.765625,,1824.824462890625,,256.0,,0.73430335521698,,0.0078125,,,,,,,,,,,,,,
9,125849,,13350.59765625,,0.00451833289116621,,0.515625,,13350.59765625,,11620.1103515625,,0.53125,,1576.708251953125,,0.484375,,11930.328125,,0.53125,,1574.0491943359375,,256.0,,0.5052502155303955,,0.0,,,,,,,,,,,,,,
9,125899,,15636.548828125,,0.004799745511263609,,0.53515625,,15636.548828125,,13934.1572265625,,0.625,,1742.0196533203125,,0.46484375,,13877.7919921875,,0.625,,1719.127685546875,,256.0,,0.5939426422119141,,0.00390625,,,,,,,,,,,,,,
9,125949,,15468.66796875,,0.004464888013899326,,0.47265625,,15468.66796875,,14180.7548828125,,0.640625,,1459.99072265625,,0.52734375,,13843.9619140625,,0.640625,,1452.626953125,,256.0,,0.6120996475219727,,0.0,,,,,,,,,,,,,,
9,125999,,38224.78125,,0.005170630291104317,,0.51171875,,38224.78125,,36299.91796875,,0.59765625,,1833.6163330078125,,0.48828125,,36497.0078125,,0.59765625,,1819.013671875,,256.0,,0.5645391345024109,,0.0078125,,,,,,,,,,,,,,
9,126049,,17694.234375,,0.004830788820981979,,0.5078125,,17694.234375,,16293.376953125,,0.62109375,,1587.487548828125,,0.4921875,,15940.109375,,0.625,,1567.494873046875,,256.0,,0.597320556640625,,0.0,,,,,,,,,,,,,,
9,126099,,75774.5,,0.004748879466205835,,0.52734375,,75774.5,,74416.0859375,,0.69921875,,1985.786376953125,,0.47265625,,73183.375,,0.69921875,,1963.756103515625,,256.0,,0.6778165698051453,,0.0078125,,,,,,,,,,,,,,
9,126149,,14974.955078125,,0.005102119408547878,,0.4921875,,14974.955078125,,13756.2890625,,0.59375,,1557.6441650390625,,0.5078125,,13114.7568359375,,0.58984375,,1521.219970703125,,256.0,,0.5813910365104675,,0.0,,,,,,,,,,,,,,
9,126199,,16494.0703125,,0.004894694313406944,,0.46484375,,16494.0703125,,15118.0478515625,,0.50390625,,1602.0701904296875,,0.53515625,,14729.8046875,,0.50390625,,1538.2196044921875,,256.0,,0.46326297521591187,,0.0,,,,,,,,,,,,,,
9,126249,,12512.1025390625,,0.0050195432268083096,,0.49609375,,12512.1025390625,,11008.4736328125,,0.56640625,,1493.2294921875,,0.50390625,,11060.267578125,,0.56640625,,1462.234619140625,,256.0,,0.5616322755813599,,0.0,,,,,,,,,,,,,,
9,126299,,17835.98046875,,0.004937625955790281,,0.46875,,17835.98046875,,16241.607421875,,0.6015625,,1722.848876953125,,0.53125,,16004.2470703125,,0.6015625,,1703.257080078125,,256.0,,0.561582088470459,,0.00390625,,,,,,,,,,,,,,
9,126349,,57806.8203125,,0.004930717404931784,,0.48046875,,57806.8203125,,56187.46484375,,0.55859375,,1828.3038330078125,,0.51953125,,55802.40625,,0.55859375,,1795.46484375,,256.0,,0.5364300608634949,,0.00390625,,,,,,,,,,,,,,
9,126399,,12677.775390625,,0.0053055803291499615,,0.51953125,,12677.775390625,,11269.615234375,,0.59765625,,1609.200439453125,,0.48046875,,10912.5810546875,,0.59765625,,1564.153076171875,,256.0,,0.590069055557251,,0.0,,,,,,,,,,,,,,
9,126449,,45721.1015625,,0.004557743668556213,,0.5078125,,45721.1015625,,43875.8828125,,0.6640625,,1763.4857177734375,,0.4921875,,44039.9765625,,0.6640625,,1762.85546875,,256.0,,0.6415876746177673,,0.00390625,,,,,,,,,,,,,,
9,126499,,18412.68359375,,0.005105312913656235,,0.5234375,,18412.68359375,,16384.955078125,,0.58203125,,1852.45263671875,,0.4765625,,16725.544921875,,0.58203125,,1862.41650390625,,256.0,,0.568415641784668,,0.00390625,,,,,,,,,,,,,,
9,126549,,12054.4365234375,,0.004770585335791111,,0.48046875,,12054.4365234375,,10632.7958984375,,0.4296875,,1547.3350830078125,,0.51953125,,10402.6904296875,,0.43359375,,1526.05126953125,,256.0,,0.4310687780380249,,0.0,,,,,,,,,,,,,,
9,126599,,48740.046875,,0.0045365518890321255,,0.53125,,48740.046875,,47157.47265625,,0.5078125,,1754.5731201171875,,0.46875,,46824.609375,,0.51171875,,1743.437744140625,,256.0,,0.4941902160644531,,0.00390625,,,,,,,,,,,,,,
9,126649,,11092.94921875,,0.004921746905893087,,0.4375,,11092.94921875,,9015.3291015625,,0.5234375,,1714.6734619140625,,0.5625,,9775.669921875,,0.52734375,,1680.2264404296875,,256.0,,0.4960731863975525,,0.01171875,,,,,,,,,,,,,,
9,126699,,53140.78125,,0.004445408936589956,,0.5078125,,53140.78125,,51331.6328125,,0.64453125,,1614.5296630859375,,0.4921875,,51742.6015625,,0.64453125,,1592.80126953125,,256.0,,0.6305311918258667,,0.0078125,,,,,,,,,,,,,,
9,126749,,11054.072265625,,0.00440149987116456,,0.515625,,11054.072265625,,9581.880859375,,0.58984375,,1437.16650390625,,0.484375,,9651.0859375,,0.58984375,,1438.011474609375,,256.0,,0.574224054813385,,0.0,,,,,,,,,,,,,,
9,126799,,54426.44921875,,0.004734966438263655,,0.4765625,,54426.44921875,,52958.9140625,,0.58203125,,2024.885009765625,,0.5234375,,51908.828125,,0.58203125,,1960.27099609375,,256.0,,0.549179196357727,,0.0078125,,,,,,,,,,,,,,
9,126849,,54409.421875,,0.004761242773383856,,0.5,,54409.421875,,52100.4375,,0.65234375,,2282.732421875,,0.5,,52163.71875,,0.65234375,,2271.9482421875,,256.0,,0.6364681720733643,,0.01171875,,,,,,,,,,,,,,
9,126899,,84862.1484375,,0.004832449834793806,,0.48828125,,84862.1484375,,82013.75,,0.52734375,,2080.310546875,,0.51171875,,83586.6328125,,0.53125,,2043.6005859375,,256.0,,0.5059652328491211,,0.00390625,,,,,,,,,,,,,,
9,126949,,12178.8203125,,0.0049002328887581825,,0.546875,,12178.8203125,,11180.26171875,,0.53515625,,1548.35546875,,0.453125,,10119.87890625,,0.53515625,,1509.1436767578125,,256.0,,0.5088202953338623,,0.0,,,,,,,,,,,,,,
9,126999,,11882.615234375,,0.004581565968692303,,0.51953125,,11882.615234375,,10486.7861328125,,0.55078125,,1547.447265625,,0.48046875,,10213.6904296875,,0.55078125,,1517.306640625,,256.0,,0.5305906534194946,,0.0,,,,,,,,,,,,,,
9,127049,,11996.8125,,0.0049104089848697186,,0.4453125,,11996.8125,,10540.431640625,,0.45703125,,1491.2720947265625,,0.5546875,,10506.60546875,,0.458984375,,1455.315185546875,,256.0,,0.44824331998825073,,0.00390625,,,,,,,,,,,,,,
9,127099,,102294.390625,,0.004784716293215752,,0.4921875,,102294.390625,,100576.6015625,,0.5703125,,2061.0791015625,,0.5078125,,99887.7421875,,0.5703125,,2063.355712890625,,256.0,,0.5728024244308472,,0.01171875,,,,,,,,,,,,,,
9,127149,,13203.6640625,,0.00472627580165863,,0.47265625,,13203.6640625,,11557.7353515625,,0.60546875,,1721.607666015625,,0.52734375,,11428.2744140625,,0.60546875,,1699.7119140625,,256.0,,0.5711416602134705,,0.00390625,,,,,,,,,,,,,,
9,127199,,13228.3896484375,,0.005169957876205444,,0.515625,,13228.3896484375,,12445.4853515625,,0.54296875,,1479.5224609375,,0.484375,,11080.0576171875,,0.54296875,,1451.714111328125,,256.0,,0.5367969274520874,,0.0,,,,,,,,,,,,,,
9,127249,,15964.8359375,,0.0047277226112782955,,0.4921875,,15964.8359375,,14055.5849609375,,0.54296875,,1636.345458984375,,0.5078125,,14643.0048828125,,0.54296875,,1594.7371826171875,,256.0,,0.5334885120391846,,0.0,,,,,,,,,,,,,,
9,127299,,58658.91015625,,0.005276812240481377,,0.4765625,,58658.91015625,,56907.1015625,,0.45703125,,1750.19482421875,,0.5234375,,56964.8671875,,0.45703125,,1695.6575927734375,,256.0,,0.4419795870780945,,0.00390625,,,,,,,,,,,,,,
9,127349,,101444.3125,,0.004536384716629982,,0.515625,,101444.3125,,98730.1875,,0.59375,,2059.159912109375,,0.484375,,100064.171875,,0.58984375,,2035.1168212890625,,256.0,,0.5740047693252563,,0.0078125,,,,,,,,,,,,,,
9,127399,,58452.71875,,0.004962310194969177,,0.4921875,,58452.71875,,56562.8984375,,0.5625,,1976.715087890625,,0.5078125,,56419.80859375,,0.5625,,1946.013427734375,,256.0,,0.5310301780700684,,0.0078125,,,,,,,,,,,,,,
9,127449,,60473.078125,,0.0045124865137040615,,0.484375,,60473.078125,,58240.83984375,,0.466796875,,1707.38720703125,,0.515625,,59307.6796875,,0.46484375,,1690.2552490234375,,256.0,,0.4581504464149475,,0.00390625,,,,,,,,,,,,,,
9,127499,,76740.453125,,0.004819167777895927,,0.3984375,,76740.453125,,74965.9375,,0.439453125,,1837.64599609375,,0.6015625,,74859.765625,,0.4375,,1817.5567626953125,,256.0,,0.4201429486274719,,0.0078125,,,,,,,,,,,,,,
9,127549,,12053.880859375,,0.0053513846360147,,0.50390625,,12053.880859375,,11376.57421875,,0.51953125,,1580.287353515625,,0.49609375,,9636.1201171875,,0.5234375,,1514.781494140625,,256.0,,0.5336028337478638,,0.0,,,,,,,,,,,,,,
9,127599,,14063.01953125,,0.004925547633320093,,0.4140625,,14063.01953125,,12282.779296875,,0.54296875,,1834.6947021484375,,0.5859375,,12210.98046875,,0.546875,,1797.583984375,,256.0,,0.5252977609634399,,0.00390625,,,,,,,,,,,,,,
9,127649,,16012.52734375,,0.005111015401780605,,0.5390625,,16012.52734375,,13764.7177734375,,0.51171875,,1876.7197265625,,0.4609375,,14536.93359375,,0.51171875,,1846.682373046875,,256.0,,0.4773210883140564,,0.00390625,,,,,,,,,,,,,,
9,127699,,17473.6875,,0.004472536500543356,,0.453125,,17473.6875,,15610.2607421875,,0.3671875,,1614.9189453125,,0.546875,,16098.169921875,,0.365234375,,1624.0267333984375,,256.0,,0.3433849513530731,,0.00390625,,,,,,,,,,,,,,
9,127749,,10352.0439453125,,0.004748523235321045,,0.48828125,,10352.0439453125,,8800.9443359375,,0.62890625,,1655.352783203125,,0.51171875,,8617.2041015625,,0.6328125,,1630.58740234375,,256.0,,0.6221930384635925,,0.00390625,,,,,,,,,,,,,,
9,127799,,50737.26953125,,0.004506582394242287,,0.4921875,,50737.26953125,,48977.765625,,0.6640625,,1704.054931640625,,0.5078125,,49116.5390625,,0.66796875,,1676.17822265625,,256.0,,0.6271532773971558,,0.00390625,,,,,,,,,,,,,,
9,127849,,93585.5,,0.004811270162463188,,0.46875,,93585.5,,91474.1328125,,0.4609375,,1934.6451416015625,,0.53125,,91840.1015625,,0.458984375,,1922.1177978515625,,256.0,,0.45163434743881226,,0.0078125,,,,,,,,,,,,,,
9,127899,,14798.64453125,,0.005009073298424482,,0.47265625,,14798.64453125,,12636.654296875,,0.578125,,1613.1341552734375,,0.52734375,,13753.0576171875,,0.578125,,1594.444580078125,,256.0,,0.5633283853530884,,0.0,,,,,,,,,,,,,,
9,127949,,58127.7578125,,0.004709658212959766,,0.5390625,,58127.7578125,,56094.6484375,,0.6015625,,2029.8905029296875,,0.4609375,,56112.33984375,,0.60546875,,2018.6341552734375,,256.0,,0.5987077951431274,,0.0078125,,,,,,,,,,,,,,
9,127959,,,,,,,,,,,,,,,,,,,,,,,,,,,,,17941.4453125,0.004860734101384878,0.4998077154159546,17941.4453125,16395.384765625,0.6023076772689819,1583.205322265625,0.5001922845840454,16346.4228515625,0.6022010445594788,1557.861083984375,255.98416137695312,0.5844094753265381,0.0010014981962740421
9,127959,41290.06640625,,0.004847855307161808,,0.49998870491981506,,41290.06640625,,39514.13671875,,0.5688168406486511,,1798.7298583984375,,0.5000112652778625,,39493.4140625,,0.5685474276542664,,1773.8148193359375,,256.0,,0.5497937202453613,,0.0050223213620483875,,,,,,,,,,,,,,,
