epoch,step,train/c4_total_loss_epoch,train/c4_total_loss_step,train/f_online_ghost_alignment_mse_epoch,train/f_online_ghost_alignment_mse_step,train/goal_projection_loss_epoch,train/goal_projection_loss_step,train/goal_task_fraction_epoch,train/goal_task_fraction_step,train/loss_epoch,train/loss_step,train/prediction_mean_epoch,train/prediction_mean_step,train/random_task_fraction_epoch,train/random_task_fraction_step,train/td_pairs_epoch,train/td_pairs_step,train/td_target_mean_epoch,train/td_target_mean_step,train/terminal_fraction_epoch,train/terminal_fraction_step,train/vector_td_loss_epoch,train/vector_td_loss_step,validation/c4_total_loss,validation/f_online_ghost_alignment_mse,validation/goal_projection_loss,validation/goal_task_fraction,validation/loss,validation/prediction_mean,validation/random_task_fraction,validation/td_pairs,validation/td_target_mean,validation/terminal_fraction,validation/vector_td_loss
0,49,,17165.865234375,,0.0046788486652076244,,16965.9765625,,0.46484375,,17165.865234375,,-0.005126953125,,0.53515625,,256.0,,0.0025239004753530025,,0.0078125,,199.88922119140625,,,,,,,,,,,
0,99,,18188.322265625,,0.004781289957463741,,17992.83203125,,0.45703125,,18188.322265625,,-0.0034332275390625,,0.54296875,,256.0,,0.003138463944196701,,0.00390625,,195.48947143554688,,,,,,,,,,,
0,149,,17203.4765625,,0.0049137817695736885,,17007.376953125,,0.49609375,,17203.4765625,,-0.0024566650390625,,0.50390625,,256.0,,0.014457750134170055,,0.01171875,,196.1003875732422,,,,,,,,,,,
0,199,,16239.109375,,0.004541597329080105,,16047.4892578125,,0.49609375,,16239.109375,,-0.000492095947265625,,0.50390625,,256.0,,0.0058850133791565895,,0.0078125,,191.6199951171875,,,,,,,,,,,
0,249,,18089.15234375,,0.004699695855379105,,17896.638671875,,0.42578125,,18089.15234375,,0.00099945068359375,,0.57421875,,256.0,,0.004839259199798107,,0.0,,192.51321411132812,,,,,,,,,,,
0,299,,17345.80078125,,0.005453660152852535,,17154.94921875,,0.47265625,,17345.80078125,,0.0025787353515625,,0.52734375,,256.0,,0.002346883760765195,,0.0078125,,190.85214233398438,,,,,,,,,,,
0,349,,15945.24609375,,0.004849572665989399,,15755.4697265625,,0.4375,,15945.24609375,,0.006317138671875,,0.5625,,256.0,,0.008346499875187874,,0.0078125,,189.7765655517578,,,,,,,,,,,
0,399,,13959.8349609375,,0.00473879836499691,,13775.1513671875,,0.49609375,,13959.8349609375,,0.0078125,,0.50390625,,256.0,,0.00840773805975914,,0.0,,184.6833038330078,,,,,,,,,,,
0,449,,14943.4951171875,,0.004622691310942173,,14754.48828125,,0.5078125,,14943.4951171875,,0.01318359375,,0.4921875,,256.0,,0.01642805151641369,,0.01171875,,189.00729370117188,,,,,,,,,,,
0,499,,11326.771484375,,0.005108570214360952,,11131.01953125,,0.45703125,,11326.771484375,,0.0174560546875,,0.54296875,,256.0,,0.0174051932990551,,0.0078125,,195.75152587890625,,,,,,,,,,,
0,549,,11725.3359375,,0.004768901504576206,,11505.859375,,0.44921875,,11725.3359375,,0.028076171875,,0.55078125,,256.0,,0.015699392184615135,,0.0078125,,219.4761962890625,,,,,,,,,,,
0,599,,10007.189453125,,0.004670967813581228,,9722.19921875,,0.4375,,10007.189453125,,0.03759765625,,0.5625,,256.0,,0.015112791210412979,,0.01171875,,284.9901428222656,,,,,,,,,,,
0,649,,8405.759765625,,0.004597686231136322,,8038.30859375,,0.4609375,,8405.759765625,,0.050537109375,,0.5390625,,256.0,,0.02382141910493374,,0.0,,367.45086669921875,,,,,,,,,,,
0,699,,6835.72509765625,,0.004869253374636173,,6382.42578125,,0.4609375,,6835.72509765625,,0.07177734375,,0.5390625,,256.0,,0.031971320509910583,,0.00390625,,453.29931640625,,,,,,,,,,,
0,749,,5700.0009765625,,0.004926656372845173,,5232.39697265625,,0.59375,,5700.0009765625,,0.07275390625,,0.40625,,256.0,,0.03398042172193527,,0.0078125,,467.60418701171875,,,,,,,,,,,
0,799,,4839.91357421875,,0.004544622264802456,,4369.88037109375,,0.515625,,4839.91357421875,,0.06884765625,,0.484375,,256.0,,0.03743991255760193,,0.0,,470.0334167480469,,,,,,,,,,,
0,849,,5391.779296875,,0.004977788310497999,,4923.76806640625,,0.5390625,,5391.779296875,,0.076171875,,0.4609375,,256.0,,0.05159411579370499,,0.00390625,,468.01123046875,,,,,,,,,,,
0,899,,3586.04296875,,0.00509136077016592,,3178.05419921875,,0.44921875,,3586.04296875,,0.08544921875,,0.55078125,,256.0,,0.051505886018276215,,0.01171875,,407.9888000488281,,,,,,,,,,,
0,949,,3092.22998046875,,0.004919971339404583,,2725.9765625,,0.54296875,,3092.22998046875,,0.09228515625,,0.45703125,,256.0,,0.0593273863196373,,0.00390625,,366.25335693359375,,,,,,,,,,,
0,999,,2931.699951171875,,0.004708897788077593,,2587.733154296875,,0.48828125,,2931.699951171875,,0.1015625,,0.51171875,,256.0,,0.07974448800086975,,0.0078125,,343.9667663574219,,,,,,,,,,,
0,1049,,2285.59716796875,,0.004743844270706177,,1993.4154052734375,,0.50390625,,2285.59716796875,,0.126953125,,0.49609375,,256.0,,0.07901893556118011,,0.0,,292.1817626953125,,,,,,,,,,,
0,1099,,3324.976806640625,,0.004618546925485134,,3027.5,,0.48046875,,3324.976806640625,,0.1357421875,,0.51953125,,256.0,,0.09207937121391296,,0.01171875,,297.4767150878906,,,,,,,,,,,
0,1149,,3047.54248046875,,0.005171181168407202,,2747.7060546875,,0.5,,3047.54248046875,,0.169921875,,0.5,,256.0,,0.12685708701610565,,0.01171875,,299.83642578125,,,,,,,,,,,
0,1199,,3030.552001953125,,0.0050021326169371605,,2741.70263671875,,0.49609375,,3030.552001953125,,0.1904296875,,0.50390625,,256.0,,0.12556730210781097,,0.0,,288.8493347167969,,,,,,,,,,,
0,1249,,2134.18408203125,,0.004395435564219952,,1844.7388916015625,,0.48046875,,2134.18408203125,,0.1953125,,0.51953125,,256.0,,0.12120883911848068,,0.0,,289.44525146484375,,,,,,,,,,,
0,1299,,3168.710205078125,,0.004688045009970665,,2855.352783203125,,0.51953125,,3168.710205078125,,0.16796875,,0.48046875,,256.0,,0.1289164125919342,,0.0078125,,313.357421875,,,,,,,,,,,
0,1349,,4882.94482421875,,0.004829094745218754,,4556.15283203125,,0.49609375,,4882.94482421875,,0.212890625,,0.50390625,,256.0,,0.13797321915626526,,0.00390625,,326.79193115234375,,,,,,,,,,,
0,1399,,3853.5537109375,,0.004737549927085638,,3536.541748046875,,0.52734375,,3853.5537109375,,0.2177734375,,0.47265625,,256.0,,0.16491250693798065,,0.00390625,,317.0119323730469,,,,,,,,,,,
0,1449,,3118.166015625,,0.00457645021378994,,2800.3388671875,,0.4921875,,3118.166015625,,0.166015625,,0.5078125,,256.0,,0.1481269896030426,,0.0,,317.82708740234375,,,,,,,,,,,
0,1499,,2881.493896484375,,0.004284536466002464,,2552.2529296875,,0.53125,,2881.493896484375,,0.236328125,,0.46875,,256.0,,0.15845626592636108,,0.0,,329.2408752441406,,,,,,,,,,,
0,1549,,3316.29443359375,,0.004876207560300827,,2922.5244140625,,0.4921875,,3316.29443359375,,0.2333984375,,0.5078125,,256.0,,0.18499808013439178,,0.0,,393.7698974609375,,,,,,,,,,,
0,1599,,3411.87841796875,,0.004805746953934431,,3011.167724609375,,0.49609375,,3411.87841796875,,0.2177734375,,0.50390625,,256.0,,0.1820530742406845,,0.0078125,,400.7106628417969,,,,,,,,,,,
0,1649,,5148.3642578125,,0.004871813580393791,,4705.63623046875,,0.5625,,5148.3642578125,,0.25390625,,0.4375,,256.0,,0.2118573635816574,,0.0078125,,442.727783203125,,,,,,,,,,,
0,1699,,4141.84326171875,,0.004641575273126364,,3720.811279296875,,0.51953125,,4141.84326171875,,0.259765625,,0.48046875,,256.0,,0.23321311175823212,,0.00390625,,421.03192138671875,,,,,,,,,,,
0,1749,,7553.3955078125,,0.004697798751294613,,7074.47802734375,,0.4921875,,7553.3955078125,,0.30078125,,0.5078125,,256.0,,0.24027514457702637,,0.0078125,,478.917236328125,,,,,,,,,,,
0,1799,,4467.33251953125,,0.0046258894726634026,,4000.36376953125,,0.45703125,,4467.33251953125,,0.3125,,0.54296875,,256.0,,0.24533359706401825,,0.00390625,,466.96881103515625,,,,,,,,,,,
0,1849,,5101.013671875,,0.0049680802039802074,,4593.544921875,,0.51953125,,5101.013671875,,0.326171875,,0.48046875,,256.0,,0.25004053115844727,,0.0,,507.4689636230469,,,,,,,,,,,
0,1899,,6082.58935546875,,0.004714048467576504,,5513.662109375,,0.51171875,,6082.58935546875,,0.322265625,,0.48828125,,256.0,,0.26867640018463135,,0.0078125,,568.9271240234375,,,,,,,,,,,
0,1949,,4731.40576171875,,0.004942021332681179,,4150.94677734375,,0.46484375,,4731.40576171875,,0.341796875,,0.53515625,,256.0,,0.2887217700481415,,0.00390625,,580.4588623046875,,,,,,,,,,,
0,1999,,6448.49462890625,,0.004833653569221497,,5913.703125,,0.48828125,,6448.49462890625,,0.37109375,,0.51171875,,256.0,,0.3102361857891083,,0.0,,534.7913208007812,,,,,,,,,,,
0,2049,,9992.6015625,,0.004948830232024193,,9359.017578125,,0.50390625,,9992.6015625,,0.359375,,0.49609375,,256.0,,0.2810409963130951,,0.00390625,,633.58447265625,,,,,,,,,,,
0,2099,,6198.076171875,,0.004843405447900295,,5586.2509765625,,0.47265625,,6198.076171875,,0.40234375,,0.52734375,,256.0,,0.3186749517917633,,0.0,,611.824951171875,,,,,,,,,,,
0,2149,,3992.00830078125,,0.004908932372927666,,3373.9541015625,,0.49609375,,3992.00830078125,,0.376953125,,0.50390625,,256.0,,0.3428785502910614,,0.0,,618.0540771484375,,,,,,,,,,,
0,2199,,5131.8212890625,,0.004965560510754585,,4518.39013671875,,0.48046875,,5131.8212890625,,0.451171875,,0.51953125,,256.0,,0.3748447895050049,,0.0,,613.431396484375,,,,,,,,,,,
0,2249,,10747.4248046875,,0.00519994180649519,,9981.8544921875,,0.46875,,10747.4248046875,,0.404296875,,0.53125,,256.0,,0.3788571059703827,,0.0078125,,765.5704345703125,,,,,,,,,,,
0,2299,,4922.71435546875,,0.004746021702885628,,4271.19287109375,,0.47265625,,4922.71435546875,,0.396484375,,0.52734375,,256.0,,0.3496858775615692,,0.0,,651.5214233398438,,,,,,,,,,,
0,2349,,5368.365234375,,0.00450802780687809,,4598.22314453125,,0.51171875,,5368.365234375,,0.44140625,,0.48828125,,256.0,,0.34754741191864014,,0.00390625,,770.14208984375,,,,,,,,,,,
0,2399,,7286.76611328125,,0.004890670068562031,,6433.2587890625,,0.51171875,,7286.76611328125,,0.478515625,,0.48828125,,256.0,,0.39476048946380615,,0.0,,853.5074462890625,,,,,,,,,,,
0,2449,,12506.7041015625,,0.00476473942399025,,11606.896484375,,0.484375,,12506.7041015625,,0.46875,,0.515625,,256.0,,0.42177826166152954,,0.01171875,,899.8076171875,,,,,,,,,,,
0,2499,,21869.2890625,,0.004725513979792595,,20791.58984375,,0.44921875,,21869.2890625,,0.484375,,0.55078125,,256.0,,0.4346650242805481,,0.01171875,,1077.6983642578125,,,,,,,,,,,
0,2549,,28346.755859375,,0.0046008797362446785,,27198.326171875,,0.5078125,,28346.755859375,,0.466796875,,0.4921875,,256.0,,0.39385873079299927,,0.01171875,,1148.4290771484375,,,,,,,,,,,
0,2599,,34991.01953125,,0.004948238842189312,,33710.86328125,,0.52734375,,34991.01953125,,0.53125,,0.47265625,,256.0,,0.45240291953086853,,0.01171875,,1280.157470703125,,,,,,,,,,,
0,2649,,8667.09375,,0.004709085449576378,,7743.35693359375,,0.5,,8667.09375,,0.54296875,,0.5,,256.0,,0.45343464612960815,,0.0,,923.736572265625,,,,,,,,,,,
0,2699,,16357.8466796875,,0.00523187592625618,,15294.287109375,,0.4609375,,16357.8466796875,,0.5625,,0.5390625,,256.0,,0.46363410353660583,,0.00390625,,1063.5595703125,,,,,,,,,,,
0,2749,,18715.744140625,,0.004767900332808495,,17607.2421875,,0.5,,18715.744140625,,0.5390625,,0.5,,256.0,,0.43547117710113525,,0.00390625,,1108.5010986328125,,,,,,,,,,,
0,2799,,7859.869140625,,0.004769624210894108,,6874.97119140625,,0.49609375,,7859.869140625,,0.64453125,,0.50390625,,256.0,,0.5108986496925354,,0.00390625,,984.8980712890625,,,,,,,,,,,
0,2849,,7378.056640625,,0.004816137719899416,,6373.85986328125,,0.51953125,,7378.056640625,,0.48046875,,0.48046875,,256.0,,0.48089736700057983,,0.00390625,,1004.1968994140625,,,,,,,,,,,
0,2899,,9485.8720703125,,0.005019846837967634,,8367.7412109375,,0.49609375,,9485.8720703125,,0.640625,,0.50390625,,256.0,,0.5363001823425293,,0.00390625,,1118.130615234375,,,,,,,,,,,
0,2949,,29025.275390625,,0.004755228757858276,,27688.951171875,,0.5,,29025.275390625,,0.60546875,,0.5,,256.0,,0.4894101321697235,,0.0078125,,1336.32421875,,,,,,,,,,,
0,2999,,9434.982421875,,0.004587296396493912,,8272.2216796875,,0.54296875,,9434.982421875,,0.57421875,,0.45703125,,256.0,,0.5131648778915405,,0.0,,1162.760986328125,,,,,,,,,,,
0,3049,,23603.208984375,,0.005197709426283836,,22188.10546875,,0.48046875,,23603.208984375,,0.55078125,,0.51953125,,256.0,,0.5324708819389343,,0.00390625,,1415.10400390625,,,,,,,,,,,
0,3099,,10697.1806640625,,0.005122092552483082,,9357.41796875,,0.484375,,10697.1806640625,,0.62109375,,0.515625,,256.0,,0.558120608329773,,0.0078125,,1339.762939453125,,,,,,,,,,,
0,3149,,21790.013671875,,0.005366162396967411,,20568.01953125,,0.515625,,21790.013671875,,0.63671875,,0.484375,,256.0,,0.5722718834877014,,0.0078125,,1221.9945068359375,,,,,,,,,,,
0,3199,,12226.970703125,,0.006550525315105915,,10882.310546875,,0.51171875,,12226.970703125,,0.71875,,0.48828125,,256.0,,0.5564596056938171,,0.00390625,,1344.6597900390625,,,,,,,,,,,
0,3249,,40642.4765625,,0.004767121747136116,,39015.72265625,,0.515625,,40642.4765625,,0.625,,0.484375,,256.0,,0.5365175008773804,,0.015625,,1626.7528076171875,,,,,,,,,,,
0,3299,,25619.91796875,,0.004762636031955481,,24114.404296875,,0.5546875,,25619.91796875,,0.703125,,0.4453125,,256.0,,0.66779625415802,,0.00390625,,1505.5140380859375,,,,,,,,,,,
0,3349,,9381.69921875,,0.005001829005777836,,8007.55908203125,,0.484375,,9381.69921875,,0.66796875,,0.515625,,256.0,,0.5733965039253235,,0.00390625,,1374.14013671875,,,,,,,,,,,
0,3399,,29459.783203125,,0.004976986907422543,,27966.173828125,,0.47265625,,29459.783203125,,0.765625,,0.52734375,,256.0,,0.730337381362915,,0.0078125,,1493.6092529296875,,,,,,,,,,,
0,3449,,7968.591796875,,0.004428412765264511,,6819.62548828125,,0.5078125,,7968.591796875,,0.77734375,,0.4921875,,256.0,,0.6654052734375,,0.0,,1148.966064453125,,,,,,,,,,,
0,3499,,10403.84375,,0.0051093022339046,,9140.84375,,0.47265625,,10403.84375,,0.66796875,,0.52734375,,256.0,,0.6185595393180847,,0.0,,1262.9998779296875,,,,,,,,,,,
0,3549,,11727.06640625,,0.004624772351235151,,10167.505859375,,0.49609375,,11727.06640625,,0.75390625,,0.50390625,,256.0,,0.666780948638916,,0.0078125,,1559.560302734375,,,,,,,,,,,
0,3599,,36288.15625,,0.004581980407238007,,34558.5078125,,0.4375,,36288.15625,,0.80859375,,0.5625,,256.0,,0.7327966690063477,,0.00390625,,1729.6490478515625,,,,,,,,,,,
0,3649,,8431.8828125,,0.0046223849058151245,,6879.5087890625,,0.5078125,,8431.8828125,,0.7890625,,0.4921875,,256.0,,0.7413663864135742,,0.0,,1552.37451171875,,,,,,,,,,,
0,3699,,10867.90234375,,0.005129425786435604,,9414.962890625,,0.4765625,,10867.90234375,,0.69140625,,0.5234375,,256.0,,0.6483128070831299,,0.00390625,,1452.939453125,,,,,,,,,,,
0,3749,,10639.912109375,,0.004803631454706192,,8968.2783203125,,0.51953125,,10639.912109375,,0.796875,,0.48046875,,256.0,,0.7486187815666199,,0.0,,1671.6337890625,,,,,,,,,,,
0,3799,,12253.0576171875,,0.004679340869188309,,10572.369140625,,0.4921875,,12253.0576171875,,0.8125,,0.5078125,,256.0,,0.726405143737793,,0.0,,1680.6881103515625,,,,,,,,,,,
0,3849,,12152.119140625,,0.00448621017858386,,10539.41015625,,0.47265625,,12152.119140625,,0.8203125,,0.52734375,,256.0,,0.707137942314148,,0.0,,1612.70947265625,,,,,,,,,,,
0,3899,,9271.013671875,,0.00472613051533699,,7741.71630859375,,0.49609375,,9271.013671875,,0.78125,,0.50390625,,256.0,,0.7298275828361511,,0.00390625,,1529.2977294921875,,,,,,,,,,,
0,3949,,9381.1298828125,,0.004424222279340029,,7800.29541015625,,0.46484375,,9381.1298828125,,0.86328125,,0.53515625,,256.0,,0.8013204336166382,,0.0,,1580.8345947265625,,,,,,,,,,,
0,3999,,24466.3984375,,0.004794334527105093,,22672.890625,,0.53125,,24466.3984375,,0.796875,,0.46875,,256.0,,0.7191259264945984,,0.00390625,,1793.5068359375,,,,,,,,,,,
0,4049,,11081.2822265625,,0.00454437592998147,,9408.2265625,,0.45703125,,11081.2822265625,,0.78125,,0.54296875,,256.0,,0.73973548412323,,0.0,,1673.0556640625,,,,,,,,,,,
0,4099,,11283.419921875,,0.004915875382721424,,9508.6171875,,0.54296875,,11283.419921875,,0.88671875,,0.45703125,,256.0,,0.8671283721923828,,0.0,,1774.80322265625,,,,,,,,,,,
0,4149,,11409.779296875,,0.004704772960394621,,9644.1259765625,,0.48828125,,11409.779296875,,0.85546875,,0.51171875,,256.0,,0.7801217436790466,,0.0,,1765.6529541015625,,,,,,,,,,,
0,4199,,29148.095703125,,0.004432296380400658,,27273.3046875,,0.484375,,29148.095703125,,0.8125,,0.515625,,256.0,,0.7852334380149841,,0.0078125,,1874.790283203125,,,,,,,,,,,
0,4249,,11939.75,,0.004907828755676746,,10175.5458984375,,0.48828125,,11939.75,,0.85546875,,0.51171875,,256.0,,0.774144172668457,,0.0,,1764.20361328125,,,,,,,,,,,
0,4299,,10144.1171875,,0.00829310342669487,,8466.8876953125,,0.49609375,,10144.1171875,,0.83984375,,0.50390625,,256.0,,0.7951931357383728,,0.0,,1677.22998046875,,,,,,,,,,,
0,4349,,13869.63671875,,0.004748467355966568,,11650.89453125,,0.48828125,,13869.63671875,,0.9921875,,0.51171875,,256.0,,0.8764821887016296,,0.01953125,,2218.7421875,,,,,,,,,,,
0,4399,,8225.5869140625,,0.004729759879410267,,6534.17138671875,,0.515625,,8225.5869140625,,0.8828125,,0.484375,,256.0,,0.8513059616088867,,0.0,,1691.41552734375,,,,,,,,,,,
0,4449,,13172.7890625,,0.004633673932403326,,11457.08984375,,0.48046875,,13172.7890625,,0.7890625,,0.51953125,,256.0,,0.7818238735198975,,0.00390625,,1715.69970703125,,,,,,,,,,,
0,4499,,39490.05859375,,0.004682769998908043,,37269.33203125,,0.51953125,,39490.05859375,,0.9375,,0.48046875,,256.0,,0.8230960369110107,,0.00390625,,2220.7255859375,,,,,,,,,,,
0,4549,,9676.2890625,,0.0049187541007995605,,7880.5146484375,,0.55859375,,9676.2890625,,0.9609375,,0.44140625,,256.0,,0.8808540105819702,,0.0,,1795.7745361328125,,,,,,,,,,,
0,4599,,12759.001953125,,0.004621808882802725,,10922.0625,,0.52734375,,12759.001953125,,0.9296875,,0.47265625,,256.0,,0.8772419691085815,,0.0,,1836.939208984375,,,,,,,,,,,
0,4649,,10430.1982421875,,0.004735960625112057,,8731.5078125,,0.49609375,,10430.1982421875,,1.0078125,,0.50390625,,256.0,,0.8871608972549438,,0.0,,1698.690673828125,,,,,,,,,,,
0,4699,,37790.90625,,0.004814038053154945,,35606.68359375,,0.5078125,,37790.90625,,1.0,,0.4921875,,256.0,,0.8821792602539062,,0.00390625,,2184.22265625,,,,,,,,,,,
0,4749,,11341.177734375,,0.005254240240901709,,9287.87890625,,0.55078125,,11341.177734375,,0.94921875,,0.44921875,,256.0,,0.9557191729545593,,0.0,,2053.298828125,,,,,,,,,,,
0,4799,,13647.8525390625,,0.004700202029198408,,11475.38671875,,0.51953125,,13647.8525390625,,1.0546875,,0.48046875,,256.0,,0.9479126334190369,,0.0,,2172.4658203125,,,,,,,,,,,
0,4849,,11704.150390625,,0.005040711723268032,,9899.4462890625,,0.52734375,,11704.150390625,,1.0234375,,0.47265625,,256.0,,0.9319645166397095,,0.0,,1804.704345703125,,,,,,,,,,,
0,4899,,15428.90625,,0.004936983343213797,,13442.25,,0.51953125,,15428.90625,,1.1015625,,0.48046875,,256.0,,0.999516487121582,,0.0,,1986.65673828125,,,,,,,,,,,
0,4949,,55473.65625,,0.004520814400166273,,53014.640625,,0.546875,,55473.65625,,1.03125,,0.453125,,256.0,,0.8797795176506042,,0.0078125,,2459.0166015625,,,,,,,,,,,
0,4999,,13202.541015625,,0.004800133872777224,,11141.6064453125,,0.5078125,,13202.541015625,,1.0078125,,0.4921875,,256.0,,0.9069392085075378,,0.00390625,,2060.93505859375,,,,,,,,,,,
0,5049,,35628.796875,,0.005249839276075363,,33120.4765625,,0.4609375,,35628.796875,,1.1015625,,0.5390625,,256.0,,0.9939169883728027,,0.00390625,,2508.319091796875,,,,,,,,,,,
0,5099,,14978.8798828125,,0.00453478517010808,,12582.5966796875,,0.51171875,,14978.8798828125,,0.9921875,,0.48828125,,256.0,,0.9403077960014343,,0.0,,2396.282958984375,,,,,,,,,,,
0,5149,,39390.2578125,,0.004955919925123453,,37149.82421875,,0.49609375,,39390.2578125,,1.0703125,,0.50390625,,256.0,,1.0297833681106567,,0.00390625,,2240.43505859375,,,,,,,,,,,
0,5199,,36401.12890625,,0.0046784053556621075,,33965.8046875,,0.44921875,,36401.12890625,,0.9921875,,0.55078125,,256.0,,0.8950344324111938,,0.0078125,,2435.3251953125,,,,,,,,,,,
0,5249,,32710.349609375,,0.005011516623198986,,30181.109375,,0.54296875,,32710.349609375,,1.0703125,,0.45703125,,256.0,,0.9732025861740112,,0.01171875,,2529.240234375,,,,,,,,,,,
0,5299,,68000.40625,,0.005091734696179628,,65211.0078125,,0.50390625,,68000.40625,,0.92578125,,0.49609375,,256.0,,0.8706409931182861,,0.0078125,,2789.3994140625,,,,,,,,,,,
0,5349,,12204.50390625,,0.004863257519900799,,9995.0087890625,,0.46875,,12204.50390625,,1.0234375,,0.53125,,256.0,,0.9673537015914917,,0.0,,2209.49560546875,,,,,,,,,,,
0,5399,,17738.623046875,,0.0049992334097623825,,15651.5947265625,,0.48828125,,17738.623046875,,1.0078125,,0.51171875,,256.0,,0.9712752103805542,,0.00390625,,2087.029052734375,,,,,,,,,,,
0,5449,,30694.607421875,,0.004848634358495474,,28139.84765625,,0.4921875,,30694.607421875,,1.0859375,,0.5078125,,256.0,,1.0131019353866577,,0.00390625,,2554.75927734375,,,,,,,,,,,
0,5499,,13003.25,,0.004504102282226086,,10923.2744140625,,0.53515625,,13003.25,,1.046875,,0.46484375,,256.0,,1.0338845252990723,,0.0,,2079.97607421875,,,,,,,,,,,
0,5549,,15777.3125,,0.0047108386643230915,,13730.0400390625,,0.46875,,15777.3125,,0.984375,,0.53125,,256.0,,0.9998139142990112,,0.00390625,,2047.2724609375,,,,,,,,,,,
0,5599,,13300.5576171875,,0.007074790075421333,,10991.2109375,,0.47265625,,13300.5576171875,,1.0546875,,0.52734375,,256.0,,0.9897058010101318,,0.0078125,,2309.3466796875,,,,,,,,,,,
0,5649,,34986.046875,,0.004771029110997915,,32411.3828125,,0.54296875,,34986.046875,,1.015625,,0.45703125,,256.0,,0.9715802073478699,,0.00390625,,2574.666015625,,,,,,,,,,,
0,5699,,14307.966796875,,0.00481770932674408,,11860.9287109375,,0.5078125,,14307.966796875,,1.046875,,0.4921875,,256.0,,0.9956992864608765,,0.0,,2447.0380859375,,,,,,,,,,,
0,5749,,41067.5703125,,0.004700504243373871,,38568.33203125,,0.49609375,,41067.5703125,,1.0703125,,0.50390625,,256.0,,0.9755479097366333,,0.00390625,,2499.240234375,,,,,,,,,,,
0,5799,,79561.6953125,,0.004944125190377235,,76850.4453125,,0.50390625,,79561.6953125,,1.046875,,0.49609375,,256.0,,0.9917745590209961,,0.01171875,,2711.24658203125,,,,,,,,,,,
0,5849,,17208.66015625,,0.004788022488355637,,14643.30078125,,0.49609375,,17208.66015625,,1.1875,,0.50390625,,256.0,,1.1240394115447998,,0.00390625,,2565.359375,,,,,,,,,,,
0,5899,,11037.25,,0.00496155209839344,,8755.0341796875,,0.546875,,11037.25,,1.0234375,,0.453125,,256.0,,0.9705370664596558,,0.00390625,,2282.21630859375,,,,,,,,,,,
0,5949,,36136.609375,,0.004799884743988514,,33544.73828125,,0.53515625,,36136.609375,,1.171875,,0.46484375,,256.0,,1.1129584312438965,,0.00390625,,2591.871826171875,,,,,,,,,,,
0,5999,,14577.462890625,,0.004830034915357828,,12383.6611328125,,0.484375,,14577.462890625,,1.1640625,,0.515625,,256.0,,1.0429996252059937,,0.0,,2193.80224609375,,,,,,,,,,,
0,6049,,11883.095703125,,0.004605765920132399,,9889.7822265625,,0.5078125,,11883.095703125,,1.0546875,,0.4921875,,256.0,,1.0015437602996826,,0.0,,1993.3131103515625,,,,,,,,,,,
0,6099,,10251.0390625,,0.0043874699622392654,,8065.86083984375,,0.51171875,,10251.0390625,,1.25,,0.48828125,,256.0,,1.1121352910995483,,0.0,,2185.17822265625,,,,,,,,,,,
0,6149,,11584.0283203125,,0.00475597707554698,,9048.349609375,,0.5,,11584.0283203125,,1.140625,,0.5,,256.0,,1.086679220199585,,0.0078125,,2535.6787109375,,,,,,,,,,,
0,6199,,136647.28125,,0.004646203014999628,,133121.015625,,0.46484375,,136647.28125,,1.1796875,,0.53515625,,256.0,,1.1127725839614868,,0.01171875,,3526.2607421875,,,,,,,,,,,
0,6249,,48889.6640625,,0.0048288097605109215,,45883.72265625,,0.46484375,,48889.6640625,,0.984375,,0.53515625,,256.0,,1.0378217697143555,,0.015625,,3005.939697265625,,,,,,,,,,,
0,6299,,79145.46875,,0.004822428338229656,,76338.7421875,,0.5234375,,79145.46875,,1.03125,,0.4765625,,256.0,,0.9292725324630737,,0.015625,,2806.726806640625,,,,,,,,,,,
0,6349,,13754.7451171875,,0.0048757451586425304,,11423.5302734375,,0.48046875,,13754.7451171875,,1.140625,,0.51953125,,256.0,,1.072967529296875,,0.0,,2331.214599609375,,,,,,,,,,,
0,6399,,15926.1513671875,,0.0049842000007629395,,13423.435546875,,0.5,,15926.1513671875,,1.1015625,,0.5,,256.0,,1.1130262613296509,,0.00390625,,2502.7158203125,,,,,,,,,,,
0,6449,,16763.115234375,,0.004522308707237244,,14401.013671875,,0.49609375,,16763.115234375,,1.1953125,,0.50390625,,256.0,,1.106869101524353,,0.00390625,,2362.10205078125,,,,,,,,,,,
0,6499,,14121.1044921875,,0.004908256698399782,,11896.767578125,,0.51953125,,14121.1044921875,,1.0390625,,0.48046875,,256.0,,1.0040123462677002,,0.00390625,,2224.337158203125,,,,,,,,,,,
0,6549,,13550.4560546875,,0.004666672088205814,,11236.6953125,,0.546875,,13550.4560546875,,1.1796875,,0.453125,,256.0,,1.1226506233215332,,0.0,,2313.760498046875,,,,,,,,,,,
0,6599,,117004.2265625,,0.004518686793744564,,113566.5078125,,0.46484375,,117004.2265625,,1.2109375,,0.53515625,,256.0,,1.1181039810180664,,0.01171875,,3437.71875,,,,,,,,,,,
0,6649,,11969.35546875,,0.004889956675469875,,9374.0009765625,,0.53515625,,11969.35546875,,1.1484375,,0.46484375,,256.0,,1.1501230001449585,,0.0078125,,2595.35498046875,,,,,,,,,,,
0,6699,,15666.84765625,,0.004517294466495514,,13666.9814453125,,0.50390625,,15666.84765625,,1.1796875,,0.49609375,,256.0,,1.0952134132385254,,0.0,,1999.866455078125,,,,,,,,,,,
0,6749,,14158.486328125,,0.004695951472967863,,12166.2685546875,,0.52734375,,14158.486328125,,1.1640625,,0.47265625,,256.0,,1.1730109453201294,,0.0,,1992.217529296875,,,,,,,,,,,
0,6799,,45539.3671875,,0.0046172733418643475,,42975.41015625,,0.46484375,,45539.3671875,,1.1484375,,0.53515625,,256.0,,1.1488488912582397,,0.0078125,,2563.95556640625,,,,,,,,,,,
0,6849,,16080.158203125,,0.005129526369273663,,13594.501953125,,0.51171875,,16080.158203125,,1.2421875,,0.48828125,,256.0,,1.1915079355239868,,0.0,,2485.65576171875,,,,,,,,,,,
0,6899,,37351.02734375,,0.0046981764025986195,,34784.765625,,0.515625,,37351.02734375,,1.25,,0.484375,,256.0,,1.163978934288025,,0.00390625,,2566.2626953125,,,,,,,,,,,
0,6949,,65056.21875,,0.004528789781033993,,61765.515625,,0.58203125,,65056.21875,,1.171875,,0.41796875,,256.0,,1.0507394075393677,,0.01171875,,3290.703125,,,,,,,,,,,
0,6999,,16303.107421875,,0.004683312959969044,,13974.56640625,,0.51171875,,16303.107421875,,1.2265625,,0.48828125,,256.0,,1.177807331085205,,0.0,,2328.541015625,,,,,,,,,,,
0,7049,,40662.75390625,,0.00455210916697979,,37904.40625,,0.5234375,,40662.75390625,,1.1796875,,0.4765625,,256.0,,1.2206292152404785,,0.0078125,,2758.3466796875,,,,,,,,,,,
0,7099,,59530.171875,,0.004966177977621555,,56793.3984375,,0.46484375,,59530.171875,,1.0859375,,0.53515625,,256.0,,1.072183609008789,,0.00390625,,2736.77392578125,,,,,,,,,,,
0,7149,,57074.53125,,0.005233248230069876,,54246.15625,,0.46875,,57074.53125,,1.28125,,0.53125,,256.0,,1.1174482107162476,,0.01171875,,2828.373779296875,,,,,,,,,,,
0,7199,,17949.267578125,,0.0055250017903745174,,15415.5458984375,,0.51953125,,17949.267578125,,1.2890625,,0.48046875,,256.0,,1.2321866750717163,,0.0,,2533.72119140625,,,,,,,,,,,
0,7249,,15699.109375,,0.004728700965642929,,13401.85546875,,0.5703125,,15699.109375,,1.2734375,,0.4296875,,256.0,,1.2284477949142456,,0.0,,2297.25341796875,,,,,,,,,,,
0,7299,,14975.0166015625,,0.004920441657304764,,12406.771484375,,0.48828125,,14975.0166015625,,1.2734375,,0.51171875,,256.0,,1.1638288497924805,,0.00390625,,2568.2451171875,,,,,,,,,,,
0,7349,,14957.3876953125,,0.004800521302968264,,12670.0029296875,,0.4375,,14957.3876953125,,1.1796875,,0.5625,,256.0,,1.1842279434204102,,0.00390625,,2287.384765625,,,,,,,,,,,
0,7399,,56786.48046875,,0.0049714576452970505,,53573.3203125,,0.48046875,,56786.48046875,,1.1640625,,0.51953125,,256.0,,1.1035404205322266,,0.01171875,,3213.16064453125,,,,,,,,,,,
0,7449,,11341.037109375,,0.005022671073675156,,8866.99609375,,0.5,,11341.037109375,,1.234375,,0.5,,256.0,,1.1434953212738037,,0.0,,2474.041015625,,,,,,,,,,,
0,7499,,57872.4609375,,0.0050939228385686874,,54777.859375,,0.46875,,57872.4609375,,1.2578125,,0.53125,,256.0,,1.1679449081420898,,0.00390625,,3094.600830078125,,,,,,,,,,,
0,7549,,17677.34765625,,0.004702078644186258,,15276.775390625,,0.5,,17677.34765625,,1.1640625,,0.5,,256.0,,1.1171115636825562,,0.0,,2400.5732421875,,,,,,,,,,,
0,7599,,12112.0126953125,,0.0047513023018836975,,9890.7470703125,,0.53125,,12112.0126953125,,1.0625,,0.46875,,256.0,,1.0372822284698486,,0.00390625,,2221.265625,,,,,,,,,,,
0,7649,,96960.3515625,,0.004943776410073042,,94009.7109375,,0.48046875,,96960.3515625,,1.1015625,,0.51953125,,256.0,,1.104102611541748,,0.01171875,,2950.641845703125,,,,,,,,,,,
0,7699,,14265.7294921875,,0.0050237467512488365,,11630.1845703125,,0.58203125,,14265.7294921875,,1.25,,0.41796875,,256.0,,1.2357219457626343,,0.0,,2635.544921875,,,,,,,,,,,
0,7749,,11891.0625,,0.004905497655272484,,9568.072265625,,0.515625,,11891.0625,,1.1875,,0.484375,,256.0,,1.1823800802230835,,0.0,,2322.989990234375,,,,,,,,,,,
0,7799,,48838.9609375,,0.004622298292815685,,46187.40234375,,0.44921875,,48838.9609375,,1.2421875,,0.55078125,,256.0,,1.201639175415039,,0.00390625,,2651.556884765625,,,,,,,,,,,
0,7849,,55085.04296875,,0.0048400238156318665,,52200.46484375,,0.4296875,,55085.04296875,,1.2890625,,0.5703125,,256.0,,1.2304900884628296,,0.0078125,,2884.576904296875,,,,,,,,,,,
0,7899,,11265.1337890625,,0.004723950754851103,,9059.40625,,0.51171875,,11265.1337890625,,1.15625,,0.48828125,,256.0,,1.1038895845413208,,0.0,,2205.7275390625,,,,,,,,,,,
0,7949,,16104.958984375,,0.004692780785262585,,13652.439453125,,0.4921875,,16104.958984375,,1.234375,,0.5078125,,256.0,,1.147625207901001,,0.0,,2452.51904296875,,,,,,,,,,,
0,7999,,15268.443359375,,0.004609053488820791,,12516.177734375,,0.46484375,,15268.443359375,,1.265625,,0.53515625,,256.0,,1.1925911903381348,,0.0078125,,2752.26611328125,,,,,,,,,,,
0,8049,,12780.759765625,,0.004604393616318703,,10428.966796875,,0.52734375,,12780.759765625,,1.390625,,0.47265625,,256.0,,1.305838704109192,,0.0,,2351.793212890625,,,,,,,,,,,
0,8099,,59596.015625,,0.004479536786675453,,56315.6875,,0.53515625,,59596.015625,,1.2265625,,0.46484375,,256.0,,1.167040228843689,,0.01171875,,3280.3271484375,,,,,,,,,,,
0,8149,,14100.76953125,,0.00494435615837574,,11733.4140625,,0.50390625,,14100.76953125,,1.1015625,,0.49609375,,256.0,,1.1258442401885986,,0.00390625,,2367.35546875,,,,,,,,,,,
0,8199,,47315.984375,,0.00489862821996212,,44602.23828125,,0.53515625,,47315.984375,,1.3359375,,0.46484375,,256.0,,1.2976293563842773,,0.00390625,,2713.747802734375,,,,,,,,,,,
0,8249,,63750.50390625,,0.0047263107262551785,,59927.8125,,0.4375,,63750.50390625,,1.203125,,0.5625,,256.0,,1.1611281633377075,,0.01953125,,3822.692626953125,,,,,,,,,,,
0,8299,,48577.62890625,,0.004755176138132811,,45982.69140625,,0.57421875,,48577.62890625,,1.125,,0.42578125,,256.0,,1.155218482017517,,0.00390625,,2594.93798828125,,,,,,,,,,,
0,8349,,13810.1875,,0.004747409373521805,,11163.5478515625,,0.4921875,,13810.1875,,1.40625,,0.5078125,,256.0,,1.300898790359497,,0.0,,2646.64013671875,,,,,,,,,,,
0,8399,,16935.107421875,,0.0047193849459290504,,14693.15234375,,0.51171875,,16935.107421875,,1.2421875,,0.48828125,,256.0,,1.2070364952087402,,0.0,,2241.95556640625,,,,,,,,,,,
0,8449,,54727.66796875,,0.004935132339596748,,51777.921875,,0.4609375,,54727.66796875,,1.3359375,,0.5390625,,256.0,,1.2680222988128662,,0.00390625,,2949.744384765625,,,,,,,,,,,
0,8499,,12983.5361328125,,0.004782016854733229,,10409.4228515625,,0.49609375,,12983.5361328125,,1.375,,0.50390625,,256.0,,1.2661378383636475,,0.00390625,,2574.11328125,,,,,,,,,,,
0,8549,,77614.5078125,,0.004391571506857872,,74532.7734375,,0.50390625,,77614.5078125,,1.265625,,0.49609375,,256.0,,1.3043352365493774,,0.00390625,,3081.73388671875,,,,,,,,,,,
0,8599,,10958.3076171875,,0.004491574130952358,,8550.5458984375,,0.515625,,10958.3076171875,,1.234375,,0.484375,,256.0,,1.1344478130340576,,0.0,,2407.761962890625,,,,,,,,,,,
0,8649,,15463.0751953125,,0.004828812554478645,,12658.814453125,,0.5546875,,15463.0751953125,,1.25,,0.4453125,,256.0,,1.2470855712890625,,0.0078125,,2804.2607421875,,,,,,,,,,,
0,8699,,62553.61328125,,0.004584616050124168,,59278.28125,,0.5078125,,62553.61328125,,1.3203125,,0.4921875,,256.0,,1.1849617958068848,,0.0078125,,3275.33154296875,,,,,,,,,,,
0,8749,,40375.92578125,,0.004992176778614521,,37551.9921875,,0.49609375,,40375.92578125,,1.3671875,,0.50390625,,256.0,,1.2541505098342896,,0.0078125,,2823.93505859375,,,,,,,,,,,
0,8799,,102167.796875,,0.004784021992236376,,98975.703125,,0.484375,,102167.796875,,1.2734375,,0.515625,,256.0,,1.303897738456726,,0.0078125,,3192.09423828125,,,,,,,,,,,
0,8849,,13029.66796875,,0.005211670882999897,,10565.7705078125,,0.5546875,,13029.66796875,,1.1328125,,0.4453125,,256.0,,1.0386518239974976,,0.0,,2463.89697265625,,,,,,,,,,,
0,8899,,48566.30859375,,0.004565868526697159,,45758.63671875,,0.4296875,,48566.30859375,,1.265625,,0.5703125,,256.0,,1.1748557090759277,,0.0078125,,2807.6728515625,,,,,,,,,,,
0,8949,,13244.17578125,,0.004570142365992069,,11001.6328125,,0.45703125,,13244.17578125,,1.4375,,0.54296875,,256.0,,1.3068881034851074,,0.0,,2242.54248046875,,,,,,,,,,,
0,8999,,53850.05859375,,0.004979453049600124,,50783.953125,,0.48828125,,53850.05859375,,1.296875,,0.51171875,,256.0,,1.2642813920974731,,0.0078125,,3066.107177734375,,,,,,,,,,,
0,9049,,16607.822265625,,0.004903897177428007,,14233.6181640625,,0.5546875,,16607.822265625,,1.2734375,,0.4453125,,256.0,,1.214585542678833,,0.0,,2374.20361328125,,,,,,,,,,,
0,9099,,13959.20703125,,0.004839805886149406,,11435.994140625,,0.48828125,,13959.20703125,,1.28125,,0.51171875,,256.0,,1.1886358261108398,,0.00390625,,2523.213134765625,,,,,,,,,,,
0,9149,,55485.34765625,,0.004599237348884344,,52769.078125,,0.51953125,,55485.34765625,,1.2421875,,0.48046875,,256.0,,1.1777772903442383,,0.0078125,,2716.26953125,,,,,,,,,,,
0,9199,,61755.90234375,,0.00490645132958889,,58846.40625,,0.47265625,,61755.90234375,,1.3359375,,0.52734375,,256.0,,1.2435067892074585,,0.0078125,,2909.49658203125,,,,,,,,,,,
0,9249,,12900.5390625,,0.005212048999965191,,9935.2431640625,,0.5078125,,12900.5390625,,1.359375,,0.4921875,,256.0,,1.2550714015960693,,0.01171875,,2965.2958984375,,,,,,,,,,,
0,9299,,143606.203125,,0.004853739403188229,,139939.609375,,0.55078125,,143606.203125,,1.375,,0.44921875,,256.0,,1.3364248275756836,,0.015625,,3666.5888671875,,,,,,,,,,,
0,9349,,16705.220703125,,0.0047674416564404964,,14250.8583984375,,0.4921875,,16705.220703125,,1.3203125,,0.5078125,,256.0,,1.2483127117156982,,0.00390625,,2454.361572265625,,,,,,,,,,,
0,9399,,13160.328125,,0.004724533297121525,,10480.7333984375,,0.51171875,,13160.328125,,1.3671875,,0.48828125,,256.0,,1.2896140813827515,,0.00390625,,2679.59521484375,,,,,,,,,,,
0,9449,,11288.5078125,,0.0051821935921907425,,8601.7080078125,,0.515625,,11288.5078125,,1.3359375,,0.484375,,256.0,,1.2728710174560547,,0.0078125,,2686.7998046875,,,,,,,,,,,
0,9499,,78321.6796875,,0.0047320048324763775,,75304.8671875,,0.46875,,78321.6796875,,1.3671875,,0.53125,,256.0,,1.178885579109192,,0.0078125,,3016.813232421875,,,,,,,,,,,
0,9549,,63953.40625,,0.004916218109428883,,60680.9375,,0.546875,,63953.40625,,1.265625,,0.453125,,256.0,,1.2043299674987793,,0.0078125,,3272.46728515625,,,,,,,,,,,
0,9599,,16806.015625,,0.005074036307632923,,14092.154296875,,0.48828125,,16806.015625,,1.375,,0.51171875,,256.0,,1.2993183135986328,,0.00390625,,2713.8623046875,,,,,,,,,,,
0,9649,,61935.87890625,,0.004895943216979504,,58947.78125,,0.5078125,,61935.87890625,,1.2734375,,0.4921875,,256.0,,1.2746450901031494,,0.00390625,,2988.099365234375,,,,,,,,,,,
0,9699,,11438.45703125,,0.004753772169351578,,8780.5908203125,,0.5,,11438.45703125,,1.3515625,,0.5,,256.0,,1.244709849357605,,0.0078125,,2657.866455078125,,,,,,,,,,,
0,9749,,16982.884765625,,0.0050579579547047615,,14363.3125,,0.48046875,,16982.884765625,,1.4609375,,0.51953125,,256.0,,1.3505284786224365,,0.01171875,,2619.57177734375,,,,,,,,,,,
0,9799,,13453.759765625,,0.004735274240374565,,10843.2607421875,,0.4609375,,13453.759765625,,1.171875,,0.5390625,,256.0,,1.1501152515411377,,0.0078125,,2610.4990234375,,,,,,,,,,,
0,9849,,60921.25,,0.0048035867512226105,,58060.859375,,0.53515625,,60921.25,,1.4609375,,0.46484375,,256.0,,1.356353521347046,,0.0078125,,2860.392333984375,,,,,,,,,,,
0,9899,,20566.490234375,,0.004446661099791527,,17903.244140625,,0.46484375,,20566.490234375,,1.3828125,,0.53515625,,256.0,,1.2495182752609253,,0.00390625,,2663.246826171875,,,,,,,,,,,
0,9949,,99242.578125,,0.004812145605683327,,95645.421875,,0.5546875,,99242.578125,,1.2109375,,0.4453125,,256.0,,1.1719882488250732,,0.015625,,3597.1552734375,,,,,,,,,,,
0,9999,,60767.84375,,0.004703172482550144,,58089.3984375,,0.52734375,,60767.84375,,1.265625,,0.47265625,,256.0,,1.2764320373535156,,0.00390625,,2678.4462890625,,,,,,,,,,,
0,10049,,14351.3056640625,,0.005088337231427431,,12125.1259765625,,0.48046875,,14351.3056640625,,1.3125,,0.51953125,,256.0,,1.2239208221435547,,0.0,,2226.179443359375,,,,,,,,,,,
0,10099,,75398.046875,,0.005059736780822277,,72435.75,,0.453125,,75398.046875,,1.3203125,,0.546875,,256.0,,1.296929121017456,,0.00390625,,2962.29443359375,,,,,,,,,,,
0,10149,,13252.5771484375,,0.004739445634186268,,10885.5107421875,,0.46875,,13252.5771484375,,1.296875,,0.53125,,256.0,,1.1635043621063232,,0.0078125,,2367.06640625,,,,,,,,,,,
0,10199,,18311.158203125,,0.004537974484264851,,15641.3271484375,,0.49609375,,18311.158203125,,1.4140625,,0.50390625,,256.0,,1.3644598722457886,,0.0,,2669.83154296875,,,,,,,,,,,
0,10249,,83212.5625,,0.004691742360591888,,79869.546875,,0.55078125,,83212.5625,,1.28125,,0.44921875,,256.0,,1.2198524475097656,,0.0078125,,3343.01611328125,,,,,,,,,,,
0,10299,,59847.8671875,,0.004741248674690723,,56887.10546875,,0.46484375,,59847.8671875,,1.2578125,,0.53515625,,256.0,,1.1944124698638916,,0.0078125,,2960.76220703125,,,,,,,,,,,
0,10349,,63501.8359375,,0.004723675549030304,,60660.97265625,,0.484375,,63501.8359375,,1.21875,,0.515625,,256.0,,1.2460665702819824,,0.00390625,,2840.864013671875,,,,,,,,,,,
0,10399,,18325.3515625,,0.004702815320342779,,15921.1181640625,,0.45703125,,18325.3515625,,1.2734375,,0.54296875,,256.0,,1.2110285758972168,,0.0,,2404.233642578125,,,,,,,,,,,
0,10449,,16570.681640625,,0.0052895816043019295,,14205.705078125,,0.52734375,,16570.681640625,,1.3515625,,0.47265625,,256.0,,1.2772600650787354,,0.0,,2364.9765625,,,,,,,,,,,
0,10499,,93534.984375,,0.004979352466762066,,90422.734375,,0.5625,,93534.984375,,1.2890625,,0.4375,,256.0,,1.2100462913513184,,0.0078125,,3112.25,,,,,,,,,,,
0,10549,,14848.8173828125,,0.004771397914737463,,12386.9462890625,,0.46484375,,14848.8173828125,,1.2890625,,0.53515625,,256.0,,1.195857286453247,,0.00390625,,2461.87109375,,,,,,,,,,,
0,10599,,14785.1337890625,,0.004538217559456825,,11990.5302734375,,0.453125,,14785.1337890625,,1.3359375,,0.546875,,256.0,,1.276284098625183,,0.00390625,,2794.603271484375,,,,,,,,,,,
0,10649,,13791.7177734375,,0.005216111894696951,,11343.2880859375,,0.46484375,,13791.7177734375,,1.3125,,0.53515625,,256.0,,1.3074485063552856,,0.0,,2448.4296875,,,,,,,,,,,
0,10699,,53821.4296875,,0.004938583821058273,,51194.2890625,,0.45703125,,53821.4296875,,1.328125,,0.54296875,,256.0,,1.3032158613204956,,0.00390625,,2627.140625,,,,,,,,,,,
0,10749,,110582.78125,,0.004652969539165497,,107329.8671875,,0.46875,,110582.78125,,1.3046875,,0.53125,,256.0,,1.2833198308944702,,0.0078125,,3252.91650390625,,,,,,,,,,,
0,10799,,12028.3125,,0.0044554839842021465,,9748.923828125,,0.5859375,,12028.3125,,1.375,,0.4140625,,256.0,,1.295812964439392,,0.0,,2279.38916015625,,,,,,,,,,,
0,10849,,16748.1953125,,0.005183467175811529,,14210.5859375,,0.48828125,,16748.1953125,,1.2421875,,0.51171875,,256.0,,1.186131238937378,,0.00390625,,2537.60888671875,,,,,,,,,,,
0,10899,,126008.6484375,,0.004711749963462353,,122311.03125,,0.46875,,126008.6484375,,1.390625,,0.53125,,256.0,,1.259106993675232,,0.0078125,,3697.6181640625,,,,,,,,,,,
0,10949,,14732.30859375,,0.004793674219399691,,12511.58203125,,0.51171875,,14732.30859375,,1.2421875,,0.48828125,,256.0,,1.2356374263763428,,0.0,,2220.726806640625,,,,,,,,,,,
0,10999,,73402.8359375,,0.004786218982189894,,70559.328125,,0.5,,73402.8359375,,1.46875,,0.5,,256.0,,1.337660551071167,,0.00390625,,2843.510009765625,,,,,,,,,,,
0,11049,,57379.6328125,,0.004710379987955093,,54685.99609375,,0.4921875,,57379.6328125,,1.375,,0.5078125,,256.0,,1.2720048427581787,,0.00390625,,2693.6376953125,,,,,,,,,,,
0,11099,,59169.87890625,,0.004661639221012592,,56392.6953125,,0.48828125,,59169.87890625,,1.15625,,0.51171875,,256.0,,1.1852128505706787,,0.01171875,,2777.185302734375,,,,,,,,,,,
0,11149,,66850.8203125,,0.004777207039296627,,64028.17578125,,0.4453125,,66850.8203125,,1.2265625,,0.5546875,,256.0,,1.1135042905807495,,0.0078125,,2822.64501953125,,,,,,,,,,,
0,11199,,15093.630859375,,0.0046668038703501225,,12629.35546875,,0.546875,,15093.630859375,,1.3046875,,0.453125,,256.0,,1.2863507270812988,,0.00390625,,2464.27490234375,,,,,,,,,,,
0,11249,,15284.31640625,,0.00487380288541317,,12599.5927734375,,0.484375,,15284.31640625,,1.15625,,0.515625,,256.0,,1.1670633554458618,,0.00390625,,2684.72314453125,,,,,,,,,,,
0,11299,,109752.3828125,,0.004754035733640194,,106425.8828125,,0.4921875,,109752.3828125,,1.1171875,,0.5078125,,256.0,,1.126967430114746,,0.0078125,,3326.49755859375,,,,,,,,,,,
0,11349,,14549.88671875,,0.004749235697090626,,12300.470703125,,0.47265625,,14549.88671875,,1.25,,0.52734375,,256.0,,1.1980607509613037,,0.0,,2249.416015625,,,,,,,,,,,
0,11399,,135010.0625,,0.004633587319403887,,131707.21875,,0.46875,,135010.0625,,1.3203125,,0.53125,,256.0,,1.2856395244598389,,0.0078125,,3302.8427734375,,,,,,,,,,,
0,11449,,14187.1640625,,0.005100662354379892,,11954.943359375,,0.5078125,,14187.1640625,,1.421875,,0.4921875,,256.0,,1.3067433834075928,,0.00390625,,2232.220703125,,,,,,,,,,,
0,11499,,19908.966796875,,0.004879603162407875,,17403.859375,,0.47265625,,19908.966796875,,1.203125,,0.52734375,,256.0,,1.2471404075622559,,0.00390625,,2505.106689453125,,,,,,,,,,,
0,11549,,121008.6171875,,0.004671480040997267,,117841.015625,,0.46484375,,121008.6171875,,1.171875,,0.53515625,,256.0,,1.0988575220108032,,0.0078125,,3167.6005859375,,,,,,,,,,,
0,11599,,188808.28125,,0.004749361425638199,,184764.515625,,0.453125,,188808.28125,,1.2265625,,0.546875,,256.0,,1.1959271430969238,,0.015625,,4043.7578125,,,,,,,,,,,
0,11649,,10293.99609375,,0.005043193697929382,,7853.55517578125,,0.50390625,,10293.99609375,,1.265625,,0.49609375,,256.0,,1.2222061157226562,,0.00390625,,2440.44140625,,,,,,,,,,,
0,11699,,70698.140625,,0.004979162011295557,,67844.21875,,0.51171875,,70698.140625,,1.3671875,,0.48828125,,256.0,,1.2889931201934814,,0.00390625,,2853.923095703125,,,,,,,,,,,
0,11749,,16739.765625,,0.004684365354478359,,13952.39453125,,0.5234375,,16739.765625,,1.21875,,0.4765625,,256.0,,1.2274360656738281,,0.0078125,,2787.370361328125,,,,,,,,,,,
0,11799,,110176.7109375,,0.004863064736127853,,106833.8828125,,0.48046875,,110176.7109375,,1.1484375,,0.51953125,,256.0,,1.1094379425048828,,0.01171875,,3342.826171875,,,,,,,,,,,
0,11849,,15586.400390625,,0.004609355237334967,,13261.92578125,,0.51171875,,15586.400390625,,1.3203125,,0.48828125,,256.0,,1.2981858253479004,,0.0,,2324.474609375,,,,,,,,,,,
0,11899,,17271.314453125,,0.005056432913988829,,14693.7109375,,0.46875,,17271.314453125,,1.2890625,,0.53125,,256.0,,1.1292812824249268,,0.0,,2577.60302734375,,,,,,,,,,,
0,11949,,78338.328125,,0.004763397388160229,,75270.4453125,,0.5390625,,78338.328125,,1.3671875,,0.4609375,,256.0,,1.2925689220428467,,0.00390625,,3067.88623046875,,,,,,,,,,,
0,11999,,134270.46875,,0.004423934035003185,,130139.6640625,,0.4609375,,134270.46875,,1.34375,,0.5390625,,256.0,,1.2541334629058838,,0.015625,,4130.80908203125,,,,,,,,,,,
0,12049,,13974.896484375,,0.005013914778828621,,11642.572265625,,0.44921875,,13974.896484375,,1.234375,,0.55078125,,256.0,,1.2205239534378052,,0.0,,2332.32421875,,,,,,,,,,,
0,12099,,69294.7109375,,0.00480318907648325,,66454.59375,,0.48046875,,69294.7109375,,1.078125,,0.51953125,,256.0,,1.0878194570541382,,0.0078125,,2840.1181640625,,,,,,,,,,,
0,12149,,15759.060546875,,0.004754120483994484,,13479.0361328125,,0.5078125,,15759.060546875,,1.2578125,,0.4921875,,256.0,,1.198822259902954,,0.0,,2280.02392578125,,,,,,,,,,,
0,12199,,83819.640625,,0.0048976801335811615,,80882.265625,,0.49609375,,83819.640625,,1.2890625,,0.50390625,,256.0,,1.1819554567337036,,0.00390625,,2937.375732421875,,,,,,,,,,,
0,12249,,59811.3515625,,0.00462427968159318,,57019.7421875,,0.47265625,,59811.3515625,,1.171875,,0.52734375,,256.0,,1.1499593257904053,,0.00390625,,2791.60791015625,,,,,,,,,,,
0,12299,,17252.3515625,,0.004856743849813938,,15027.5859375,,0.44921875,,17252.3515625,,1.2578125,,0.55078125,,256.0,,1.2174662351608276,,0.00390625,,2224.7646484375,,,,,,,,,,,
0,12349,,13587.857421875,,0.004944547079503536,,10597.57421875,,0.5078125,,13587.857421875,,1.3125,,0.4921875,,256.0,,1.2938435077667236,,0.015625,,2990.28271484375,,,,,,,,,,,
0,12399,,60839.63671875,,0.004982929676771164,,58178.4453125,,0.49609375,,60839.63671875,,1.265625,,0.50390625,,256.0,,1.2430651187896729,,0.00390625,,2661.1923828125,,,,,,,,,,,
0,12449,,76065.1796875,,0.004748457111418247,,72674.109375,,0.5078125,,76065.1796875,,1.3828125,,0.4921875,,256.0,,1.2615838050842285,,0.0078125,,3391.068359375,,,,,,,,,,,
0,12499,,55818.125,,0.00482045067474246,,53176.1640625,,0.48828125,,55818.125,,1.4296875,,0.51171875,,256.0,,1.3106024265289307,,0.00390625,,2641.958984375,,,,,,,,,,,
0,12549,,104761.984375,,0.00479451147839427,,101596.6328125,,0.54296875,,104761.984375,,1.328125,,0.45703125,,256.0,,1.264941692352295,,0.0078125,,3165.349609375,,,,,,,,,,,
0,12599,,18824.375,,0.005018777679651976,,16421.48046875,,0.484375,,18824.375,,1.15625,,0.515625,,256.0,,1.202438235282898,,0.00390625,,2402.895263671875,,,,,,,,,,,
0,12649,,15220.595703125,,0.005136873107403517,,12994.7783203125,,0.47265625,,15220.595703125,,1.28125,,0.52734375,,256.0,,1.1628741025924683,,0.0,,2225.81689453125,,,,,,,,,,,
0,12699,,63268.359375,,0.004962850362062454,,60335.16796875,,0.5,,63268.359375,,1.2890625,,0.5,,256.0,,1.2069990634918213,,0.0078125,,2933.192626953125,,,,,,,,,,,
0,12749,,46499.01171875,,0.004677723627537489,,44103.73828125,,0.55078125,,46499.01171875,,1.25,,0.44921875,,256.0,,1.2646759748458862,,0.00390625,,2395.27197265625,,,,,,,,,,,
0,12795,,,,,,,,,,,,,,,,,,,,,,,19638.7734375,0.004860734101384878,17268.74609375,0.4998077154159546,19638.7734375,1.343465805053711,0.5001922845840454,255.98416137695312,1.2512869834899902,0.0010014981962740421,2370.065185546875
0,12795,30981.734375,,0.004849242977797985,,28938.677734375,,0.4997701346874237,,30981.734375,,0.9492349028587341,,0.5002298951148987,,256.0,,0.8891273140907288,,0.0050531537272036076,,2043.0631103515625,,,,,,,,,,,,
1,12799,,10859.302734375,,0.004723730497062206,,8663.3994140625,,0.56640625,,10859.302734375,,1.296875,,0.43359375,,256.0,,1.2396429777145386,,0.0,,2195.90283203125,,,,,,,,,,,
1,12849,,98865.671875,,0.004702737554907799,,95553.3125,,0.49609375,,98865.671875,,1.328125,,0.50390625,,256.0,,1.1948989629745483,,0.01171875,,3312.358642578125,,,,,,,,,,,
1,12899,,12984.2939453125,,0.004746308550238609,,10812.4111328125,,0.5234375,,12984.2939453125,,1.2734375,,0.4765625,,256.0,,1.2591991424560547,,0.0,,2171.8828125,,,,,,,,,,,
1,12949,,15145.86328125,,0.005232372786849737,,12685.5498046875,,0.515625,,15145.86328125,,1.3125,,0.484375,,256.0,,1.3003826141357422,,0.0,,2460.31396484375,,,,,,,,,,,
1,12999,,111160.296875,,0.004258717875927687,,108146.7578125,,0.50390625,,111160.296875,,1.328125,,0.49609375,,256.0,,1.2811219692230225,,0.0078125,,3013.539306640625,,,,,,,,,,,
1,13049,,21944.390625,,0.004794058855623007,,19453.96484375,,0.515625,,21944.390625,,1.171875,,0.484375,,256.0,,1.1565258502960205,,0.0078125,,2490.4248046875,,,,,,,,,,,
1,13099,,12798.705078125,,0.005286009982228279,,10054.044921875,,0.5078125,,12798.705078125,,1.328125,,0.4921875,,256.0,,1.239161729812622,,0.00390625,,2744.66064453125,,,,,,,,,,,
1,13149,,59631.9140625,,0.004296227358281612,,56930.28125,,0.515625,,59631.9140625,,1.2265625,,0.484375,,256.0,,1.166945457458496,,0.0078125,,2701.630859375,,,,,,,,,,,
1,13199,,14696.478515625,,0.0047875214368104935,,12312.9189453125,,0.50390625,,14696.478515625,,1.234375,,0.49609375,,256.0,,1.1562819480895996,,0.0,,2383.55908203125,,,,,,,,,,,
1,13249,,68687.2421875,,0.004717647563666105,,66045.5859375,,0.53515625,,68687.2421875,,1.3046875,,0.46484375,,256.0,,1.2327728271484375,,0.00390625,,2641.65576171875,,,,,,,,,,,
1,13299,,13674.873046875,,0.004562519025057554,,11439.7705078125,,0.515625,,13674.873046875,,1.1171875,,0.484375,,256.0,,1.120866060256958,,0.0,,2235.10302734375,,,,,,,,,,,
1,13349,,66089.8046875,,0.004391416907310486,,62946.15234375,,0.5,,66089.8046875,,1.28125,,0.5,,256.0,,1.214216947555542,,0.01171875,,3143.652099609375,,,,,,,,,,,
1,13399,,82494.21875,,0.004496583715081215,,79188.28125,,0.484375,,82494.21875,,1.359375,,0.515625,,256.0,,1.2933809757232666,,0.01171875,,3305.934814453125,,,,,,,,,,,
1,13449,,13605.4521484375,,0.004667595960199833,,11285.8857421875,,0.50390625,,13605.4521484375,,1.1953125,,0.49609375,,256.0,,1.1354539394378662,,0.0,,2319.56640625,,,,,,,,,,,
1,13499,,72103.6015625,,0.0045046210289001465,,69613.125,,0.50390625,,72103.6015625,,1.328125,,0.49609375,,256.0,,1.3404498100280762,,0.0078125,,2490.4775390625,,,,,,,,,,,
1,13549,,11924.2578125,,0.004672393202781677,,9713.6875,,0.484375,,11924.2578125,,1.3515625,,0.515625,,256.0,,1.2377257347106934,,0.0,,2210.57080078125,,,,,,,,,,,
1,13599,,17230.748046875,,0.004651680588722229,,14868.5751953125,,0.45703125,,17230.748046875,,1.2109375,,0.54296875,,256.0,,1.227390170097351,,0.0,,2362.17236328125,,,,,,,,,,,
1,13649,,82062.8125,,0.004740186035633087,,79215.359375,,0.55078125,,82062.8125,,1.3046875,,0.44921875,,256.0,,1.2225944995880127,,0.01171875,,2847.45166015625,,,,,,,,,,,
1,13699,,15067.1865234375,,0.004889428149908781,,12875.70703125,,0.54296875,,15067.1865234375,,1.2578125,,0.45703125,,256.0,,1.2537806034088135,,0.0,,2191.479736328125,,,,,,,,,,,
1,13749,,15481.95703125,,0.004729796200990677,,12720.2470703125,,0.515625,,15481.95703125,,1.140625,,0.484375,,256.0,,1.0663533210754395,,0.00390625,,2761.70947265625,,,,,,,,,,,
1,13799,,14984.587890625,,0.004900056403130293,,12690.3955078125,,0.45703125,,14984.587890625,,1.1171875,,0.54296875,,256.0,,1.167752981185913,,0.0,,2294.19189453125,,,,,,,,,,,
1,13849,,14575.16015625,,0.004853160586208105,,12428.5625,,0.46484375,,14575.16015625,,1.203125,,0.53515625,,256.0,,1.1374162435531616,,0.0,,2146.59765625,,,,,,,,,,,
1,13899,,19755.9609375,,0.004944846034049988,,17422.287109375,,0.484375,,19755.9609375,,1.265625,,0.515625,,256.0,,1.2292461395263672,,0.0,,2333.6728515625,,,,,,,,,,,
1,13949,,13361.748046875,,0.004662973340600729,,11253.2744140625,,0.5,,13361.748046875,,1.34375,,0.5,,256.0,,1.235790491104126,,0.0,,2108.47412109375,,,,,,,,,,,
1,13999,,70709.3984375,,0.004830787889659405,,67930.3125,,0.4921875,,70709.3984375,,1.3046875,,0.5078125,,256.0,,1.2671401500701904,,0.00390625,,2779.082275390625,,,,,,,,,,,
1,14049,,79631.7578125,,0.004795785062015057,,76804.96875,,0.55078125,,79631.7578125,,1.296875,,0.44921875,,256.0,,1.312247633934021,,0.00390625,,2826.786865234375,,,,,,,,,,,
1,14099,,17611.23046875,,0.004616576712578535,,15018.20703125,,0.46484375,,17611.23046875,,1.3828125,,0.53515625,,256.0,,1.3177449703216553,,0.00390625,,2593.02392578125,,,,,,,,,,,
1,14149,,285679.34375,,0.004755472764372826,,280800.03125,,0.4453125,,285679.34375,,1.1640625,,0.5546875,,256.0,,1.076313853263855,,0.02734375,,4879.3203125,,,,,,,,,,,
1,14199,,136899.640625,,0.004926851950585842,,133109.671875,,0.4609375,,136899.640625,,1.3984375,,0.5390625,,256.0,,1.2414207458496094,,0.01953125,,3789.9619140625,,,,,,,,,,,
1,14249,,80214.3671875,,0.004614593926817179,,77261.234375,,0.47265625,,80214.3671875,,1.140625,,0.52734375,,256.0,,1.0884506702423096,,0.0078125,,2953.13623046875,,,,,,,,,,,
1,14299,,13690.263671875,,0.0045843180269002914,,11419.955078125,,0.484375,,13690.263671875,,1.3046875,,0.515625,,256.0,,1.2429394721984863,,0.0,,2270.30859375,,,,,,,,,,,
1,14349,,19448.455078125,,0.004848693497478962,,17210.109375,,0.5234375,,19448.455078125,,1.2578125,,0.4765625,,256.0,,1.2342417240142822,,0.0,,2238.34521484375,,,,,,,,,,,
1,14399,,186277.546875,,0.004887748043984175,,182767.9375,,0.50390625,,186277.546875,,1.1640625,,0.49609375,,256.0,,1.151572346687317,,0.01171875,,3509.608154296875,,,,,,,,,,,
1,14449,,14244.783203125,,0.005132356658577919,,12178.5,,0.5,,14244.783203125,,1.2578125,,0.5,,256.0,,1.1828410625457764,,0.0,,2066.283203125,,,,,,,,,,,
1,14499,,16709.603515625,,0.0049431463703513145,,14497.966796875,,0.5546875,,16709.603515625,,1.3203125,,0.4453125,,256.0,,1.3262968063354492,,0.0,,2211.63623046875,,,,,,,,,,,
1,14549,,72601.484375,,0.004604842513799667,,69882.9453125,,0.48046875,,72601.484375,,1.2578125,,0.51953125,,256.0,,1.140486240386963,,0.0078125,,2718.5400390625,,,,,,,,,,,
1,14599,,16925.837890625,,0.00509258545935154,,14122.015625,,0.52734375,,16925.837890625,,1.390625,,0.47265625,,256.0,,1.2523751258850098,,0.00390625,,2803.822265625,,,,,,,,,,,
1,14649,,13842.37109375,,0.0044853356666862965,,11502.060546875,,0.515625,,13842.37109375,,1.3671875,,0.484375,,256.0,,1.364720106124878,,0.0,,2340.31005859375,,,,,,,,,,,
1,14699,,113980.5234375,,0.004754349123686552,,110422.6953125,,0.51171875,,113980.5234375,,1.2265625,,0.48828125,,256.0,,1.1366947889328003,,0.015625,,3557.82666015625,,,,,,,,,,,
1,14749,,55533.9453125,,0.004803581163287163,,53131.03125,,0.4921875,,55533.9453125,,1.109375,,0.5078125,,256.0,,1.095306634902954,,0.00390625,,2402.91552734375,,,,,,,,,,,
1,14799,,12899.224609375,,0.005210035480558872,,10606.3017578125,,0.5078125,,12899.224609375,,1.1015625,,0.4921875,,256.0,,1.1413930654525757,,0.0,,2292.92236328125,,,,,,,,,,,
1,14849,,13064.02734375,,0.004630119539797306,,10748.8759765625,,0.4765625,,13064.02734375,,1.2734375,,0.5234375,,256.0,,1.1817876100540161,,0.0,,2315.15087890625,,,,,,,,,,,
1,14899,,224822.546875,,0.0050641512498259544,,221135.125,,0.4765625,,224822.546875,,1.1328125,,0.5234375,,256.0,,1.099339246749878,,0.015625,,3687.4169921875,,,,,,,,,,,
1,14949,,15602.13671875,,0.004812522791326046,,13324.1181640625,,0.4921875,,15602.13671875,,1.1640625,,0.5078125,,256.0,,1.1241545677185059,,0.0078125,,2278.0185546875,,,,,,,,,,,
1,14999,,15877.693359375,,0.004819979425519705,,13580.6787109375,,0.48828125,,15877.693359375,,1.171875,,0.51171875,,256.0,,1.1758846044540405,,0.0078125,,2297.01416015625,,,,,,,,,,,
1,15049,,54174.66015625,,0.004959894344210625,,51329.73828125,,0.51171875,,54174.66015625,,1.203125,,0.48828125,,256.0,,1.247631311416626,,0.0078125,,2844.92236328125,,,,,,,,,,,
1,15099,,13074.8212890625,,0.004997934214770794,,11037.7705078125,,0.5078125,,13074.8212890625,,1.125,,0.4921875,,256.0,,1.1130549907684326,,0.0,,2037.05078125,,,,,,,,,,,
1,15149,,11708.0361328125,,0.004875607322901487,,9561.07421875,,0.484375,,11708.0361328125,,1.1484375,,0.515625,,256.0,,1.0702128410339355,,0.0,,2146.9619140625,,,,,,,,,,,
1,15199,,82421.6171875,,0.004834507592022419,,79986.1171875,,0.50390625,,82421.6171875,,1.03125,,0.49609375,,256.0,,1.0004688501358032,,0.00390625,,2435.5009765625,,,,,,,,,,,
1,15249,,94540.7421875,,0.004602255765348673,,91549.3125,,0.48046875,,94540.7421875,,1.1484375,,0.51953125,,256.0,,1.0835591554641724,,0.0078125,,2991.4296875,,,,,,,,,,,
1,15299,,15900.2578125,,0.0048578595742583275,,13438.0048828125,,0.4921875,,15900.2578125,,1.1328125,,0.5078125,,256.0,,1.0670318603515625,,0.0,,2462.2529296875,,,,,,,,,,,
1,15349,,63867.79296875,,0.00457706768065691,,61138.0546875,,0.5234375,,63867.79296875,,1.0078125,,0.4765625,,256.0,,1.0631574392318726,,0.00390625,,2729.73974609375,,,,,,,,,,,
1,15399,,12879.49609375,,0.004564867354929447,,10585.755859375,,0.546875,,12879.49609375,,1.125,,0.453125,,256.0,,1.0873541831970215,,0.00390625,,2293.74072265625,,,,,,,,,,,
1,15449,,153957.203125,,0.004683594219386578,,150883.234375,,0.42578125,,153957.203125,,1.015625,,0.57421875,,256.0,,0.9504982829093933,,0.0078125,,3073.97607421875,,,,,,,,,,,
1,15499,,21189.939453125,,0.005068228580057621,,18977.671875,,0.5703125,,21189.939453125,,1.2578125,,0.4296875,,256.0,,1.2007172107696533,,0.0,,2212.267578125,,,,,,,,,,,
1,15549,,15814.5830078125,,0.004563496448099613,,13622.8486328125,,0.5390625,,15814.5830078125,,1.3515625,,0.4609375,,256.0,,1.2897028923034668,,0.0,,2191.734619140625,,,,,,,,,,,
1,15599,,21984.328125,,0.004659028723835945,,19706.65625,,0.43359375,,21984.328125,,1.3046875,,0.56640625,,256.0,,1.1976529359817505,,0.0,,2277.671875,,,,,,,,,,,
1,15649,,15966.7265625,,0.0048155877739191055,,13491.63671875,,0.48046875,,15966.7265625,,1.21875,,0.51953125,,256.0,,1.1520121097564697,,0.0078125,,2475.08984375,,,,,,,,,,,
1,15699,,70254.640625,,0.0046889218501746655,,67625.3125,,0.5234375,,70254.640625,,1.21875,,0.4765625,,256.0,,1.1794829368591309,,0.00390625,,2629.32763671875,,,,,,,,,,,
1,15749,,10964.001953125,,0.00478906836360693,,8856.087890625,,0.5078125,,10964.001953125,,1.1015625,,0.4921875,,256.0,,1.1407383680343628,,0.0,,2107.91357421875,,,,,,,,,,,
1,15799,,11942.775390625,,0.004987657070159912,,9689.1923828125,,0.48828125,,11942.775390625,,1.234375,,0.51171875,,256.0,,1.1358098983764648,,0.0,,2253.583251953125,,,,,,,,,,,
1,15849,,12356.14453125,,0.0045181321911513805,,10236.765625,,0.49609375,,12356.14453125,,1.109375,,0.50390625,,256.0,,1.1465109586715698,,0.0,,2119.37939453125,,,,,,,,,,,
1,15899,,75690.84375,,0.005168306641280651,,72892.3125,,0.5078125,,75690.84375,,1.1015625,,0.4921875,,256.0,,1.1259145736694336,,0.00390625,,2798.52978515625,,,,,,,,,,,
1,15949,,116765.046875,,0.005112404469400644,,113568.890625,,0.52734375,,116765.046875,,1.0078125,,0.47265625,,256.0,,0.9688798785209656,,0.01171875,,3196.158203125,,,,,,,,,,,
1,15999,,14979.21484375,,0.004866546019911766,,12895.1025390625,,0.4921875,,14979.21484375,,1.109375,,0.5078125,,256.0,,1.0767979621887207,,0.0,,2084.11279296875,,,,,,,,,,,
1,16049,,18483.83984375,,0.0049646515399217606,,16350.056640625,,0.46875,,18483.83984375,,1.171875,,0.53125,,256.0,,1.1883023977279663,,0.0,,2133.7841796875,,,,,,,,,,,
1,16099,,64186.77734375,,0.005190646275877953,,61399.7109375,,0.51953125,,64186.77734375,,0.97265625,,0.48046875,,256.0,,0.946157693862915,,0.00390625,,2787.06494140625,,,,,,,,,,,
1,16149,,17519.685546875,,0.004819411318749189,,15119.654296875,,0.44921875,,17519.685546875,,0.94921875,,0.55078125,,256.0,,0.9535142183303833,,0.0078125,,2400.03173828125,,,,,,,,,,,
1,16199,,65106.78125,,0.005042738281190395,,62421.3984375,,0.56640625,,65106.78125,,1.296875,,0.43359375,,256.0,,1.2207669019699097,,0.00390625,,2685.3818359375,,,,,,,,,,,
1,16249,,16680.42578125,,0.0050143771804869175,,14235.0869140625,,0.46484375,,16680.42578125,,1.1875,,0.53515625,,256.0,,1.0885281562805176,,0.00390625,,2445.339111328125,,,,,,,,,,,
1,16299,,15914.892578125,,0.004320785868912935,,13815.2939453125,,0.5625,,15914.892578125,,1.2109375,,0.4375,,256.0,,1.1787612438201904,,0.0,,2099.59814453125,,,,,,,,,,,
1,16349,,61856.89453125,,0.004816860891878605,,59342.1640625,,0.46484375,,61856.89453125,,1.140625,,0.53515625,,256.0,,1.0649642944335938,,0.0078125,,2514.731201171875,,,,,,,,,,,
1,16399,,111107.6484375,,0.0049597881734371185,,108497.3046875,,0.5078125,,111107.6484375,,0.92578125,,0.4921875,,256.0,,0.8791593313217163,,0.0078125,,2610.34130859375,,,,,,,,,,,
1,16449,,13826.041015625,,0.004707483574748039,,11594.1142578125,,0.48046875,,13826.041015625,,1.0234375,,0.51953125,,256.0,,1.0161978006362915,,0.00390625,,2231.92724609375,,,,,,,,,,,
1,16499,,78175.4453125,,0.0045712473802268505,,75528.9140625,,0.50390625,,78175.4453125,,1.046875,,0.49609375,,256.0,,1.0173691511154175,,0.00390625,,2646.53369140625,,,,,,,,,,,
1,16549,,17283.79296875,,0.005095390602946281,,15032.5888671875,,0.48046875,,17283.79296875,,1.0859375,,0.51953125,,256.0,,1.0570878982543945,,0.00390625,,2251.203125,,,,,,,,,,,
1,16599,,126595.28125,,0.004918334539979696,,123392.5078125,,0.5234375,,126595.28125,,1.0390625,,0.4765625,,256.0,,0.8876975774765015,,0.0078125,,3202.7705078125,,,,,,,,,,,
1,16649,,64454.5,,0.004700441844761372,,61742.63671875,,0.59375,,64454.5,,1.1171875,,0.40625,,256.0,,1.0477888584136963,,0.00390625,,2711.8623046875,,,,,,,,,,,
1,16699,,14491.41015625,,0.004694779869168997,,11902.3623046875,,0.52734375,,14491.41015625,,1.203125,,0.47265625,,256.0,,1.1066635847091675,,0.00390625,,2589.04736328125,,,,,,,,,,,
1,16749,,192998.59375,,0.00451595988124609,,189777.4375,,0.453125,,192998.59375,,1.125,,0.546875,,256.0,,1.0429463386535645,,0.01171875,,3221.155029296875,,,,,,,,,,,
1,16799,,100146.640625,,0.00464875902980566,,97351.296875,,0.578125,,100146.640625,,1.0546875,,0.421875,,256.0,,1.0143606662750244,,0.01171875,,2795.3466796875,,,,,,,,,,,
1,16849,,171889.6875,,0.005067342892289162,,167839.3125,,0.4921875,,171889.6875,,1.1796875,,0.5078125,,256.0,,1.0701578855514526,,0.015625,,4050.37158203125,,,,,,,,,,,
1,16899,,14724.841796875,,0.004625750705599785,,12729.3759765625,,0.5,,14724.841796875,,1.1328125,,0.5,,256.0,,1.0580556392669678,,0.0,,1995.46533203125,,,,,,,,,,,
1,16949,,52515.984375,,0.004739321302622557,,49715.46484375,,0.453125,,52515.984375,,1.046875,,0.546875,,256.0,,1.0509698390960693,,0.01171875,,2800.521484375,,,,,,,,,,,
1,16999,,133366.625,,0.004587833769619465,,130334.8046875,,0.421875,,133366.625,,1.03125,,0.578125,,256.0,,1.0242600440979004,,0.01171875,,3031.8271484375,,,,,,,,,,,
1,17049,,60297.91015625,,0.004868865013122559,,58062.921875,,0.4921875,,60297.91015625,,1.1953125,,0.5078125,,256.0,,1.1702775955200195,,0.00390625,,2234.98876953125,,,,,,,,,,,
1,17099,,14053.3115234375,,0.004868203774094582,,11884.6787109375,,0.51953125,,14053.3115234375,,1.0234375,,0.48046875,,256.0,,1.0040602684020996,,0.0,,2168.633056640625,,,,,,,,,,,
1,17149,,66994.0234375,,0.005272007547318935,,64262.65234375,,0.515625,,66994.0234375,,1.2109375,,0.484375,,256.0,,1.1134579181671143,,0.00390625,,2731.3701171875,,,,,,,,,,,
1,17199,,14969.6142578125,,0.004379571415483952,,12548.322265625,,0.4921875,,14969.6142578125,,1.0625,,0.5078125,,256.0,,1.074354887008667,,0.00390625,,2421.292236328125,,,,,,,,,,,
1,17249,,13430.6396484375,,0.005014222115278244,,10485.6240234375,,0.5078125,,13430.6396484375,,1.0234375,,0.4921875,,256.0,,1.0463182926177979,,0.015625,,2945.015625,,,,,,,,,,,
1,17299,,19701.974609375,,0.004948889836668968,,17494.865234375,,0.4765625,,19701.974609375,,1.1171875,,0.5234375,,256.0,,1.0306010246276855,,0.0,,2207.110107421875,,,,,,,,,,,
1,17349,,14845.70703125,,0.004939492791891098,,12757.8291015625,,0.46484375,,14845.70703125,,1.0625,,0.53515625,,256.0,,1.062941074371338,,0.0,,2087.877685546875,,,,,,,,,,,
1,17399,,17555.763671875,,0.004655594006180763,,15368.3720703125,,0.4921875,,17555.763671875,,1.25,,0.5078125,,256.0,,1.058518409729004,,0.0,,2187.39208984375,,,,,,,,,,,
1,17449,,15357.81640625,,0.004980647470802069,,13206.447265625,,0.515625,,15357.81640625,,0.96484375,,0.484375,,256.0,,1.0010292530059814,,0.0,,2151.36962890625,,,,,,,,,,,
1,17499,,142264.109375,,0.004641098901629448,,138838.625,,0.546875,,142264.109375,,1.1796875,,0.453125,,256.0,,1.0593185424804688,,0.015625,,3425.483154296875,,,,,,,,,,,
1,17549,,12847.1748046875,,0.004592574201524258,,10070.7626953125,,0.55859375,,12847.1748046875,,1.046875,,0.44140625,,256.0,,1.061840295791626,,0.01171875,,2776.411865234375,,,,,,,,,,,
1,17599,,116002.890625,,0.005004206206649542,,113149.484375,,0.515625,,116002.890625,,1.109375,,0.484375,,256.0,,1.0933598279953003,,0.0078125,,2853.40576171875,,,,,,,,,,,
1,17649,,70254.7578125,,0.004882327280938625,,67334.484375,,0.4765625,,70254.7578125,,1.0234375,,0.5234375,,256.0,,0.9942156672477722,,0.01171875,,2920.27490234375,,,,,,,,,,,
1,17699,,11955.525390625,,0.004410067573189735,,9847.591796875,,0.5546875,,11955.525390625,,1.0390625,,0.4453125,,256.0,,1.0144639015197754,,0.0,,2107.933837890625,,,,,,,,,,,
1,17749,,91816.015625,,0.0048575871624052525,,89050.7734375,,0.5625,,91816.015625,,1.0234375,,0.4375,,256.0,,0.9555052518844604,,0.01171875,,2765.23974609375,,,,,,,,,,,
1,17799,,12883.560546875,,0.004966550972312689,,10792.0986328125,,0.4921875,,12883.560546875,,1.15625,,0.5078125,,256.0,,1.0780738592147827,,0.0,,2091.462158203125,,,,,,,,,,,
1,17849,,66234.5546875,,0.004742257762700319,,63700.203125,,0.5625,,66234.5546875,,1.0234375,,0.4375,,256.0,,1.002647042274475,,0.00390625,,2534.349609375,,,,,,,,,,,
1,17899,,66740.828125,,0.004517098423093557,,64355.8359375,,0.4921875,,66740.828125,,1.046875,,0.5078125,,256.0,,1.0016214847564697,,0.00390625,,2384.9892578125,,,,,,,,,,,
1,17949,,61212.7265625,,0.004586550407111645,,58783.3828125,,0.52734375,,61212.7265625,,1.0859375,,0.47265625,,256.0,,0.9727187156677246,,0.00390625,,2429.34228515625,,,,,,,,,,,
1,17999,,15999.078125,,0.004822828806936741,,14054.849609375,,0.4609375,,15999.078125,,0.9765625,,0.5390625,,256.0,,1.02621328830719,,0.0,,1944.2283935546875,,,,,,,,,,,
1,18049,,49674.015625,,0.004641276318579912,,47470.49609375,,0.4921875,,49674.015625,,0.98828125,,0.5078125,,256.0,,0.9897335767745972,,0.00390625,,2203.51953125,,,,,,,,,,,
1,18099,,58375.953125,,0.004657696932554245,,55349.75390625,,0.46875,,58375.953125,,1.0703125,,0.53125,,256.0,,0.9216440916061401,,0.0078125,,3026.1982421875,,,,,,,,,,,
1,18149,,14183.796875,,0.004672138020396233,,12091.71875,,0.515625,,14183.796875,,1.046875,,0.484375,,256.0,,1.000962734222412,,0.00390625,,2092.07861328125,,,,,,,,,,,
1,18199,,15590.1162109375,,0.004817075561732054,,13381.654296875,,0.45703125,,15590.1162109375,,0.98828125,,0.54296875,,256.0,,0.9467191100120544,,0.00390625,,2208.4619140625,,,,,,,,,,,
1,18249,,15248.1162109375,,0.005066914018243551,,12924.3974609375,,0.47265625,,15248.1162109375,,0.95703125,,0.52734375,,256.0,,0.9742953777313232,,0.00390625,,2323.718994140625,,,,,,,,,,,
1,18299,,84446.3046875,,0.005486807785928249,,81744.640625,,0.484375,,84446.3046875,,1.0703125,,0.515625,,256.0,,0.8834196329116821,,0.00390625,,2701.6630859375,,,,,,,,,,,
1,18349,,120228.8828125,,0.004782244097441435,,117342.8046875,,0.4765625,,120228.8828125,,0.859375,,0.5234375,,256.0,,0.8753533363342285,,0.0078125,,2886.0791015625,,,,,,,,,,,
1,18399,,16242.697265625,,0.00469765393063426,,14088.7275390625,,0.51953125,,16242.697265625,,0.93359375,,0.48046875,,256.0,,0.906477689743042,,0.0,,2153.96923828125,,,,,,,,,,,
1,18449,,132998.09375,,0.004614637698978186,,129951.03125,,0.5,,132998.09375,,0.86328125,,0.5,,256.0,,0.8554863929748535,,0.015625,,3047.06494140625,,,,,,,,,,,
1,18499,,15581.7939453125,,0.004751602187752724,,13048.7373046875,,0.47265625,,15581.7939453125,,1.0546875,,0.52734375,,256.0,,1.1130369901657104,,0.0078125,,2533.056640625,,,,,,,,,,,
1,18549,,74508.3515625,,0.00499406224116683,,71810.0,,0.5,,74508.3515625,,0.9609375,,0.5,,256.0,,0.9153491854667664,,0.0078125,,2698.35498046875,,,,,,,,,,,
1,18599,,18841.671875,,0.004891867749392986,,16711.98828125,,0.53515625,,18841.671875,,1.0,,0.46484375,,256.0,,0.8762528300285339,,0.0,,2129.6845703125,,,,,,,,,,,
1,18649,,20161.18359375,,0.0047242543660104275,,17714.142578125,,0.51953125,,20161.18359375,,1.0625,,0.48046875,,256.0,,1.0094780921936035,,0.00390625,,2447.041259765625,,,,,,,,,,,
1,18699,,12152.03515625,,0.00528526259586215,,10014.53515625,,0.48828125,,12152.03515625,,1.0234375,,0.51171875,,256.0,,0.9318839907646179,,0.0,,2137.49951171875,,,,,,,,,,,
1,18749,,13675.673828125,,0.004842166788876057,,11710.068359375,,0.56640625,,13675.673828125,,0.875,,0.43359375,,256.0,,0.8341940641403198,,0.0,,1965.605224609375,,,,,,,,,,,
1,18799,,100309.8671875,,0.004714362323284149,,97623.734375,,0.52734375,,100309.8671875,,0.8203125,,0.47265625,,256.0,,0.8585182428359985,,0.0078125,,2686.135009765625,,,,,,,,,,,
1,18849,,68143.2734375,,0.004630965646356344,,65690.1328125,,0.4921875,,68143.2734375,,1.046875,,0.5078125,,256.0,,0.9972331523895264,,0.00390625,,2453.13818359375,,,,,,,,,,,
1,18899,,20042.103515625,,0.004759280942380428,,17840.798828125,,0.54296875,,20042.103515625,,0.8671875,,0.45703125,,256.0,,0.8231069445610046,,0.0,,2201.304443359375,,,,,,,,,,,
1,18949,,80319.859375,,0.0049769263714551926,,77700.3671875,,0.53515625,,80319.859375,,1.0234375,,0.46484375,,256.0,,0.9305547475814819,,0.00390625,,2619.4912109375,,,,,,,,,,,
1,18999,,13043.9560546875,,0.004752462729811668,,10778.3505859375,,0.50390625,,13043.9560546875,,0.953125,,0.49609375,,256.0,,0.8960380554199219,,0.00390625,,2265.60546875,,,,,,,,,,,
1,19049,,14066.5986328125,,0.005494087003171444,,11731.3818359375,,0.44921875,,14066.5986328125,,1.03125,,0.55078125,,256.0,,0.9685591459274292,,0.00390625,,2335.216796875,,,,,,,,,,,
1,19099,,19547.9609375,,0.0048320116475224495,,17417.265625,,0.51171875,,19547.9609375,,1.109375,,0.48828125,,256.0,,0.965969443321228,,0.0,,2130.695556640625,,,,,,,,,,,
1,19149,,59154.37109375,,0.004984905477613211,,56771.8515625,,0.4765625,,59154.37109375,,0.93359375,,0.5234375,,256.0,,0.8595309257507324,,0.00390625,,2382.52001953125,,,,,,,,,,,
1,19199,,68861.2734375,,0.0047432295978069305,,66416.953125,,0.49609375,,68861.2734375,,1.0078125,,0.50390625,,256.0,,0.9715592265129089,,0.00390625,,2444.318359375,,,,,,,,,,,
1,19249,,19887.564453125,,0.004829531069844961,,17562.23046875,,0.5390625,,19887.564453125,,1.1796875,,0.4609375,,256.0,,1.0573482513427734,,0.00390625,,2325.33349609375,,,,,,,,,,,
1,19299,,19358.58984375,,0.0046822186559438705,,17118.8671875,,0.46484375,,19358.58984375,,1.0078125,,0.53515625,,256.0,,1.010840654373169,,0.00390625,,2239.7216796875,,,,,,,,,,,
1,19349,,17341.248046875,,0.004403792321681976,,15110.3544921875,,0.49609375,,17341.248046875,,1.0390625,,0.50390625,,256.0,,1.0910124778747559,,0.00390625,,2230.89404296875,,,,,,,,,,,
1,19399,,103635.3046875,,0.005094784311950207,,100766.203125,,0.53125,,103635.3046875,,1.171875,,0.46875,,256.0,,1.0672510862350464,,0.0078125,,2869.0986328125,,,,,,,,,,,
1,19449,,15501.951171875,,0.004688790999352932,,13011.505859375,,0.45703125,,15501.951171875,,1.0390625,,0.54296875,,256.0,,0.9780773520469666,,0.0078125,,2490.445068359375,,,,,,,,,,,
1,19499,,12333.427734375,,0.004787269048392773,,10113.7099609375,,0.5390625,,12333.427734375,,1.15625,,0.4609375,,256.0,,1.08139169216156,,0.0078125,,2219.718017578125,,,,,,,,,,,
1,19549,,10827.6142578125,,0.004835153929889202,,8922.5966796875,,0.50390625,,10827.6142578125,,0.9609375,,0.49609375,,256.0,,0.9358508586883545,,0.0,,1905.017578125,,,,,,,,,,,
1,19599,,13084.900390625,,0.0046286131255328655,,11062.5859375,,0.46875,,13084.900390625,,1.03125,,0.53125,,256.0,,0.9782655239105225,,0.0,,2022.31494140625,,,,,,,,,,,
1,19649,,118441.3125,,0.004967011511325836,,115743.7421875,,0.5546875,,118441.3125,,1.046875,,0.4453125,,256.0,,1.038276195526123,,0.0078125,,2697.570068359375,,,,,,,,,,,
1,19699,,92843.328125,,0.0046585677191615105,,89754.1796875,,0.5234375,,92843.328125,,1.0390625,,0.4765625,,256.0,,0.9090521335601807,,0.0078125,,3089.14599609375,,,,,,,,,,,
1,19749,,13397.0703125,,0.004734798800200224,,11470.361328125,,0.46875,,13397.0703125,,0.96875,,0.53125,,256.0,,0.9852457046508789,,0.0,,1926.708984375,,,,,,,,,,,
1,19799,,56826.453125,,0.0046523576602339745,,54294.84765625,,0.50390625,,56826.453125,,1.0546875,,0.49609375,,256.0,,0.9399923086166382,,0.00390625,,2531.60498046875,,,,,,,,,,,
1,19849,,64685.05078125,,0.005074644461274147,,62057.421875,,0.49609375,,64685.05078125,,0.9765625,,0.50390625,,256.0,,0.9714816808700562,,0.0078125,,2627.62890625,,,,,,,,,,,
1,19899,,14703.783203125,,0.004710671957582235,,12373.046875,,0.50390625,,14703.783203125,,1.0546875,,0.49609375,,256.0,,1.0761511325836182,,0.00390625,,2330.736572265625,,,,,,,,,,,
1,19949,,69279.828125,,0.004645999055355787,,66950.6015625,,0.46484375,,69279.828125,,0.9296875,,0.53515625,,256.0,,0.8987424373626709,,0.00390625,,2329.2236328125,,,,,,,,,,,
1,19999,,19852.16015625,,0.0045934151858091354,,17820.853515625,,0.4921875,,19852.16015625,,0.91796875,,0.5078125,,256.0,,0.9218605756759644,,0.0,,2031.306396484375,,,,,,,,,,,
1,20049,,16972.375,,0.004775359760969877,,14967.833984375,,0.515625,,16972.375,,0.99609375,,0.484375,,256.0,,0.9206692576408386,,0.0,,2004.54052734375,,,,,,,,,,,
1,20099,,51631.0546875,,0.005016390234231949,,49339.1015625,,0.5234375,,51631.0546875,,0.83203125,,0.4765625,,256.0,,0.8854840993881226,,0.00390625,,2291.95166015625,,,,,,,,,,,
1,20149,,84493.5,,0.004965438973158598,,81732.90625,,0.4453125,,84493.5,,0.9453125,,0.5546875,,256.0,,0.9117643237113953,,0.0078125,,2760.595703125,,,,,,,,,,,
1,20199,,63717.19140625,,0.004841304384171963,,61417.9609375,,0.48046875,,63717.19140625,,1.109375,,0.51953125,,256.0,,1.0618841648101807,,0.00390625,,2299.22998046875,,,,,,,,,,,
1,20249,,17393.32421875,,0.00486433319747448,,15102.052734375,,0.5078125,,17393.32421875,,0.9921875,,0.4921875,,256.0,,0.9123445749282837,,0.00390625,,2291.27197265625,,,,,,,,,,,
1,20299,,14801.234375,,0.004953066352754831,,12893.0126953125,,0.46484375,,14801.234375,,1.1484375,,0.53515625,,256.0,,1.0885205268859863,,0.0,,1908.2215576171875,,,,,,,,,,,
1,20349,,67335.4453125,,0.004923343192785978,,64740.40234375,,0.515625,,67335.4453125,,1.1015625,,0.484375,,256.0,,0.9898855090141296,,0.00390625,,2595.03955078125,,,,,,,,,,,
1,20399,,121078.5078125,,0.004818284418433905,,118101.0234375,,0.44140625,,121078.5078125,,1.2265625,,0.55859375,,256.0,,1.0833418369293213,,0.01171875,,2977.484375,,,,,,,,,,,
1,20449,,15043.505859375,,0.004795104265213013,,13076.216796875,,0.55078125,,15043.505859375,,0.984375,,0.44921875,,256.0,,0.9866592884063721,,0.0,,1967.289306640625,,,,,,,,,,,
1,20499,,76889.25,,0.004619352053850889,,74177.546875,,0.53515625,,76889.25,,1.0390625,,0.46484375,,256.0,,1.0286712646484375,,0.00390625,,2711.7060546875,,,,,,,,,,,
1,20549,,101310.234375,,0.004908396862447262,,98594.15625,,0.5,,101310.234375,,0.88671875,,0.5,,256.0,,0.8621973395347595,,0.0078125,,2716.08203125,,,,,,,,,,,
1,20599,,13789.0107421875,,0.0052591413259506226,,11871.93359375,,0.55078125,,13789.0107421875,,1.3046875,,0.44921875,,256.0,,1.1352920532226562,,0.00390625,,1917.076904296875,,,,,,,,,,,
1,20649,,13957.95703125,,0.0051957666873931885,,11827.5595703125,,0.515625,,13957.95703125,,0.98046875,,0.484375,,256.0,,0.8550461530685425,,0.0,,2130.39794921875,,,,,,,,,,,
1,20699,,15452.162109375,,0.004636345896869898,,13434.0927734375,,0.515625,,15452.162109375,,0.91015625,,0.484375,,256.0,,0.9200541377067566,,0.0,,2018.06884765625,,,,,,,,,,,
1,20749,,50737.6953125,,0.004702393896877766,,48297.5390625,,0.5,,50737.6953125,,0.83984375,,0.5,,256.0,,0.8175031542778015,,0.0078125,,2440.157958984375,,,,,,,,,,,
1,20799,,14337.673828125,,0.005053583066910505,,12063.927734375,,0.51171875,,14337.673828125,,0.9453125,,0.48828125,,256.0,,0.8682868480682373,,0.00390625,,2273.74658203125,,,,,,,,,,,
1,20849,,17573.998046875,,0.004782943055033684,,15407.34765625,,0.4921875,,17573.998046875,,1.1171875,,0.5078125,,256.0,,1.0752992630004883,,0.00390625,,2166.64990234375,,,,,,,,,,,
1,20899,,12769.4287109375,,0.005219188518822193,,10826.3134765625,,0.50390625,,12769.4287109375,,0.8984375,,0.49609375,,256.0,,0.9252316951751709,,0.0,,1943.115478515625,,,,,,,,,,,
1,20949,,96752.7734375,,0.004986634477972984,,94176.4375,,0.43359375,,96752.7734375,,0.90625,,0.56640625,,256.0,,0.900397539138794,,0.0078125,,2576.33544921875,,,,,,,,,,,
1,20999,,70561.59375,,0.0045416709035634995,,67991.9375,,0.52734375,,70561.59375,,1.0078125,,0.47265625,,256.0,,0.9611086249351501,,0.00390625,,2569.654052734375,,,,,,,,,,,
1,21049,,13298.669921875,,0.005071904510259628,,11250.306640625,,0.43359375,,13298.669921875,,1.0546875,,0.56640625,,256.0,,0.9060382843017578,,0.00390625,,2048.363525390625,,,,,,,,,,,
1,21099,,69599.6640625,,0.005032732151448727,,67025.5859375,,0.4765625,,69599.6640625,,0.94140625,,0.5234375,,256.0,,1.0000663995742798,,0.0078125,,2574.074462890625,,,,,,,,,,,
1,21149,,54226.0078125,,0.0051939962431788445,,51710.8203125,,0.546875,,54226.0078125,,1.0234375,,0.453125,,256.0,,0.9859533309936523,,0.0078125,,2515.1884765625,,,,,,,,,,,
1,21199,,58343.10546875,,0.005010074935853481,,55958.47265625,,0.5234375,,58343.10546875,,0.8671875,,0.4765625,,256.0,,0.855313777923584,,0.00390625,,2384.63134765625,,,,,,,,,,,
1,21249,,14554.560546875,,0.00461458507925272,,12550.6943359375,,0.55859375,,14554.560546875,,0.8671875,,0.44140625,,256.0,,0.922435998916626,,0.0,,2003.866455078125,,,,,,,,,,,
1,21299,,66758.2421875,,0.005017952993512154,,64314.51171875,,0.48828125,,66758.2421875,,1.015625,,0.51171875,,256.0,,0.9750358462333679,,0.00390625,,2443.73193359375,,,,,,,,,,,
1,21349,,13519.759765625,,0.004866438917815685,,11595.8388671875,,0.53125,,13519.759765625,,0.82421875,,0.46875,,256.0,,0.8243968486785889,,0.0,,1923.9208984375,,,,,,,,,,,
1,21399,,16416.455078125,,0.004908079747110605,,14238.6220703125,,0.44140625,,16416.455078125,,1.0625,,0.55859375,,256.0,,1.0822198390960693,,0.00390625,,2177.832763671875,,,,,,,,,,,
1,21449,,123618.28125,,0.004641282372176647,,120866.328125,,0.5,,123618.28125,,0.96875,,0.5,,256.0,,0.8946499228477478,,0.0078125,,2751.955810546875,,,,,,,,,,,
1,21499,,124320.8515625,,0.004853561986237764,,121233.2421875,,0.4609375,,124320.8515625,,0.90625,,0.5390625,,256.0,,0.8700928092002869,,0.015625,,3087.60791015625,,,,,,,,,,,
1,21549,,22434.525390625,,0.005251571536064148,,20443.818359375,,0.49609375,,22434.525390625,,1.0234375,,0.50390625,,256.0,,0.9922840595245361,,0.0,,1990.706787109375,,,,,,,,,,,
1,21599,,12039.166015625,,0.004592017736285925,,9890.9677734375,,0.48828125,,12039.166015625,,0.734375,,0.51171875,,256.0,,0.8199018239974976,,0.00390625,,2148.19775390625,,,,,,,,,,,
1,21649,,93574.21875,,0.0048524001613259315,,91052.578125,,0.4765625,,93574.21875,,0.8671875,,0.5234375,,256.0,,0.8981113433837891,,0.0078125,,2521.63818359375,,,,,,,,,,,
1,21699,,14538.767578125,,0.0047219679690897465,,12619.6533203125,,0.4921875,,14538.767578125,,0.96875,,0.5078125,,256.0,,0.9326746463775635,,0.00390625,,1919.1138916015625,,,,,,,,,,,
1,21749,,13158.3134765625,,0.004607849754393101,,11239.677734375,,0.4453125,,13158.3134765625,,1.0078125,,0.5546875,,256.0,,0.9158912897109985,,0.0,,1918.635986328125,,,,,,,,,,,
1,21799,,16270.17578125,,0.0048791877925395966,,14250.470703125,,0.44140625,,16270.17578125,,0.90234375,,0.55859375,,256.0,,0.875327467918396,,0.0,,2019.70458984375,,,,,,,,,,,
1,21849,,16651.53515625,,0.004870293196290731,,14729.765625,,0.4765625,,16651.53515625,,0.92578125,,0.5234375,,256.0,,0.8849536180496216,,0.0,,1921.76953125,,,,,,,,,,,
1,21899,,80772.28125,,0.004476263653486967,,78136.90625,,0.421875,,80772.28125,,0.80859375,,0.578125,,256.0,,0.795163631439209,,0.0078125,,2635.37744140625,,,,,,,,,,,
1,21949,,52272.14453125,,0.004593414254486561,,49882.046875,,0.515625,,52272.14453125,,0.890625,,0.484375,,256.0,,0.8488849401473999,,0.0078125,,2390.09716796875,,,,,,,,,,,
1,21999,,16929.306640625,,0.004783437121659517,,15009.33984375,,0.53125,,16929.306640625,,1.015625,,0.46875,,256.0,,0.9107157588005066,,0.0,,1919.966796875,,,,,,,,,,,
1,22049,,18379.29296875,,0.0046078916639089584,,16287.0517578125,,0.52734375,,18379.29296875,,0.98046875,,0.47265625,,256.0,,1.014904260635376,,0.0,,2092.240234375,,,,,,,,,,,
1,22099,,20011.15625,,0.004886111244559288,,17884.201171875,,0.47265625,,20011.15625,,1.078125,,0.52734375,,256.0,,1.0793495178222656,,0.0,,2126.9541015625,,,,,,,,,,,
1,22149,,71873.8828125,,0.0049461848102509975,,69650.296875,,0.46484375,,71873.8828125,,1.0,,0.53515625,,256.0,,0.9620819091796875,,0.00390625,,2223.58447265625,,,,,,,,,,,
1,22199,,14847.173828125,,0.004693325143307447,,12901.7568359375,,0.53515625,,14847.173828125,,0.84765625,,0.46484375,,256.0,,0.807384192943573,,0.00390625,,1945.4173583984375,,,,,,,,,,,
1,22249,,17501.404296875,,0.004565475508570671,,15429.5234375,,0.4296875,,17501.404296875,,1.0546875,,0.5703125,,256.0,,1.0768189430236816,,0.0,,2071.881591796875,,,,,,,,,,,
1,22299,,64193.1640625,,0.004526137374341488,,62031.87890625,,0.484375,,64193.1640625,,0.8984375,,0.515625,,256.0,,0.8553306460380554,,0.00390625,,2161.2841796875,,,,,,,,,,,
1,22349,,13341.853515625,,0.004803135059773922,,11154.8984375,,0.5078125,,13341.853515625,,0.75390625,,0.4921875,,256.0,,0.784331738948822,,0.00390625,,2186.955322265625,,,,,,,,,,,
1,22399,,58338.37109375,,0.00513447355479002,,55952.46484375,,0.4921875,,58338.37109375,,0.87890625,,0.5078125,,256.0,,0.8805345892906189,,0.00390625,,2385.907470703125,,,,,,,,,,,
1,22449,,14844.7177734375,,0.006632145494222641,,12355.576171875,,0.5078125,,14844.7177734375,,0.93359375,,0.4921875,,256.0,,0.917523980140686,,0.0078125,,2489.1416015625,,,,,,,,,,,
1,22499,,18097.50390625,,0.004604780580848455,,15722.6201171875,,0.57421875,,18097.50390625,,1.125,,0.42578125,,256.0,,1.0685687065124512,,0.00390625,,2374.8837890625,,,,,,,,,,,
1,22549,,123864.5546875,,0.004538937471807003,,120952.4921875,,0.50390625,,123864.5546875,,0.9375,,0.49609375,,256.0,,0.87193363904953,,0.0078125,,2912.060546875,,,,,,,,,,,
1,22599,,63925.1796875,,0.0046928515657782555,,61436.46875,,0.51171875,,63925.1796875,,0.9609375,,0.48828125,,256.0,,0.9338674545288086,,0.01171875,,2488.7099609375,,,,,,,,,,,
1,22649,,69405.1796875,,0.004999206401407719,,67018.078125,,0.5,,69405.1796875,,0.8671875,,0.5,,256.0,,0.8585352897644043,,0.00390625,,2387.098876953125,,,,,,,,,,,
1,22699,,101519.4140625,,0.005101452581584454,,99060.4609375,,0.50390625,,101519.4140625,,0.859375,,0.49609375,,256.0,,0.9081069827079773,,0.0078125,,2458.950439453125,,,,,,,,,,,
1,22749,,67216.984375,,0.00488292146474123,,64905.83984375,,0.44921875,,67216.984375,,0.9296875,,0.55078125,,256.0,,0.9232417941093445,,0.00390625,,2311.14599609375,,,,,,,,,,,
1,22799,,48971.1484375,,0.004750399850308895,,46589.92578125,,0.53125,,48971.1484375,,1.03125,,0.46875,,256.0,,0.9851568937301636,,0.00390625,,2381.22216796875,,,,,,,,,,,
1,22849,,56151.01953125,,0.005557804834097624,,53863.3125,,0.44921875,,56151.01953125,,0.95703125,,0.55078125,,256.0,,0.9411851763725281,,0.00390625,,2287.707763671875,,,,,,,,,,,
1,22899,,16863.13671875,,0.0044388072565197945,,14627.2119140625,,0.4921875,,16863.13671875,,0.99609375,,0.5078125,,256.0,,0.8719183802604675,,0.00390625,,2235.925048828125,,,,,,,,,,,
1,22949,,15420.22265625,,0.005082028917968273,,13424.8662109375,,0.46484375,,15420.22265625,,0.74609375,,0.53515625,,256.0,,0.7433468699455261,,0.0,,1995.356201171875,,,,,,,,,,,
1,22999,,13694.423828125,,0.00493051391094923,,11785.2509765625,,0.46875,,13694.423828125,,0.86328125,,0.53125,,256.0,,0.8826324343681335,,0.0,,1909.1732177734375,,,,,,,,,,,
1,23049,,57811.09375,,0.00467009237036109,,55030.46484375,,0.54296875,,57811.09375,,0.83203125,,0.45703125,,256.0,,0.8487902879714966,,0.01171875,,2780.6298828125,,,,,,,,,,,
1,23099,,57863.92578125,,0.004489139653742313,,55624.15234375,,0.55078125,,57863.92578125,,1.03125,,0.44921875,,256.0,,0.9940551519393921,,0.00390625,,2239.7744140625,,,,,,,,,,,
1,23149,,61681.12890625,,0.004476100206375122,,59348.61328125,,0.52734375,,61681.12890625,,1.125,,0.47265625,,256.0,,1.0922503471374512,,0.00390625,,2332.514892578125,,,,,,,,,,,
1,23199,,14726.013671875,,0.004860845394432545,,12701.6103515625,,0.515625,,14726.013671875,,1.0390625,,0.484375,,256.0,,1.047432541847229,,0.0,,2024.4031982421875,,,,,,,,,,,
1,23249,,17099.88671875,,0.0050509097054600716,,15016.828125,,0.49609375,,17099.88671875,,0.91015625,,0.50390625,,256.0,,0.8993768692016602,,0.0,,2083.05859375,,,,,,,,,,,
1,23299,,11415.6240234375,,0.004645859822630882,,9636.07421875,,0.56640625,,11415.6240234375,,0.88671875,,0.43359375,,256.0,,0.8762072324752808,,0.0,,1779.5498046875,,,,,,,,,,,
1,23349,,15433.6171875,,0.004739637486636639,,13445.7041015625,,0.49609375,,15433.6171875,,1.0859375,,0.50390625,,256.0,,1.0148981809616089,,0.0,,1987.91259765625,,,,,,,,,,,
1,23399,,16182.0986328125,,0.005185118410736322,,14084.6826171875,,0.51953125,,16182.0986328125,,1.0390625,,0.48046875,,256.0,,1.0068546533584595,,0.00390625,,2097.416259765625,,,,,,,,,,,
1,23449,,187902.71875,,0.004458719398826361,,184827.828125,,0.43359375,,187902.71875,,0.73046875,,0.56640625,,256.0,,0.7626931071281433,,0.01171875,,3074.887451171875,,,,,,,,,,,
1,23499,,58228.2421875,,0.0048681581392884254,,55934.734375,,0.4765625,,58228.2421875,,0.859375,,0.5234375,,256.0,,0.8519381880760193,,0.00390625,,2293.506103515625,,,,,,,,,,,
1,23549,,67462.90625,,0.004654138348996639,,64530.9921875,,0.4765625,,67462.90625,,0.8828125,,0.5234375,,256.0,,0.7988513708114624,,0.01171875,,2931.9140625,,,,,,,,,,,
1,23599,,122694.875,,0.005116064101457596,,119641.4140625,,0.53515625,,122694.875,,0.92578125,,0.46484375,,256.0,,0.8441383242607117,,0.01953125,,3053.462890625,,,,,,,,,,,
1,23649,,16628.7109375,,0.0045809634029865265,,13972.14453125,,0.57421875,,16628.7109375,,0.9609375,,0.42578125,,256.0,,0.9122399091720581,,0.0078125,,2656.56640625,,,,,,,,,,,
1,23699,,69909.609375,,0.004971626214683056,,67590.359375,,0.515625,,69909.609375,,1.0078125,,0.484375,,256.0,,0.9901501536369324,,0.00390625,,2319.2529296875,,,,,,,,,,,
1,23749,,14425.416015625,,0.004591482691466808,,12477.3291015625,,0.4921875,,14425.416015625,,0.99609375,,0.5078125,,256.0,,0.9395610690116882,,0.0,,1948.0867919921875,,,,,,,,,,,
1,23799,,21657.68359375,,0.004503299947828054,,19497.771484375,,0.47265625,,21657.68359375,,0.921875,,0.52734375,,256.0,,0.8846880793571472,,0.00390625,,2159.911865234375,,,,,,,,,,,
1,23849,,19002.765625,,0.004631289280951023,,16740.98046875,,0.53515625,,19002.765625,,0.99609375,,0.46484375,,256.0,,0.9759024381637573,,0.00390625,,2261.7841796875,,,,,,,,,,,
1,23899,,45045.8203125,,0.004978159908205271,,42517.85546875,,0.546875,,45045.8203125,,1.0546875,,0.453125,,256.0,,0.9763951301574707,,0.0078125,,2527.966552734375,,,,,,,,,,,
1,23949,,15610.60546875,,0.004777898080646992,,13650.2294921875,,0.4765625,,15610.60546875,,0.88671875,,0.5234375,,256.0,,0.8701664209365845,,0.0,,1960.3760986328125,,,,,,,,,,,
1,23999,,91525.6640625,,0.004923578351736069,,89017.8359375,,0.53125,,91525.6640625,,0.98828125,,0.46875,,256.0,,0.9645298719406128,,0.00390625,,2507.8291015625,,,,,,,,,,,
1,24049,,51083.28125,,0.004510730039328337,,48823.97265625,,0.484375,,51083.28125,,0.85546875,,0.515625,,256.0,,0.8145006895065308,,0.00390625,,2259.30810546875,,,,,,,,,,,
1,24099,,14989.7734375,,0.004622071050107479,,12923.6875,,0.53125,,14989.7734375,,0.8515625,,0.46875,,256.0,,0.832143247127533,,0.00390625,,2066.08642578125,,,,,,,,,,,
1,24149,,22108.2265625,,0.004690155386924744,,19957.40625,,0.46484375,,22108.2265625,,0.94140625,,0.53515625,,256.0,,0.9119424819946289,,0.0,,2150.821044921875,,,,,,,,,,,
1,24199,,67538.0546875,,0.0046159494668245316,,65037.17578125,,0.53125,,67538.0546875,,0.953125,,0.46875,,256.0,,0.9609142541885376,,0.0078125,,2500.8759765625,,,,,,,,,,,
1,24249,,57930.52734375,,0.004942620173096657,,55373.34375,,0.53515625,,57930.52734375,,1.1484375,,0.46484375,,256.0,,1.0064738988876343,,0.01171875,,2557.1845703125,,,,,,,,,,,
1,24299,,14828.5263671875,,0.00486284215003252,,13060.7294921875,,0.53125,,14828.5263671875,,0.85546875,,0.46875,,256.0,,0.7976834177970886,,0.0,,1767.797119140625,,,,,,,,,,,
1,24349,,14741.0849609375,,0.004536044783890247,,12584.2109375,,0.4453125,,14741.0849609375,,0.90234375,,0.5546875,,256.0,,0.8466569781303406,,0.0078125,,2156.873779296875,,,,,,,,,,,
1,24399,,14136.9091796875,,0.004911606665700674,,12291.53515625,,0.52734375,,14136.9091796875,,0.92578125,,0.47265625,,256.0,,0.8522037267684937,,0.0,,1845.374267578125,,,,,,,,,,,
1,24449,,46485.16796875,,0.004611203446984291,,43897.09375,,0.5078125,,46485.16796875,,0.94921875,,0.4921875,,256.0,,0.9023528099060059,,0.01171875,,2588.07470703125,,,,,,,,,,,
1,24499,,12701.408203125,,0.00517410971224308,,10348.8701171875,,0.48828125,,12701.408203125,,0.953125,,0.51171875,,256.0,,0.900511622428894,,0.0078125,,2352.53857421875,,,,,,,,,,,
1,24549,,64126.70703125,,0.004997860640287399,,61760.0546875,,0.515625,,64126.70703125,,0.8046875,,0.484375,,256.0,,0.8251010775566101,,0.0078125,,2366.65380859375,,,,,,,,,,,
1,24599,,18442.501953125,,0.005005284678190947,,16023.951171875,,0.55078125,,18442.501953125,,0.91015625,,0.44921875,,256.0,,0.8694556951522827,,0.0078125,,2418.550048828125,,,,,,,,,,,
1,24649,,14110.546875,,0.004719382617622614,,11920.4873046875,,0.53515625,,14110.546875,,1.0390625,,0.46484375,,256.0,,0.9776496887207031,,0.00390625,,2190.05908203125,,,,,,,,,,,
1,24699,,56586.984375,,0.004985161125659943,,54460.19140625,,0.5,,56586.984375,,0.8671875,,0.5,,256.0,,0.9024899005889893,,0.00390625,,2126.792724609375,,,,,,,,,,,
1,24749,,14285.5693359375,,0.004508648999035358,,12077.3583984375,,0.4765625,,14285.5693359375,,0.9296875,,0.5234375,,256.0,,0.8834977149963379,,0.00390625,,2208.210693359375,,,,,,,,,,,
1,24799,,15573.0849609375,,0.005028932821005583,,13375.2509765625,,0.4921875,,15573.0849609375,,0.796875,,0.5078125,,256.0,,0.790798544883728,,0.01171875,,2197.833984375,,,,,,,,,,,
1,24849,,14863.10546875,,0.005045916885137558,,12971.6572265625,,0.43359375,,14863.10546875,,0.8046875,,0.56640625,,256.0,,0.8261755704879761,,0.0,,1891.448486328125,,,,,,,,,,,
1,24899,,62439.07421875,,0.004631075542420149,,60031.81640625,,0.51953125,,62439.07421875,,0.671875,,0.48046875,,256.0,,0.715188205242157,,0.00390625,,2407.258056640625,,,,,,,,,,,
1,24949,,15698.4150390625,,0.004794271197170019,,13617.7490234375,,0.4375,,15698.4150390625,,0.984375,,0.5625,,256.0,,0.862318217754364,,0.0,,2080.666015625,,,,,,,,,,,
1,24999,,14946.6201171875,,0.00461452966555953,,12978.7109375,,0.515625,,14946.6201171875,,0.7578125,,0.484375,,256.0,,0.6997979879379272,,0.0,,1967.908935546875,,,,,,,,,,,
1,25049,,68136.609375,,0.004823400638997555,,65462.734375,,0.46875,,68136.609375,,0.8984375,,0.53125,,256.0,,0.8045411109924316,,0.0078125,,2673.874755859375,,,,,,,,,,,
1,25099,,69066.984375,,0.004905092995613813,,66807.09375,,0.50390625,,69066.984375,,0.8359375,,0.49609375,,256.0,,0.8596380949020386,,0.00390625,,2259.892578125,,,,,,,,,,,
1,25149,,70531.640625,,0.004661994054913521,,67778.9140625,,0.48828125,,70531.640625,,0.984375,,0.51171875,,256.0,,0.8640192747116089,,0.01171875,,2752.725830078125,,,,,,,,,,,
1,25199,,15537.1298828125,,0.004697815515100956,,13581.0380859375,,0.46484375,,15537.1298828125,,0.9140625,,0.53515625,,256.0,,0.8675082921981812,,0.0,,1956.0916748046875,,,,,,,,,,,
1,25249,,17486.234375,,0.004601313732564449,,15707.125,,0.5703125,,17486.234375,,0.9375,,0.4296875,,256.0,,0.9476649165153503,,0.0,,1779.10986328125,,,,,,,,,,,
1,25299,,13882.78125,,0.004714588634669781,,11819.453125,,0.54296875,,13882.78125,,0.9375,,0.45703125,,256.0,,0.9438454508781433,,0.00390625,,2063.32763671875,,,,,,,,,,,
1,25349,,123377.6171875,,0.004941360093653202,,120365.3828125,,0.51953125,,123377.6171875,,0.9375,,0.48046875,,256.0,,0.839828372001648,,0.0078125,,3012.232421875,,,,,,,,,,,
1,25399,,17691.2421875,,0.004919420462101698,,15509.2890625,,0.4296875,,17691.2421875,,0.85546875,,0.5703125,,256.0,,0.7973601222038269,,0.00390625,,2181.952392578125,,,,,,,,,,,
1,25449,,13870.396484375,,0.005086621735244989,,11808.2392578125,,0.5,,13870.396484375,,0.87890625,,0.5,,256.0,,0.8623600006103516,,0.00390625,,2062.156982421875,,,,,,,,,,,
1,25499,,19971.294921875,,0.004677806049585342,,17922.294921875,,0.46875,,19971.294921875,,0.96484375,,0.53125,,256.0,,0.8578771948814392,,0.00390625,,2049.00048828125,,,,,,,,,,,
1,25549,,58628.4765625,,0.004790249280631542,,56451.48828125,,0.54296875,,58628.4765625,,0.7734375,,0.45703125,,256.0,,0.7542169094085693,,0.0078125,,2176.988525390625,,,,,,,,,,,
1,25591,,,,,,,,,,,,,,,,,,,,,,,18868.65234375,0.004860734101384878,16932.087890625,0.4998077154159546,18868.65234375,0.9388598799705505,0.5001922845840454,255.98416137695312,0.8929615616798401,0.0010014981962740421,1936.544189453125
1,25591,48503.76171875,,0.004854205064475536,,46044.0546875,,0.49967214465141296,,48503.76171875,,1.0463825464248657,,0.5003278851509094,,256.0,,1.0077438354492188,,0.005130997858941555,,2459.604248046875,,,,,,,,,,,,
2,25599,,18852.033203125,,0.004974316339939833,,16362.3798828125,,0.51171875,,18852.033203125,,0.96875,,0.48828125,,256.0,,0.9357495307922363,,0.0078125,,2489.65380859375,,,,,,,,,,,
2,25649,,62048.0703125,,0.004748516716063023,,59860.95703125,,0.48046875,,62048.0703125,,0.83203125,,0.51953125,,256.0,,0.8152081370353699,,0.00390625,,2187.11279296875,,,,,,,,,,,
2,25699,,48726.14453125,,0.004763783421367407,,46457.8203125,,0.5,,48726.14453125,,0.80859375,,0.5,,256.0,,0.7263023257255554,,0.00390625,,2268.32568359375,,,,,,,,,,,
2,25749,,13629.044921875,,0.004653709940612316,,11917.81640625,,0.44921875,,13629.044921875,,0.96875,,0.55078125,,256.0,,0.8541945219039917,,0.0,,1711.228515625,,,,,,,,,,,
2,25799,,59280.9765625,,0.00490040285512805,,57086.0859375,,0.5234375,,59280.9765625,,0.94921875,,0.4765625,,256.0,,0.8732212781906128,,0.00390625,,2194.89208984375,,,,,,,,,,,
2,25849,,13111.2333984375,,0.004879592917859554,,11198.94921875,,0.51953125,,13111.2333984375,,0.94921875,,0.48046875,,256.0,,0.9208064079284668,,0.0,,1912.2841796875,,,,,,,,,,,
2,25899,,97364.7109375,,0.004682385828346014,,94758.4375,,0.5078125,,97364.7109375,,0.78125,,0.4921875,,256.0,,0.721157431602478,,0.0078125,,2606.2705078125,,,,,,,,,,,
2,25949,,55787.46875,,0.004689156077802181,,53275.30078125,,0.45703125,,55787.46875,,0.69921875,,0.54296875,,256.0,,0.7748078107833862,,0.0078125,,2512.166259765625,,,,,,,,,,,
2,25999,,57376.70703125,,0.004764579236507416,,54973.74609375,,0.484375,,57376.70703125,,0.84375,,0.515625,,256.0,,0.9311337471008301,,0.0078125,,2402.95947265625,,,,,,,,,,,
2,26049,,52996.30859375,,0.004761622287333012,,50946.1484375,,0.51171875,,52996.30859375,,0.74609375,,0.48828125,,256.0,,0.7159664034843445,,0.00390625,,2050.1611328125,,,,,,,,,,,
2,26099,,14667.955078125,,0.004795875400304794,,12582.349609375,,0.4765625,,14667.955078125,,0.69140625,,0.5234375,,256.0,,0.6671843528747559,,0.0078125,,2085.60546875,,,,,,,,,,,
2,26149,,17347.01171875,,0.00461841095238924,,15489.3017578125,,0.46875,,17347.01171875,,0.8515625,,0.53125,,256.0,,0.9126447439193726,,0.00390625,,1857.7100830078125,,,,,,,,,,,
2,26199,,14704.908203125,,0.0049804747104644775,,12664.5419921875,,0.515625,,14704.908203125,,0.98828125,,0.484375,,256.0,,0.9775393009185791,,0.00390625,,2040.36669921875,,,,,,,,,,,
2,26249,,63238.2109375,,0.004509083926677704,,61163.125,,0.53125,,63238.2109375,,0.8359375,,0.46875,,256.0,,0.8578349947929382,,0.00390625,,2075.085205078125,,,,,,,,,,,
2,26299,,69183.984375,,0.004595188423991203,,66904.3515625,,0.45703125,,69183.984375,,0.859375,,0.54296875,,256.0,,0.8027607202529907,,0.00390625,,2279.63232421875,,,,,,,,,,,
2,26349,,15415.01953125,,0.00464572012424469,,13552.8828125,,0.453125,,15415.01953125,,0.765625,,0.546875,,256.0,,0.7876796722412109,,0.0,,1862.13720703125,,,,,,,,,,,
2,26399,,69332.0234375,,0.004790225066244602,,66766.25,,0.46875,,69332.0234375,,0.7578125,,0.53125,,256.0,,0.7175575494766235,,0.00390625,,2565.772705078125,,,,,,,,,,,
2,26449,,17680.05859375,,0.0045313406735658646,,15730.68359375,,0.4921875,,17680.05859375,,0.875,,0.5078125,,256.0,,0.8508211970329285,,0.0,,1949.3756103515625,,,,,,,,,,,
2,26499,,17136.287109375,,0.0046514044515788555,,14987.3115234375,,0.5546875,,17136.287109375,,0.9921875,,0.4453125,,256.0,,0.893585205078125,,0.0078125,,2148.975341796875,,,,,,,,,,,
2,26549,,71572.0390625,,0.004616252612322569,,69407.109375,,0.53515625,,71572.0390625,,0.7734375,,0.46484375,,256.0,,0.7858781218528748,,0.00390625,,2164.92626953125,,,,,,,,,,,
2,26599,,111353.015625,,0.0049976771697402,,108848.2734375,,0.453125,,111353.015625,,0.91796875,,0.546875,,256.0,,0.8637261390686035,,0.01171875,,2504.741455078125,,,,,,,,,,,
2,26649,,118251.84375,,0.005572439171373844,,115236.2890625,,0.47265625,,118251.84375,,0.7109375,,0.52734375,,256.0,,0.7061711549758911,,0.01171875,,3015.555908203125,,,,,,,,,,,
2,26699,,13393.30859375,,0.005122227594256401,,11421.048828125,,0.515625,,13393.30859375,,0.8671875,,0.484375,,256.0,,0.8515433073043823,,0.0,,1972.259521484375,,,,,,,,,,,
2,26749,,58793.1328125,,0.0051555628888309,,56412.99609375,,0.48828125,,58793.1328125,,0.82421875,,0.51171875,,256.0,,0.8648004531860352,,0.0078125,,2380.13623046875,,,,,,,,,,,
2,26799,,12265.7197265625,,0.004854484926909208,,10311.33984375,,0.4609375,,12265.7197265625,,0.8125,,0.5390625,,256.0,,0.804177463054657,,0.00390625,,1954.3800048828125,,,,,,,,,,,
2,26849,,13195.7119140625,,0.004548416472971439,,11355.4453125,,0.55859375,,13195.7119140625,,0.83203125,,0.44140625,,256.0,,0.7510978579521179,,0.0,,1840.266845703125,,,,,,,,,,,
2,26899,,69298.921875,,0.004581020213663578,,67281.7265625,,0.4765625,,69298.921875,,0.63671875,,0.5234375,,256.0,,0.6880331039428711,,0.00390625,,2017.196044921875,,,,,,,,,,,
2,26949,,73103.8359375,,0.004778733476996422,,70761.3984375,,0.45703125,,73103.8359375,,0.83203125,,0.54296875,,256.0,,0.7632924318313599,,0.0078125,,2342.43603515625,,,,,,,,,,,
2,26999,,187949.75,,0.0045380014926195145,,184913.984375,,0.5859375,,187949.75,,0.7734375,,0.4140625,,256.0,,0.780503511428833,,0.015625,,3035.7705078125,,,,,,,,,,,
2,27049,,15548.0087890625,,0.004876257386058569,,13706.638671875,,0.5546875,,15548.0087890625,,0.83203125,,0.4453125,,256.0,,0.7857531309127808,,0.0,,1841.369873046875,,,,,,,,,,,
2,27099,,14283.984375,,0.0049529834650456905,,12378.56640625,,0.53515625,,14283.984375,,0.828125,,0.46484375,,256.0,,0.833450973033905,,0.0,,1905.41748046875,,,,,,,,,,,
2,27149,,54918.67578125,,0.004943133797496557,,52804.6875,,0.5,,54918.67578125,,0.6953125,,0.5,,256.0,,0.6461384296417236,,0.00390625,,2113.986572265625,,,,,,,,,,,
2,27199,,47451.3203125,,0.0047784363850951195,,45336.09765625,,0.47265625,,47451.3203125,,0.91015625,,0.52734375,,256.0,,0.9143120646476746,,0.00390625,,2115.224609375,,,,,,,,,,,
2,27249,,102862.59375,,0.00487660663202405,,100201.7890625,,0.51171875,,102862.59375,,0.8359375,,0.48828125,,256.0,,0.738376259803772,,0.0078125,,2660.80224609375,,,,,,,,,,,
2,27299,,13799.412109375,,0.004694401752203703,,11979.208984375,,0.5546875,,13799.412109375,,0.890625,,0.4453125,,256.0,,0.9213306903839111,,0.0,,1820.2034912109375,,,,,,,,,,,
2,27349,,19295.369140625,,0.0051118843257427216,,17314.8671875,,0.53125,,19295.369140625,,0.92578125,,0.46875,,256.0,,0.7230002284049988,,0.00390625,,1980.50146484375,,,,,,,,,,,
2,27399,,106407.046875,,0.005184100940823555,,103498.4375,,0.51171875,,106407.046875,,0.78125,,0.48828125,,256.0,,0.7567445039749146,,0.015625,,2908.60546875,,,,,,,,,,,
2,27449,,13940.509765625,,0.004583932459354401,,11995.2646484375,,0.48828125,,13940.509765625,,0.875,,0.51171875,,256.0,,0.8470019102096558,,0.0,,1945.2451171875,,,,,,,,,,,
2,27499,,13230.1123046875,,0.0049425456672906876,,11454.8330078125,,0.48046875,,13230.1123046875,,0.64453125,,0.51953125,,256.0,,0.6430163383483887,,0.0,,1775.2794189453125,,,,,,,,,,,
2,27549,,15583.1435546875,,0.00484946183860302,,13761.7216796875,,0.5,,15583.1435546875,,0.72265625,,0.5,,256.0,,0.6913470029830933,,0.0,,1821.422119140625,,,,,,,,,,,
2,27599,,66749.8203125,,0.00464618718251586,,64452.578125,,0.5546875,,66749.8203125,,0.7890625,,0.4453125,,256.0,,0.7623790502548218,,0.00390625,,2297.240234375,,,,,,,,,,,
2,27649,,118782.765625,,0.0048781647346913815,,116329.609375,,0.4921875,,118782.765625,,0.75390625,,0.5078125,,256.0,,0.7169430255889893,,0.0078125,,2453.158203125,,,,,,,,,,,
2,27699,,17513.10546875,,0.004718317650258541,,15659.3447265625,,0.5390625,,17513.10546875,,0.8125,,0.4609375,,256.0,,0.8384515643119812,,0.0,,1853.760986328125,,,,,,,,,,,
2,27749,,14561.9931640625,,0.004791258834302425,,12618.4716796875,,0.51171875,,14561.9931640625,,0.8125,,0.48828125,,256.0,,0.8152949810028076,,0.0,,1943.521728515625,,,,,,,,,,,
2,27799,,12730.943359375,,0.004999835044145584,,10537.4013671875,,0.50390625,,12730.943359375,,0.6875,,0.49609375,,256.0,,0.6603214740753174,,0.00390625,,2193.542236328125,,,,,,,,,,,
2,27849,,11641.326171875,,0.004658091347664595,,9765.701171875,,0.484375,,11641.326171875,,0.91796875,,0.515625,,256.0,,0.8449751734733582,,0.0,,1875.625244140625,,,,,,,,,,,
2,27899,,16158.2685546875,,0.004481635522097349,,14263.40625,,0.53125,,16158.2685546875,,0.92578125,,0.46875,,256.0,,0.8406085968017578,,0.0,,1894.8623046875,,,,,,,,,,,
2,27949,,14997.505859375,,0.0047860415652394295,,12861.1416015625,,0.51953125,,14997.505859375,,0.8828125,,0.48046875,,256.0,,0.872550904750824,,0.01171875,,2136.36376953125,,,,,,,,,,,
2,27999,,15978.767578125,,0.004960325080901384,,14036.0439453125,,0.50390625,,15978.767578125,,0.8671875,,0.49609375,,256.0,,0.8682553172111511,,0.0,,1942.7239990234375,,,,,,,,,,,
2,28049,,61738.671875,,0.004861869849264622,,59474.33203125,,0.5078125,,61738.671875,,0.84375,,0.4921875,,256.0,,0.7755398750305176,,0.0078125,,2264.34033203125,,,,,,,,,,,
2,28099,,61488.70703125,,0.004793990403413773,,59021.65234375,,0.5390625,,61488.70703125,,0.88671875,,0.4609375,,256.0,,0.7931342124938965,,0.0078125,,2467.0546875,,,,,,,,,,,
2,28149,,9591.66796875,,0.004946890752762556,,7856.97509765625,,0.52734375,,9591.66796875,,0.7578125,,0.47265625,,256.0,,0.6941536664962769,,0.0,,1734.6925048828125,,,,,,,,,,,
2,28199,,13601.0185546875,,0.004761605057865381,,11773.564453125,,0.51953125,,13601.0185546875,,0.85546875,,0.48046875,,256.0,,0.7701415419578552,,0.0,,1827.4541015625,,,,,,,,,,,
2,28249,,16815.98046875,,0.005219685845077038,,14919.8916015625,,0.51171875,,16815.98046875,,0.875,,0.48828125,,256.0,,0.7714284658432007,,0.0,,1896.08984375,,,,,,,,,,,
2,28299,,60572.66796875,,0.004743131808936596,,58411.91796875,,0.53125,,60572.66796875,,0.8203125,,0.46875,,256.0,,0.8120651245117188,,0.00390625,,2160.751220703125,,,,,,,,,,,
2,28349,,97550.1171875,,0.004505505319684744,,94917.296875,,0.484375,,97550.1171875,,0.74609375,,0.515625,,256.0,,0.736690878868103,,0.01171875,,2632.81689453125,,,,,,,,,,,
2,28399,,167096.171875,,0.004763307515531778,,164065.953125,,0.51953125,,167096.171875,,0.87890625,,0.48046875,,256.0,,0.7840883731842041,,0.01171875,,3030.2138671875,,,,,,,,,,,
2,28449,,15104.88671875,,0.00442231772467494,,13001.6826171875,,0.5078125,,15104.88671875,,0.79296875,,0.4921875,,256.0,,0.8095155954360962,,0.00390625,,2103.20361328125,,,,,,,,,,,
2,28499,,22225.0703125,,0.00461205281317234,,20373.142578125,,0.546875,,22225.0703125,,0.703125,,0.453125,,256.0,,0.7159189581871033,,0.0,,1851.9287109375,,,,,,,,,,,
2,28549,,20346.998046875,,0.010221501812338829,,17696.99609375,,0.484375,,20346.998046875,,0.734375,,0.515625,,256.0,,0.6631718873977661,,0.01171875,,2650.001708984375,,,,,,,,,,,
2,28599,,15897.59375,,0.004731740336865187,,14080.318359375,,0.48046875,,15897.59375,,0.8984375,,0.51953125,,256.0,,0.8227187991142273,,0.0,,1817.275146484375,,,,,,,,,,,
2,28649,,18051.765625,,0.004734375048428774,,16176.0166015625,,0.53515625,,18051.765625,,0.58984375,,0.46484375,,256.0,,0.6259899139404297,,0.00390625,,1875.7489013671875,,,,,,,,,,,
2,28699,,13748.2353515625,,0.004966159351170063,,12016.513671875,,0.4765625,,13748.2353515625,,0.7890625,,0.5234375,,256.0,,0.7289983034133911,,0.0,,1731.721923828125,,,,,,,,,,,
2,28749,,68658.953125,,0.005024809390306473,,66331.9375,,0.515625,,68658.953125,,0.88671875,,0.484375,,256.0,,0.9087828993797302,,0.00390625,,2327.01318359375,,,,,,,,,,,
2,28799,,11884.875,,0.00493383826687932,,9785.6357421875,,0.50390625,,11884.875,,0.88671875,,0.49609375,,256.0,,0.7872217893600464,,0.00390625,,2099.2392578125,,,,,,,,,,,
2,28849,,19667.43359375,,0.004660068079829216,,17573.9453125,,0.5,,19667.43359375,,1.015625,,0.5,,256.0,,0.9177641272544861,,0.00390625,,2093.489013671875,,,,,,,,,,,
2,28899,,67955.4609375,,0.004961327649652958,,65687.0234375,,0.51171875,,67955.4609375,,0.80859375,,0.48828125,,256.0,,0.7239891290664673,,0.0078125,,2268.437255859375,,,,,,,,,,,
2,28949,,94225.875,,0.004815353080630302,,91756.9453125,,0.53125,,94225.875,,0.8125,,0.46875,,256.0,,0.7588491439819336,,0.015625,,2468.933349609375,,,,,,,,,,,
2,28999,,14368.8671875,,0.005043365992605686,,12112.5615234375,,0.52734375,,14368.8671875,,0.7734375,,0.47265625,,256.0,,0.712300717830658,,0.00390625,,2256.30615234375,,,,,,,,,,,
2,29049,,61466.9296875,,0.004469286650419235,,59065.87890625,,0.515625,,61466.9296875,,1.015625,,0.484375,,256.0,,1.0585927963256836,,0.01171875,,2401.04931640625,,,,,,,,,,,
2,29099,,59637.84375,,0.004953816067427397,,57382.92578125,,0.51171875,,59637.84375,,0.7734375,,0.48828125,,256.0,,0.8119463920593262,,0.00390625,,2254.918701171875,,,,,,,,,,,
2,29149,,13381.34375,,0.004738549701869488,,11433.2666015625,,0.4921875,,13381.34375,,0.73828125,,0.5078125,,256.0,,0.7655271291732788,,0.00390625,,1948.076904296875,,,,,,,,,,,
2,29199,,11864.1552734375,,0.004610979929566383,,10143.1640625,,0.51953125,,11864.1552734375,,0.80078125,,0.48046875,,256.0,,0.7927367091178894,,0.0,,1720.9913330078125,,,,,,,,,,,
2,29249,,147757.578125,,0.004842450376600027,,145034.0625,,0.5234375,,147757.578125,,1.0,,0.4765625,,256.0,,0.8984887599945068,,0.01171875,,2723.509033203125,,,,,,,,,,,
2,29299,,18007.919921875,,0.0048217251896858215,,16070.0830078125,,0.50390625,,18007.919921875,,0.6953125,,0.49609375,,256.0,,0.7069775462150574,,0.00390625,,1937.83740234375,,,,,,,,,,,
2,29349,,12054.90234375,,0.0048970310017466545,,10212.5146484375,,0.4921875,,12054.90234375,,1.0,,0.5078125,,256.0,,0.9232465028762817,,0.00390625,,1842.3875732421875,,,,,,,,,,,
2,29399,,20737.0703125,,0.004653909709304571,,18745.654296875,,0.55859375,,20737.0703125,,0.94921875,,0.44140625,,256.0,,0.8633264899253845,,0.00390625,,1991.4163818359375,,,,,,,,,,,
2,29449,,15243.615234375,,0.004912517499178648,,13339.8759765625,,0.53515625,,15243.615234375,,0.76953125,,0.46484375,,256.0,,0.8030497431755066,,0.0,,1903.7392578125,,,,,,,,,,,
2,29499,,10662.2265625,,0.004440126940608025,,8736.2666015625,,0.47265625,,10662.2265625,,0.765625,,0.52734375,,256.0,,0.8230568766593933,,0.00390625,,1925.9600830078125,,,,,,,,,,,
2,29549,,19295.0234375,,0.005147276446223259,,17228.162109375,,0.4765625,,19295.0234375,,0.9453125,,0.5234375,,256.0,,0.9163178205490112,,0.00390625,,2066.8623046875,,,,,,,,,,,
2,29599,,21210.982421875,,0.005237394478172064,,19083.2421875,,0.45703125,,21210.982421875,,0.7578125,,0.54296875,,256.0,,0.6954209208488464,,0.00390625,,2127.73974609375,,,,,,,,,,,
2,29649,,135855.453125,,0.00477563077583909,,132979.0,,0.46875,,135855.453125,,0.87890625,,0.53125,,256.0,,0.8310937881469727,,0.01171875,,2876.4541015625,,,,,,,,,,,
2,29699,,56668.859375,,0.004873919300734997,,54479.02734375,,0.546875,,56668.859375,,0.77734375,,0.453125,,256.0,,0.766837477684021,,0.00390625,,2189.833984375,,,,,,,,,,,
2,29749,,75833.1328125,,0.004914929158985615,,73271.03125,,0.453125,,75833.1328125,,0.67578125,,0.546875,,256.0,,0.7651932239532471,,0.0078125,,2562.10205078125,,,,,,,,,,,
2,29799,,60747.5546875,,0.004677846562117338,,58396.23828125,,0.5078125,,60747.5546875,,0.671875,,0.4921875,,256.0,,0.6417896747589111,,0.0078125,,2351.317138671875,,,,,,,,,,,
2,29849,,64383.17578125,,0.004657034762203693,,61675.23828125,,0.48046875,,64383.17578125,,0.84375,,0.51953125,,256.0,,0.7945593595504761,,0.015625,,2707.93701171875,,,,,,,,,,,
2,29899,,73972.3359375,,0.004894442856311798,,71849.1953125,,0.47265625,,73972.3359375,,0.640625,,0.52734375,,256.0,,0.6625233888626099,,0.00390625,,2123.1376953125,,,,,,,,,,,
2,29949,,18463.92578125,,0.004543585237115622,,16626.072265625,,0.53125,,18463.92578125,,0.8046875,,0.46875,,256.0,,0.8273602724075317,,0.0,,1837.854248046875,,,,,,,,,,,
2,29999,,59280.44140625,,0.004591645672917366,,57097.45703125,,0.5,,59280.44140625,,0.76953125,,0.5,,256.0,,0.7602877020835876,,0.00390625,,2182.98486328125,,,,,,,,,,,
2,30049,,16389.255859375,,0.0046067070215940475,,14557.04296875,,0.51953125,,16389.255859375,,0.66015625,,0.48046875,,256.0,,0.6556090712547302,,0.00390625,,1832.213623046875,,,,,,,,,,,
2,30099,,21649.921875,,0.005046533420681953,,19651.740234375,,0.48046875,,21649.921875,,0.7578125,,0.51953125,,256.0,,0.7586197853088379,,0.0,,1998.1806640625,,,,,,,,,,,
2,30149,,63309.69140625,,0.004567830823361874,,61194.16796875,,0.515625,,63309.69140625,,0.77734375,,0.484375,,256.0,,0.7387890219688416,,0.00390625,,2115.524169921875,,,,,,,,,,,
2,30199,,110489.3515625,,0.004747198894619942,,107799.765625,,0.4453125,,110489.3515625,,0.8828125,,0.5546875,,256.0,,0.7797716856002808,,0.015625,,2689.5830078125,,,,,,,,,,,
2,30249,,115690.609375,,0.0045076883397996426,,113234.2734375,,0.4609375,,115690.609375,,0.703125,,0.5390625,,256.0,,0.6503818035125732,,0.0078125,,2456.3330078125,,,,,,,,,,,
2,30299,,20981.16796875,,0.005092530976980925,,19079.6484375,,0.5546875,,20981.16796875,,0.71875,,0.4453125,,256.0,,0.7132472991943359,,0.0,,1901.519775390625,,,,,,,,,,,
2,30349,,18663.88671875,,0.0049606552347540855,,16797.734375,,0.5234375,,18663.88671875,,0.87109375,,0.4765625,,256.0,,0.8123614192008972,,0.0,,1866.15283203125,,,,,,,,,,,
2,30399,,13615.26171875,,0.004911074414849281,,11893.42578125,,0.5078125,,13615.26171875,,0.69921875,,0.4921875,,256.0,,0.6930956244468689,,0.0,,1721.836181640625,,,,,,,,,,,
2,30449,,86920.9609375,,0.004591426812112331,,84456.03125,,0.5390625,,86920.9609375,,0.81640625,,0.4609375,,256.0,,0.8380376696586609,,0.01171875,,2464.930419921875,,,,,,,,,,,
2,30499,,64369.05078125,,0.004445455502718687,,61775.79296875,,0.421875,,64369.05078125,,0.71484375,,0.578125,,256.0,,0.6261670589447021,,0.0078125,,2593.258056640625,,,,,,,,,,,
2,30549,,15049.5546875,,0.004823897033929825,,13211.5283203125,,0.515625,,15049.5546875,,0.98046875,,0.484375,,256.0,,0.9333244562149048,,0.0,,1838.026611328125,,,,,,,,,,,
2,30599,,89250.3203125,,0.004590027965605259,,86925.4609375,,0.515625,,89250.3203125,,0.81640625,,0.484375,,256.0,,0.8393384218215942,,0.00390625,,2324.857666015625,,,,,,,,,,,
2,30649,,13865.97265625,,0.004715701099485159,,11643.810546875,,0.4921875,,13865.97265625,,0.93359375,,0.5078125,,256.0,,0.903618335723877,,0.0078125,,2222.162109375,,,,,,,,,,,
2,30699,,61990.41796875,,0.005045032128691673,,59258.92578125,,0.4765625,,61990.41796875,,0.94921875,,0.5234375,,256.0,,0.8605294227600098,,0.01171875,,2731.4931640625,,,,,,,,,,,
2,30749,,13198.9375,,0.004704456776380539,,11393.658203125,,0.5234375,,13198.9375,,0.91796875,,0.4765625,,256.0,,0.803244948387146,,0.0,,1805.2789306640625,,,,,,,,,,,
2,30799,,148480.375,,0.004697041120380163,,145835.4375,,0.52734375,,148480.375,,0.71484375,,0.47265625,,256.0,,0.6644772291183472,,0.01171875,,2644.94287109375,,,,,,,,,,,
2,30849,,60717.2734375,,0.004727455787360668,,58527.19140625,,0.52734375,,60717.2734375,,0.81640625,,0.47265625,,256.0,,0.7137367725372314,,0.0078125,,2190.08203125,,,,,,,,,,,
2,30899,,16366.8173828125,,0.0049115801230072975,,14008.2509765625,,0.4921875,,16366.8173828125,,0.70703125,,0.5078125,,256.0,,0.7227766513824463,,0.00390625,,2358.56640625,,,,,,,,,,,
2,30949,,13407.9208984375,,0.004843826871365309,,11644.376953125,,0.5234375,,13407.9208984375,,0.8125,,0.4765625,,256.0,,0.8115534782409668,,0.0,,1763.5439453125,,,,,,,,,,,
2,30999,,20468.05078125,,0.0052901278249919415,,18429.83203125,,0.484375,,20468.05078125,,0.8515625,,0.515625,,256.0,,0.8062035441398621,,0.00390625,,2038.21923828125,,,,,,,,,,,
2,31049,,15053.7392578125,,0.0047740815207362175,,12837.1513671875,,0.484375,,15053.7392578125,,0.875,,0.515625,,256.0,,0.851955771446228,,0.00390625,,2216.587890625,,,,,,,,,,,
2,31099,,59894.48828125,,0.004868183750659227,,57833.75390625,,0.48828125,,59894.48828125,,0.765625,,0.51171875,,256.0,,0.7861446738243103,,0.00390625,,2060.734375,,,,,,,,,,,
2,31149,,21153.5859375,,0.00488174008205533,,19257.8984375,,0.44140625,,21153.5859375,,0.482421875,,0.55859375,,256.0,,0.5226234197616577,,0.0,,1895.6875,,,,,,,,,,,
2,31199,,84288.5390625,,0.004706177394837141,,81852.3671875,,0.47265625,,84288.5390625,,0.50390625,,0.52734375,,256.0,,0.5257532000541687,,0.0078125,,2436.17138671875,,,,,,,,,,,
2,31249,,15760.0703125,,0.00491947028785944,,13935.30859375,,0.515625,,15760.0703125,,0.62109375,,0.484375,,256.0,,0.6231763362884521,,0.0,,1824.76171875,,,,,,,,,,,
2,31299,,16034.3984375,,0.00486203795298934,,14293.884765625,,0.51171875,,16034.3984375,,0.9140625,,0.48828125,,256.0,,0.8008169531822205,,0.0,,1740.51416015625,,,,,,,,,,,
2,31349,,13876.015625,,0.004967216402292252,,11870.1767578125,,0.52734375,,13876.015625,,0.7578125,,0.47265625,,256.0,,0.7702271342277527,,0.00390625,,2005.8387451171875,,,,,,,,,,,
2,31399,,86536.7265625,,0.004795146640390158,,84072.421875,,0.48828125,,86536.7265625,,0.8203125,,0.51171875,,256.0,,0.7332221865653992,,0.0078125,,2464.306640625,,,,,,,,,,,
2,31449,,96319.2578125,,0.004903092049062252,,93721.125,,0.4453125,,96319.2578125,,0.66015625,,0.5546875,,256.0,,0.6678330302238464,,0.015625,,2598.1318359375,,,,,,,,,,,
2,31499,,55995.578125,,0.004956771619617939,,53810.09375,,0.49609375,,55995.578125,,0.8359375,,0.50390625,,256.0,,0.7996031641960144,,0.0078125,,2185.485107421875,,,,,,,,,,,
2,31549,,14587.6591796875,,0.00534453010186553,,12834.796875,,0.5,,14587.6591796875,,0.71484375,,0.5,,256.0,,0.7115277051925659,,0.0,,1752.862548828125,,,,,,,,,,,
2,31599,,69780.296875,,0.0046326639130711555,,67160.0234375,,0.55078125,,69780.296875,,0.76953125,,0.44921875,,256.0,,0.7652806639671326,,0.01171875,,2620.271484375,,,,,,,,,,,
2,31649,,70826.5234375,,0.004860104992985725,,68564.625,,0.5234375,,70826.5234375,,0.7578125,,0.4765625,,256.0,,0.8102558851242065,,0.00390625,,2261.8994140625,,,,,,,,,,,
2,31699,,12862.630859375,,0.004913993179798126,,10992.1669921875,,0.44140625,,12862.630859375,,0.65234375,,0.55859375,,256.0,,0.6477262377738953,,0.0,,1870.463623046875,,,,,,,,,,,
2,31749,,53608.88671875,,0.004460454918444157,,51640.8203125,,0.52734375,,53608.88671875,,0.91015625,,0.47265625,,256.0,,0.8699231147766113,,0.00390625,,1968.0657958984375,,,,,,,,,,,
2,31799,,14381.388671875,,0.004701828118413687,,12334.41015625,,0.51953125,,14381.388671875,,0.7109375,,0.48046875,,256.0,,0.678678035736084,,0.00390625,,2046.978515625,,,,,,,,,,,
2,31849,,21556.65234375,,0.004787184298038483,,19740.9765625,,0.46484375,,21556.65234375,,0.6875,,0.53515625,,256.0,,0.6941903829574585,,0.0,,1815.6761474609375,,,,,,,,,,,
2,31899,,13431.3046875,,0.004746265709400177,,11558.7314453125,,0.515625,,13431.3046875,,0.75390625,,0.484375,,256.0,,0.7144374251365662,,0.0,,1872.57373046875,,,,,,,,,,,
2,31949,,16561.60546875,,0.0049863094463944435,,14704.3828125,,0.515625,,16561.60546875,,0.84765625,,0.484375,,256.0,,0.7540408968925476,,0.0,,1857.22265625,,,,,,,,,,,
2,31999,,15322.546875,,0.004899431020021439,,13407.1767578125,,0.46484375,,15322.546875,,0.7578125,,0.53515625,,256.0,,0.6900539398193359,,0.0,,1915.37060546875,,,,,,,,,,,
2,32049,,59718.0078125,,0.005154753103852272,,57451.5,,0.453125,,59718.0078125,,0.734375,,0.546875,,256.0,,0.6698945760726929,,0.00390625,,2266.506103515625,,,,,,,,,,,
2,32099,,61316.2578125,,0.004693315364420414,,58998.7578125,,0.4765625,,61316.2578125,,0.8359375,,0.5234375,,256.0,,0.8102282285690308,,0.00390625,,2317.500244140625,,,,,,,,,,,
2,32149,,16085.287109375,,0.004935061559081078,,13658.8212890625,,0.45703125,,16085.287109375,,0.921875,,0.54296875,,256.0,,0.8471311926841736,,0.0078125,,2426.46533203125,,,,,,,,,,,
2,32199,,19380.45703125,,0.004691353067755699,,17038.826171875,,0.515625,,19380.45703125,,0.703125,,0.484375,,256.0,,0.7092480659484863,,0.01171875,,2341.630615234375,,,,,,,,,,,
2,32249,,13616.1845703125,,0.004643035586923361,,11821.4580078125,,0.46484375,,13616.1845703125,,0.8125,,0.53515625,,256.0,,0.7299095988273621,,0.0,,1794.726318359375,,,,,,,,,,,
2,32299,,74630.34375,,0.005387376993894577,,72524.515625,,0.546875,,74630.34375,,0.79296875,,0.453125,,256.0,,0.7924584746360779,,0.00390625,,2105.82470703125,,,,,,,,,,,
2,32349,,60748.90234375,,0.004455594811588526,,58514.5546875,,0.515625,,60748.90234375,,0.66015625,,0.484375,,256.0,,0.6766383051872253,,0.00390625,,2234.3466796875,,,,,,,,,,,
2,32399,,17546.5546875,,0.005017566494643688,,15664.353515625,,0.515625,,17546.5546875,,0.8125,,0.484375,,256.0,,0.8789608478546143,,0.0,,1882.2012939453125,,,,,,,,,,,
2,32449,,62860.1953125,,0.004478463437408209,,60686.3359375,,0.5,,62860.1953125,,0.56640625,,0.5,,256.0,,0.5503774285316467,,0.0078125,,2173.85888671875,,,,,,,,,,,
2,32499,,64450.58203125,,0.004698389209806919,,61858.6171875,,0.5234375,,64450.58203125,,0.69921875,,0.4765625,,256.0,,0.6721405982971191,,0.015625,,2591.9638671875,,,,,,,,,,,
2,32549,,16909.783203125,,0.004884565714746714,,15040.076171875,,0.48828125,,16909.783203125,,0.85546875,,0.51171875,,256.0,,0.723534345626831,,0.0,,1869.707763671875,,,,,,,,,,,
2,32599,,99048.65625,,0.0050170389004051685,,96269.6640625,,0.4453125,,99048.65625,,0.62109375,,0.5546875,,256.0,,0.6431882977485657,,0.015625,,2778.994140625,,,,,,,,,,,
2,32649,,19319.259765625,,0.004895539488643408,,17380.828125,,0.53515625,,19319.259765625,,0.80078125,,0.46484375,,256.0,,0.7475484609603882,,0.0,,1938.431396484375,,,,,,,,,,,
2,32699,,48437.4453125,,0.005657709203660488,,45891.5625,,0.546875,,48437.4453125,,0.69921875,,0.453125,,256.0,,0.6637185215950012,,0.01171875,,2545.88232421875,,,,,,,,,,,
2,32749,,53897.375,,0.0045348163694143295,,51420.76953125,,0.51171875,,53897.375,,0.8203125,,0.48828125,,256.0,,0.7007390856742859,,0.01171875,,2476.604736328125,,,,,,,,,,,
2,32799,,67049.421875,,0.004734399728477001,,64965.3125,,0.484375,,67049.421875,,0.578125,,0.515625,,256.0,,0.5823306441307068,,0.00390625,,2084.1064453125,,,,,,,,,,,
2,32849,,103737.2734375,,0.004619558807462454,,101264.015625,,0.52734375,,103737.2734375,,0.609375,,0.47265625,,256.0,,0.6105849742889404,,0.01171875,,2473.25634765625,,,,,,,,,,,
2,32899,,19201.080078125,,0.004970080219209194,,17112.697265625,,0.4765625,,19201.080078125,,0.58203125,,0.5234375,,256.0,,0.6283890008926392,,0.0078125,,2088.383056640625,,,,,,,,,,,
2,32949,,53972.88671875,,0.005115458741784096,,51505.85546875,,0.5078125,,53972.88671875,,0.71484375,,0.4921875,,256.0,,0.6030621528625488,,0.0078125,,2467.032470703125,,,,,,,,,,,
2,32999,,66146.53125,,0.005121269263327122,,63806.4140625,,0.49609375,,66146.53125,,0.7421875,,0.50390625,,256.0,,0.6901613473892212,,0.0078125,,2340.12060546875,,,,,,,,,,,
2,33049,,16003.6884765625,,0.00511928740888834,,14141.5625,,0.48046875,,16003.6884765625,,0.8046875,,0.51953125,,256.0,,0.7766619920730591,,0.0,,1862.125732421875,,,,,,,,,,,
2,33099,,16432.6484375,,0.004707782994955778,,14642.14453125,,0.4765625,,16432.6484375,,0.828125,,0.5234375,,256.0,,0.7991856336593628,,0.0,,1790.5037841796875,,,,,,,,,,,
2,33149,,19136.39453125,,0.005003378726541996,,17212.89453125,,0.5,,19136.39453125,,0.82421875,,0.5,,256.0,,0.801111102104187,,0.0,,1923.5009765625,,,,,,,,,,,
2,33199,,63955.75,,0.004687753040343523,,61601.4375,,0.484375,,63955.75,,0.6484375,,0.515625,,256.0,,0.6730661392211914,,0.0078125,,2354.3125,,,,,,,,,,,
2,33249,,61625.2265625,,0.004963578190654516,,59230.2890625,,0.5,,61625.2265625,,0.91015625,,0.5,,256.0,,0.8708186149597168,,0.0078125,,2394.93798828125,,,,,,,,,,,
2,33299,,70978.6328125,,0.004880696535110474,,68381.8515625,,0.5,,70978.6328125,,0.703125,,0.5,,256.0,,0.6499636173248291,,0.015625,,2596.78369140625,,,,,,,,,,,
2,33349,,42813.86328125,,0.00472352234646678,,40806.30859375,,0.484375,,42813.86328125,,0.8125,,0.515625,,256.0,,0.7939469218254089,,0.00390625,,2007.556396484375,,,,,,,,,,,
2,33399,,14535.4560546875,,0.0052863797172904015,,12805.6796875,,0.54296875,,14535.4560546875,,0.70703125,,0.45703125,,256.0,,0.6962565779685974,,0.0,,1729.776611328125,,,,,,,,,,,
2,33449,,54626.7890625,,0.005106096155941486,,52462.61328125,,0.49609375,,54626.7890625,,0.9609375,,0.50390625,,256.0,,0.9317402243614197,,0.00390625,,2164.17431640625,,,,,,,,,,,
2,33499,,53065.5859375,,0.004626744892448187,,51160.23828125,,0.46484375,,53065.5859375,,0.796875,,0.53515625,,256.0,,0.734144389629364,,0.00390625,,1905.3489990234375,,,,,,,,,,,
2,33549,,13976.615234375,,0.004491276107728481,,12234.49609375,,0.5234375,,13976.615234375,,0.578125,,0.4765625,,256.0,,0.5783267617225647,,0.0,,1742.119384765625,,,,,,,,,,,
2,33599,,21118.05859375,,0.004879958927631378,,19199.44140625,,0.421875,,21118.05859375,,0.6484375,,0.578125,,256.0,,0.6757630109786987,,0.00390625,,1918.61767578125,,,,,,,,,,,
2,33649,,134346.484375,,0.004933281801640987,,131725.21875,,0.4921875,,134346.484375,,0.8046875,,0.5078125,,256.0,,0.7612689733505249,,0.0078125,,2621.26220703125,,,,,,,,,,,
2,33699,,66636.859375,,0.004577098414301872,,64268.87109375,,0.51171875,,66636.859375,,0.71484375,,0.48828125,,256.0,,0.6874731779098511,,0.0078125,,2367.990966796875,,,,,,,,,,,
2,33749,,14574.98828125,,0.004754464142024517,,12735.654296875,,0.5546875,,14574.98828125,,0.5234375,,0.4453125,,256.0,,0.5124107003211975,,0.0,,1839.333984375,,,,,,,,,,,
2,33799,,15136.5458984375,,0.004558146465569735,,13376.52734375,,0.53125,,15136.5458984375,,0.55859375,,0.46875,,256.0,,0.5498805046081543,,0.00390625,,1760.0186767578125,,,,,,,,,,,
2,33849,,48413.0078125,,0.004787113517522812,,45847.76953125,,0.5390625,,48413.0078125,,0.6796875,,0.4609375,,256.0,,0.6623965501785278,,0.015625,,2565.240234375,,,,,,,,,,,
2,33899,,14363.017578125,,0.004446299280971289,,12509.7421875,,0.48046875,,14363.017578125,,0.734375,,0.51953125,,256.0,,0.7296425700187683,,0.0,,1853.275390625,,,,,,,,,,,
2,33949,,89738.9765625,,0.006494238041341305,,87441.5859375,,0.4765625,,89738.9765625,,0.72265625,,0.5234375,,256.0,,0.6274259090423584,,0.0078125,,2297.39404296875,,,,,,,,,,,
2,33999,,83943.421875,,0.004959502723067999,,81673.1640625,,0.5625,,83943.421875,,0.73046875,,0.4375,,256.0,,0.7836248874664307,,0.0078125,,2270.257080078125,,,,,,,,,,,
2,34049,,16649.267578125,,0.0052458858117461205,,14574.154296875,,0.5390625,,16649.267578125,,0.8984375,,0.4609375,,256.0,,0.8217219114303589,,0.0,,2075.113525390625,,,,,,,,,,,
2,34099,,15657.2373046875,,0.004635199438780546,,13536.5009765625,,0.4375,,15657.2373046875,,0.796875,,0.5625,,256.0,,0.7498420476913452,,0.00390625,,2120.736328125,,,,,,,,,,,
2,34149,,67815.4140625,,0.004968523047864437,,65776.6640625,,0.53125,,67815.4140625,,0.625,,0.46875,,256.0,,0.6154357194900513,,0.00390625,,2038.751953125,,,,,,,,,,,
2,34199,,17726.6484375,,0.004616738762706518,,15644.8125,,0.51953125,,17726.6484375,,0.82421875,,0.48046875,,256.0,,0.7713621854782104,,0.0078125,,2081.83544921875,,,,,,,,,,,
2,34249,,52386.7734375,,0.005441911518573761,,50374.53515625,,0.5546875,,52386.7734375,,0.8359375,,0.4453125,,256.0,,0.8001149892807007,,0.00390625,,2012.2373046875,,,,,,,,,,,
2,34299,,105920.0390625,,0.004633934237062931,,103518.25,,0.4765625,,105920.0390625,,0.54296875,,0.5234375,,256.0,,0.5592249035835266,,0.01171875,,2401.785888671875,,,,,,,,,,,
2,34349,,16878.576171875,,0.004831788130104542,,15115.0810546875,,0.53125,,16878.576171875,,0.796875,,0.46875,,256.0,,0.7709745168685913,,0.0,,1763.4957275390625,,,,,,,,,,,
2,34399,,100516.8203125,,0.004941592924296856,,97862.921875,,0.50390625,,100516.8203125,,0.78125,,0.49609375,,256.0,,0.7732080817222595,,0.015625,,2653.8955078125,,,,,,,,,,,
2,34449,,14685.0869140625,,0.004917571321129799,,12845.5126953125,,0.46875,,14685.0869140625,,0.61328125,,0.53125,,256.0,,0.5681706666946411,,0.00390625,,1839.57421875,,,,,,,,,,,
2,34499,,14043.9541015625,,0.00478634238243103,,12036.576171875,,0.5078125,,14043.9541015625,,0.7109375,,0.4921875,,256.0,,0.6409708261489868,,0.00390625,,2007.3775634765625,,,,,,,,,,,
2,34549,,17015.1953125,,0.004818697925657034,,15229.4169921875,,0.4765625,,17015.1953125,,0.76953125,,0.5234375,,256.0,,0.7126674652099609,,0.0,,1785.7791748046875,,,,,,,,,,,
2,34599,,10593.9599609375,,0.005208206363022327,,8827.7783203125,,0.48828125,,10593.9599609375,,0.412109375,,0.51171875,,256.0,,0.5140551924705505,,0.00390625,,1766.1817626953125,,,,,,,,,,,
2,34649,,116398.6875,,0.004811626393347979,,114103.2109375,,0.49609375,,116398.6875,,0.625,,0.50390625,,256.0,,0.6481478214263916,,0.0078125,,2295.48046875,,,,,,,,,,,
2,34699,,96220.2265625,,0.004495988134294748,,93698.25,,0.54296875,,96220.2265625,,0.92578125,,0.45703125,,256.0,,0.8711349368095398,,0.01171875,,2521.980224609375,,,,,,,,,,,
2,34749,,62458.12109375,,0.004780294373631477,,60434.86328125,,0.48828125,,62458.12109375,,0.66015625,,0.51171875,,256.0,,0.6225829720497131,,0.00390625,,2023.25634765625,,,,,,,,,,,
2,34799,,19388.947265625,,0.004650767892599106,,17500.59375,,0.5,,19388.947265625,,0.8515625,,0.5,,256.0,,0.8001763224601746,,0.0,,1888.3529052734375,,,,,,,,,,,
2,34849,,56544.015625,,0.004840892273932695,,54273.7109375,,0.49609375,,56544.015625,,0.74609375,,0.50390625,,256.0,,0.7299981117248535,,0.01171875,,2270.306640625,,,,,,,,,,,
2,34899,,20210.130859375,,0.004670614376664162,,17891.140625,,0.4453125,,20210.130859375,,0.79296875,,0.5546875,,256.0,,0.7721662521362305,,0.0078125,,2318.990478515625,,,,,,,,,,,
2,34949,,139038.109375,,0.005041491240262985,,136407.1875,,0.5390625,,139038.109375,,0.875,,0.4609375,,256.0,,0.8085203170776367,,0.01171875,,2630.926513671875,,,,,,,,,,,
2,34999,,17892.140625,,0.004545831587165594,,15984.0849609375,,0.51171875,,17892.140625,,0.7734375,,0.48828125,,256.0,,0.7786814570426941,,0.00390625,,1908.055908203125,,,,,,,,,,,
2,35049,,117960.3671875,,0.004899503663182259,,115281.5,,0.50390625,,117960.3671875,,0.73046875,,0.49609375,,256.0,,0.6503757238388062,,0.01171875,,2678.8671875,,,,,,,,,,,
2,35099,,105816.875,,0.0047308034263551235,,103391.9609375,,0.484375,,105816.875,,0.81640625,,0.515625,,256.0,,0.7681573629379272,,0.01171875,,2424.9150390625,,,,,,,,,,,
2,35149,,16387.681640625,,0.005076088942587376,,14574.5078125,,0.484375,,16387.681640625,,0.734375,,0.515625,,256.0,,0.6735014915466309,,0.0,,1813.17333984375,,,,,,,,,,,
2,35199,,64950.30859375,,0.0050569744780659676,,62608.12109375,,0.4609375,,64950.30859375,,0.67578125,,0.5390625,,256.0,,0.6784695386886597,,0.00390625,,2342.187744140625,,,,,,,,,,,
2,35249,,74959.0390625,,0.0043439920991659164,,72650.3203125,,0.4765625,,74959.0390625,,0.70703125,,0.5234375,,256.0,,0.6962919235229492,,0.0078125,,2308.715087890625,,,,,,,,,,,
2,35299,,14349.357421875,,0.0050886813551187515,,12461.7685546875,,0.53125,,14349.357421875,,0.890625,,0.46875,,256.0,,0.8122615218162537,,0.0,,1887.5887451171875,,,,,,,,,,,
2,35349,,13110.822265625,,0.004751304630190134,,11125.591796875,,0.46484375,,13110.822265625,,0.6875,,0.53515625,,256.0,,0.6898869276046753,,0.00390625,,1985.2308349609375,,,,,,,,,,,
2,35399,,72599.453125,,0.004588662646710873,,70398.5546875,,0.5078125,,72599.453125,,0.73046875,,0.4921875,,256.0,,0.7165467143058777,,0.00390625,,2200.90087890625,,,,,,,,,,,
2,35449,,122722.4453125,,0.00477262819185853,,119711.6796875,,0.53515625,,122722.4453125,,0.765625,,0.46484375,,256.0,,0.6793802976608276,,0.015625,,3010.767333984375,,,,,,,,,,,
2,35499,,16442.71484375,,0.00459486385807395,,14706.345703125,,0.51171875,,16442.71484375,,0.6953125,,0.48828125,,256.0,,0.7378777265548706,,0.0,,1736.3685302734375,,,,,,,,,,,
2,35549,,16388.623046875,,0.0047036269679665565,,14629.3984375,,0.4765625,,16388.623046875,,0.76953125,,0.5234375,,256.0,,0.7389227747917175,,0.0,,1759.223876953125,,,,,,,,,,,
2,35599,,54310.046875,,0.004706965759396553,,52135.1484375,,0.48046875,,54310.046875,,0.62890625,,0.51953125,,256.0,,0.582877516746521,,0.0078125,,2174.89990234375,,,,,,,,,,,
2,35649,,50007.81640625,,0.004744257777929306,,47711.0078125,,0.484375,,50007.81640625,,0.6171875,,0.515625,,256.0,,0.6277102828025818,,0.0078125,,2296.81005859375,,,,,,,,,,,
2,35699,,15405.556640625,,0.004272762220352888,,13272.2099609375,,0.453125,,15405.556640625,,0.8046875,,0.546875,,256.0,,0.6937257647514343,,0.00390625,,2133.34716796875,,,,,,,,,,,
2,35749,,11665.8642578125,,0.004673389717936516,,9849.9443359375,,0.51953125,,11665.8642578125,,0.79296875,,0.48046875,,256.0,,0.7707841396331787,,0.00390625,,1815.919677734375,,,,,,,,,,,
2,35799,,93449.9296875,,0.0052300794050097466,,90982.0625,,0.5390625,,93449.9296875,,0.78125,,0.4609375,,256.0,,0.7344040870666504,,0.01171875,,2467.867431640625,,,,,,,,,,,
2,35849,,90759.3984375,,0.004755462985485792,,88389.0,,0.453125,,90759.3984375,,0.57421875,,0.546875,,256.0,,0.6053504943847656,,0.0078125,,2370.394775390625,,,,,,,,,,,
2,35899,,14710.052734375,,0.004530721344053745,,12512.119140625,,0.51953125,,14710.052734375,,0.7578125,,0.48046875,,256.0,,0.7336310744285583,,0.0078125,,2197.93408203125,,,,,,,,,,,
2,35949,,19539.08984375,,0.004601732827723026,,17651.365234375,,0.546875,,19539.08984375,,0.69921875,,0.453125,,256.0,,0.6521155834197998,,0.0,,1887.72509765625,,,,,,,,,,,
2,35999,,106972.9765625,,0.004877407103776932,,104667.984375,,0.5078125,,106972.9765625,,0.51953125,,0.4921875,,256.0,,0.5529063940048218,,0.0078125,,2304.98876953125,,,,,,,,,,,
2,36049,,44226.4765625,,0.004730863496661186,,42242.8828125,,0.5078125,,44226.4765625,,0.9296875,,0.4921875,,256.0,,0.8721544742584229,,0.00390625,,1983.591796875,,,,,,,,,,,
2,36099,,76558.375,,0.004777710884809494,,74542.265625,,0.4921875,,76558.375,,0.5859375,,0.5078125,,256.0,,0.5938137769699097,,0.00390625,,2016.11083984375,,,,,,,,,,,
2,36149,,16831.5625,,0.005067989230155945,,15029.6865234375,,0.46875,,16831.5625,,0.66015625,,0.53125,,256.0,,0.5422834157943726,,0.0,,1801.87548828125,,,,,,,,,,,
2,36199,,14186.8193359375,,0.004742961842566729,,12177.12109375,,0.49609375,,14186.8193359375,,0.671875,,0.50390625,,256.0,,0.6533249616622925,,0.0078125,,2009.6982421875,,,,,,,,,,,
2,36249,,76155.2734375,,0.004546561744064093,,73773.8828125,,0.5078125,,76155.2734375,,0.75,,0.4921875,,256.0,,0.6596734523773193,,0.01171875,,2381.386962890625,,,,,,,,,,,
2,36299,,13387.1435546875,,0.004475609865039587,,11610.8837890625,,0.4765625,,13387.1435546875,,0.67578125,,0.5234375,,256.0,,0.7183640003204346,,0.0,,1776.2598876953125,,,,,,,,,,,
2,36349,,17901.076171875,,0.005046631209552288,,16058.1240234375,,0.49609375,,17901.076171875,,0.65234375,,0.50390625,,256.0,,0.7071309089660645,,0.00390625,,1842.95166015625,,,,,,,,,,,
2,36399,,59296.51171875,,0.004477405920624733,,57214.1640625,,0.51953125,,59296.51171875,,0.59765625,,0.48046875,,256.0,,0.5953761339187622,,0.0078125,,2082.3466796875,,,,,,,,,,,
2,36449,,69839.3984375,,0.005137014202773571,,67638.2109375,,0.5,,69839.3984375,,0.9140625,,0.5,,256.0,,0.8271235823631287,,0.0078125,,2201.1904296875,,,,,,,,,,,
2,36499,,53024.3125,,0.004729804117232561,,51108.77734375,,0.46484375,,53024.3125,,0.76953125,,0.53515625,,256.0,,0.7881563901901245,,0.00390625,,1915.536865234375,,,,,,,,,,,
2,36549,,13485.544921875,,0.004806899465620518,,11892.76171875,,0.53125,,13485.544921875,,0.8125,,0.46875,,256.0,,0.7750320434570312,,0.0,,1592.783447265625,,,,,,,,,,,
2,36599,,13802.865234375,,0.004853894002735615,,12042.599609375,,0.48046875,,13802.865234375,,0.625,,0.51953125,,256.0,,0.6798793077468872,,0.0,,1760.26513671875,,,,,,,,,,,
2,36649,,11587.56640625,,0.005008506588637829,,9777.119140625,,0.4921875,,11587.56640625,,0.69921875,,0.5078125,,256.0,,0.659692645072937,,0.0,,1810.4476318359375,,,,,,,,,,,
2,36699,,55925.18359375,,0.004482845310121775,,53716.203125,,0.51171875,,55925.18359375,,0.7421875,,0.48828125,,256.0,,0.7197577357292175,,0.0078125,,2208.98193359375,,,,,,,,,,,
2,36749,,17027.5703125,,0.004752871580421925,,15188.9111328125,,0.46875,,17027.5703125,,0.7578125,,0.53125,,256.0,,0.728474497795105,,0.0,,1838.6591796875,,,,,,,,,,,
2,36799,,18092.626953125,,0.004610038362443447,,16028.56640625,,0.5234375,,18092.626953125,,0.83984375,,0.4765625,,256.0,,0.7694193124771118,,0.0078125,,2064.060546875,,,,,,,,,,,
2,36849,,65727.7578125,,0.004727570805698633,,63542.328125,,0.47265625,,65727.7578125,,0.69921875,,0.52734375,,256.0,,0.690201997756958,,0.00390625,,2185.432373046875,,,,,,,,,,,
2,36899,,15178.3916015625,,0.0046852147206664085,,13471.07421875,,0.4921875,,15178.3916015625,,0.60546875,,0.5078125,,256.0,,0.6512793898582458,,0.0,,1707.317626953125,,,,,,,,,,,
2,36949,,19649.982421875,,0.004522509407252073,,17489.099609375,,0.55078125,,19649.982421875,,0.66015625,,0.44921875,,256.0,,0.5927960872650146,,0.0078125,,2160.88232421875,,,,,,,,,,,
2,36999,,52556.35546875,,0.00462696049362421,,50100.5859375,,0.52734375,,52556.35546875,,0.66796875,,0.47265625,,256.0,,0.6627558469772339,,0.01171875,,2455.770263671875,,,,,,,,,,,
2,37049,,14074.986328125,,0.004859434440732002,,12227.947265625,,0.56640625,,14074.986328125,,0.71875,,0.43359375,,256.0,,0.6399828791618347,,0.0,,1847.0390625,,,,,,,,,,,
2,37099,,17477.19140625,,0.00512335542589426,,15666.7890625,,0.5234375,,17477.19140625,,0.76171875,,0.4765625,,256.0,,0.730179488658905,,0.0,,1810.40283203125,,,,,,,,,,,
2,37149,,16623.630859375,,0.005318254232406616,,14793.5322265625,,0.49609375,,16623.630859375,,0.83203125,,0.50390625,,256.0,,0.8434797525405884,,0.0,,1830.098388671875,,,,,,,,,,,
2,37199,,14763.037109375,,0.00508136348798871,,12882.01171875,,0.5,,14763.037109375,,0.83984375,,0.5,,256.0,,0.800989031791687,,0.0,,1881.0252685546875,,,,,,,,,,,
2,37249,,69723.3515625,,0.00453174440190196,,67398.125,,0.5078125,,69723.3515625,,0.7734375,,0.4921875,,256.0,,0.747077465057373,,0.00390625,,2325.225830078125,,,,,,,,,,,
2,37299,,82681.203125,,0.004535317420959473,,80422.7890625,,0.5625,,82681.203125,,0.71484375,,0.4375,,256.0,,0.6854944229125977,,0.0078125,,2258.413330078125,,,,,,,,,,,
2,37349,,122237.0390625,,0.004724632948637009,,119612.9765625,,0.5,,122237.0390625,,0.75,,0.5,,256.0,,0.701144814491272,,0.015625,,2624.0595703125,,,,,,,,,,,
2,37399,,14727.2783203125,,0.004595869220793247,,12922.5615234375,,0.4921875,,14727.2783203125,,0.82421875,,0.5078125,,256.0,,0.7780662775039673,,0.00390625,,1804.7171630859375,,,,,,,,,,,
2,37449,,64360.3046875,,0.00510211568325758,,62154.21875,,0.51953125,,64360.3046875,,0.69921875,,0.48046875,,256.0,,0.608254075050354,,0.00390625,,2206.0859375,,,,,,,,,,,
2,37499,,129128.328125,,0.004958055447787046,,126577.3984375,,0.53125,,129128.328125,,0.69140625,,0.46875,,256.0,,0.6328848004341125,,0.0078125,,2550.9267578125,,,,,,,,,,,
2,37549,,13191.1708984375,,0.005212779622524977,,11454.1669921875,,0.46484375,,13191.1708984375,,0.68359375,,0.53515625,,256.0,,0.6469213366508484,,0.0,,1737.00390625,,,,,,,,,,,
2,37599,,51244.28515625,,0.005699309520423412,,49152.42578125,,0.50390625,,51244.28515625,,0.54296875,,0.49609375,,256.0,,0.562079906463623,,0.00390625,,2091.860595703125,,,,,,,,,,,
2,37649,,14914.865234375,,0.005399629473686218,,12516.328125,,0.484375,,14914.865234375,,0.83203125,,0.515625,,256.0,,0.7376526594161987,,0.0078125,,2398.537353515625,,,,,,,,,,,
2,37699,,13963.978515625,,0.005067356862127781,,12302.16015625,,0.5390625,,13963.978515625,,0.77734375,,0.4609375,,256.0,,0.740788459777832,,0.0,,1661.818115234375,,,,,,,,,,,
2,37749,,15316.5732421875,,0.004481303505599499,,13678.9658203125,,0.5234375,,15316.5732421875,,0.83203125,,0.4765625,,256.0,,0.7973102927207947,,0.0,,1637.607177734375,,,,,,,,,,,
2,37799,,76100.9609375,,0.004875417798757553,,73213.375,,0.4609375,,76100.9609375,,0.70703125,,0.5390625,,256.0,,0.6870514154434204,,0.01171875,,2887.5869140625,,,,,,,,,,,
2,37849,,18148.98046875,,0.0046286797150969505,,16446.1640625,,0.4921875,,18148.98046875,,0.7421875,,0.5078125,,256.0,,0.750422477722168,,0.0,,1702.81591796875,,,,,,,,,,,
2,37899,,102146.7890625,,0.005173364654183388,,99854.9375,,0.4921875,,102146.7890625,,0.6171875,,0.5078125,,256.0,,0.6147011518478394,,0.0078125,,2291.853515625,,,,,,,,,,,
2,37949,,56853.26953125,,0.005049486644566059,,54705.83203125,,0.51171875,,56853.26953125,,0.72265625,,0.48828125,,256.0,,0.7153927087783813,,0.00390625,,2147.4365234375,,,,,,,,,,,
2,37999,,99080.21875,,0.0049559855833649635,,96832.7578125,,0.48046875,,99080.21875,,0.75390625,,0.51953125,,256.0,,0.7320998907089233,,0.01171875,,2247.462890625,,,,,,,,,,,
2,38049,,46714.44921875,,0.005094657186418772,,44594.0390625,,0.51953125,,46714.44921875,,0.6953125,,0.48046875,,256.0,,0.6246659755706787,,0.0078125,,2120.410400390625,,,,,,,,,,,
2,38099,,17040.37890625,,0.0053159017115831375,,15151.4375,,0.53125,,17040.37890625,,0.8515625,,0.46875,,256.0,,0.8024610280990601,,0.00390625,,1888.941162109375,,,,,,,,,,,
2,38149,,69637.703125,,0.004730589222162962,,67540.1875,,0.42578125,,69637.703125,,0.6015625,,0.57421875,,256.0,,0.6432490944862366,,0.0078125,,2097.512939453125,,,,,,,,,,,
2,38199,,52079.5234375,,0.005122470203787088,,49724.85546875,,0.5234375,,52079.5234375,,0.9453125,,0.4765625,,256.0,,0.90179842710495,,0.0078125,,2354.669677734375,,,,,,,,,,,
2,38249,,57573.50390625,,0.004886855836957693,,55379.8203125,,0.4921875,,57573.50390625,,0.765625,,0.5078125,,256.0,,0.757339596748352,,0.00390625,,2193.68408203125,,,,,,,,,,,
2,38299,,188715.0,,0.004626763053238392,,185563.703125,,0.53515625,,188715.0,,0.703125,,0.46484375,,256.0,,0.7302103042602539,,0.015625,,3151.302734375,,,,,,,,,,,
2,38349,,107183.2109375,,0.005095161031931639,,104786.15625,,0.58984375,,107183.2109375,,0.8671875,,0.41015625,,256.0,,0.7822462320327759,,0.0078125,,2397.056640625,,,,,,,,,,,
2,38387,,,,,,,,,,,,,,,,,,,,,,,19105.3359375,0.004860734101384878,17289.466796875,0.4998077154159546,19105.3359375,0.7286211252212524,0.5001922845840454,255.98416137695312,0.7300140261650085,0.0010014981962740421,1815.8531494140625
2,38387,45670.171875,,0.004854409024119377,,43526.640625,,0.49988675117492676,,45670.171875,,0.7678987979888916,,0.5001132488250732,,256.0,,0.7407401204109192,,0.005099249538034201,,2143.459716796875,,,,,,,,,,,,
3,38399,,64462.09765625,,0.004697143565863371,,62444.5625,,0.48828125,,64462.09765625,,0.60546875,,0.51171875,,256.0,,0.6541978716850281,,0.00390625,,2017.5352783203125,,,,,,,,,,,
3,38449,,56982.12890625,,0.00468625221401453,,54997.671875,,0.51953125,,56982.12890625,,0.859375,,0.48046875,,256.0,,0.8165104389190674,,0.00390625,,1984.455810546875,,,,,,,,,,,
3,38499,,14964.5283203125,,0.004957004450261593,,13219.384765625,,0.52734375,,14964.5283203125,,0.7109375,,0.47265625,,256.0,,0.654434084892273,,0.0,,1745.1435546875,,,,,,,,,,,
3,38549,,105024.7421875,,0.004906387999653816,,102516.9296875,,0.58203125,,105024.7421875,,0.82421875,,0.41796875,,256.0,,0.7751619219779968,,0.01171875,,2507.8134765625,,,,,,,,,,,
3,38599,,21196.130859375,,0.004772070795297623,,19126.45703125,,0.5,,21196.130859375,,0.76171875,,0.5,,256.0,,0.7597712874412537,,0.00390625,,2069.67431640625,,,,,,,,,,,
3,38649,,77417.609375,,0.005039760377258062,,75134.3828125,,0.515625,,77417.609375,,0.6953125,,0.484375,,256.0,,0.6935007572174072,,0.0078125,,2283.224609375,,,,,,,,,,,
3,38699,,15653.1015625,,0.0045165796764194965,,13290.29296875,,0.49609375,,15653.1015625,,0.78515625,,0.50390625,,256.0,,0.7852126359939575,,0.01171875,,2362.80908203125,,,,,,,,,,,
3,38749,,19546.953125,,0.004836568608880043,,17722.87890625,,0.50390625,,19546.953125,,0.81640625,,0.49609375,,256.0,,0.7768323421478271,,0.0,,1824.07421875,,,,,,,,,,,
3,38799,,17765.771484375,,0.005463870242238045,,16065.1884765625,,0.5546875,,17765.771484375,,0.75,,0.4453125,,256.0,,0.7293570041656494,,0.0,,1700.582275390625,,,,,,,,,,,
3,38849,,16439.671875,,0.00493016978725791,,14490.6962890625,,0.46484375,,16439.671875,,0.9140625,,0.53515625,,256.0,,0.8278329372406006,,0.0078125,,1948.9764404296875,,,,,,,,,,,
3,38899,,18554.951171875,,0.004754830151796341,,16505.46875,,0.4609375,,18554.951171875,,0.78515625,,0.5390625,,256.0,,0.6408119201660156,,0.00390625,,2049.48291015625,,,,,,,,,,,
3,38949,,65223.07421875,,0.004873460158705711,,62992.85546875,,0.50390625,,65223.07421875,,0.8828125,,0.49609375,,256.0,,0.8790963888168335,,0.00390625,,2230.218505859375,,,,,,,,,,,
3,38999,,50623.2890625,,0.004962265025824308,,48698.7109375,,0.46484375,,50623.2890625,,0.68359375,,0.53515625,,256.0,,0.6569662690162659,,0.00390625,,1924.57763671875,,,,,,,,,,,
3,39049,,13025.74609375,,0.004526726435869932,,11138.4521484375,,0.546875,,13025.74609375,,0.734375,,0.453125,,256.0,,0.7337316274642944,,0.00390625,,1887.2938232421875,,,,,,,,,,,
3,39099,,17436.876953125,,0.004770378582179546,,15412.490234375,,0.453125,,17436.876953125,,0.7890625,,0.546875,,256.0,,0.6737420558929443,,0.00390625,,2024.385986328125,,,,,,,,,,,
3,39149,,20344.998046875,,0.004539798013865948,,18421.599609375,,0.44140625,,20344.998046875,,0.8984375,,0.55859375,,256.0,,0.8680047392845154,,0.0,,1923.3984375,,,,,,,,,,,
3,39199,,18166.9765625,,0.005139407701790333,,16196.962890625,,0.4921875,,18166.9765625,,0.73828125,,0.5078125,,256.0,,0.7337047457695007,,0.00390625,,1970.0140380859375,,,,,,,,,,,
3,39249,,48432.51171875,,0.004954309668391943,,46418.796875,,0.53125,,48432.51171875,,0.71484375,,0.46875,,256.0,,0.6995948553085327,,0.0078125,,2013.7158203125,,,,,,,,,,,
3,39299,,64354.8359375,,0.004361479543149471,,61738.39453125,,0.484375,,64354.8359375,,0.8984375,,0.515625,,256.0,,0.8381571769714355,,0.015625,,2616.443359375,,,,,,,,,,,
3,39349,,59232.671875,,0.004608687944710255,,57241.37890625,,0.52734375,,59232.671875,,0.6640625,,0.47265625,,256.0,,0.6657599210739136,,0.00390625,,1991.293701171875,,,,,,,,,,,
3,39399,,11634.2431640625,,0.004531150683760643,,9937.115234375,,0.48828125,,11634.2431640625,,0.671875,,0.51171875,,256.0,,0.7246803045272827,,0.0,,1697.128173828125,,,,,,,,,,,
3,39449,,14443.1748046875,,0.005186689551919699,,12679.5771484375,,0.52734375,,14443.1748046875,,0.7421875,,0.47265625,,256.0,,0.645563006401062,,0.0,,1763.597900390625,,,,,,,,,,,
3,39499,,162569.796875,,0.005406937561929226,,159337.375,,0.51171875,,162569.796875,,0.61328125,,0.48828125,,256.0,,0.5724325180053711,,0.015625,,3232.419921875,,,,,,,,,,,
3,39549,,15599.392578125,,0.005077437497675419,,13839.0546875,,0.4609375,,15599.392578125,,0.7734375,,0.5390625,,256.0,,0.7719347476959229,,0.00390625,,1760.33837890625,,,,,,,,,,,
3,39599,,63678.87109375,,0.004964401945471764,,61562.7734375,,0.49609375,,63678.87109375,,0.69140625,,0.50390625,,256.0,,0.6811563372612,,0.00390625,,2116.099365234375,,,,,,,,,,,
3,39649,,17184.62109375,,0.005009487271308899,,15429.1962890625,,0.45703125,,17184.62109375,,0.58984375,,0.54296875,,256.0,,0.521276593208313,,0.0,,1755.42529296875,,,,,,,,,,,
3,39699,,69754.6875,,0.0050109694711863995,,67624.953125,,0.4375,,69754.6875,,0.60546875,,0.5625,,256.0,,0.6320619583129883,,0.00390625,,2129.737548828125,,,,,,,,,,,
3,39749,,14808.2744140625,,0.005228671245276928,,13091.7666015625,,0.4375,,14808.2744140625,,0.78125,,0.5625,,256.0,,0.7000932693481445,,0.00390625,,1716.508056640625,,,,,,,,,,,
3,39799,,56891.8359375,,0.0045883627608418465,,54657.55078125,,0.5546875,,56891.8359375,,0.74609375,,0.4453125,,256.0,,0.6729768514633179,,0.0078125,,2234.28369140625,,,,,,,,,,,
3,39849,,135877.265625,,0.004745816346257925,,133448.421875,,0.50390625,,135877.265625,,0.6328125,,0.49609375,,256.0,,0.6358122229576111,,0.01171875,,2428.849609375,,,,,,,,,,,
3,39899,,18993.513671875,,0.0053007579408586025,,17116.607421875,,0.5234375,,18993.513671875,,0.72265625,,0.4765625,,256.0,,0.6788320541381836,,0.00390625,,1876.905517578125,,,,,,,,,,,
3,39949,,14058.365234375,,0.004888481926172972,,12391.974609375,,0.53515625,,14058.365234375,,0.76953125,,0.46484375,,256.0,,0.7508546710014343,,0.0,,1666.3909912109375,,,,,,,,,,,
3,39999,,16350.8642578125,,0.0047576455399394035,,14530.185546875,,0.50390625,,16350.8642578125,,0.48828125,,0.49609375,,256.0,,0.4819762706756592,,0.00390625,,1820.6790771484375,,,,,,,,,,,
3,40049,,49498.171875,,0.005735293030738831,,47416.48828125,,0.5,,49498.171875,,0.86328125,,0.5,,256.0,,0.8251583576202393,,0.0078125,,2081.68212890625,,,,,,,,,,,
3,40099,,16162.93359375,,0.004764023702591658,,14189.193359375,,0.51953125,,16162.93359375,,0.77734375,,0.48046875,,256.0,,0.7067356109619141,,0.0078125,,1973.740478515625,,,,,,,,,,,
3,40149,,15608.1787109375,,0.004749968647956848,,13847.470703125,,0.5234375,,15608.1787109375,,0.66015625,,0.4765625,,256.0,,0.6775771379470825,,0.0,,1760.7081298828125,,,,,,,,,,,
3,40199,,54352.79296875,,0.004670692142099142,,52180.73046875,,0.46875,,54352.79296875,,0.74609375,,0.53125,,256.0,,0.7789289951324463,,0.00390625,,2172.062255859375,,,,,,,,,,,
3,40249,,12662.87109375,,0.004705674946308136,,10960.3701171875,,0.49609375,,12662.87109375,,0.734375,,0.50390625,,256.0,,0.6514237523078918,,0.0,,1702.5009765625,,,,,,,,,,,
3,40299,,98924.2890625,,0.004504719749093056,,96648.4765625,,0.4765625,,98924.2890625,,0.71875,,0.5234375,,256.0,,0.7079882025718689,,0.0078125,,2275.813232421875,,,,,,,,,,,
3,40349,,67073.0234375,,0.004782562609761953,,64703.6875,,0.48828125,,67073.0234375,,0.70703125,,0.51171875,,256.0,,0.6372175216674805,,0.01171875,,2369.33740234375,,,,,,,,,,,
3,40399,,18348.646484375,,0.005492262542247772,,16510.291015625,,0.53125,,18348.646484375,,0.6484375,,0.46875,,256.0,,0.6348909139633179,,0.0,,1838.355712890625,,,,,,,,,,,
3,40449,,66013.6484375,,0.004656478296965361,,63633.46484375,,0.4765625,,66013.6484375,,0.5078125,,0.5234375,,256.0,,0.5533734560012817,,0.01171875,,2380.18310546875,,,,,,,,,,,
3,40499,,14369.0322265625,,0.0053774286061525345,,12592.6103515625,,0.46484375,,14369.0322265625,,0.62109375,,0.53515625,,256.0,,0.5890891551971436,,0.0,,1776.421630859375,,,,,,,,,,,
3,40549,,46839.00390625,,0.0047281887382268906,,44948.015625,,0.49609375,,46839.00390625,,0.6328125,,0.50390625,,256.0,,0.6332019567489624,,0.00390625,,1890.986572265625,,,,,,,,,,,
3,40599,,13458.7861328125,,0.005188163369894028,,11611.3203125,,0.4921875,,13458.7861328125,,0.7265625,,0.5078125,,256.0,,0.6191103458404541,,0.0,,1847.4654541015625,,,,,,,,,,,
3,40649,,58868.0078125,,0.004886348731815815,,56851.3671875,,0.484375,,58868.0078125,,0.76171875,,0.515625,,256.0,,0.7067193984985352,,0.00390625,,2016.638671875,,,,,,,,,,,
3,40699,,15777.5751953125,,0.005164502654224634,,14011.5234375,,0.49609375,,15777.5751953125,,0.80078125,,0.50390625,,256.0,,0.6700586080551147,,0.0,,1766.052001953125,,,,,,,,,,,
3,40749,,61856.80859375,,0.005234445910900831,,59808.6796875,,0.484375,,61856.80859375,,0.8046875,,0.515625,,256.0,,0.7886444330215454,,0.00390625,,2048.12939453125,,,,,,,,,,,
3,40799,,59935.3203125,,0.005235940217971802,,57933.75,,0.51171875,,59935.3203125,,0.640625,,0.48828125,,256.0,,0.5938200354576111,,0.00390625,,2001.57080078125,,,,,,,,,,,
3,40849,,82912.375,,0.004662958439439535,,80679.2265625,,0.484375,,82912.375,,0.80078125,,0.515625,,256.0,,0.7762295603752136,,0.00390625,,2233.14990234375,,,,,,,,,,,
3,40899,,70510.2265625,,0.0053348541259765625,,68495.0234375,,0.4921875,,70510.2265625,,0.73828125,,0.5078125,,256.0,,0.7081060409545898,,0.00390625,,2015.2059326171875,,,,,,,,,,,
3,40949,,63912.86328125,,0.004827064462006092,,61698.8046875,,0.51953125,,63912.86328125,,0.7421875,,0.48046875,,256.0,,0.7213640213012695,,0.00390625,,2214.0576171875,,,,,,,,,,,
3,40999,,16504.759765625,,0.004706911742687225,,14777.4404296875,,0.51171875,,16504.759765625,,0.60546875,,0.48828125,,256.0,,0.6177207827568054,,0.0,,1727.31884765625,,,,,,,,,,,
3,41049,,41928.12109375,,0.005145865958184004,,39945.6875,,0.57421875,,41928.12109375,,0.61328125,,0.42578125,,256.0,,0.620353639125824,,0.00390625,,1982.432861328125,,,,,,,,,,,
3,41099,,17385.45703125,,0.005377584137022495,,15574.7880859375,,0.4765625,,17385.45703125,,0.609375,,0.5234375,,256.0,,0.5545510053634644,,0.0,,1810.669921875,,,,,,,,,,,
3,41149,,14712.208984375,,0.006500016897916794,,12696.0712890625,,0.453125,,14712.208984375,,0.7421875,,0.546875,,256.0,,0.6688694953918457,,0.00390625,,2016.1376953125,,,,,,,,,,,
3,41199,,51645.06640625,,0.004856339190155268,,49318.66015625,,0.49609375,,51645.06640625,,0.57421875,,0.50390625,,256.0,,0.5874345302581787,,0.01171875,,2326.40478515625,,,,,,,,,,,
3,41249,,57694.62109375,,0.004983860068023205,,55752.44921875,,0.4921875,,57694.62109375,,0.69140625,,0.5078125,,256.0,,0.6940129995346069,,0.00390625,,1942.170654296875,,,,,,,,,,,
3,41299,,56093.6875,,0.004618433304131031,,54190.65625,,0.484375,,56093.6875,,0.6484375,,0.515625,,256.0,,0.7139720916748047,,0.00390625,,1903.0306396484375,,,,,,,,,,,
3,41349,,19332.244140625,,0.004862384870648384,,17543.021484375,,0.52734375,,19332.244140625,,0.875,,0.47265625,,256.0,,0.8757686018943787,,0.0,,1789.2222900390625,,,,,,,,,,,
3,41399,,64560.26171875,,0.004969773814082146,,62367.50390625,,0.48828125,,64560.26171875,,0.6953125,,0.51171875,,256.0,,0.5916305780410767,,0.01171875,,2192.756591796875,,,,,,,,,,,
3,41449,,94244.3671875,,0.004874727688729763,,91887.9296875,,0.49609375,,94244.3671875,,0.8203125,,0.50390625,,256.0,,0.6978820562362671,,0.0078125,,2356.4384765625,,,,,,,,,,,
3,41499,,51696.77734375,,0.004978910554200411,,49774.75390625,,0.51171875,,51696.77734375,,0.62109375,,0.48828125,,256.0,,0.6287126541137695,,0.00390625,,1922.0224609375,,,,,,,,,,,
3,41549,,60116.703125,,0.0047602578997612,,58217.82421875,,0.44921875,,60116.703125,,0.7421875,,0.55078125,,256.0,,0.6894487738609314,,0.00390625,,1898.880615234375,,,,,,,,,,,
3,41599,,18973.44921875,,0.004974857904016972,,16819.765625,,0.53125,,18973.44921875,,0.6875,,0.46875,,256.0,,0.6133872270584106,,0.0078125,,2153.68359375,,,,,,,,,,,
3,41649,,73306.140625,,0.0047009470872581005,,71290.703125,,0.49609375,,73306.140625,,0.5625,,0.50390625,,256.0,,0.574118971824646,,0.00390625,,2015.43798828125,,,,,,,,,,,
3,41699,,15508.673828125,,0.0047392169944942,,13855.08203125,,0.4765625,,15508.673828125,,0.66015625,,0.5234375,,256.0,,0.6657624840736389,,0.0,,1653.591796875,,,,,,,,,,,
3,41749,,15913.35546875,,0.00483802892267704,,14255.2880859375,,0.4765625,,15913.35546875,,0.66796875,,0.5234375,,256.0,,0.6728624701499939,,0.0,,1658.06787109375,,,,,,,,,,,
3,41799,,56014.16015625,,0.004548434168100357,,54065.58984375,,0.4765625,,56014.16015625,,0.7734375,,0.5234375,,256.0,,0.7704023718833923,,0.00390625,,1948.5706787109375,,,,,,,,,,,
3,41849,,45216.7265625,,0.004981564357876778,,43251.6015625,,0.5390625,,45216.7265625,,0.63671875,,0.4609375,,256.0,,0.6398665904998779,,0.00390625,,1965.124755859375,,,,,,,,,,,
3,41899,,15888.3046875,,0.004923293367028236,,14142.0029296875,,0.515625,,15888.3046875,,0.625,,0.484375,,256.0,,0.6846246719360352,,0.0,,1746.301513671875,,,,,,,,,,,
3,41949,,15173.1513671875,,0.0045275697484612465,,13213.7021484375,,0.4765625,,15173.1513671875,,0.61328125,,0.5234375,,256.0,,0.7037505507469177,,0.0078125,,1959.4488525390625,,,,,,,,,,,
3,41999,,12172.587890625,,0.004604943096637726,,10518.4921875,,0.49609375,,12172.587890625,,0.67578125,,0.50390625,,256.0,,0.6766810417175293,,0.0,,1654.095458984375,,,,,,,,,,,
3,42049,,97568.0390625,,0.0052338819950819016,,95112.9140625,,0.48828125,,97568.0390625,,0.59765625,,0.51171875,,256.0,,0.5882009267807007,,0.01953125,,2455.121337890625,,,,,,,,,,,
3,42099,,17889.93359375,,0.004575575236231089,,15869.3974609375,,0.4609375,,17889.93359375,,0.640625,,0.5390625,,256.0,,0.6239794492721558,,0.00390625,,2020.537109375,,,,,,,,,,,
3,42149,,77426.15625,,0.00450598681345582,,75020.9921875,,0.52734375,,77426.15625,,0.66796875,,0.47265625,,256.0,,0.6327254772186279,,0.01171875,,2405.162109375,,,,,,,,,,,
3,42199,,16946.5546875,,0.004333375487476587,,15141.400390625,,0.53125,,16946.5546875,,0.66796875,,0.46875,,256.0,,0.6445472240447998,,0.0,,1805.1533203125,,,,,,,,,,,
3,42249,,94495.8203125,,0.00459935050457716,,92158.1484375,,0.55859375,,94495.8203125,,0.625,,0.44140625,,256.0,,0.5551270246505737,,0.0078125,,2337.67138671875,,,,,,,,,,,
3,42299,,14233.169921875,,0.005013159476220608,,12561.0146484375,,0.40234375,,14233.169921875,,0.53515625,,0.59765625,,256.0,,0.5880392789840698,,0.0,,1672.155517578125,,,,,,,,,,,
3,42349,,23693.166015625,,0.0046519264578819275,,21280.296875,,0.48828125,,23693.166015625,,0.5390625,,0.51171875,,256.0,,0.5449357032775879,,0.01171875,,2412.869140625,,,,,,,,,,,
3,42399,,53840.8671875,,0.005008460022509098,,51792.59375,,0.48828125,,53840.8671875,,0.453125,,0.51171875,,256.0,,0.49255597591400146,,0.00390625,,2048.2724609375,,,,,,,,,,,
3,42449,,15741.9111328125,,0.005129113327711821,,13985.1650390625,,0.5234375,,15741.9111328125,,0.765625,,0.4765625,,256.0,,0.7313916683197021,,0.0,,1756.7459716796875,,,,,,,,,,,
3,42499,,15284.119140625,,0.005273692309856415,,13614.806640625,,0.48828125,,15284.119140625,,0.64453125,,0.51171875,,256.0,,0.5807455778121948,,0.0,,1669.31201171875,,,,,,,,,,,
3,42549,,15155.71484375,,0.004786244593560696,,13292.36328125,,0.55859375,,15155.71484375,,0.578125,,0.44140625,,256.0,,0.5729191303253174,,0.0,,1863.351806640625,,,,,,,,,,,
3,42599,,15491.7109375,,0.004733243957161903,,13195.16796875,,0.51171875,,15491.7109375,,0.8046875,,0.48828125,,256.0,,0.7401103973388672,,0.00390625,,2296.542724609375,,,,,,,,,,,
3,42649,,13887.86328125,,0.005179767496883869,,12103.6181640625,,0.453125,,13887.86328125,,0.55078125,,0.546875,,256.0,,0.5717724561691284,,0.0,,1784.24560546875,,,,,,,,,,,
3,42699,,86495.8828125,,0.004849777556955814,,84438.640625,,0.48046875,,86495.8828125,,0.64453125,,0.51953125,,256.0,,0.63847815990448,,0.01171875,,2057.243896484375,,,,,,,,,,,
3,42749,,15043.107421875,,0.004949478432536125,,12861.1015625,,0.453125,,15043.107421875,,0.59765625,,0.546875,,256.0,,0.5859466791152954,,0.01171875,,2182.00537109375,,,,,,,,,,,
3,42799,,20463.41015625,,0.004932638257741928,,18597.064453125,,0.5078125,,20463.41015625,,0.76953125,,0.4921875,,256.0,,0.6462963223457336,,0.0,,1866.345947265625,,,,,,,,,,,
3,42849,,12811.005859375,,0.0045922016724944115,,11056.490234375,,0.52734375,,12811.005859375,,0.5703125,,0.47265625,,256.0,,0.5881698131561279,,0.00390625,,1754.515869140625,,,,,,,,,,,
3,42899,,16243.625,,0.004801244009286165,,14558.185546875,,0.47265625,,16243.625,,0.65625,,0.52734375,,256.0,,0.6228899359703064,,0.0,,1685.43994140625,,,,,,,,,,,
3,42949,,37257.53515625,,0.004679178819060326,,35394.91796875,,0.52734375,,37257.53515625,,0.671875,,0.47265625,,256.0,,0.6384172439575195,,0.00390625,,1862.615966796875,,,,,,,,,,,
3,42999,,52647.66015625,,0.005124695599079132,,50612.625,,0.5078125,,52647.66015625,,0.62890625,,0.4921875,,256.0,,0.5861265659332275,,0.00390625,,2035.033447265625,,,,,,,,,,,
3,43049,,13356.3994140625,,0.005302300211042166,,11473.154296875,,0.4296875,,13356.3994140625,,0.59765625,,0.5703125,,256.0,,0.5549582839012146,,0.00390625,,1883.244873046875,,,,,,,,,,,
3,43099,,58614.234375,,0.004633920267224312,,56254.6484375,,0.51953125,,58614.234375,,0.56640625,,0.48046875,,256.0,,0.5807857513427734,,0.015625,,2359.58740234375,,,,,,,,,,,
3,43149,,53250.234375,,0.0050266459584236145,,51256.859375,,0.546875,,53250.234375,,0.7734375,,0.453125,,256.0,,0.7241153120994568,,0.0078125,,1993.373046875,,,,,,,,,,,
3,43199,,15615.57421875,,0.004995601251721382,,13779.529296875,,0.56640625,,15615.57421875,,0.67578125,,0.43359375,,256.0,,0.6363152265548706,,0.00390625,,1836.04541015625,,,,,,,,,,,
3,43249,,62055.8125,,0.0046491464599967,,59876.859375,,0.48828125,,62055.8125,,0.64453125,,0.51171875,,256.0,,0.6018733382225037,,0.0078125,,2178.953125,,,,,,,,,,,
3,43299,,14838.87109375,,0.0046881153248250484,,13152.8232421875,,0.50390625,,14838.87109375,,0.7109375,,0.49609375,,256.0,,0.6534863710403442,,0.0,,1686.0477294921875,,,,,,,,,,,
3,43349,,62172.33984375,,0.004870028235018253,,60052.203125,,0.49609375,,62172.33984375,,0.5703125,,0.50390625,,256.0,,0.5652718544006348,,0.00390625,,2120.136962890625,,,,,,,,,,,
3,43399,,55057.703125,,0.004925057757645845,,53055.609375,,0.51953125,,55057.703125,,0.6953125,,0.48046875,,256.0,,0.6336750388145447,,0.00390625,,2002.0953369140625,,,,,,,,,,,
3,43449,,16959.154296875,,0.005102402996271849,,15026.373046875,,0.47265625,,16959.154296875,,0.546875,,0.52734375,,256.0,,0.5472923517227173,,0.00390625,,1932.781982421875,,,,,,,,,,,
3,43499,,16961.4921875,,0.004833155311644077,,15218.875,,0.51171875,,16961.4921875,,0.5703125,,0.48828125,,256.0,,0.5880268812179565,,0.00390625,,1742.6162109375,,,,,,,,,,,
3,43549,,18270.51171875,,0.004573852755129337,,16414.45703125,,0.515625,,18270.51171875,,0.6875,,0.484375,,256.0,,0.6570529937744141,,0.0,,1856.055419921875,,,,,,,,,,,
3,43599,,68935.0078125,,0.005054357461631298,,66732.515625,,0.53125,,68935.0078125,,0.82421875,,0.46875,,256.0,,0.806912899017334,,0.00390625,,2202.49462890625,,,,,,,,,,,
3,43649,,14230.935546875,,0.004738147370517254,,12233.1689453125,,0.48828125,,14230.935546875,,0.55859375,,0.51171875,,256.0,,0.5521895289421082,,0.0078125,,1997.76708984375,,,,,,,,,,,
3,43699,,118974.390625,,0.00483244564384222,,116619.5,,0.4375,,118974.390625,,0.69921875,,0.5625,,256.0,,0.6428603529930115,,0.0078125,,2354.8916015625,,,,,,,,,,,
3,43749,,44201.11328125,,0.005047497805207968,,42260.84375,,0.52734375,,44201.11328125,,0.546875,,0.47265625,,256.0,,0.597331166267395,,0.00390625,,1940.27001953125,,,,,,,,,,,
3,43799,,133266.765625,,0.005037895869463682,,130798.4296875,,0.5078125,,133266.765625,,0.75390625,,0.4921875,,256.0,,0.6436182260513306,,0.01171875,,2468.3359375,,,,,,,,,,,
3,43849,,63411.7578125,,0.004836465232074261,,61414.484375,,0.48828125,,63411.7578125,,0.625,,0.51171875,,256.0,,0.622748076915741,,0.00390625,,1997.272705078125,,,,,,,,,,,
3,43899,,85438.7421875,,0.004944636486470699,,83027.5078125,,0.53125,,85438.7421875,,0.734375,,0.46875,,256.0,,0.6361460089683533,,0.0078125,,2411.232421875,,,,,,,,,,,
3,43949,,64242.765625,,0.005002529360353947,,62137.375,,0.48828125,,64242.765625,,0.6640625,,0.51171875,,256.0,,0.6541370749473572,,0.00390625,,2105.3896484375,,,,,,,,,,,
3,43999,,18106.859375,,0.004848959855735302,,16173.63671875,,0.515625,,18106.859375,,0.84765625,,0.484375,,256.0,,0.9009717702865601,,0.0078125,,1933.2227783203125,,,,,,,,,,,
3,44049,,14146.5,,0.004709525499492884,,12513.435546875,,0.5078125,,14146.5,,0.64453125,,0.4921875,,256.0,,0.6127347350120544,,0.0,,1633.064453125,,,,,,,,,,,
3,44099,,15096.27734375,,0.00482621043920517,,13357.37109375,,0.52734375,,15096.27734375,,0.671875,,0.47265625,,256.0,,0.7221807241439819,,0.00390625,,1738.90673828125,,,,,,,,,,,
3,44149,,185175.5625,,0.00535315927118063,,182539.859375,,0.46875,,185175.5625,,0.70703125,,0.53125,,256.0,,0.6386232972145081,,0.01171875,,2635.70556640625,,,,,,,,,,,
3,44199,,68564.7421875,,0.0049760970287024975,,66574.8203125,,0.50390625,,68564.7421875,,0.62109375,,0.49609375,,256.0,,0.6417027711868286,,0.00390625,,1989.9249267578125,,,,,,,,,,,
3,44249,,69463.3984375,,0.004891097545623779,,67457.921875,,0.53125,,69463.3984375,,0.55859375,,0.46875,,256.0,,0.5272139310836792,,0.00390625,,2005.4747314453125,,,,,,,,,,,
3,44299,,18005.009765625,,0.005501884501427412,,16046.8427734375,,0.5,,18005.009765625,,0.6796875,,0.5,,256.0,,0.6637925505638123,,0.0078125,,1958.1669921875,,,,,,,,,,,
3,44349,,15967.962890625,,0.0049299392849206924,,14185.8134765625,,0.5546875,,15967.962890625,,0.5546875,,0.4453125,,256.0,,0.5282005071640015,,0.0,,1782.149169921875,,,,,,,,,,,
3,44399,,15402.8828125,,0.004527033306658268,,13419.109375,,0.45703125,,15402.8828125,,0.83203125,,0.54296875,,256.0,,0.787057101726532,,0.0,,1983.773193359375,,,,,,,,,,,
3,44449,,14349.384765625,,0.004671407863497734,,12725.353515625,,0.51171875,,14349.384765625,,0.7421875,,0.48828125,,256.0,,0.6376351118087769,,0.0,,1624.0311279296875,,,,,,,,,,,
3,44499,,57625.25,,0.004564095288515091,,55522.1953125,,0.52734375,,57625.25,,0.47265625,,0.47265625,,256.0,,0.49719929695129395,,0.0078125,,2103.0556640625,,,,,,,,,,,
3,44549,,42806.640625,,0.005053384229540825,,40820.20703125,,0.5234375,,42806.640625,,0.63671875,,0.4765625,,256.0,,0.5736918449401855,,0.00390625,,1986.4324951171875,,,,,,,,,,,
3,44599,,12225.2666015625,,0.005160090513527393,,10235.2119140625,,0.45703125,,12225.2666015625,,0.5703125,,0.54296875,,256.0,,0.5431739091873169,,0.0078125,,1990.0543212890625,,,,,,,,,,,
3,44649,,14154.01171875,,0.004964560270309448,,12564.404296875,,0.5078125,,14154.01171875,,0.734375,,0.4921875,,256.0,,0.7261875867843628,,0.0,,1589.607177734375,,,,,,,,,,,
3,44699,,70794.6640625,,0.005177643150091171,,68447.96875,,0.51171875,,70794.6640625,,0.7109375,,0.48828125,,256.0,,0.6907628774642944,,0.0078125,,2346.69287109375,,,,,,,,,,,
3,44749,,17977.669921875,,0.004556457512080669,,16203.2939453125,,0.51171875,,17977.669921875,,0.84765625,,0.48828125,,256.0,,0.7547921538352966,,0.0,,1774.3760986328125,,,,,,,,,,,
3,44799,,21157.154296875,,0.004661658313125372,,19459.6640625,,0.5,,21157.154296875,,0.6875,,0.5,,256.0,,0.6316608786582947,,0.0,,1697.490966796875,,,,,,,,,,,
3,44849,,14818.2353515625,,0.004846056457608938,,13099.74609375,,0.53515625,,14818.2353515625,,0.83984375,,0.46484375,,256.0,,0.8431377410888672,,0.0,,1718.4896240234375,,,,,,,,,,,
3,44899,,14032.2822265625,,0.00448578828945756,,12142.9482421875,,0.41015625,,14032.2822265625,,0.74609375,,0.58984375,,256.0,,0.7167291641235352,,0.00390625,,1889.3336181640625,,,,,,,,,,,
3,44949,,55149.28125,,0.004926855675876141,,52922.57421875,,0.48828125,,55149.28125,,0.609375,,0.51171875,,256.0,,0.5988082885742188,,0.01171875,,2226.70703125,,,,,,,,,,,
3,44999,,17342.638671875,,0.0044475942850112915,,15693.72265625,,0.48828125,,17342.638671875,,0.7421875,,0.51171875,,256.0,,0.7110700607299805,,0.0,,1648.91650390625,,,,,,,,,,,
3,45049,,70196.3359375,,0.005093813873827457,,67859.78125,,0.5,,70196.3359375,,0.70703125,,0.5,,256.0,,0.7182065844535828,,0.015625,,2336.551513671875,,,,,,,,,,,
3,45099,,64323.19921875,,0.005264659877866507,,62286.2890625,,0.51171875,,64323.19921875,,0.7265625,,0.48828125,,256.0,,0.6057403087615967,,0.00390625,,2036.908447265625,,,,,,,,,,,
3,45149,,17752.21484375,,0.005067508202046156,,15913.47265625,,0.49609375,,17752.21484375,,0.81640625,,0.50390625,,256.0,,0.7104758024215698,,0.00390625,,1838.7430419921875,,,,,,,,,,,
3,45199,,98470.5546875,,0.004560943227261305,,96318.4921875,,0.42578125,,98470.5546875,,0.66015625,,0.57421875,,256.0,,0.619308590888977,,0.00390625,,2152.06591796875,,,,,,,,,,,
3,45249,,12683.2080078125,,0.0048181964084506035,,10539.87109375,,0.53125,,12683.2080078125,,0.671875,,0.46875,,256.0,,0.6313362121582031,,0.0078125,,2143.337158203125,,,,,,,,,,,
3,45299,,58824.046875,,0.005106092430651188,,56667.1953125,,0.5390625,,58824.046875,,0.74609375,,0.4609375,,256.0,,0.6927109956741333,,0.0078125,,2156.8515625,,,,,,,,,,,
3,45349,,12107.29296875,,0.004770106635987759,,10442.2861328125,,0.41015625,,12107.29296875,,0.7421875,,0.58984375,,256.0,,0.6496248841285706,,0.0,,1665.0068359375,,,,,,,,,,,
3,45399,,77300.9765625,,0.004654062446206808,,75150.4765625,,0.5703125,,77300.9765625,,0.86328125,,0.4296875,,256.0,,0.8101104497909546,,0.0078125,,2150.5029296875,,,,,,,,,,,
3,45449,,15100.7216796875,,0.004765387158840895,,13454.3837890625,,0.49609375,,15100.7216796875,,0.6171875,,0.50390625,,256.0,,0.6046125888824463,,0.0,,1646.3380126953125,,,,,,,,,,,
3,45499,,70264.546875,,0.004540667869150639,,67979.96875,,0.50390625,,70264.546875,,0.7109375,,0.49609375,,256.0,,0.6894899606704712,,0.0078125,,2284.58154296875,,,,,,,,,,,
3,45549,,23358.697265625,,0.00474921427667141,,20968.1171875,,0.52734375,,23358.697265625,,0.76171875,,0.47265625,,256.0,,0.734813392162323,,0.0078125,,2390.580078125,,,,,,,,,,,
3,45599,,15578.1650390625,,0.005072372499853373,,13811.5244140625,,0.4921875,,15578.1650390625,,0.6171875,,0.5078125,,256.0,,0.5844116806983948,,0.00390625,,1766.6407470703125,,,,,,,,,,,
3,45649,,20225.072265625,,0.004625634755939245,,18439.697265625,,0.5234375,,20225.072265625,,0.73046875,,0.4765625,,256.0,,0.7188915014266968,,0.0,,1785.37548828125,,,,,,,,,,,
3,45699,,55663.078125,,0.004459583666175604,,53732.88671875,,0.50390625,,55663.078125,,0.62890625,,0.49609375,,256.0,,0.6259416341781616,,0.00390625,,1930.191650390625,,,,,,,,,,,
3,45749,,17651.197265625,,0.004697828553617001,,15833.0283203125,,0.5546875,,17651.197265625,,0.7734375,,0.4453125,,256.0,,0.766889750957489,,0.00390625,,1818.169677734375,,,,,,,,,,,
3,45799,,103096.59375,,0.005603209137916565,,100719.0625,,0.515625,,103096.59375,,0.73046875,,0.484375,,256.0,,0.734675407409668,,0.0078125,,2377.529541015625,,,,,,,,,,,
3,45849,,83990.1015625,,0.0050919679924845695,,81833.7578125,,0.50390625,,83990.1015625,,0.58203125,,0.49609375,,256.0,,0.6117891073226929,,0.01171875,,2156.34326171875,,,,,,,,,,,
3,45899,,51071.32421875,,0.005059534218162298,,48971.04296875,,0.5078125,,51071.32421875,,0.64453125,,0.4921875,,256.0,,0.609782338142395,,0.0078125,,2100.281494140625,,,,,,,,,,,
3,45949,,96459.3359375,,0.00494509469717741,,93902.4296875,,0.47265625,,96459.3359375,,0.62890625,,0.52734375,,256.0,,0.6217868328094482,,0.01171875,,2556.90673828125,,,,,,,,,,,
3,45999,,57975.3828125,,0.004929976537823677,,55565.43359375,,0.53125,,57975.3828125,,0.88671875,,0.46875,,256.0,,0.7921290397644043,,0.0078125,,2409.94873046875,,,,,,,,,,,
3,46049,,57482.37109375,,0.0049776239320635796,,54809.01953125,,0.49609375,,57482.37109375,,0.5078125,,0.50390625,,256.0,,0.5346741676330566,,0.01171875,,2673.35205078125,,,,,,,,,,,
3,46099,,17864.703125,,0.004945514723658562,,16060.5546875,,0.48828125,,17864.703125,,0.78515625,,0.51171875,,256.0,,0.7906242609024048,,0.00390625,,1804.14794921875,,,,,,,,,,,
3,46149,,45789.53125,,0.004956521559506655,,43452.59375,,0.48828125,,45789.53125,,0.6015625,,0.51171875,,256.0,,0.595274031162262,,0.0078125,,2336.935791015625,,,,,,,,,,,
3,46199,,69927.0625,,0.004611915443092585,,68049.328125,,0.44921875,,69927.0625,,0.578125,,0.55078125,,256.0,,0.5650203227996826,,0.00390625,,1877.732177734375,,,,,,,,,,,
3,46249,,18754.025390625,,0.005124703515321016,,16728.46875,,0.49609375,,18754.025390625,,0.51953125,,0.50390625,,256.0,,0.5533695220947266,,0.0078125,,2025.55615234375,,,,,,,,,,,
3,46299,,75113.359375,,0.004824367817491293,,73033.0546875,,0.48828125,,75113.359375,,0.6875,,0.51171875,,256.0,,0.70774906873703,,0.0078125,,2080.302978515625,,,,,,,,,,,
3,46349,,17817.1640625,,0.004728949628770351,,16079.8857421875,,0.50390625,,17817.1640625,,0.78515625,,0.49609375,,256.0,,0.6896898150444031,,0.0,,1737.2781982421875,,,,,,,,,,,
3,46399,,14751.763671875,,0.005014651454985142,,13036.11328125,,0.46875,,14751.763671875,,0.875,,0.53125,,256.0,,0.78916335105896,,0.0,,1715.650146484375,,,,,,,,,,,
3,46449,,14804.23828125,,0.004740155767649412,,13025.326171875,,0.4921875,,14804.23828125,,0.71875,,0.5078125,,256.0,,0.6744853854179382,,0.0,,1778.912109375,,,,,,,,,,,
3,46499,,19333.28515625,,0.00490693561732769,,17325.345703125,,0.51171875,,19333.28515625,,0.58203125,,0.48828125,,256.0,,0.6165398359298706,,0.01171875,,2007.939453125,,,,,,,,,,,
3,46549,,50179.12109375,,0.005347488448023796,,48321.38671875,,0.4921875,,50179.12109375,,0.6328125,,0.5078125,,256.0,,0.637221097946167,,0.00390625,,1857.7344970703125,,,,,,,,,,,
3,46599,,14313.380859375,,0.004873399622738361,,12347.3115234375,,0.453125,,14313.380859375,,0.68359375,,0.546875,,256.0,,0.7011593580245972,,0.00390625,,1966.069580078125,,,,,,,,,,,
3,46649,,56252.90234375,,0.004870123695582151,,54091.68359375,,0.5,,56252.90234375,,0.765625,,0.5,,256.0,,0.716624915599823,,0.00390625,,2161.2197265625,,,,,,,,,,,
3,46699,,17842.767578125,,0.004891938529908657,,16124.20703125,,0.515625,,17842.767578125,,0.67578125,,0.484375,,256.0,,0.6691617965698242,,0.0,,1718.560546875,,,,,,,,,,,
3,46749,,22174.1953125,,0.004772477317601442,,20280.921875,,0.46484375,,22174.1953125,,0.61328125,,0.53515625,,256.0,,0.6130166053771973,,0.0,,1893.272705078125,,,,,,,,,,,
3,46799,,13934.9091796875,,0.00491457711905241,,12272.73046875,,0.4765625,,13934.9091796875,,0.609375,,0.5234375,,256.0,,0.5865945816040039,,0.0,,1662.178466796875,,,,,,,,,,,
3,46849,,13358.89453125,,0.004711724817752838,,11607.892578125,,0.51953125,,13358.89453125,,0.7890625,,0.48046875,,256.0,,0.7136859893798828,,0.00390625,,1751.001708984375,,,,,,,,,,,
3,46899,,109435.859375,,0.004616272170096636,,107017.6171875,,0.48828125,,109435.859375,,0.75,,0.51171875,,256.0,,0.7186214327812195,,0.0078125,,2418.2451171875,,,,,,,,,,,
3,46949,,13442.4111328125,,0.004573739133775234,,11648.896484375,,0.45703125,,13442.4111328125,,0.484375,,0.54296875,,256.0,,0.4992932677268982,,0.0,,1793.514892578125,,,,,,,,,,,
3,46999,,16747.39453125,,0.004581376910209656,,15093.5283203125,,0.43359375,,16747.39453125,,0.66796875,,0.56640625,,256.0,,0.61556476354599,,0.0,,1653.866943359375,,,,,,,,,,,
3,47049,,90018.09375,,0.004275813233107328,,87679.140625,,0.43359375,,90018.09375,,0.671875,,0.56640625,,256.0,,0.6952948570251465,,0.0078125,,2338.952392578125,,,,,,,,,,,
3,47099,,17156.0,,0.005212412681430578,,15114.4453125,,0.4765625,,17156.0,,0.6640625,,0.5234375,,256.0,,0.6722140312194824,,0.00390625,,2041.553955078125,,,,,,,,,,,
3,47149,,66585.7734375,,0.005243006628006697,,64522.2109375,,0.48828125,,66585.7734375,,0.70703125,,0.51171875,,256.0,,0.6330693364143372,,0.00390625,,2063.5634765625,,,,,,,,,,,
3,47199,,18920.623046875,,0.004934489261358976,,16844.6171875,,0.51953125,,18920.623046875,,0.59765625,,0.48046875,,256.0,,0.6144102811813354,,0.00390625,,2076.00634765625,,,,,,,,,,,
3,47249,,13848.275390625,,0.004855605307966471,,11989.982421875,,0.47265625,,13848.275390625,,0.625,,0.52734375,,256.0,,0.6046276092529297,,0.00390625,,1858.292724609375,,,,,,,,,,,
3,47299,,248372.375,,0.004727508872747421,,245345.796875,,0.453125,,248372.375,,0.65234375,,0.546875,,256.0,,0.6796250343322754,,0.015625,,3026.575927734375,,,,,,,,,,,
3,47349,,12847.5751953125,,0.004883235320448875,,11057.8330078125,,0.48828125,,12847.5751953125,,0.6484375,,0.51171875,,256.0,,0.61957848072052,,0.0,,1789.741943359375,,,,,,,,,,,
3,47399,,14118.923828125,,0.005087738391011953,,11964.990234375,,0.5625,,14118.923828125,,0.69921875,,0.4375,,256.0,,0.654132604598999,,0.0078125,,2153.93359375,,,,,,,,,,,
3,47449,,72396.71875,,0.005146577954292297,,70286.9921875,,0.4765625,,72396.71875,,0.92578125,,0.5234375,,256.0,,0.8244270086288452,,0.00390625,,2109.7294921875,,,,,,,,,,,
3,47499,,60576.984375,,0.0044254581443965435,,58667.90625,,0.50390625,,60576.984375,,0.859375,,0.49609375,,256.0,,0.8002762794494629,,0.0078125,,1909.080078125,,,,,,,,,,,
3,47549,,63478.28125,,0.00457118172198534,,61609.30859375,,0.4609375,,63478.28125,,0.72265625,,0.5390625,,256.0,,0.6938598155975342,,0.0078125,,1868.974365234375,,,,,,,,,,,
3,47599,,12970.2265625,,0.004967339336872101,,11337.3515625,,0.53515625,,12970.2265625,,0.75390625,,0.46484375,,256.0,,0.7723903656005859,,0.0,,1632.87451171875,,,,,,,,,,,
3,47649,,12382.0634765625,,0.004812893457710743,,10598.6611328125,,0.51171875,,12382.0634765625,,0.625,,0.48828125,,256.0,,0.6040228605270386,,0.0,,1783.40234375,,,,,,,,,,,
3,47699,,76012.859375,,0.004447548184543848,,73889.3125,,0.56640625,,76012.859375,,0.65234375,,0.43359375,,256.0,,0.6480585932731628,,0.00390625,,2123.54638671875,,,,,,,,,,,
3,47749,,61315.890625,,0.0054518356919288635,,59326.90625,,0.49609375,,61315.890625,,0.765625,,0.50390625,,256.0,,0.7730562686920166,,0.00390625,,1988.982421875,,,,,,,,,,,
3,47799,,89237.5078125,,0.004803025163710117,,86263.0625,,0.515625,,89237.5078125,,0.69921875,,0.484375,,256.0,,0.7099542617797852,,0.01953125,,2974.4462890625,,,,,,,,,,,
3,47849,,15268.3994140625,,0.004821077920496464,,13417.361328125,,0.47265625,,15268.3994140625,,0.81640625,,0.52734375,,256.0,,0.8203840255737305,,0.00390625,,1851.037841796875,,,,,,,,,,,
3,47899,,16884.55078125,,0.004862574860453606,,14903.271484375,,0.515625,,16884.55078125,,0.66015625,,0.484375,,256.0,,0.6634748578071594,,0.0078125,,1981.27880859375,,,,,,,,,,,
3,47949,,16795.240234375,,0.004651110153645277,,15069.4931640625,,0.54296875,,16795.240234375,,0.609375,,0.45703125,,256.0,,0.619614839553833,,0.0,,1725.7479248046875,,,,,,,,,,,
3,47999,,81726.96875,,0.004622095730155706,,79695.6484375,,0.4140625,,81726.96875,,0.5625,,0.5859375,,256.0,,0.5429250597953796,,0.0078125,,2031.321044921875,,,,,,,,,,,
3,48049,,64293.37890625,,0.0050691962242126465,,62347.9921875,,0.5078125,,64293.37890625,,0.734375,,0.4921875,,256.0,,0.6829085350036621,,0.00390625,,1945.38818359375,,,,,,,,,,,
3,48099,,12725.94140625,,0.004884443245828152,,10599.9521484375,,0.48828125,,12725.94140625,,0.5390625,,0.51171875,,256.0,,0.5519955158233643,,0.01171875,,2125.98876953125,,,,,,,,,,,
3,48149,,14812.5185546875,,0.00473607424646616,,12923.392578125,,0.48828125,,14812.5185546875,,0.5546875,,0.51171875,,256.0,,0.5462074875831604,,0.00390625,,1889.126220703125,,,,,,,,,,,
3,48199,,50365.87890625,,0.004874245263636112,,48160.78125,,0.50390625,,50365.87890625,,0.72265625,,0.49609375,,256.0,,0.5860262513160706,,0.01171875,,2205.09912109375,,,,,,,,,,,
3,48249,,16106.66015625,,0.004785040393471718,,14531.9970703125,,0.48046875,,16106.66015625,,0.7421875,,0.51953125,,256.0,,0.6946102976799011,,0.0,,1574.66357421875,,,,,,,,,,,
3,48299,,63887.74609375,,0.004810983315110207,,61937.1875,,0.515625,,63887.74609375,,0.62109375,,0.484375,,256.0,,0.6452574729919434,,0.0078125,,1950.55712890625,,,,,,,,,,,
3,48349,,15290.7001953125,,0.004917831625789404,,13612.12109375,,0.51953125,,15290.7001953125,,0.79296875,,0.48046875,,256.0,,0.8093650341033936,,0.0,,1678.578857421875,,,,,,,,,,,
3,48399,,64266.80859375,,0.004691590555012226,,62034.265625,,0.48046875,,64266.80859375,,0.69140625,,0.51953125,,256.0,,0.674845814704895,,0.0078125,,2232.54443359375,,,,,,,,,,,
3,48449,,15171.7958984375,,0.004714133217930794,,13592.12890625,,0.5078125,,15171.7958984375,,0.73046875,,0.4921875,,256.0,,0.6891746520996094,,0.0,,1579.6669921875,,,,,,,,,,,
3,48499,,18999.84375,,0.004926071967929602,,17151.2109375,,0.44140625,,18999.84375,,0.59375,,0.55859375,,256.0,,0.6116085648536682,,0.00390625,,1848.633544921875,,,,,,,,,,,
3,48549,,99269.828125,,0.004866780713200569,,97042.6640625,,0.48046875,,99269.828125,,0.80859375,,0.51953125,,256.0,,0.7354690432548523,,0.0078125,,2227.16015625,,,,,,,,,,,
3,48599,,11701.3896484375,,0.00549521017819643,,9811.0791015625,,0.5,,11701.3896484375,,0.6796875,,0.5,,256.0,,0.6424376368522644,,0.00390625,,1890.310546875,,,,,,,,,,,
3,48649,,63168.265625,,0.004842177499085665,,61059.015625,,0.47265625,,63168.265625,,0.66015625,,0.52734375,,256.0,,0.6618191003799438,,0.01171875,,2109.251708984375,,,,,,,,,,,
3,48699,,23679.92578125,,0.004790301900357008,,21822.6953125,,0.53125,,23679.92578125,,0.73828125,,0.46875,,256.0,,0.6649132370948792,,0.0,,1857.22998046875,,,,,,,,,,,
3,48749,,68835.9609375,,0.005248766392469406,,66147.9296875,,0.484375,,68835.9609375,,0.8125,,0.515625,,256.0,,0.7443180084228516,,0.01171875,,2688.02880859375,,,,,,,,,,,
3,48799,,152251.703125,,0.004852978512644768,,149464.34375,,0.53125,,152251.703125,,0.76171875,,0.46875,,256.0,,0.7062802314758301,,0.015625,,2787.355224609375,,,,,,,,,,,
3,48849,,12800.4091796875,,0.004882770590484142,,10998.4462890625,,0.48046875,,12800.4091796875,,0.58203125,,0.51953125,,256.0,,0.5956114530563354,,0.00390625,,1801.963134765625,,,,,,,,,,,
3,48899,,49049.96484375,,0.004629921168088913,,47127.19140625,,0.4921875,,49049.96484375,,0.73828125,,0.5078125,,256.0,,0.6912857890129089,,0.00390625,,1922.775146484375,,,,,,,,,,,
3,48949,,12260.724609375,,0.0052232565358281136,,10481.67578125,,0.49609375,,12260.724609375,,0.400390625,,0.50390625,,256.0,,0.43890923261642456,,0.0,,1779.048828125,,,,,,,,,,,
3,48999,,48215.5078125,,0.0045111957006156445,,46206.6171875,,0.51171875,,48215.5078125,,0.79296875,,0.48828125,,256.0,,0.7648895978927612,,0.00390625,,2008.888671875,,,,,,,,,,,
3,49049,,52648.5,,0.004634136334061623,,50430.42578125,,0.546875,,52648.5,,0.69140625,,0.453125,,256.0,,0.6096172332763672,,0.0078125,,2218.075439453125,,,,,,,,,,,
3,49099,,60061.89453125,,0.004722425248473883,,57681.4296875,,0.49609375,,60061.89453125,,0.73046875,,0.50390625,,256.0,,0.6795940399169922,,0.01171875,,2380.4638671875,,,,,,,,,,,
3,49149,,16750.857421875,,0.004754906520247459,,14843.208984375,,0.4375,,16750.857421875,,0.57421875,,0.5625,,256.0,,0.5814709663391113,,0.00390625,,1907.649169921875,,,,,,,,,,,
3,49199,,71342.7421875,,0.004978765733540058,,69232.5625,,0.51171875,,71342.7421875,,0.79296875,,0.48828125,,256.0,,0.7128143310546875,,0.00390625,,2110.18212890625,,,,,,,,,,,
3,49249,,14480.4453125,,0.004678844474256039,,12684.0322265625,,0.4921875,,14480.4453125,,0.59765625,,0.5078125,,256.0,,0.5810008645057678,,0.00390625,,1796.41357421875,,,,,,,,,,,
3,49299,,16581.388671875,,0.004694453906267881,,14851.6923828125,,0.46484375,,16581.388671875,,0.6484375,,0.53515625,,256.0,,0.6684573888778687,,0.0,,1729.6962890625,,,,,,,,,,,
3,49349,,17588.83203125,,0.004311170428991318,,15836.185546875,,0.50390625,,17588.83203125,,0.73828125,,0.49609375,,256.0,,0.7382463216781616,,0.0,,1752.6474609375,,,,,,,,,,,
3,49399,,16439.2734375,,0.004939446225762367,,14358.0244140625,,0.4921875,,16439.2734375,,0.72265625,,0.5078125,,256.0,,0.6259232759475708,,0.0078125,,2081.248779296875,,,,,,,,,,,
3,49449,,10735.578125,,0.004770020954310894,,8678.74609375,,0.4921875,,10735.578125,,0.68359375,,0.5078125,,256.0,,0.6358616948127747,,0.0078125,,2056.83154296875,,,,,,,,,,,
3,49499,,59023.55859375,,0.005131773184984922,,57074.015625,,0.515625,,59023.55859375,,0.640625,,0.484375,,256.0,,0.6045039892196655,,0.0078125,,1949.541748046875,,,,,,,,,,,
3,49549,,59417.1875,,0.004813340958207846,,57225.05859375,,0.53515625,,59417.1875,,0.73046875,,0.46484375,,256.0,,0.7735662460327148,,0.0078125,,2192.12841796875,,,,,,,,,,,
3,49599,,58545.3828125,,0.0052533745765686035,,56566.7890625,,0.5703125,,58545.3828125,,0.65625,,0.4296875,,256.0,,0.6425169706344604,,0.00390625,,1978.592529296875,,,,,,,,,,,
3,49649,,54872.5625,,0.00491697434335947,,52880.94921875,,0.5,,54872.5625,,0.53125,,0.5,,256.0,,0.49950700998306274,,0.00390625,,1991.613037109375,,,,,,,,,,,
3,49699,,85018.59375,,0.004632873460650444,,82357.6796875,,0.46875,,85018.59375,,0.7421875,,0.53125,,256.0,,0.7184498310089111,,0.01953125,,2660.910400390625,,,,,,,,,,,
3,49749,,56422.00390625,,0.005061331670731306,,54502.64453125,,0.48046875,,56422.00390625,,0.59375,,0.51953125,,256.0,,0.511091947555542,,0.00390625,,1919.358154296875,,,,,,,,,,,
3,49799,,63988.3671875,,0.005440022796392441,,61873.92578125,,0.48046875,,63988.3671875,,0.58984375,,0.51953125,,256.0,,0.5847336053848267,,0.00390625,,2114.4423828125,,,,,,,,,,,
3,49849,,127488.4375,,0.005245498847216368,,125064.2265625,,0.51953125,,127488.4375,,0.6328125,,0.48046875,,256.0,,0.6273382902145386,,0.015625,,2424.21337890625,,,,,,,,,,,
3,49899,,18315.4375,,0.004819192923605442,,16566.826171875,,0.484375,,18315.4375,,0.75,,0.515625,,256.0,,0.6818352937698364,,0.0,,1748.611572265625,,,,,,,,,,,
3,49949,,115177.0078125,,0.004588036797940731,,113059.84375,,0.48828125,,115177.0078125,,0.5625,,0.51171875,,256.0,,0.5501605272293091,,0.0078125,,2117.160888671875,,,,,,,,,,,
3,49999,,10116.4052734375,,0.004804475698620081,,8170.75537109375,,0.53515625,,10116.4052734375,,0.75390625,,0.46484375,,256.0,,0.6998955607414246,,0.0078125,,1945.649658203125,,,,,,,,,,,
3,50049,,139721.71875,,0.004548192024230957,,137298.046875,,0.44921875,,139721.71875,,0.66796875,,0.55078125,,256.0,,0.6672554016113281,,0.015625,,2423.67431640625,,,,,,,,,,,
3,50099,,52841.17578125,,0.004891907796263695,,50644.765625,,0.5,,52841.17578125,,0.6015625,,0.5,,256.0,,0.5636441707611084,,0.01171875,,2196.41064453125,,,,,,,,,,,
3,50149,,13998.2958984375,,0.004801515024155378,,11894.458984375,,0.51953125,,13998.2958984375,,0.6015625,,0.48046875,,256.0,,0.6377682685852051,,0.01171875,,2103.8369140625,,,,,,,,,,,
3,50199,,11506.748046875,,0.004648170433938503,,9690.7392578125,,0.484375,,11506.748046875,,0.56640625,,0.515625,,256.0,,0.5261117219924927,,0.00390625,,1816.00927734375,,,,,,,,,,,
3,50249,,62743.96875,,0.005700065754354,,60766.46484375,,0.5,,62743.96875,,0.77734375,,0.5,,256.0,,0.7286844253540039,,0.00390625,,1977.50537109375,,,,,,,,,,,
3,50299,,19349.748046875,,0.00490283127874136,,17525.345703125,,0.49609375,,19349.748046875,,0.6796875,,0.50390625,,256.0,,0.6785843372344971,,0.0,,1824.4022216796875,,,,,,,,,,,
3,50349,,18248.953125,,0.004257019609212875,,16506.09375,,0.51953125,,18248.953125,,0.84375,,0.48046875,,256.0,,0.7471044063568115,,0.0078125,,1742.8603515625,,,,,,,,,,,
3,50399,,76593.5625,,0.005251217633485794,,74261.8203125,,0.46484375,,76593.5625,,0.69921875,,0.53515625,,256.0,,0.6483997702598572,,0.01171875,,2331.73876953125,,,,,,,,,,,
3,50449,,18127.865234375,,0.005044037476181984,,16294.9169921875,,0.4921875,,18127.865234375,,0.73046875,,0.5078125,,256.0,,0.7147421836853027,,0.0078125,,1832.947998046875,,,,,,,,,,,
3,50499,,101067.234375,,0.0046512652188539505,,98777.890625,,0.52734375,,101067.234375,,0.65234375,,0.47265625,,256.0,,0.6439296007156372,,0.01171875,,2289.34326171875,,,,,,,,,,,
3,50549,,13530.138671875,,0.004754544701427221,,12027.1513671875,,0.4921875,,13530.138671875,,0.734375,,0.5078125,,256.0,,0.6816052198410034,,0.0,,1502.9873046875,,,,,,,,,,,
3,50599,,15502.48828125,,0.004772496409714222,,13667.03125,,0.5234375,,15502.48828125,,0.6640625,,0.4765625,,256.0,,0.6841540336608887,,0.0078125,,1835.456787109375,,,,,,,,,,,
3,50649,,47060.5703125,,0.005346269812434912,,44897.68359375,,0.4921875,,47060.5703125,,0.66796875,,0.5078125,,256.0,,0.6243740320205688,,0.0078125,,2162.88623046875,,,,,,,,,,,
3,50699,,55666.27734375,,0.004998141899704933,,53224.4140625,,0.53515625,,55666.27734375,,0.6484375,,0.46484375,,256.0,,0.6514111161231995,,0.0078125,,2441.862548828125,,,,,,,,,,,
3,50749,,49281.703125,,0.004921739920973778,,47310.65625,,0.4765625,,49281.703125,,0.7421875,,0.5234375,,256.0,,0.7184666395187378,,0.00390625,,1971.046875,,,,,,,,,,,
3,50799,,11565.9052734375,,0.004771817475557327,,9904.0478515625,,0.48046875,,11565.9052734375,,0.6953125,,0.51953125,,256.0,,0.7198516726493835,,0.0,,1661.8572998046875,,,,,,,,,,,
3,50849,,55685.7734375,,0.005105054005980492,,53792.18359375,,0.5546875,,55685.7734375,,0.73828125,,0.4453125,,256.0,,0.6992203593254089,,0.0078125,,1893.5902099609375,,,,,,,,,,,
3,50899,,11131.5546875,,0.0047980849631130695,,9495.708984375,,0.5,,11131.5546875,,0.68359375,,0.5,,256.0,,0.6698207855224609,,0.0,,1635.84619140625,,,,,,,,,,,
3,50949,,15458.91015625,,0.00469796871766448,,13706.201171875,,0.48046875,,15458.91015625,,0.65625,,0.51953125,,256.0,,0.6525974273681641,,0.0,,1752.709228515625,,,,,,,,,,,
3,50999,,54830.69140625,,0.005018436349928379,,52379.828125,,0.515625,,54830.69140625,,0.71484375,,0.484375,,256.0,,0.7037074565887451,,0.015625,,2450.863525390625,,,,,,,,,,,
3,51049,,54661.078125,,0.004869682714343071,,52416.609375,,0.55078125,,54661.078125,,0.64453125,,0.44921875,,256.0,,0.6454653143882751,,0.0078125,,2244.46875,,,,,,,,,,,
3,51099,,47334.1875,,0.005434380378574133,,45093.703125,,0.56640625,,47334.1875,,0.56640625,,0.43359375,,256.0,,0.5052152872085571,,0.0078125,,2240.482421875,,,,,,,,,,,
3,51149,,38784.75390625,,0.005488978233188391,,36945.06640625,,0.4609375,,38784.75390625,,0.5390625,,0.5390625,,256.0,,0.490792453289032,,0.0078125,,1839.6888427734375,,,,,,,,,,,
3,51183,,,,,,,,,,,,,,,,,,,,,,,18970.3125,0.004860734101384878,17260.427734375,0.4998077154159546,18970.3125,0.736271858215332,0.5001922845840454,255.98416137695312,0.6614911556243896,0.0010014981962740421,1709.9085693359375
3,51183,44338.140625,,0.00485191261395812,,42333.98828125,,0.49983087182044983,,44338.140625,,0.6855224370956421,,0.5001690983772278,,256.0,,0.661857545375824,,0.005124587099999189,,2004.1187744140625,,,,,,,,,,,,
4,51199,,15484.755859375,,0.004768327344208956,,13661.6025390625,,0.50390625,,15484.755859375,,0.765625,,0.49609375,,256.0,,0.6857213973999023,,0.00390625,,1823.1533203125,,,,,,,,,,,
4,51249,,47927.30078125,,0.005041901487857103,,46142.11328125,,0.4609375,,47927.30078125,,0.5859375,,0.5390625,,256.0,,0.5980995893478394,,0.00390625,,1785.1884765625,,,,,,,,,,,
4,51299,,15254.5478515625,,0.004929224029183388,,13550.3134765625,,0.50390625,,15254.5478515625,,0.60546875,,0.49609375,,256.0,,0.6085978746414185,,0.0,,1704.2342529296875,,,,,,,,,,,
4,51349,,45915.453125,,0.004710741341114044,,44030.5078125,,0.5390625,,45915.453125,,0.66796875,,0.4609375,,256.0,,0.6696426868438721,,0.00390625,,1884.943359375,,,,,,,,,,,
4,51399,,14804.25390625,,0.004850367549806833,,13099.9365234375,,0.4453125,,14804.25390625,,0.6796875,,0.5546875,,256.0,,0.6668853163719177,,0.0,,1704.3173828125,,,,,,,,,,,
4,51449,,16628.140625,,0.0051940977573394775,,14867.1298828125,,0.44921875,,16628.140625,,0.80859375,,0.55078125,,256.0,,0.7324153184890747,,0.0,,1761.0098876953125,,,,,,,,,,,
4,51499,,14206.28125,,0.004739837255328894,,12528.9228515625,,0.5234375,,14206.28125,,0.5546875,,0.4765625,,256.0,,0.5208333134651184,,0.0,,1677.3585205078125,,,,,,,,,,,
4,51549,,17616.61328125,,0.004548531025648117,,15391.732421875,,0.51953125,,17616.61328125,,0.69921875,,0.48046875,,256.0,,0.625433087348938,,0.0078125,,2224.88037109375,,,,,,,,,,,
4,51599,,56759.27734375,,0.004440379794687033,,54783.37109375,,0.5234375,,56759.27734375,,0.62109375,,0.4765625,,256.0,,0.6677877306938171,,0.00390625,,1975.9061279296875,,,,,,,,,,,
4,51649,,13475.2216796875,,0.00455124769359827,,11845.1318359375,,0.5390625,,13475.2216796875,,0.71875,,0.4609375,,256.0,,0.6681661605834961,,0.00390625,,1630.08984375,,,,,,,,,,,
4,51699,,48049.37890625,,0.005215710960328579,,46096.01953125,,0.5234375,,48049.37890625,,0.7734375,,0.4765625,,256.0,,0.6762954592704773,,0.00390625,,1953.3607177734375,,,,,,,,,,,
4,51749,,73117.671875,,0.005071698687970638,,70702.625,,0.5,,73117.671875,,0.5625,,0.5,,256.0,,0.5411993265151978,,0.01171875,,2415.047607421875,,,,,,,,,,,
4,51799,,13870.349609375,,0.00498477928340435,,11803.435546875,,0.44921875,,13870.349609375,,0.73828125,,0.55078125,,256.0,,0.7161684036254883,,0.0078125,,2066.9140625,,,,,,,,,,,
4,51849,,51763.421875,,0.005103487987071276,,49456.23828125,,0.47265625,,51763.421875,,0.54296875,,0.52734375,,256.0,,0.5173707008361816,,0.0078125,,2307.18505859375,,,,,,,,,,,
4,51899,,61943.7578125,,0.004632583353668451,,59911.98046875,,0.51953125,,61943.7578125,,0.73046875,,0.48046875,,256.0,,0.636927604675293,,0.00390625,,2031.778076171875,,,,,,,,,,,
4,51949,,48260.31640625,,0.005212718155235052,,46136.66015625,,0.5234375,,48260.31640625,,0.73828125,,0.4765625,,256.0,,0.6592739224433899,,0.01171875,,2123.657470703125,,,,,,,,,,,
4,51999,,17540.6171875,,0.004732905887067318,,15513.4677734375,,0.51953125,,17540.6171875,,0.75390625,,0.48046875,,256.0,,0.7438061237335205,,0.0078125,,2027.1494140625,,,,,,,,,,,
4,52049,,18955.638671875,,0.0047886064276099205,,17212.908203125,,0.51953125,,18955.638671875,,0.76953125,,0.48046875,,256.0,,0.7297129034996033,,0.00390625,,1742.730224609375,,,,,,,,,,,
4,52099,,52710.328125,,0.004593958612531424,,50779.1328125,,0.4765625,,52710.328125,,0.54296875,,0.5234375,,256.0,,0.5687276124954224,,0.00390625,,1931.1953125,,,,,,,,,,,
4,52149,,16978.658203125,,0.005062251351773739,,15198.0517578125,,0.5234375,,16978.658203125,,0.609375,,0.4765625,,256.0,,0.5895708799362183,,0.0,,1780.607177734375,,,,,,,,,,,
4,52199,,54012.5,,0.004493779502809048,,51697.671875,,0.51171875,,54012.5,,0.734375,,0.48828125,,256.0,,0.6933455467224121,,0.0078125,,2314.829345703125,,,,,,,,,,,
4,52249,,16945.302734375,,0.004558508284389973,,15010.6005859375,,0.53515625,,16945.302734375,,0.78125,,0.46484375,,256.0,,0.7429274320602417,,0.0078125,,1934.701904296875,,,,,,,,,,,
4,52299,,70108.265625,,0.004707555286586285,,67135.59375,,0.58203125,,70108.265625,,0.734375,,0.41796875,,256.0,,0.7151235938072205,,0.01953125,,2972.674072265625,,,,,,,,,,,
4,52349,,58051.85546875,,0.004855690058320761,,56126.6484375,,0.53125,,58051.85546875,,0.6484375,,0.46875,,256.0,,0.6724483370780945,,0.0078125,,1925.2064208984375,,,,,,,,,,,
4,52399,,125230.265625,,0.00494089350104332,,122857.6015625,,0.5234375,,125230.265625,,0.671875,,0.4765625,,256.0,,0.6146283149719238,,0.01171875,,2372.6630859375,,,,,,,,,,,
4,52449,,12560.4296875,,0.004526345059275627,,10582.4375,,0.484375,,12560.4296875,,0.73046875,,0.515625,,256.0,,0.7359687089920044,,0.01171875,,1977.992431640625,,,,,,,,,,,
4,52499,,15555.6533203125,,0.004693138413131237,,13728.7373046875,,0.46484375,,15555.6533203125,,0.80859375,,0.53515625,,256.0,,0.7117230296134949,,0.0,,1826.9156494140625,,,,,,,,,,,
4,52549,,50150.796875,,0.004762659780681133,,48288.859375,,0.5078125,,50150.796875,,0.7265625,,0.4921875,,256.0,,0.6307971477508545,,0.00390625,,1861.938232421875,,,,,,,,,,,
4,52599,,16879.30078125,,0.004755552392452955,,14673.12109375,,0.44921875,,16879.30078125,,0.7890625,,0.55078125,,256.0,,0.7956924438476562,,0.01171875,,2206.18017578125,,,,,,,,,,,
4,52649,,15863.5556640625,,0.005222524516284466,,13659.595703125,,0.5,,15863.5556640625,,0.796875,,0.5,,256.0,,0.7268842458724976,,0.01171875,,2203.9599609375,,,,,,,,,,,
4,52699,,191989.46875,,0.004307971801608801,,189318.96875,,0.46875,,191989.46875,,0.51953125,,0.53125,,256.0,,0.5499801635742188,,0.01171875,,2670.50732421875,,,,,,,,,,,
4,52749,,64316.703125,,0.005149521864950657,,62396.5,,0.46875,,64316.703125,,0.6171875,,0.53125,,256.0,,0.634300947189331,,0.0078125,,1920.205078125,,,,,,,,,,,
4,52799,,106771.5703125,,0.004909643903374672,,104593.3203125,,0.51953125,,106771.5703125,,0.6171875,,0.48046875,,256.0,,0.621185302734375,,0.0078125,,2178.248291015625,,,,,,,,,,,
4,52849,,15314.689453125,,0.00473689753562212,,13222.591796875,,0.4765625,,15314.689453125,,0.7421875,,0.5234375,,256.0,,0.7206255793571472,,0.0078125,,2092.09716796875,,,,,,,,,,,
4,52899,,20318.046875,,0.0046875616535544395,,18441.392578125,,0.484375,,20318.046875,,0.515625,,0.515625,,256.0,,0.5531929731369019,,0.00390625,,1876.6544189453125,,,,,,,,,,,
4,52949,,16307.4169921875,,0.00486644497141242,,14586.962890625,,0.51953125,,16307.4169921875,,0.70703125,,0.48046875,,256.0,,0.7013386487960815,,0.0,,1720.453857421875,,,,,,,,,,,
4,52999,,14882.603515625,,0.004721427336335182,,12934.431640625,,0.5,,14882.603515625,,0.59375,,0.5,,256.0,,0.6374608874320984,,0.00390625,,1948.17236328125,,,,,,,,,,,
4,53049,,14352.9423828125,,0.004903477616608143,,12756.1552734375,,0.51171875,,14352.9423828125,,0.74609375,,0.48828125,,256.0,,0.6875750422477722,,0.0,,1596.787353515625,,,,,,,,,,,
4,53099,,14784.712890625,,0.005162980407476425,,12695.12109375,,0.47265625,,14784.712890625,,0.53125,,0.52734375,,256.0,,0.5625488758087158,,0.01171875,,2089.59228515625,,,,,,,,,,,
4,53149,,54731.5703125,,0.0046579670161008835,,52567.92578125,,0.453125,,54731.5703125,,0.78125,,0.546875,,256.0,,0.7214473485946655,,0.0078125,,2163.644287109375,,,,,,,,,,,
4,53199,,92647.5859375,,0.004580956418067217,,90549.4296875,,0.515625,,92647.5859375,,0.63671875,,0.484375,,256.0,,0.6514409780502319,,0.0078125,,2098.1533203125,,,,,,,,,,,
4,53249,,11604.85546875,,0.004789277445524931,,9763.8232421875,,0.46875,,11604.85546875,,0.6640625,,0.53125,,256.0,,0.5962690711021423,,0.00390625,,1841.03271484375,,,,,,,,,,,
4,53299,,10255.5361328125,,0.004499277099967003,,8704.130859375,,0.57421875,,10255.5361328125,,0.63671875,,0.42578125,,256.0,,0.6683329343795776,,0.0,,1551.405029296875,,,,,,,,,,,
4,53349,,136289.65625,,0.005089306738227606,,133689.515625,,0.4765625,,136289.65625,,0.6640625,,0.5234375,,256.0,,0.629304826259613,,0.015625,,2600.1484375,,,,,,,,,,,
4,53399,,19197.48828125,,0.005015464965254068,,17229.33203125,,0.48828125,,19197.48828125,,0.63671875,,0.51171875,,256.0,,0.6435357332229614,,0.00390625,,1968.156005859375,,,,,,,,,,,
4,53449,,12266.4306640625,,0.004708083346486092,,10241.751953125,,0.4609375,,12266.4306640625,,0.78515625,,0.5390625,,256.0,,0.7474894523620605,,0.00390625,,2024.678955078125,,,,,,,,,,,
4,53499,,17389.935546875,,0.005280429031699896,,15503.375,,0.55078125,,17389.935546875,,0.6484375,,0.44921875,,256.0,,0.6047553420066833,,0.00390625,,1886.560791015625,,,,,,,,,,,
4,53549,,51187.55078125,,0.004888649098575115,,49329.15234375,,0.5,,51187.55078125,,0.7890625,,0.5,,256.0,,0.731719970703125,,0.0078125,,1858.39697265625,,,,,,,,,,,
4,53599,,18184.923828125,,0.005111749283969402,,16344.20703125,,0.48828125,,18184.923828125,,0.6640625,,0.51171875,,256.0,,0.6408530473709106,,0.00390625,,1840.717041015625,,,,,,,,,,,
4,53649,,62069.6953125,,0.004794388078153133,,60228.53515625,,0.47265625,,62069.6953125,,0.412109375,,0.52734375,,256.0,,0.47827833890914917,,0.00390625,,1841.1600341796875,,,,,,,,,,,
4,53699,,15727.05078125,,0.004516663495451212,,13637.5283203125,,0.5546875,,15727.05078125,,0.65234375,,0.4453125,,256.0,,0.5732292532920837,,0.0078125,,2089.522216796875,,,,,,,,,,,
4,53749,,13142.203125,,0.004907937254756689,,11269.29296875,,0.47265625,,13142.203125,,0.63671875,,0.52734375,,256.0,,0.635750412940979,,0.0078125,,1872.90966796875,,,,,,,,,,,
4,53799,,66958.8515625,,0.0050331586971879005,,64821.078125,,0.5,,66958.8515625,,0.59765625,,0.5,,256.0,,0.592781662940979,,0.01171875,,2137.771240234375,,,,,,,,,,,
4,53849,,14167.2822265625,,0.005010413471609354,,12622.052734375,,0.51953125,,14167.2822265625,,0.66796875,,0.48046875,,256.0,,0.6555629372596741,,0.0,,1545.2293701171875,,,,,,,,,,,
4,53899,,102691.6875,,0.004691113717854023,,100235.453125,,0.52734375,,102691.6875,,0.7578125,,0.47265625,,256.0,,0.7148324847221375,,0.015625,,2456.23095703125,,,,,,,,,,,
4,53949,,16054.5966796875,,0.004633305128663778,,14321.9658203125,,0.515625,,16054.5966796875,,0.578125,,0.484375,,256.0,,0.5852669477462769,,0.00390625,,1732.630859375,,,,,,,,,,,
4,53999,,61350.4296875,,0.005083316937088966,,59309.1171875,,0.48828125,,61350.4296875,,0.6640625,,0.51171875,,256.0,,0.6245040893554688,,0.0078125,,2041.31298828125,,,,,,,,,,,
4,54049,,15982.7138671875,,0.005075223743915558,,14060.533203125,,0.4921875,,15982.7138671875,,0.54296875,,0.5078125,,256.0,,0.5459457635879517,,0.0078125,,1922.1805419921875,,,,,,,,,,,
4,54099,,48058.1328125,,0.0045538730919361115,,46264.3671875,,0.5546875,,48058.1328125,,0.72265625,,0.4453125,,256.0,,0.6435375809669495,,0.00390625,,1793.765625,,,,,,,,,,,
4,54149,,16267.4482421875,,0.004867732524871826,,14573.1962890625,,0.46484375,,16267.4482421875,,0.6796875,,0.53515625,,256.0,,0.7013664245605469,,0.00390625,,1694.251708984375,,,,,,,,,,,
4,54199,,18420.271484375,,0.006816547363996506,,16652.2734375,,0.52734375,,18420.271484375,,0.6328125,,0.47265625,,256.0,,0.5755858421325684,,0.00390625,,1767.99853515625,,,,,,,,,,,
4,54249,,107145.7109375,,0.004433778580278158,,104929.0703125,,0.50390625,,107145.7109375,,0.76171875,,0.49609375,,256.0,,0.7478140592575073,,0.0078125,,2216.6396484375,,,,,,,,,,,
4,54299,,47669.5859375,,0.004520094022154808,,45840.30078125,,0.45703125,,47669.5859375,,0.62109375,,0.54296875,,256.0,,0.6308704614639282,,0.00390625,,1829.283935546875,,,,,,,,,,,
4,54349,,17609.337890625,,0.004772480111569166,,15714.49609375,,0.53515625,,17609.337890625,,0.7421875,,0.46484375,,256.0,,0.7082875967025757,,0.0078125,,1894.842041015625,,,,,,,,,,,
4,54399,,64440.3203125,,0.004513390362262726,,62511.84375,,0.52734375,,64440.3203125,,0.578125,,0.47265625,,256.0,,0.5863655805587769,,0.00390625,,1928.4765625,,,,,,,,,,,
4,54449,,14734.4599609375,,0.004427614156156778,,12836.345703125,,0.55859375,,14734.4599609375,,0.69140625,,0.44140625,,256.0,,0.6481338739395142,,0.00390625,,1898.1138916015625,,,,,,,,,,,
4,54499,,18696.21484375,,0.004814306274056435,,16785.251953125,,0.47265625,,18696.21484375,,0.57421875,,0.52734375,,256.0,,0.5461983680725098,,0.00390625,,1910.9627685546875,,,,,,,,,,,
4,54549,,14273.435546875,,0.0049779233522713184,,12493.9541015625,,0.5,,14273.435546875,,0.54296875,,0.5,,256.0,,0.5575127005577087,,0.0,,1779.48095703125,,,,,,,,,,,
4,54599,,18147.39453125,,0.004666232503950596,,16428.923828125,,0.4453125,,18147.39453125,,0.515625,,0.5546875,,256.0,,0.5278439521789551,,0.0,,1718.470947265625,,,,,,,,,,,
4,54649,,12232.12109375,,0.005242213606834412,,10326.41015625,,0.49609375,,12232.12109375,,0.58203125,,0.50390625,,256.0,,0.5526208877563477,,0.0078125,,1905.710693359375,,,,,,,,,,,
4,54699,,42579.703125,,0.004985942970961332,,40683.0078125,,0.4765625,,42579.703125,,0.71875,,0.5234375,,256.0,,0.6983193159103394,,0.0078125,,1896.69580078125,,,,,,,,,,,
4,54749,,67416.4296875,,0.005077858455479145,,65344.140625,,0.48828125,,67416.4296875,,0.69921875,,0.51171875,,256.0,,0.5899948477745056,,0.00390625,,2072.28564453125,,,,,,,,,,,
4,54799,,80723.078125,,0.004749501124024391,,78114.6796875,,0.5234375,,80723.078125,,0.609375,,0.4765625,,256.0,,0.5983854532241821,,0.01953125,,2608.400390625,,,,,,,,,,,
4,54849,,18260.724609375,,0.00491508049890399,,16410.626953125,,0.50390625,,18260.724609375,,0.78515625,,0.49609375,,256.0,,0.6938842535018921,,0.00390625,,1850.098388671875,,,,,,,,,,,
4,54899,,101671.2109375,,0.004813604988157749,,99484.5078125,,0.48828125,,101671.2109375,,0.64453125,,0.51171875,,256.0,,0.6285138130187988,,0.0078125,,2186.705810546875,,,,,,,,,,,
4,54949,,13416.947265625,,0.005150689743459225,,11402.6982421875,,0.4765625,,13416.947265625,,0.609375,,0.5234375,,256.0,,0.5903944969177246,,0.00390625,,2014.2490234375,,,,,,,,,,,
4,54999,,16524.927734375,,0.0050672441720962524,,14541.6318359375,,0.50390625,,16524.927734375,,0.671875,,0.49609375,,256.0,,0.6511349678039551,,0.00390625,,1983.2952880859375,,,,,,,,,,,
4,55049,,18642.634765625,,0.004825086798518896,,16979.201171875,,0.48828125,,18642.634765625,,0.62109375,,0.51171875,,256.0,,0.6212389469146729,,0.00390625,,1663.433349609375,,,,,,,,,,,
4,55099,,14908.9853515625,,0.004778585396707058,,13137.5947265625,,0.4765625,,14908.9853515625,,0.5546875,,0.5234375,,256.0,,0.5122116804122925,,0.00390625,,1771.390625,,,,,,,,,,,
4,55149,,47286.5234375,,0.004824201576411724,,45402.12890625,,0.484375,,47286.5234375,,0.58203125,,0.515625,,256.0,,0.638444185256958,,0.00390625,,1884.392578125,,,,,,,,,,,
4,55199,,62097.11328125,,0.004889183212071657,,60057.9609375,,0.48046875,,62097.11328125,,0.5546875,,0.51953125,,256.0,,0.580920934677124,,0.00390625,,2039.1519775390625,,,,,,,,,,,
4,55249,,51751.98046875,,0.004781945608556271,,49991.11328125,,0.51171875,,51751.98046875,,0.51953125,,0.48828125,,256.0,,0.49813133478164673,,0.00390625,,1760.867431640625,,,,,,,,,,,
4,55299,,14838.3759765625,,0.004707470536231995,,13144.3818359375,,0.546875,,14838.3759765625,,0.6484375,,0.453125,,256.0,,0.6158187389373779,,0.0,,1693.993896484375,,,,,,,,,,,
4,55349,,55950.52734375,,0.004555071704089642,,54169.0703125,,0.51953125,,55950.52734375,,0.53125,,0.48046875,,256.0,,0.4892508387565613,,0.00390625,,1781.4561767578125,,,,,,,,,,,
4,55399,,15984.439453125,,0.004596988670527935,,14325.3515625,,0.5390625,,15984.439453125,,0.71484375,,0.4609375,,256.0,,0.6873462200164795,,0.0,,1659.0877685546875,,,,,,,,,,,
4,55449,,113552.921875,,0.005111928563565016,,111120.9921875,,0.5,,113552.921875,,0.68359375,,0.5,,256.0,,0.5955722332000732,,0.015625,,2431.92822265625,,,,,,,,,,,
4,55499,,17001.556640625,,0.004703977610915899,,15231.654296875,,0.5,,17001.556640625,,0.578125,,0.5,,256.0,,0.596010148525238,,0.0078125,,1769.9031982421875,,,,,,,,,,,
4,55549,,124864.671875,,0.005119333043694496,,122417.84375,,0.5078125,,124864.671875,,0.6171875,,0.4921875,,256.0,,0.5894427299499512,,0.01171875,,2446.826171875,,,,,,,,,,,
4,55599,,117819.53125,,0.0048037003725767136,,115722.25,,0.4296875,,117819.53125,,0.546875,,0.5703125,,256.0,,0.475603312253952,,0.0078125,,2097.280029296875,,,,,,,,,,,
4,55649,,109095.015625,,0.004568804986774921,,106916.7734375,,0.5078125,,109095.015625,,0.51171875,,0.4921875,,256.0,,0.5020579099655151,,0.0078125,,2178.24365234375,,,,,,,,,,,
4,55699,,185573.65625,,0.004918945487588644,,182837.578125,,0.48046875,,185573.65625,,0.51953125,,0.51953125,,256.0,,0.5410262942314148,,0.01171875,,2736.075439453125,,,,,,,,,,,
4,55749,,64773.83203125,,0.00473228981718421,,62756.09375,,0.453125,,64773.83203125,,0.546875,,0.546875,,256.0,,0.5215492844581604,,0.0078125,,2017.737548828125,,,,,,,,,,,
4,55799,,47161.6171875,,0.004867542069405317,,45310.35546875,,0.515625,,47161.6171875,,0.4765625,,0.484375,,256.0,,0.5002488493919373,,0.00390625,,1851.2603759765625,,,,,,,,,,,
4,55849,,13861.36328125,,0.004510173574090004,,12102.5458984375,,0.46875,,13861.36328125,,0.66015625,,0.53125,,256.0,,0.6415013074874878,,0.00390625,,1758.81787109375,,,,,,,,,,,
4,55899,,83852.3359375,,0.004850559867918491,,81386.7109375,,0.4765625,,83852.3359375,,0.546875,,0.5234375,,256.0,,0.49036359786987305,,0.015625,,2465.623046875,,,,,,,,,,,
4,55949,,16457.712890625,,0.004577646031975746,,14798.408203125,,0.47265625,,16457.712890625,,0.60546875,,0.52734375,,256.0,,0.6107904314994812,,0.0,,1659.3046875,,,,,,,,,,,
4,55999,,56782.79296875,,0.004688716493546963,,54631.27734375,,0.44921875,,56782.79296875,,0.5390625,,0.55078125,,256.0,,0.5685169696807861,,0.0078125,,2151.515625,,,,,,,,,,,
4,56049,,111938.3671875,,0.005107776261866093,,109670.4296875,,0.546875,,111938.3671875,,0.640625,,0.453125,,256.0,,0.6034778356552124,,0.0078125,,2267.935791015625,,,,,,,,,,,
4,56099,,56728.7734375,,0.004781084135174751,,54814.39453125,,0.50390625,,56728.7734375,,0.671875,,0.49609375,,256.0,,0.6955076456069946,,0.00390625,,1914.377197265625,,,,,,,,,,,
4,56149,,12734.443359375,,0.004854772239923477,,10948.099609375,,0.48046875,,12734.443359375,,0.6328125,,0.51953125,,256.0,,0.6616669297218323,,0.00390625,,1786.3433837890625,,,,,,,,,,,
4,56199,,11965.580078125,,0.0044983974657952785,,10390.169921875,,0.5,,11965.580078125,,0.55859375,,0.5,,256.0,,0.5160088539123535,,0.0,,1575.41015625,,,,,,,,,,,
4,56249,,18853.388671875,,0.004704187624156475,,16799.65234375,,0.4765625,,18853.388671875,,0.62890625,,0.5234375,,256.0,,0.5625550150871277,,0.0078125,,2053.73583984375,,,,,,,,,,,
4,56299,,16130.515625,,0.004710620269179344,,14458.4755859375,,0.484375,,16130.515625,,0.65625,,0.515625,,256.0,,0.6726199388504028,,0.0,,1672.039794921875,,,,,,,,,,,
4,56349,,18155.359375,,0.0046936944127082825,,16424.470703125,,0.515625,,18155.359375,,0.64453125,,0.484375,,256.0,,0.6522961258888245,,0.0,,1730.8880615234375,,,,,,,,,,,
4,56399,,21670.93359375,,0.0046148053370416164,,19746.716796875,,0.4921875,,21670.93359375,,0.59375,,0.5078125,,256.0,,0.5357317924499512,,0.0078125,,1924.2161865234375,,,,,,,,,,,
4,56449,,18175.0703125,,0.004658865742385387,,16645.501953125,,0.484375,,18175.0703125,,0.52734375,,0.515625,,256.0,,0.4902092218399048,,0.0,,1529.56884765625,,,,,,,,,,,
4,56499,,59495.703125,,0.0049087125808000565,,57276.93359375,,0.5,,59495.703125,,0.71484375,,0.5,,256.0,,0.6078000068664551,,0.0078125,,2218.77001953125,,,,,,,,,,,
4,56549,,19968.1875,,0.004819200374186039,,18261.21875,,0.4921875,,19968.1875,,0.57421875,,0.5078125,,256.0,,0.5851141810417175,,0.0,,1706.968994140625,,,,,,,,,,,
4,56599,,60583.953125,,0.004776136949658394,,58564.26171875,,0.46484375,,60583.953125,,0.71484375,,0.53515625,,256.0,,0.6853823661804199,,0.0078125,,2019.692626953125,,,,,,,,,,,
4,56649,,10713.873046875,,0.004588603973388672,,9025.4287109375,,0.51171875,,10713.873046875,,0.65625,,0.48828125,,256.0,,0.6132072806358337,,0.0,,1688.444580078125,,,,,,,,,,,
4,56699,,62301.12109375,,0.0049195801839232445,,60059.74609375,,0.515625,,62301.12109375,,0.66796875,,0.484375,,256.0,,0.6299921274185181,,0.0078125,,2241.3740234375,,,,,,,,,,,
4,56749,,16580.08203125,,0.005290147848427296,,14697.72265625,,0.48828125,,16580.08203125,,0.65234375,,0.51171875,,256.0,,0.5967841148376465,,0.0078125,,1882.3603515625,,,,,,,,,,,
4,56799,,15683.330078125,,0.005217847879976034,,13889.8515625,,0.484375,,15683.330078125,,0.6328125,,0.515625,,256.0,,0.58089280128479,,0.00390625,,1793.478515625,,,,,,,,,,,
4,56849,,197334.375,,0.004922380205243826,,194703.3125,,0.48828125,,197334.375,,0.60546875,,0.51171875,,256.0,,0.6459087133407593,,0.015625,,2631.06787109375,,,,,,,,,,,
4,56899,,17396.56640625,,0.0049729784950613976,,15756.56640625,,0.484375,,17396.56640625,,0.61328125,,0.515625,,256.0,,0.5473300218582153,,0.00390625,,1639.999267578125,,,,,,,,,,,
4,56949,,53360.14453125,,0.004575661849230528,,51408.72265625,,0.49609375,,53360.14453125,,0.68359375,,0.50390625,,256.0,,0.6902779936790466,,0.00390625,,1951.4202880859375,,,,,,,,,,,
4,56999,,66927.90625,,0.0047495439648628235,,64755.47265625,,0.42578125,,66927.90625,,0.625,,0.57421875,,256.0,,0.5757660865783691,,0.0078125,,2172.4306640625,,,,,,,,,,,
4,57049,,94436.2734375,,0.004731753841042519,,92058.5234375,,0.55078125,,94436.2734375,,0.5625,,0.44921875,,256.0,,0.5138112306594849,,0.015625,,2377.74951171875,,,,,,,,,,,
4,57099,,49776.65234375,,0.0047555845230817795,,47905.3203125,,0.5078125,,49776.65234375,,0.609375,,0.4921875,,256.0,,0.5831866264343262,,0.0078125,,1871.330810546875,,,,,,,,,,,
4,57149,,13846.025390625,,0.004660166334360838,,11807.98046875,,0.49609375,,13846.025390625,,0.76953125,,0.50390625,,256.0,,0.6849240660667419,,0.01171875,,2038.04443359375,,,,,,,,,,,
4,57199,,14072.255859375,,0.004670924972742796,,12411.0615234375,,0.50390625,,14072.255859375,,0.61328125,,0.49609375,,256.0,,0.6592490673065186,,0.0,,1661.1943359375,,,,,,,,,,,
4,57249,,93051.21875,,0.004648328293114901,,90937.34375,,0.47265625,,93051.21875,,0.67578125,,0.52734375,,256.0,,0.6135163307189941,,0.0078125,,2113.87744140625,,,,,,,,,,,
4,57299,,15969.73046875,,0.004695591516792774,,14315.3427734375,,0.48828125,,15969.73046875,,0.400390625,,0.51171875,,256.0,,0.4071643352508545,,0.0,,1654.38818359375,,,,,,,,,,,
4,57349,,15116.876953125,,0.0049059223383665085,,13327.759765625,,0.4765625,,15116.876953125,,0.73046875,,0.5234375,,256.0,,0.6355534791946411,,0.0,,1789.1168212890625,,,,,,,,,,,
4,57399,,64872.11328125,,0.004913916811347008,,62832.88671875,,0.5078125,,64872.11328125,,0.73046875,,0.4921875,,256.0,,0.6728190779685974,,0.00390625,,2039.226318359375,,,,,,,,,,,
4,57449,,58048.8671875,,0.0049827815964818,,56062.5,,0.49609375,,58048.8671875,,0.79296875,,0.50390625,,256.0,,0.7325689196586609,,0.00390625,,1986.3653564453125,,,,,,,,,,,
4,57499,,97926.125,,0.004760734736919403,,95682.171875,,0.53515625,,97926.125,,0.6328125,,0.46484375,,256.0,,0.6114107370376587,,0.0078125,,2243.94970703125,,,,,,,,,,,
4,57549,,13850.990234375,,0.005069125443696976,,12302.2177734375,,0.46875,,13850.990234375,,0.53515625,,0.53125,,256.0,,0.5064574480056763,,0.0,,1548.7724609375,,,,,,,,,,,
4,57599,,18252.9453125,,0.004947767127305269,,16609.080078125,,0.51953125,,18252.9453125,,0.62890625,,0.48046875,,256.0,,0.6438660621643066,,0.0,,1643.8646240234375,,,,,,,,,,,
4,57649,,16944.0078125,,0.004738643765449524,,15063.5478515625,,0.5390625,,16944.0078125,,0.59765625,,0.4609375,,256.0,,0.6211586594581604,,0.00390625,,1880.4593505859375,,,,,,,,,,,
4,57699,,15220.8779296875,,0.004655026830732822,,13457.4599609375,,0.44921875,,15220.8779296875,,0.498046875,,0.55078125,,256.0,,0.5079023241996765,,0.00390625,,1763.4183349609375,,,,,,,,,,,
4,57749,,16634.166015625,,0.004980405326932669,,14864.103515625,,0.49609375,,16634.166015625,,0.55859375,,0.50390625,,256.0,,0.5248463153839111,,0.0,,1770.062255859375,,,,,,,,,,,
4,57799,,13111.533203125,,0.0052112312987446785,,11610.6435546875,,0.4921875,,13111.533203125,,0.7265625,,0.5078125,,256.0,,0.6739763021469116,,0.0,,1500.88916015625,,,,,,,,,,,
4,57849,,65600.078125,,0.0048890262842178345,,63586.38671875,,0.48828125,,65600.078125,,0.58203125,,0.51171875,,256.0,,0.5655819177627563,,0.00390625,,2013.693603515625,,,,,,,,,,,
4,57899,,54785.28125,,0.005022687837481499,,52597.57421875,,0.453125,,54785.28125,,0.54296875,,0.546875,,256.0,,0.5244451761245728,,0.01171875,,2187.705078125,,,,,,,,,,,
4,57949,,17036.888671875,,0.004396808799356222,,15421.078125,,0.51953125,,17036.888671875,,0.63671875,,0.48046875,,256.0,,0.5939306020736694,,0.0,,1615.8101806640625,,,,,,,,,,,
4,57999,,12626.2744140625,,0.005207303911447525,,10808.095703125,,0.484375,,12626.2744140625,,0.6328125,,0.515625,,256.0,,0.5780268907546997,,0.00390625,,1818.1787109375,,,,,,,,,,,
4,58049,,13169.560546875,,0.00504921842366457,,11450.0732421875,,0.50390625,,13169.560546875,,0.640625,,0.49609375,,256.0,,0.6608844995498657,,0.00390625,,1719.4876708984375,,,,,,,,,,,
4,58099,,69782.546875,,0.005140281282365322,,67651.1796875,,0.48046875,,69782.546875,,0.55859375,,0.51953125,,256.0,,0.5821900367736816,,0.01171875,,2131.36474609375,,,,,,,,,,,
4,58149,,16544.103515625,,0.004733412992209196,,14823.025390625,,0.50390625,,16544.103515625,,0.46484375,,0.49609375,,256.0,,0.45721396803855896,,0.0,,1721.07763671875,,,,,,,,,,,
4,58199,,10545.74609375,,0.004559701308608055,,8839.8994140625,,0.4765625,,10545.74609375,,0.58984375,,0.5234375,,256.0,,0.5698713660240173,,0.00390625,,1705.8466796875,,,,,,,,,,,
4,58249,,12115.6357421875,,0.004706760868430138,,10501.3251953125,,0.48046875,,12115.6357421875,,0.63671875,,0.51953125,,256.0,,0.5911010503768921,,0.0,,1614.310546875,,,,,,,,,,,
4,58299,,51667.00390625,,0.004725475795567036,,49742.171875,,0.4609375,,51667.00390625,,0.640625,,0.5390625,,256.0,,0.6657419800758362,,0.0078125,,1924.833740234375,,,,,,,,,,,
4,58349,,12687.9765625,,0.0046827588230371475,,10928.1669921875,,0.44921875,,12687.9765625,,0.60546875,,0.55078125,,256.0,,0.5637937784194946,,0.0078125,,1759.809326171875,,,,,,,,,,,
4,58399,,16446.921875,,0.004976889584213495,,14560.564453125,,0.53515625,,16446.921875,,0.69921875,,0.46484375,,256.0,,0.7106975317001343,,0.00390625,,1886.3577880859375,,,,,,,,,,,
4,58449,,17122.693359375,,0.004803414456546307,,15450.1826171875,,0.51953125,,17122.693359375,,0.69921875,,0.48046875,,256.0,,0.6243821382522583,,0.0,,1672.510009765625,,,,,,,,,,,
4,58499,,96811.0,,0.00492074154317379,,94843.0546875,,0.4921875,,96811.0,,0.640625,,0.5078125,,256.0,,0.6633380651473999,,0.0078125,,1967.942626953125,,,,,,,,,,,
4,58549,,12046.8515625,,0.004650936461985111,,10433.81640625,,0.49609375,,12046.8515625,,0.6640625,,0.50390625,,256.0,,0.6374322175979614,,0.00390625,,1613.034912109375,,,,,,,,,,,
4,58599,,106568.640625,,0.004940626211464405,,104015.84375,,0.47265625,,106568.640625,,0.5859375,,0.52734375,,256.0,,0.5660933256149292,,0.015625,,2552.796875,,,,,,,,,,,
4,58649,,25282.46875,,0.004719978664070368,,23419.458984375,,0.4765625,,25282.46875,,0.65625,,0.5234375,,256.0,,0.5691986083984375,,0.00390625,,1863.0093994140625,,,,,,,,,,,
4,58699,,61326.5546875,,0.005360424518585205,,58945.21875,,0.4765625,,61326.5546875,,0.6484375,,0.5234375,,256.0,,0.611123263835907,,0.01171875,,2381.33447265625,,,,,,,,,,,
4,58749,,88938.0625,,0.004673687741160393,,86702.875,,0.51171875,,88938.0625,,0.60546875,,0.48828125,,256.0,,0.5519390106201172,,0.0078125,,2235.1845703125,,,,,,,,,,,
4,58799,,11985.9208984375,,0.005094610154628754,,10166.3935546875,,0.51171875,,11985.9208984375,,0.66796875,,0.48828125,,256.0,,0.6284778118133545,,0.00390625,,1819.5274658203125,,,,,,,,,,,
4,58849,,16270.556640625,,0.004709822591394186,,14523.763671875,,0.515625,,16270.556640625,,0.6953125,,0.484375,,256.0,,0.6762193441390991,,0.00390625,,1746.79345703125,,,,,,,,,,,
4,58899,,14863.7822265625,,0.004585826303809881,,13014.388671875,,0.484375,,14863.7822265625,,0.73828125,,0.515625,,256.0,,0.7143051028251648,,0.00390625,,1849.393310546875,,,,,,,,,,,
4,58949,,143218.015625,,0.004715264309197664,,140721.546875,,0.50390625,,143218.015625,,0.6953125,,0.49609375,,256.0,,0.6751925349235535,,0.015625,,2496.469970703125,,,,,,,,,,,
4,58999,,61148.125,,0.004839845933020115,,58894.46484375,,0.46484375,,61148.125,,0.6953125,,0.53515625,,256.0,,0.6452332139015198,,0.01171875,,2253.660888671875,,,,,,,,,,,
4,59049,,15164.0703125,,0.005228276364505291,,13451.9892578125,,0.484375,,15164.0703125,,0.7265625,,0.515625,,256.0,,0.6794910430908203,,0.0,,1712.08056640625,,,,,,,,,,,
4,59099,,51605.85546875,,0.004500255454331636,,49676.40234375,,0.49609375,,51605.85546875,,0.69140625,,0.50390625,,256.0,,0.6779590845108032,,0.00390625,,1929.45263671875,,,,,,,,,,,
4,59149,,88824.3984375,,0.004774823784828186,,86707.03125,,0.55078125,,88824.3984375,,0.7109375,,0.44921875,,256.0,,0.7197331786155701,,0.01171875,,2117.3642578125,,,,,,,,,,,
4,59199,,12577.6650390625,,0.0047790477983653545,,10777.7333984375,,0.47265625,,12577.6650390625,,0.5859375,,0.52734375,,256.0,,0.600367546081543,,0.00390625,,1799.931396484375,,,,,,,,,,,
4,59249,,15978.072265625,,0.005037625320255756,,14207.19921875,,0.4375,,15978.072265625,,0.58984375,,0.5625,,256.0,,0.6395343542098999,,0.0,,1770.873046875,,,,,,,,,,,
4,59299,,17595.376953125,,0.0047879996709525585,,15937.849609375,,0.546875,,17595.376953125,,0.59765625,,0.453125,,256.0,,0.6220211982727051,,0.0,,1657.52783203125,,,,,,,,,,,
4,59349,,14954.990234375,,0.004951099399477243,,13343.8759765625,,0.50390625,,14954.990234375,,0.52734375,,0.49609375,,256.0,,0.5074262619018555,,0.0,,1611.11474609375,,,,,,,,,,,
4,59399,,65125.09765625,,0.004624788649380207,,62734.55078125,,0.51953125,,65125.09765625,,0.62890625,,0.48046875,,256.0,,0.6351967453956604,,0.015625,,2390.546142578125,,,,,,,,,,,
4,59449,,12873.4326171875,,0.004971632733941078,,11257.6171875,,0.5078125,,12873.4326171875,,0.68359375,,0.4921875,,256.0,,0.6852585673332214,,0.00390625,,1615.8153076171875,,,,,,,,,,,
4,59499,,11294.48046875,,0.004931804724037647,,9582.8310546875,,0.5078125,,11294.48046875,,0.56640625,,0.4921875,,256.0,,0.584791362285614,,0.00390625,,1711.64990234375,,,,,,,,,,,
4,59549,,144029.1875,,0.00462457537651062,,141794.375,,0.47265625,,144029.1875,,0.578125,,0.52734375,,256.0,,0.5601725578308105,,0.01171875,,2234.81640625,,,,,,,,,,,
4,59599,,69611.171875,,0.004471019841730595,,67659.7109375,,0.51953125,,69611.171875,,0.66015625,,0.48046875,,256.0,,0.6265751123428345,,0.00390625,,1951.46337890625,,,,,,,,,,,
4,59649,,69909.7734375,,0.004278026521205902,,67949.171875,,0.56640625,,69909.7734375,,0.703125,,0.43359375,,256.0,,0.652664065361023,,0.0078125,,1960.605224609375,,,,,,,,,,,
4,59699,,113739.9375,,0.005179091356694698,,111533.3046875,,0.45703125,,113739.9375,,0.53125,,0.54296875,,256.0,,0.5518612861633301,,0.0078125,,2206.634765625,,,,,,,,,,,
4,59749,,18734.982421875,,0.0045034876093268394,,17092.099609375,,0.515625,,18734.982421875,,0.5546875,,0.484375,,256.0,,0.5257002115249634,,0.0,,1642.8834228515625,,,,,,,,,,,
4,59799,,12556.9814453125,,0.0050255171954631805,,10531.9287109375,,0.5625,,12556.9814453125,,0.56640625,,0.4375,,256.0,,0.5921831130981445,,0.0078125,,2025.0531005859375,,,,,,,,,,,
4,59849,,81088.125,,0.004521405324339867,,79081.6875,,0.4375,,81088.125,,0.73046875,,0.5625,,256.0,,0.7317712306976318,,0.00390625,,2006.439697265625,,,,,,,,,,,
4,59899,,107895.2265625,,0.004542260430753231,,105884.546875,,0.51171875,,107895.2265625,,0.7109375,,0.48828125,,256.0,,0.7073795199394226,,0.0078125,,2010.677978515625,,,,,,,,,,,
4,59949,,17862.466796875,,0.00522185955196619,,16088.1943359375,,0.5078125,,17862.466796875,,0.58984375,,0.4921875,,256.0,,0.5295308828353882,,0.0,,1774.272216796875,,,,,,,,,,,
4,59999,,16097.193359375,,0.004671777132898569,,14367.541015625,,0.48828125,,16097.193359375,,0.5859375,,0.51171875,,256.0,,0.5765460729598999,,0.00390625,,1729.65185546875,,,,,,,,,,,
4,60049,,53733.1171875,,0.004745038691908121,,51829.48046875,,0.51953125,,53733.1171875,,0.703125,,0.48046875,,256.0,,0.6717137098312378,,0.0078125,,1903.6361083984375,,,,,,,,,,,
4,60099,,15664.021484375,,0.004480879753828049,,14095.12109375,,0.5,,15664.021484375,,0.451171875,,0.5,,256.0,,0.4210207164287567,,0.0,,1568.900146484375,,,,,,,,,,,
4,60149,,11887.9892578125,,0.004674331285059452,,10199.41015625,,0.51171875,,11887.9892578125,,0.8125,,0.48828125,,256.0,,0.7562925219535828,,0.0,,1688.579345703125,,,,,,,,,,,
4,60199,,19487.6640625,,0.0047295717522501945,,17464.1015625,,0.4140625,,19487.6640625,,0.67578125,,0.5859375,,256.0,,0.636898398399353,,0.00390625,,2023.5626220703125,,,,,,,,,,,
4,60249,,11157.5869140625,,0.005621714051812887,,9255.4453125,,0.50390625,,11157.5869140625,,0.71875,,0.49609375,,256.0,,0.695999801158905,,0.00390625,,1902.1417236328125,,,,,,,,,,,
4,60299,,61783.7734375,,0.004797440953552723,,59698.4765625,,0.51953125,,61783.7734375,,0.70703125,,0.48046875,,256.0,,0.7366711497306824,,0.0078125,,2085.29736328125,,,,,,,,,,,
4,60349,,75885.9296875,,0.00466650165617466,,73722.1875,,0.52734375,,75885.9296875,,0.61328125,,0.47265625,,256.0,,0.567395806312561,,0.0078125,,2163.74560546875,,,,,,,,,,,
4,60399,,14243.8330078125,,0.0050196461379528046,,12420.64453125,,0.484375,,14243.8330078125,,0.6015625,,0.515625,,256.0,,0.5750982761383057,,0.00390625,,1823.1881103515625,,,,,,,,,,,
4,60449,,59871.3515625,,0.004777542315423489,,57526.56640625,,0.50390625,,59871.3515625,,0.8984375,,0.49609375,,256.0,,0.8496018648147583,,0.015625,,2344.78466796875,,,,,,,,,,,
4,60499,,117753.5625,,0.005171740427613258,,115645.3046875,,0.4140625,,117753.5625,,0.65625,,0.5859375,,256.0,,0.6772233843803406,,0.0078125,,2108.257568359375,,,,,,,,,,,
4,60549,,80750.71875,,0.004690662492066622,,78875.6015625,,0.47265625,,80750.71875,,0.73046875,,0.52734375,,256.0,,0.6962003707885742,,0.01171875,,1875.11669921875,,,,,,,,,,,
4,60599,,15712.0771484375,,0.004930838011205196,,14059.517578125,,0.51953125,,15712.0771484375,,0.49609375,,0.48046875,,256.0,,0.48690152168273926,,0.0,,1652.559326171875,,,,,,,,,,,
4,60649,,83700.1875,,0.004471541382372379,,81843.4453125,,0.50390625,,83700.1875,,0.6796875,,0.49609375,,256.0,,0.6783714294433594,,0.0078125,,1856.74169921875,,,,,,,,,,,
4,60699,,87671.8046875,,0.004909228533506393,,85336.9140625,,0.53125,,87671.8046875,,0.498046875,,0.46875,,256.0,,0.5187464952468872,,0.01171875,,2334.89111328125,,,,,,,,,,,
4,60749,,14050.68359375,,0.0050342450849711895,,12473.95703125,,0.46875,,14050.68359375,,0.64453125,,0.53125,,256.0,,0.6494097709655762,,0.0,,1576.7265625,,,,,,,,,,,
4,60799,,63765.8359375,,0.005028675310313702,,61890.3828125,,0.48828125,,63765.8359375,,0.74609375,,0.51171875,,256.0,,0.6397230625152588,,0.00390625,,1875.454345703125,,,,,,,,,,,
4,60849,,76521.9375,,0.004917439538985491,,74396.4921875,,0.5,,76521.9375,,0.68359375,,0.5,,256.0,,0.6517918109893799,,0.0078125,,2125.4462890625,,,,,,,,,,,
4,60899,,14247.9228515625,,0.0048412843607366085,,12565.8984375,,0.4921875,,14247.9228515625,,0.68359375,,0.5078125,,256.0,,0.6277773380279541,,0.0,,1682.024658203125,,,,,,,,,,,
4,60949,,56415.4140625,,0.004898270592093468,,54444.74609375,,0.53515625,,56415.4140625,,0.6171875,,0.46484375,,256.0,,0.5848857164382935,,0.0078125,,1970.667724609375,,,,,,,,,,,
4,60999,,59300.015625,,0.004578630439937115,,57353.55859375,,0.51953125,,59300.015625,,0.65234375,,0.48046875,,256.0,,0.5989775657653809,,0.00390625,,1946.4566650390625,,,,,,,,,,,
4,61049,,17553.978515625,,0.004732235334813595,,15834.93359375,,0.50390625,,17553.978515625,,0.67578125,,0.49609375,,256.0,,0.6874395608901978,,0.00390625,,1719.0455322265625,,,,,,,,,,,
4,61099,,19027.546875,,0.004796127788722515,,17380.0390625,,0.55859375,,19027.546875,,0.6875,,0.44140625,,256.0,,0.6587076187133789,,0.00390625,,1647.507080078125,,,,,,,,,,,
4,61149,,12853.5087890625,,0.004747083410620689,,10962.68359375,,0.4921875,,12853.5087890625,,0.6484375,,0.5078125,,256.0,,0.5849611163139343,,0.00390625,,1890.8250732421875,,,,,,,,,,,
4,61199,,13310.033203125,,0.005178346298635006,,11457.6396484375,,0.50390625,,13310.033203125,,0.6484375,,0.49609375,,256.0,,0.6078026294708252,,0.00390625,,1852.3939208984375,,,,,,,,,,,
4,61249,,50197.234375,,0.005257894285023212,,48107.94921875,,0.515625,,50197.234375,,0.6484375,,0.484375,,256.0,,0.6553710699081421,,0.01171875,,2089.283203125,,,,,,,,,,,
4,61299,,58759.734375,,0.004887241870164871,,56815.24609375,,0.5234375,,58759.734375,,0.6328125,,0.4765625,,256.0,,0.6968892812728882,,0.01171875,,1944.489013671875,,,,,,,,,,,
4,61349,,58401.234375,,0.005195688456296921,,56464.08203125,,0.5078125,,58401.234375,,0.58984375,,0.4921875,,256.0,,0.6298617720603943,,0.00390625,,1937.154052734375,,,,,,,,,,,
4,61399,,46287.0703125,,0.004609213210642338,,44442.58984375,,0.484375,,46287.0703125,,0.59765625,,0.515625,,256.0,,0.6298643350601196,,0.0078125,,1844.48193359375,,,,,,,,,,,
4,61449,,61995.1015625,,0.004539808724075556,,60148.96484375,,0.4765625,,61995.1015625,,0.76953125,,0.5234375,,256.0,,0.7496709823608398,,0.00390625,,1846.13623046875,,,,,,,,,,,
4,61499,,17542.0859375,,0.004717095755040646,,15691.310546875,,0.50390625,,17542.0859375,,0.61328125,,0.49609375,,256.0,,0.5683269500732422,,0.00390625,,1850.7760009765625,,,,,,,,,,,
4,61549,,94024.078125,,0.004425709135830402,,91915.2734375,,0.4921875,,94024.078125,,0.6484375,,0.5078125,,256.0,,0.621295154094696,,0.01171875,,2108.8056640625,,,,,,,,,,,
4,61599,,78891.9453125,,0.0048346081748604774,,76745.5078125,,0.52734375,,78891.9453125,,0.75,,0.47265625,,256.0,,0.6971677541732788,,0.0078125,,2146.43505859375,,,,,,,,,,,
4,61649,,18623.5234375,,0.004797238856554031,,16945.62890625,,0.51171875,,18623.5234375,,0.8671875,,0.48828125,,256.0,,0.8058845400810242,,0.0,,1677.893798828125,,,,,,,,,,,
4,61699,,57037.140625,,0.004537075757980347,,55110.26953125,,0.4921875,,57037.140625,,0.56640625,,0.5078125,,256.0,,0.5576307773590088,,0.0078125,,1926.871826171875,,,,,,,,,,,
4,61749,,19520.60546875,,0.004887784831225872,,17794.125,,0.45703125,,19520.60546875,,0.6953125,,0.54296875,,256.0,,0.7146966457366943,,0.0,,1726.481201171875,,,,,,,,,,,
4,61799,,13741.763671875,,0.004636307246983051,,12172.65625,,0.50390625,,13741.763671875,,0.82421875,,0.49609375,,256.0,,0.8113958835601807,,0.0,,1569.1075439453125,,,,,,,,,,,
4,61849,,16529.9296875,,0.004742578603327274,,14991.1474609375,,0.4921875,,16529.9296875,,0.72265625,,0.5078125,,256.0,,0.7117011547088623,,0.0,,1538.781494140625,,,,,,,,,,,
4,61899,,18055.107421875,,0.004594293888658285,,16362.4287109375,,0.5234375,,18055.107421875,,0.75390625,,0.4765625,,256.0,,0.7371253967285156,,0.0,,1692.6793212890625,,,,,,,,,,,
4,61949,,16245.376953125,,0.004817857872694731,,14476.150390625,,0.51171875,,16245.376953125,,0.65625,,0.48828125,,256.0,,0.6536096930503845,,0.0,,1769.2269287109375,,,,,,,,,,,
4,61999,,141737.8125,,0.004706172272562981,,139475.984375,,0.45703125,,141737.8125,,0.65234375,,0.54296875,,256.0,,0.5884994268417358,,0.0078125,,2261.826171875,,,,,,,,,,,
4,62049,,14130.2705078125,,0.004755021072924137,,12347.6162109375,,0.5078125,,14130.2705078125,,0.671875,,0.4921875,,256.0,,0.624086856842041,,0.00390625,,1782.654541015625,,,,,,,,,,,
4,62099,,18438.76953125,,0.004998898133635521,,16843.908203125,,0.51171875,,18438.76953125,,0.76953125,,0.48828125,,256.0,,0.7138645052909851,,0.0,,1594.861083984375,,,,,,,,,,,
4,62149,,17508.9296875,,0.004713872913271189,,15581.9091796875,,0.48828125,,17508.9296875,,0.62890625,,0.51171875,,256.0,,0.6188137531280518,,0.0078125,,1927.02099609375,,,,,,,,,,,
4,62199,,13584.1162109375,,0.0046077026054263115,,11864.60546875,,0.51953125,,13584.1162109375,,0.59765625,,0.48046875,,256.0,,0.6227924823760986,,0.0078125,,1719.510498046875,,,,,,,,,,,
4,62249,,66624.890625,,0.0051813023164868355,,64584.4296875,,0.50390625,,66624.890625,,0.64453125,,0.49609375,,256.0,,0.6303128600120544,,0.0078125,,2040.463623046875,,,,,,,,,,,
4,62299,,66614.1953125,,0.0047880555503070354,,64696.37109375,,0.4765625,,66614.1953125,,0.6484375,,0.5234375,,256.0,,0.6068381071090698,,0.00390625,,1917.8251953125,,,,,,,,,,,
4,62349,,14561.201171875,,0.004706378094851971,,12906.07421875,,0.51171875,,14561.201171875,,0.65234375,,0.48828125,,256.0,,0.6747073531150818,,0.00390625,,1655.12646484375,,,,,,,,,,,
4,62399,,48137.15234375,,0.005214398261159658,,46241.6171875,,0.55078125,,48137.15234375,,0.443359375,,0.44921875,,256.0,,0.4046209752559662,,0.00390625,,1895.5338134765625,,,,,,,,,,,
4,62449,,54373.41796875,,0.0046887765638530254,,52290.30078125,,0.44140625,,54373.41796875,,0.62890625,,0.55859375,,256.0,,0.6176466941833496,,0.01171875,,2083.118408203125,,,,,,,,,,,
4,62499,,68375.484375,,0.004885769449174404,,66298.46875,,0.50390625,,68375.484375,,0.69140625,,0.49609375,,256.0,,0.6790584325790405,,0.00390625,,2077.014404296875,,,,,,,,,,,
4,62549,,15872.2783203125,,0.004884698428213596,,14265.935546875,,0.4765625,,15872.2783203125,,0.66796875,,0.5234375,,256.0,,0.6676108837127686,,0.00390625,,1606.3427734375,,,,,,,,,,,
4,62599,,16876.619140625,,0.0048754774034023285,,15314.015625,,0.5546875,,16876.619140625,,0.6171875,,0.4453125,,256.0,,0.6080642938613892,,0.0,,1562.603759765625,,,,,,,,,,,
4,62649,,12018.9375,,0.00460051279515028,,10482.5556640625,,0.47265625,,12018.9375,,0.55078125,,0.52734375,,256.0,,0.5143521428108215,,0.0,,1536.38232421875,,,,,,,,,,,
4,62699,,49671.3515625,,0.004620988387614489,,47647.1640625,,0.5,,49671.3515625,,0.51953125,,0.5,,256.0,,0.5399174690246582,,0.0078125,,2024.1861572265625,,,,,,,,,,,
4,62749,,15324.84765625,,0.004452069289982319,,13476.8037109375,,0.4609375,,15324.84765625,,0.45703125,,0.5390625,,256.0,,0.5150424242019653,,0.00390625,,1848.0439453125,,,,,,,,,,,
4,62799,,91707.828125,,0.004748182371258736,,89488.84375,,0.48828125,,91707.828125,,0.54296875,,0.51171875,,256.0,,0.5865706205368042,,0.01171875,,2218.98681640625,,,,,,,,,,,
4,62849,,101951.765625,,0.0049796439707279205,,99791.0546875,,0.51171875,,101951.765625,,0.55078125,,0.48828125,,256.0,,0.5313951969146729,,0.0078125,,2160.71044921875,,,,,,,,,,,
4,62899,,55422.296875,,0.004759691655635834,,53502.2734375,,0.5,,55422.296875,,0.6640625,,0.5,,256.0,,0.615799605846405,,0.00390625,,1920.025146484375,,,,,,,,,,,
4,62949,,53422.04296875,,0.005283955484628677,,51594.09375,,0.5078125,,53422.04296875,,0.7265625,,0.4921875,,256.0,,0.6797418594360352,,0.00390625,,1827.9476318359375,,,,,,,,,,,
4,62999,,95393.6171875,,0.004827479831874371,,92716.578125,,0.515625,,95393.6171875,,0.70703125,,0.484375,,256.0,,0.6818788051605225,,0.01953125,,2677.0390625,,,,,,,,,,,
4,63049,,102201.296875,,0.004873946309089661,,100067.1015625,,0.515625,,102201.296875,,0.67578125,,0.484375,,256.0,,0.6916712522506714,,0.0078125,,2134.19921875,,,,,,,,,,,
4,63099,,9690.193359375,,0.004559069871902466,,8165.9775390625,,0.4765625,,9690.193359375,,0.74609375,,0.5234375,,256.0,,0.7010285258293152,,0.0,,1524.21630859375,,,,,,,,,,,
4,63149,,18493.98828125,,0.0045681544579565525,,16899.904296875,,0.51953125,,18493.98828125,,0.57421875,,0.48046875,,256.0,,0.541257381439209,,0.0,,1594.08349609375,,,,,,,,,,,
4,63199,,84548.171875,,0.004956300836056471,,82525.3203125,,0.43359375,,84548.171875,,0.66796875,,0.56640625,,256.0,,0.6757773160934448,,0.00390625,,2022.847900390625,,,,,,,,,,,
4,63249,,14701.814453125,,0.004924727603793144,,12952.7705078125,,0.52734375,,14701.814453125,,0.62109375,,0.47265625,,256.0,,0.5808629393577576,,0.00390625,,1749.0439453125,,,,,,,,,,,
4,63299,,42560.3359375,,0.005168919451534748,,40778.671875,,0.5078125,,42560.3359375,,0.6328125,,0.4921875,,256.0,,0.6772633790969849,,0.00390625,,1781.664306640625,,,,,,,,,,,
4,63349,,15497.236328125,,0.004840873181819916,,13627.072265625,,0.515625,,15497.236328125,,0.62890625,,0.484375,,256.0,,0.6076136827468872,,0.00390625,,1870.164306640625,,,,,,,,,,,
4,63399,,15487.3447265625,,0.00530173210427165,,13838.8291015625,,0.5234375,,15487.3447265625,,0.59765625,,0.4765625,,256.0,,0.5899211168289185,,0.0,,1648.515380859375,,,,,,,,,,,
4,63449,,55107.09765625,,0.005145536735653877,,52980.80078125,,0.546875,,55107.09765625,,0.73828125,,0.453125,,256.0,,0.7064003944396973,,0.0078125,,2126.296630859375,,,,,,,,,,,
4,63499,,73964.84375,,0.00440684799104929,,72006.109375,,0.4921875,,73964.84375,,0.671875,,0.5078125,,256.0,,0.6199201941490173,,0.00390625,,1958.735595703125,,,,,,,,,,,
4,63549,,13918.916015625,,0.005044187884777784,,12100.7646484375,,0.5390625,,13918.916015625,,0.65234375,,0.4609375,,256.0,,0.6546676158905029,,0.00390625,,1818.151123046875,,,,,,,,,,,
4,63599,,94937.328125,,0.004940633662045002,,92893.46875,,0.50390625,,94937.328125,,0.48828125,,0.49609375,,256.0,,0.46904224157333374,,0.0078125,,2043.855712890625,,,,,,,,,,,
4,63649,,56936.27734375,,0.0045221708714962006,,55064.859375,,0.50390625,,56936.27734375,,0.68359375,,0.49609375,,256.0,,0.6528977155685425,,0.00390625,,1871.41748046875,,,,,,,,,,,
4,63699,,16367.5849609375,,0.004621061962097883,,14712.451171875,,0.4921875,,16367.5849609375,,0.5390625,,0.5078125,,256.0,,0.5551455020904541,,0.0,,1655.134033203125,,,,,,,,,,,
4,63749,,127702.0390625,,0.004773094784468412,,125151.9140625,,0.48046875,,127702.0390625,,0.66015625,,0.51953125,,256.0,,0.6008422374725342,,0.015625,,2550.125,,,,,,,,,,,
4,63799,,89982.1875,,0.0047571612522006035,,87826.640625,,0.5078125,,89982.1875,,0.5625,,0.4921875,,256.0,,0.5009995698928833,,0.01171875,,2155.544677734375,,,,,,,,,,,
4,63849,,58533.5078125,,0.00465439073741436,,56591.19140625,,0.51171875,,58533.5078125,,0.6953125,,0.48828125,,256.0,,0.7072452306747437,,0.00390625,,1942.3173828125,,,,,,,,,,,
4,63899,,15873.96875,,0.004928023088723421,,14139.42578125,,0.5234375,,15873.96875,,0.58984375,,0.4765625,,256.0,,0.6241973638534546,,0.0,,1734.54296875,,,,,,,,,,,
4,63949,,13504.650390625,,0.004805398639291525,,11889.447265625,,0.53515625,,13504.650390625,,0.671875,,0.46484375,,256.0,,0.672905683517456,,0.0,,1615.20361328125,,,,,,,,,,,
4,63979,,,,,,,,,,,,,,,,,,,,,,,18609.3359375,0.004860734101384878,16945.333984375,0.4998077154159546,18609.3359375,0.6370623707771301,0.5001922845840454,255.98416137695312,0.6169683933258057,0.0010014981962740421,1663.9930419921875
4,63979,43220.3359375,,0.00485321506857872,,41293.9921875,,0.5002152323722839,,43220.3359375,,0.6507619619369507,,0.49978479743003845,,256.0,,0.6288453340530396,,0.005100470967590809,,1926.2843017578125,,,,,,,,,,,,
5,63999,,14411.138671875,,0.004771837033331394,,12659.638671875,,0.5078125,,14411.138671875,,0.59765625,,0.4921875,,256.0,,0.5684598684310913,,0.00390625,,1751.49951171875,,,,,,,,,,,
5,64049,,54430.23828125,,0.004404586739838123,,52351.453125,,0.52734375,,54430.23828125,,0.74609375,,0.47265625,,256.0,,0.7217262983322144,,0.0078125,,2078.78662109375,,,,,,,,,,,
5,64099,,20511.21484375,,0.0053694648668169975,,18690.0390625,,0.44921875,,20511.21484375,,0.5625,,0.55078125,,256.0,,0.5602203011512756,,0.0,,1821.17578125,,,,,,,,,,,
5,64149,,17723.78125,,0.004761393181979656,,15829.041015625,,0.49609375,,17723.78125,,0.59765625,,0.50390625,,256.0,,0.5708409547805786,,0.0078125,,1894.7412109375,,,,,,,,,,,
5,64199,,15788.615234375,,0.004867770243436098,,14056.9140625,,0.50390625,,15788.615234375,,0.4921875,,0.49609375,,256.0,,0.5535136461257935,,0.0,,1731.70166015625,,,,,,,,,,,
5,64249,,17047.365234375,,0.004941863007843494,,15208.8369140625,,0.51953125,,17047.365234375,,0.6484375,,0.48046875,,256.0,,0.6159741878509521,,0.0078125,,1838.528076171875,,,,,,,,,,,
5,64299,,155630.546875,,0.00486604543402791,,153191.328125,,0.5390625,,155630.546875,,0.69140625,,0.4609375,,256.0,,0.6847299337387085,,0.01171875,,2439.221435546875,,,,,,,,,,,
5,64349,,17000.5,,0.004733944311738014,,15110.8115234375,,0.53515625,,17000.5,,0.578125,,0.46484375,,256.0,,0.5175427794456482,,0.00390625,,1889.689208984375,,,,,,,,,,,
5,64399,,51045.9765625,,0.004788888618350029,,48995.7265625,,0.46484375,,51045.9765625,,0.578125,,0.53515625,,256.0,,0.5558425188064575,,0.0078125,,2050.2509765625,,,,,,,,,,,
5,64449,,47758.390625,,0.004955593030899763,,45555.1640625,,0.5,,47758.390625,,0.6015625,,0.5,,256.0,,0.5511993765830994,,0.01171875,,2203.2265625,,,,,,,,,,,
5,64499,,12106.525390625,,0.005183783359825611,,10471.5927734375,,0.546875,,12106.525390625,,0.5859375,,0.453125,,256.0,,0.5538233518600464,,0.0,,1634.9326171875,,,,,,,,,,,
5,64549,,49994.65625,,0.00481849629431963,,48039.50390625,,0.48046875,,49994.65625,,0.64453125,,0.51953125,,256.0,,0.5923729538917542,,0.00390625,,1955.154296875,,,,,,,,,,,
5,64599,,12627.677734375,,0.005919058807194233,,11115.912109375,,0.53125,,12627.677734375,,0.60546875,,0.46875,,256.0,,0.5384438037872314,,0.0,,1511.765625,,,,,,,,,,,
5,64649,,10812.0849609375,,0.004832865670323372,,9009.0888671875,,0.546875,,10812.0849609375,,0.77734375,,0.453125,,256.0,,0.6822749972343445,,0.0078125,,1802.996337890625,,,,,,,,,,,
5,64699,,15351.3125,,0.004455047193914652,,13704.119140625,,0.47265625,,15351.3125,,0.6875,,0.52734375,,256.0,,0.6680008769035339,,0.00390625,,1647.193115234375,,,,,,,,,,,
5,64749,,61857.0546875,,0.004584863781929016,,59882.45703125,,0.50390625,,61857.0546875,,0.609375,,0.49609375,,256.0,,0.5884099006652832,,0.00390625,,1974.59912109375,,,,,,,,,,,
5,64799,,54737.44921875,,0.004638323560357094,,52741.6875,,0.46875,,54737.44921875,,0.65625,,0.53125,,256.0,,0.6970519423484802,,0.00390625,,1995.7623291015625,,,,,,,,,,,
5,64849,,22650.03125,,0.004865027964115143,,20797.548828125,,0.484375,,22650.03125,,0.5703125,,0.515625,,256.0,,0.6242499351501465,,0.0,,1852.48193359375,,,,,,,,,,,
5,64899,,63091.16796875,,0.004635846242308617,,61232.15234375,,0.4765625,,63091.16796875,,0.61328125,,0.5234375,,256.0,,0.6015357971191406,,0.00390625,,1859.015869140625,,,,,,,,,,,
5,64949,,72472.015625,,0.00489266961812973,,70355.3203125,,0.51171875,,72472.015625,,0.67578125,,0.48828125,,256.0,,0.6534708738327026,,0.015625,,2116.6943359375,,,,,,,,,,,
5,64999,,19772.716796875,,0.00487325107678771,,17965.1796875,,0.45703125,,19772.716796875,,0.5625,,0.54296875,,256.0,,0.5492056608200073,,0.00390625,,1807.536865234375,,,,,,,,,,,
5,65049,,55138.359375,,0.004770652391016483,,53155.59765625,,0.57421875,,55138.359375,,0.640625,,0.42578125,,256.0,,0.6280648708343506,,0.0078125,,1982.76318359375,,,,,,,,,,,
5,65099,,17158.09375,,0.00488370843231678,,15100.1767578125,,0.5234375,,17158.09375,,0.47265625,,0.4765625,,256.0,,0.44119617342948914,,0.0078125,,2057.916015625,,,,,,,,,,,
5,65149,,101980.796875,,0.0046491376124322414,,99845.09375,,0.50390625,,101980.796875,,0.6640625,,0.49609375,,256.0,,0.6221252679824829,,0.0078125,,2135.706298828125,,,,,,,,,,,
5,65199,,49113.796875,,0.0046226633712649345,,46749.578125,,0.5234375,,49113.796875,,0.6328125,,0.4765625,,256.0,,0.6059042811393738,,0.01171875,,2364.22021484375,,,,,,,,,,,
5,65249,,61871.55078125,,0.004944084212183952,,60106.296875,,0.4921875,,61871.55078125,,0.56640625,,0.5078125,,256.0,,0.5348107814788818,,0.00390625,,1765.25537109375,,,,,,,,,,,
5,65299,,10383.083984375,,0.005029748193919659,,8748.5869140625,,0.5234375,,10383.083984375,,0.53515625,,0.4765625,,256.0,,0.49668651819229126,,0.0,,1634.497314453125,,,,,,,,,,,
5,65349,,86157.140625,,0.005357748828828335,,84077.2890625,,0.50390625,,86157.140625,,0.70703125,,0.49609375,,256.0,,0.70702064037323,,0.0078125,,2079.85009765625,,,,,,,,,,,
5,65399,,18169.45703125,,0.005139052867889404,,16390.55078125,,0.48046875,,18169.45703125,,0.640625,,0.51953125,,256.0,,0.6491578221321106,,0.00390625,,1778.9052734375,,,,,,,,,,,
5,65449,,11179.21875,,0.005015095695853233,,8967.5615234375,,0.40625,,11179.21875,,0.578125,,0.59375,,256.0,,0.5950786471366882,,0.015625,,2211.65771484375,,,,,,,,,,,
5,65499,,16704.515625,,0.0047920807264745235,,14982.8837890625,,0.54296875,,16704.515625,,0.57421875,,0.45703125,,256.0,,0.5273159742355347,,0.0,,1721.631591796875,,,,,,,,,,,
5,65549,,96270.7734375,,0.004719816148281097,,94049.78125,,0.49609375,,96270.7734375,,0.546875,,0.50390625,,256.0,,0.5171007513999939,,0.0078125,,2220.989013671875,,,,,,,,,,,
5,65599,,14857.94140625,,0.004952516406774521,,12878.4482421875,,0.48046875,,14857.94140625,,0.62109375,,0.51953125,,256.0,,0.606080174446106,,0.00390625,,1979.4935302734375,,,,,,,,,,,
5,65649,,15159.0107421875,,0.004729939624667168,,13383.8154296875,,0.43359375,,15159.0107421875,,0.458984375,,0.56640625,,256.0,,0.4416307806968689,,0.00390625,,1775.195068359375,,,,,,,,,,,
5,65699,,14328.978515625,,0.005302538629621267,,12583.638671875,,0.53515625,,14328.978515625,,0.58984375,,0.46484375,,256.0,,0.61753910779953,,0.0,,1745.33984375,,,,,,,,,,,
5,65749,,54678.17578125,,0.00499426294118166,,52816.52734375,,0.52734375,,54678.17578125,,0.59765625,,0.47265625,,256.0,,0.5991090536117554,,0.00390625,,1861.6497802734375,,,,,,,,,,,
5,65799,,13297.8408203125,,0.004775842186063528,,10785.736328125,,0.52734375,,13297.8408203125,,0.58203125,,0.47265625,,256.0,,0.569150984287262,,0.01171875,,2512.104248046875,,,,,,,,,,,
5,65849,,46806.18359375,,0.004917782731354237,,44981.0703125,,0.48828125,,46806.18359375,,0.68359375,,0.51171875,,256.0,,0.6714009046554565,,0.00390625,,1825.1148681640625,,,,,,,,,,,
5,65899,,11562.212890625,,0.005066915415227413,,9537.162109375,,0.5078125,,11562.212890625,,0.51953125,,0.4921875,,256.0,,0.46096906065940857,,0.01171875,,2025.050537109375,,,,,,,,,,,
5,65949,,145954.875,,0.005389295518398285,,143561.625,,0.5625,,145954.875,,0.71875,,0.4375,,256.0,,0.6329714059829712,,0.01171875,,2393.25390625,,,,,,,,,,,
5,65999,,92506.2734375,,0.0047783320769667625,,90254.703125,,0.55078125,,92506.2734375,,0.64453125,,0.44921875,,256.0,,0.5781373977661133,,0.01171875,,2251.567138671875,,,,,,,,,,,
5,66049,,55806.5,,0.004745756275951862,,53856.0390625,,0.515625,,55806.5,,0.64453125,,0.484375,,256.0,,0.6028460264205933,,0.00390625,,1950.459716796875,,,,,,,,,,,
5,66099,,83644.875,,0.004927319474518299,,81380.453125,,0.52734375,,83644.875,,0.6484375,,0.47265625,,256.0,,0.5934938192367554,,0.0078125,,2264.42236328125,,,,,,,,,,,
5,66149,,16885.466796875,,0.004926193039864302,,15150.2529296875,,0.51171875,,16885.466796875,,0.578125,,0.48828125,,256.0,,0.5812528133392334,,0.00390625,,1735.213623046875,,,,,,,,,,,
5,66199,,94015.796875,,0.004607080947607756,,91812.5234375,,0.55078125,,94015.796875,,0.6640625,,0.44921875,,256.0,,0.7110370397567749,,0.0078125,,2203.27587890625,,,,,,,,,,,
5,66249,,12407.75,,0.004697097465395927,,10842.9921875,,0.5078125,,12407.75,,0.57421875,,0.4921875,,256.0,,0.6005808115005493,,0.0,,1564.758056640625,,,,,,,,,,,
5,66299,,57673.5859375,,0.004950727801769972,,55573.03515625,,0.484375,,57673.5859375,,0.5625,,0.515625,,256.0,,0.5444784164428711,,0.0078125,,2100.55029296875,,,,,,,,,,,
5,66349,,92758.90625,,0.004570326302200556,,90614.6640625,,0.578125,,92758.90625,,0.56640625,,0.421875,,256.0,,0.5457660555839539,,0.01171875,,2144.24560546875,,,,,,,,,,,
5,66399,,52618.359375,,0.004875806625932455,,50721.07421875,,0.49609375,,52618.359375,,0.5703125,,0.50390625,,256.0,,0.5662652850151062,,0.00390625,,1897.28369140625,,,,,,,,,,,
5,66449,,13553.1142578125,,0.0046692038886249065,,11730.7939453125,,0.4765625,,13553.1142578125,,0.76953125,,0.5234375,,256.0,,0.7261525988578796,,0.0,,1822.320068359375,,,,,,,,,,,
5,66499,,14483.9384765625,,0.00493445061147213,,12458.3447265625,,0.4296875,,14483.9384765625,,0.67578125,,0.5703125,,256.0,,0.607822835445404,,0.0078125,,2025.593505859375,,,,,,,,,,,
5,66549,,15325.2470703125,,0.004902023356407881,,13686.708984375,,0.515625,,15325.2470703125,,0.70703125,,0.484375,,256.0,,0.6645796895027161,,0.00390625,,1638.537841796875,,,,,,,,,,,
5,66599,,53029.66796875,,0.004685963504016399,,51413.37890625,,0.4765625,,53029.66796875,,0.55859375,,0.5234375,,256.0,,0.5345498919487,,0.00390625,,1616.2879638671875,,,,,,,,,,,
5,66649,,11375.298828125,,0.005043075419962406,,9711.76171875,,0.5,,11375.298828125,,0.55859375,,0.5,,256.0,,0.531080961227417,,0.00390625,,1663.53759765625,,,,,,,,,,,
5,66699,,48276.91796875,,0.004693039692938328,,46396.875,,0.5390625,,48276.91796875,,0.5703125,,0.4609375,,256.0,,0.5497795939445496,,0.00390625,,1880.0445556640625,,,,,,,,,,,
5,66749,,65451.66015625,,0.005146482959389687,,63405.08984375,,0.56640625,,65451.66015625,,0.515625,,0.43359375,,256.0,,0.47543787956237793,,0.0078125,,2046.57177734375,,,,,,,,,,,
5,66799,,13548.58984375,,0.004833887331187725,,11789.4052734375,,0.51171875,,13548.58984375,,0.609375,,0.48828125,,256.0,,0.5797464847564697,,0.0,,1759.184326171875,,,,,,,,,,,
5,66849,,40569.59375,,0.004826358985155821,,38750.58984375,,0.4921875,,40569.59375,,0.54296875,,0.5078125,,256.0,,0.5211566686630249,,0.00390625,,1819.0029296875,,,,,,,,,,,
5,66899,,99677.6328125,,0.005030840635299683,,97604.9453125,,0.484375,,99677.6328125,,0.6953125,,0.515625,,256.0,,0.667658805847168,,0.0078125,,2072.686767578125,,,,,,,,,,,
5,66949,,10253.251953125,,0.0048415279015898705,,8763.25,,0.484375,,10253.251953125,,0.6640625,,0.515625,,256.0,,0.6261789798736572,,0.00390625,,1490.0020751953125,,,,,,,,,,,
5,66999,,147702.9375,,0.0048892805352807045,,145058.828125,,0.51171875,,147702.9375,,0.73046875,,0.48828125,,256.0,,0.6938529014587402,,0.015625,,2644.1025390625,,,,,,,,,,,
5,67049,,58780.5625,,0.005293286871165037,,56541.140625,,0.4609375,,58780.5625,,0.52734375,,0.5390625,,256.0,,0.5884724855422974,,0.0078125,,2239.423828125,,,,,,,,,,,
5,67099,,17126.087890625,,0.004978769458830357,,15350.697265625,,0.5234375,,17126.087890625,,0.482421875,,0.4765625,,256.0,,0.4701964557170868,,0.00390625,,1775.390869140625,,,,,,,,,,,
5,67149,,36876.59765625,,0.0048181768506765366,,35132.78125,,0.4921875,,36876.59765625,,0.6015625,,0.5078125,,256.0,,0.5841243267059326,,0.00390625,,1743.814697265625,,,,,,,,,,,
5,67199,,53336.54296875,,0.0049689700827002525,,51396.10546875,,0.45703125,,53336.54296875,,0.68359375,,0.54296875,,256.0,,0.6444563865661621,,0.01171875,,1940.438232421875,,,,,,,,,,,
5,67249,,13019.6806640625,,0.004813758190721273,,11372.802734375,,0.55078125,,13019.6806640625,,0.59765625,,0.44921875,,256.0,,0.5798975825309753,,0.0,,1646.8782958984375,,,,,,,,,,,
5,67299,,11793.1015625,,0.004707299638539553,,9978.0224609375,,0.51953125,,11793.1015625,,0.59765625,,0.48046875,,256.0,,0.618552565574646,,0.00390625,,1815.07861328125,,,,,,,,,,,
5,67349,,10836.9140625,,0.0051295580342411995,,9138.3115234375,,0.51171875,,10836.9140625,,0.6171875,,0.48828125,,256.0,,0.6217955350875854,,0.00390625,,1698.6029052734375,,,,,,,,,,,
5,67399,,56860.0390625,,0.0047841458581388,,55008.140625,,0.5,,56860.0390625,,0.578125,,0.5,,256.0,,0.5910255908966064,,0.00390625,,1851.896484375,,,,,,,,,,,
5,67449,,105282.84375,,0.004504924640059471,,102964.734375,,0.49609375,,105282.84375,,0.6328125,,0.50390625,,256.0,,0.5827593207359314,,0.015625,,2318.10888671875,,,,,,,,,,,
5,67499,,13616.416015625,,0.004813348408788443,,12083.95703125,,0.46875,,13616.416015625,,0.56640625,,0.53125,,256.0,,0.5967546701431274,,0.0,,1532.4588623046875,,,,,,,,,,,
5,67549,,59256.95703125,,0.004565621726214886,,57362.68359375,,0.5,,59256.95703125,,0.6328125,,0.5,,256.0,,0.6297296285629272,,0.00390625,,1894.2730712890625,,,,,,,,,,,
5,67599,,15694.5810546875,,0.004944208078086376,,13932.7998046875,,0.4140625,,15694.5810546875,,0.63671875,,0.5859375,,256.0,,0.5681137442588806,,0.0,,1761.7816162109375,,,,,,,,,,,
5,67649,,14541.8623046875,,0.004738788120448589,,12461.5830078125,,0.453125,,14541.8623046875,,0.6484375,,0.546875,,256.0,,0.6125686168670654,,0.01171875,,2080.279296875,,,,,,,,,,,
5,67699,,18397.0390625,,0.004920314531773329,,16740.33203125,,0.46875,,18397.0390625,,0.46484375,,0.53125,,256.0,,0.46771475672721863,,0.0,,1656.7080078125,,,,,,,,,,,
5,67749,,58634.83984375,,0.005084690172225237,,56495.5625,,0.484375,,58634.83984375,,0.47265625,,0.515625,,256.0,,0.4825156331062317,,0.0078125,,2139.2763671875,,,,,,,,,,,
5,67799,,20609.390625,,0.004800404887646437,,18684.43359375,,0.50390625,,20609.390625,,0.6328125,,0.49609375,,256.0,,0.6417707204818726,,0.00390625,,1924.9576416015625,,,,,,,,,,,
5,67849,,20200.029296875,,0.004801055416464806,,18595.583984375,,0.4453125,,20200.029296875,,0.5859375,,0.5546875,,256.0,,0.5383173227310181,,0.0,,1604.44482421875,,,,,,,,,,,
5,67899,,77157.34375,,0.004776169545948505,,75046.1875,,0.53515625,,77157.34375,,0.59375,,0.46484375,,256.0,,0.5687075853347778,,0.0078125,,2111.157470703125,,,,,,,,,,,
5,67949,,13686.078125,,0.00456278957426548,,11997.4482421875,,0.52734375,,13686.078125,,0.71484375,,0.47265625,,256.0,,0.6567009687423706,,0.00390625,,1688.6297607421875,,,,,,,,,,,
5,67999,,19324.990234375,,0.005079338327050209,,17593.275390625,,0.47265625,,19324.990234375,,0.58203125,,0.52734375,,256.0,,0.5533983707427979,,0.00390625,,1731.71435546875,,,,,,,,,,,
5,68049,,19328.65234375,,0.004933212883770466,,17614.42578125,,0.53125,,19328.65234375,,0.55859375,,0.46875,,256.0,,0.5766493082046509,,0.0,,1714.2265625,,,,,,,,,,,
5,68099,,11338.748046875,,0.004688649903982878,,9585.55078125,,0.4296875,,11338.748046875,,0.53515625,,0.5703125,,256.0,,0.4754732847213745,,0.00390625,,1753.19775390625,,,,,,,,,,,
5,68149,,91356.46875,,0.0044685727916657925,,89260.3046875,,0.46875,,91356.46875,,0.47265625,,0.53125,,256.0,,0.45123645663261414,,0.01171875,,2096.164794921875,,,,,,,,,,,
5,68199,,12428.9580078125,,0.0053129978477954865,,10782.2099609375,,0.47265625,,12428.9580078125,,0.6328125,,0.52734375,,256.0,,0.5959386825561523,,0.00390625,,1646.748291015625,,,,,,,,,,,
5,68249,,15008.908203125,,0.004816352389752865,,13232.9326171875,,0.4609375,,15008.908203125,,0.59765625,,0.5390625,,256.0,,0.5483536720275879,,0.00390625,,1775.97509765625,,,,,,,,,,,
5,68299,,14539.71875,,0.0050944918766617775,,12891.9482421875,,0.46875,,14539.71875,,0.625,,0.53125,,256.0,,0.5602437257766724,,0.0,,1647.77099609375,,,,,,,,,,,
5,68349,,17282.822265625,,0.004990800283849239,,15594.4580078125,,0.50390625,,17282.822265625,,0.66015625,,0.49609375,,256.0,,0.6742154955863953,,0.0,,1688.364013671875,,,,,,,,,,,
5,68399,,61767.22265625,,0.004880539607256651,,59837.16796875,,0.5,,61767.22265625,,0.65625,,0.5,,256.0,,0.6604280471801758,,0.0078125,,1930.0546875,,,,,,,,,,,
5,68449,,50418.28515625,,0.004844957962632179,,48698.609375,,0.53125,,50418.28515625,,0.5625,,0.46875,,256.0,,0.5527622699737549,,0.00390625,,1719.6749267578125,,,,,,,,,,,
5,68499,,74956.359375,,0.004594299476593733,,73078.171875,,0.484375,,74956.359375,,0.5546875,,0.515625,,256.0,,0.5421372056007385,,0.00390625,,1878.185791015625,,,,,,,,,,,
5,68549,,70161.671875,,0.00492748711258173,,68237.078125,,0.46875,,70161.671875,,0.62109375,,0.53125,,256.0,,0.6142767667770386,,0.00390625,,1924.5948486328125,,,,,,,,,,,
5,68599,,56971.55078125,,0.00487340334802866,,54984.3359375,,0.5234375,,56971.55078125,,0.64453125,,0.4765625,,256.0,,0.6237912178039551,,0.00390625,,1987.214599609375,,,,,,,,,,,
5,68649,,18470.6328125,,0.005219875834882259,,16720.6953125,,0.4921875,,18470.6328125,,0.5078125,,0.5078125,,256.0,,0.49224480986595154,,0.00390625,,1749.9384765625,,,,,,,,,,,
5,68699,,15114.9462890625,,0.004918517079204321,,13430.435546875,,0.46484375,,15114.9462890625,,0.5859375,,0.53515625,,256.0,,0.5741554498672485,,0.00390625,,1684.510986328125,,,,,,,,,,,
5,68749,,41687.07421875,,0.004499034956097603,,39886.60546875,,0.515625,,41687.07421875,,0.486328125,,0.484375,,256.0,,0.41262996196746826,,0.00390625,,1800.4696044921875,,,,,,,,,,,
5,68799,,15081.2685546875,,0.005015387199819088,,13426.0498046875,,0.49609375,,15081.2685546875,,0.7578125,,0.50390625,,256.0,,0.7447742819786072,,0.0,,1655.2191162109375,,,,,,,,,,,
5,68849,,14077.0625,,0.005159739404916763,,12385.6943359375,,0.5078125,,14077.0625,,0.5859375,,0.4921875,,256.0,,0.5642579197883606,,0.0,,1691.36767578125,,,,,,,,,,,
5,68899,,17273.41015625,,0.005316413007676601,,15363.53515625,,0.5078125,,17273.41015625,,0.67578125,,0.4921875,,256.0,,0.6574847102165222,,0.00390625,,1909.8746337890625,,,,,,,,,,,
5,68949,,19182.1640625,,0.004698266740888357,,17455.5234375,,0.48828125,,19182.1640625,,0.609375,,0.51171875,,256.0,,0.6151962280273438,,0.00390625,,1726.6409912109375,,,,,,,,,,,
5,68999,,21307.681640625,,0.004786552395671606,,19584.37109375,,0.5703125,,21307.681640625,,0.75390625,,0.4296875,,256.0,,0.7481358051300049,,0.0,,1723.310302734375,,,,,,,,,,,
5,69049,,14119.99609375,,0.004554440267384052,,11699.8720703125,,0.4609375,,14119.99609375,,0.66796875,,0.5390625,,256.0,,0.6407002210617065,,0.01171875,,2420.1240234375,,,,,,,,,,,
5,69099,,128259.2890625,,0.005172418430447578,,125954.0625,,0.515625,,128259.2890625,,0.671875,,0.484375,,256.0,,0.6537212133407593,,0.0078125,,2305.22900390625,,,,,,,,,,,
5,69149,,88170.6328125,,0.0048543531447649,,85675.609375,,0.5,,88170.6328125,,0.74609375,,0.5,,256.0,,0.7162480354309082,,0.01953125,,2495.0234375,,,,,,,,,,,
5,69199,,78208.9296875,,0.004654739052057266,,76198.4921875,,0.5078125,,78208.9296875,,0.67578125,,0.4921875,,256.0,,0.6988648772239685,,0.01171875,,2010.436279296875,,,,,,,,,,,
5,69249,,166748.609375,,0.004861986264586449,,164312.453125,,0.47265625,,166748.609375,,0.6484375,,0.52734375,,256.0,,0.6598502397537231,,0.01171875,,2436.155517578125,,,,,,,,,,,
5,69299,,67451.78125,,0.004695314448326826,,65232.66796875,,0.484375,,67451.78125,,0.66015625,,0.515625,,256.0,,0.657364010810852,,0.01171875,,2219.11083984375,,,,,,,,,,,
5,69349,,51163.6953125,,0.005234508775174618,,49230.1640625,,0.453125,,51163.6953125,,0.625,,0.546875,,256.0,,0.6109709143638611,,0.00390625,,1933.53271484375,,,,,,,,,,,
5,69399,,64503.06640625,,0.005079525522887707,,62509.37109375,,0.4921875,,64503.06640625,,0.6015625,,0.5078125,,256.0,,0.5998002886772156,,0.0078125,,1993.695068359375,,,,,,,,,,,
5,69449,,18138.427734375,,0.004812126513570547,,16281.7314453125,,0.5703125,,18138.427734375,,0.69140625,,0.4296875,,256.0,,0.6631650924682617,,0.00390625,,1856.6966552734375,,,,,,,,,,,
5,69499,,12951.8798828125,,0.005203926470130682,,11382.4638671875,,0.4609375,,12951.8798828125,,0.50390625,,0.5390625,,256.0,,0.5025965571403503,,0.0,,1569.416259765625,,,,,,,,,,,
5,69549,,46559.62890625,,0.005067226476967335,,44719.69140625,,0.55859375,,46559.62890625,,0.51953125,,0.44140625,,256.0,,0.5143710374832153,,0.0078125,,1839.937744140625,,,,,,,,,,,
5,69599,,83409.53125,,0.004950595088303089,,81197.328125,,0.546875,,83409.53125,,0.63671875,,0.453125,,256.0,,0.6357011198997498,,0.01171875,,2212.203369140625,,,,,,,,,,,
5,69649,,15718.0078125,,0.004858226981014013,,13763.833984375,,0.48828125,,15718.0078125,,0.60546875,,0.51171875,,256.0,,0.5619221925735474,,0.01171875,,1954.17333984375,,,,,,,,,,,
5,69699,,98415.7421875,,0.005962415598332882,,96154.515625,,0.48046875,,98415.7421875,,0.58984375,,0.51953125,,256.0,,0.5675948858261108,,0.0078125,,2261.22705078125,,,,,,,,,,,
5,69749,,94189.171875,,0.004519166424870491,,92223.3671875,,0.49609375,,94189.171875,,0.703125,,0.50390625,,256.0,,0.6537954211235046,,0.0078125,,1965.8038330078125,,,,,,,,,,,
5,69799,,20054.94140625,,0.004904037341475487,,18328.984375,,0.48828125,,20054.94140625,,0.6484375,,0.51171875,,256.0,,0.6546611785888672,,0.0,,1725.9580078125,,,,,,,,,,,
5,69849,,18941.126953125,,0.004995065741240978,,17254.64453125,,0.5390625,,18941.126953125,,0.51953125,,0.4609375,,256.0,,0.4874994158744812,,0.0,,1686.48291015625,,,,,,,,,,,
5,69899,,67066.6875,,0.004706407431513071,,64944.828125,,0.52734375,,67066.6875,,0.47265625,,0.47265625,,256.0,,0.4755815863609314,,0.0078125,,2121.8623046875,,,,,,,,,,,
5,69949,,13741.2099609375,,0.005117508582770824,,12147.9736328125,,0.484375,,13741.2099609375,,0.6171875,,0.515625,,256.0,,0.5634800791740417,,0.0,,1593.236572265625,,,,,,,,,,,
5,69999,,93494.625,,0.005254385992884636,,91503.109375,,0.48046875,,93494.625,,0.45703125,,0.51953125,,256.0,,0.41618725657463074,,0.01171875,,1991.518798828125,,,,,,,,,,,
5,70049,,19441.318359375,,0.004888753406703472,,17826.42578125,,0.52734375,,19441.318359375,,0.55078125,,0.47265625,,256.0,,0.462221622467041,,0.0,,1614.893310546875,,,,,,,,,,,
5,70099,,10663.318359375,,0.00482009444385767,,8835.1689453125,,0.5390625,,10663.318359375,,0.451171875,,0.4609375,,256.0,,0.4353627562522888,,0.00390625,,1828.14892578125,,,,,,,,,,,
5,70149,,65355.1015625,,0.004529194440692663,,63286.53515625,,0.453125,,65355.1015625,,0.53515625,,0.546875,,256.0,,0.49209725856781006,,0.0078125,,2068.566162109375,,,,,,,,,,,
5,70199,,70994.3203125,,0.005038004368543625,,68783.0234375,,0.4921875,,70994.3203125,,0.53515625,,0.5078125,,256.0,,0.5147836208343506,,0.00390625,,2211.293701171875,,,,,,,,,,,
5,70249,,18140.88671875,,0.005001399666070938,,16218.7158203125,,0.46875,,18140.88671875,,0.470703125,,0.53125,,256.0,,0.5017228126525879,,0.00390625,,1922.1702880859375,,,,,,,,,,,
5,70299,,15369.7724609375,,0.004579946398735046,,13669.6328125,,0.5234375,,15369.7724609375,,0.671875,,0.4765625,,256.0,,0.6436296701431274,,0.0,,1700.1397705078125,,,,,,,,,,,
5,70349,,42930.9453125,,0.0049919793382287025,,40709.75,,0.53515625,,42930.9453125,,0.68359375,,0.46484375,,256.0,,0.6102529168128967,,0.01171875,,2221.194580078125,,,,,,,,,,,
5,70399,,16057.55859375,,0.0050343479961156845,,14238.8876953125,,0.515625,,16057.55859375,,0.703125,,0.484375,,256.0,,0.7097947001457214,,0.00390625,,1818.67138671875,,,,,,,,,,,
5,70449,,14067.51171875,,0.004547117277979851,,12315.939453125,,0.5,,14067.51171875,,0.77734375,,0.5,,256.0,,0.6986761093139648,,0.0078125,,1751.572021484375,,,,,,,,,,,
5,70499,,14731.6767578125,,0.004787098616361618,,13105.7802734375,,0.4921875,,14731.6767578125,,0.62890625,,0.5078125,,256.0,,0.6486115455627441,,0.0,,1625.896240234375,,,,,,,,,,,
5,70549,,16254.8330078125,,0.00499773770570755,,14656.3359375,,0.4921875,,16254.8330078125,,0.58203125,,0.5078125,,256.0,,0.5456701517105103,,0.0,,1598.4974365234375,,,,,,,,,,,
5,70599,,59735.75390625,,0.0049617174081504345,,57684.22265625,,0.5234375,,59735.75390625,,0.609375,,0.4765625,,256.0,,0.5707549452781677,,0.0078125,,2051.53076171875,,,,,,,,,,,
5,70649,,16001.759765625,,0.004678299184888601,,14373.0146484375,,0.4765625,,16001.759765625,,0.50390625,,0.5234375,,256.0,,0.44610440731048584,,0.00390625,,1628.7449951171875,,,,,,,,,,,
5,70699,,11809.9833984375,,0.004740371368825436,,10253.5078125,,0.453125,,11809.9833984375,,0.5,,0.546875,,256.0,,0.4948893189430237,,0.00390625,,1556.4757080078125,,,,,,,,,,,
5,70749,,15953.35546875,,0.004907377064228058,,14357.728515625,,0.47265625,,15953.35546875,,0.5859375,,0.52734375,,256.0,,0.5946794748306274,,0.0,,1595.627197265625,,,,,,,,,,,
5,70799,,21251.607421875,,0.0054548694752156734,,19565.94921875,,0.47265625,,21251.607421875,,0.68359375,,0.52734375,,256.0,,0.6551370024681091,,0.0,,1685.65869140625,,,,,,,,,,,
5,70849,,54065.203125,,0.0046025728806853294,,52168.22265625,,0.5234375,,54065.203125,,0.640625,,0.4765625,,256.0,,0.5842570662498474,,0.00390625,,1896.980224609375,,,,,,,,,,,
5,70899,,18800.41015625,,0.004598997998982668,,17122.515625,,0.48046875,,18800.41015625,,0.70703125,,0.51953125,,256.0,,0.6687701940536499,,0.0,,1677.89404296875,,,,,,,,,,,
5,70949,,16732.412109375,,0.00515376590192318,,15000.7451171875,,0.44921875,,16732.412109375,,0.578125,,0.55078125,,256.0,,0.566097617149353,,0.0,,1731.6663818359375,,,,,,,,,,,
5,70999,,60246.828125,,0.004780076909810305,,58262.2265625,,0.4921875,,60246.828125,,0.58984375,,0.5078125,,256.0,,0.5826754570007324,,0.0078125,,1984.6033935546875,,,,,,,,,,,
5,71049,,15522.2880859375,,0.004611355718225241,,13920.7294921875,,0.56640625,,15522.2880859375,,0.6640625,,0.43359375,,256.0,,0.654802680015564,,0.0,,1601.558837890625,,,,,,,,,,,
5,71099,,22447.865234375,,0.004660110920667648,,20715.11328125,,0.48046875,,22447.865234375,,0.4921875,,0.51953125,,256.0,,0.509026050567627,,0.0,,1732.751220703125,,,,,,,,,,,
5,71149,,53682.984375,,0.004576417617499828,,51800.98046875,,0.47265625,,53682.984375,,0.52734375,,0.52734375,,256.0,,0.47849854826927185,,0.00390625,,1882.00244140625,,,,,,,,,,,
5,71199,,26020.078125,,0.004661915823817253,,24233.990234375,,0.546875,,26020.078125,,0.625,,0.453125,,256.0,,0.5443695783615112,,0.00390625,,1786.088134765625,,,,,,,,,,,
5,71249,,12142.4765625,,0.004591999109834433,,10648.556640625,,0.5,,12142.4765625,,0.4765625,,0.5,,256.0,,0.4915453791618347,,0.0,,1493.91943359375,,,,,,,,,,,
5,71299,,56256.96875,,0.004594495054334402,,54395.82421875,,0.4296875,,56256.96875,,0.53125,,0.5703125,,256.0,,0.5273653864860535,,0.00390625,,1861.142578125,,,,,,,,,,,
5,71349,,56285.31640625,,0.005095197819173336,,54428.359375,,0.5,,56285.31640625,,0.53515625,,0.5,,256.0,,0.5538198351860046,,0.00390625,,1856.9581298828125,,,,,,,,,,,
5,71399,,13707.2587890625,,0.004721841774880886,,12037.796875,,0.50390625,,13707.2587890625,,0.6171875,,0.49609375,,256.0,,0.6243121027946472,,0.0,,1669.461669921875,,,,,,,,,,,
5,71449,,75764.359375,,0.004546887241303921,,73808.1484375,,0.46875,,75764.359375,,0.54296875,,0.53125,,256.0,,0.4769793748855591,,0.0078125,,1956.214599609375,,,,,,,,,,,
5,71499,,77301.2421875,,0.00466902507469058,,75373.5625,,0.51953125,,77301.2421875,,0.6015625,,0.48046875,,256.0,,0.5840829610824585,,0.0078125,,1927.67919921875,,,,,,,,,,,
5,71549,,16879.900390625,,0.004748372361063957,,14957.7080078125,,0.47265625,,16879.900390625,,0.478515625,,0.52734375,,256.0,,0.511407196521759,,0.01171875,,1922.192626953125,,,,,,,,,,,
5,71599,,67013.5625,,0.004922141786664724,,64967.02734375,,0.46484375,,67013.5625,,0.5234375,,0.53515625,,256.0,,0.5400547385215759,,0.00390625,,2046.538818359375,,,,,,,,,,,
5,71649,,100500.8359375,,0.005233153700828552,,98312.6328125,,0.5625,,100500.8359375,,0.4765625,,0.4375,,256.0,,0.4743645191192627,,0.0078125,,2188.20654296875,,,,,,,,,,,
5,71699,,16748.333984375,,0.004577167797833681,,15173.5830078125,,0.53515625,,16748.333984375,,0.55859375,,0.46484375,,256.0,,0.567281186580658,,0.0,,1574.75146484375,,,,,,,,,,,
5,71749,,15433.0224609375,,0.0053588105365633965,,13850.00390625,,0.4609375,,15433.0224609375,,0.6484375,,0.5390625,,256.0,,0.5989086627960205,,0.0,,1583.0185546875,,,,,,,,,,,
5,71799,,12781.0673828125,,0.004523891489952803,,11219.275390625,,0.49609375,,12781.0673828125,,0.6171875,,0.50390625,,256.0,,0.6011295318603516,,0.00390625,,1561.792236328125,,,,,,,,,,,
5,71849,,12312.501953125,,0.005229544825851917,,10769.1083984375,,0.49609375,,12312.501953125,,0.474609375,,0.50390625,,256.0,,0.4771232008934021,,0.0,,1543.393310546875,,,,,,,,,,,
5,71899,,12502.2724609375,,0.004959213547408581,,10863.57421875,,0.515625,,12502.2724609375,,0.55859375,,0.484375,,256.0,,0.5579609870910645,,0.0,,1638.698486328125,,,,,,,,,,,
5,71949,,100469.5625,,0.004920667968690395,,98340.7265625,,0.50390625,,100469.5625,,0.50390625,,0.49609375,,256.0,,0.5014816522598267,,0.0078125,,2128.8359375,,,,,,,,,,,
5,71999,,17508.064453125,,0.005011179018765688,,15764.21875,,0.515625,,17508.064453125,,0.54296875,,0.484375,,256.0,,0.5179564952850342,,0.00390625,,1743.8458251953125,,,,,,,,,,,
5,72049,,79952.984375,,0.004811976104974747,,77751.8515625,,0.453125,,79952.984375,,0.5546875,,0.546875,,256.0,,0.5481561422348022,,0.00390625,,2201.13623046875,,,,,,,,,,,
5,72099,,52133.0234375,,0.00477174436673522,,50298.609375,,0.5078125,,52133.0234375,,0.65625,,0.4921875,,256.0,,0.6046583652496338,,0.00390625,,1834.413330078125,,,,,,,,,,,
5,72149,,112764.5390625,,0.004490872845053673,,110531.8046875,,0.54296875,,112764.5390625,,0.54296875,,0.45703125,,256.0,,0.5191500186920166,,0.0078125,,2232.7353515625,,,,,,,,,,,
5,72199,,10298.90625,,0.004835356492549181,,8593.2353515625,,0.53515625,,10298.90625,,0.51171875,,0.46484375,,256.0,,0.48544901609420776,,0.00390625,,1705.6712646484375,,,,,,,,,,,
5,72249,,20523.67578125,,0.004870214499533176,,18809.740234375,,0.52734375,,20523.67578125,,0.51171875,,0.47265625,,256.0,,0.5279934406280518,,0.0,,1713.935791015625,,,,,,,,,,,
5,72299,,17328.771484375,,0.004987284541130066,,15509.5625,,0.5078125,,17328.771484375,,0.55078125,,0.4921875,,256.0,,0.6199277639389038,,0.0,,1819.2083740234375,,,,,,,,,,,
5,72349,,93185.5546875,,0.004591062664985657,,91097.703125,,0.4296875,,93185.5546875,,0.466796875,,0.5703125,,256.0,,0.45250409841537476,,0.01171875,,2087.85205078125,,,,,,,,,,,
5,72399,,21243.802734375,,0.00480249896645546,,19663.19140625,,0.46875,,21243.802734375,,0.490234375,,0.53125,,256.0,,0.4951919913291931,,0.0,,1580.6116943359375,,,,,,,,,,,
5,72449,,15853.177734375,,0.0045998310670256615,,14169.5869140625,,0.51171875,,15853.177734375,,0.6640625,,0.48828125,,256.0,,0.5880281925201416,,0.0,,1683.59130859375,,,,,,,,,,,
5,72499,,21966.42578125,,0.004736710339784622,,19949.236328125,,0.54296875,,21966.42578125,,0.6640625,,0.45703125,,256.0,,0.6309772729873657,,0.0078125,,2017.1884765625,,,,,,,,,,,
5,72549,,109072.3359375,,0.0045630233362317085,,106935.9765625,,0.5546875,,109072.3359375,,0.50390625,,0.4453125,,256.0,,0.5055634379386902,,0.0078125,,2136.35986328125,,,,,,,,,,,
5,72599,,103397.125,,0.004451323300600052,,101235.609375,,0.51953125,,103397.125,,0.373046875,,0.48046875,,256.0,,0.4240853190422058,,0.0078125,,2161.51708984375,,,,,,,,,,,
5,72649,,12945.5283203125,,0.005138578824698925,,11277.935546875,,0.51171875,,12945.5283203125,,0.546875,,0.48828125,,256.0,,0.5567640662193298,,0.0,,1667.593017578125,,,,,,,,,,,
5,72699,,50105.484375,,0.004812256433069706,,48387.01171875,,0.51171875,,50105.484375,,0.42578125,,0.48828125,,256.0,,0.45302003622055054,,0.00390625,,1718.47119140625,,,,,,,,,,,
5,72749,,88007.2109375,,0.00456062238663435,,85973.7890625,,0.5078125,,88007.2109375,,0.68359375,,0.4921875,,256.0,,0.6477342844009399,,0.0078125,,2033.4180908203125,,,,,,,,,,,
5,72799,,53646.484375,,0.004813573323190212,,51834.84375,,0.4921875,,53646.484375,,0.515625,,0.5078125,,256.0,,0.5232158899307251,,0.0078125,,1811.64013671875,,,,,,,,,,,
5,72849,,139692.203125,,0.004864840768277645,,137404.0,,0.44921875,,139692.203125,,0.609375,,0.55078125,,256.0,,0.5158708095550537,,0.0078125,,2288.2099609375,,,,,,,,,,,
5,72899,,16939.75,,0.004996263422071934,,15200.42578125,,0.46875,,16939.75,,0.515625,,0.53125,,256.0,,0.5025472640991211,,0.0,,1739.3238525390625,,,,,,,,,,,
5,72949,,107842.2578125,,0.004949136171489954,,105237.28125,,0.46484375,,107842.2578125,,0.546875,,0.53515625,,256.0,,0.46832436323165894,,0.01171875,,2604.974609375,,,,,,,,,,,
5,72999,,13544.388671875,,0.00474590016528964,,11776.3291015625,,0.5234375,,13544.388671875,,0.578125,,0.4765625,,256.0,,0.5428292155265808,,0.00390625,,1768.05908203125,,,,,,,,,,,
5,73049,,15592.3701171875,,0.00465216301381588,,13845.78125,,0.49609375,,15592.3701171875,,0.431640625,,0.50390625,,256.0,,0.4267287254333496,,0.00390625,,1746.589111328125,,,,,,,,,,,
5,73099,,87507.6875,,0.004484290257096291,,85205.703125,,0.42578125,,87507.6875,,0.5390625,,0.57421875,,256.0,,0.49167007207870483,,0.0078125,,2301.984375,,,,,,,,,,,
5,73149,,59299.20703125,,0.004557819105684757,,57468.3203125,,0.4140625,,59299.20703125,,0.5625,,0.5859375,,256.0,,0.5346001386642456,,0.0078125,,1830.887451171875,,,,,,,,,,,
5,73199,,18465.130859375,,0.00487913005053997,,16871.396484375,,0.53515625,,18465.130859375,,0.55078125,,0.46484375,,256.0,,0.5572675466537476,,0.0,,1593.735107421875,,,,,,,,,,,
5,73249,,66343.46875,,0.004679244942963123,,64378.078125,,0.50390625,,66343.46875,,0.60546875,,0.49609375,,256.0,,0.5489272475242615,,0.0078125,,1965.392578125,,,,,,,,,,,
5,73299,,18770.966796875,,0.004900509491562843,,17027.572265625,,0.48046875,,18770.966796875,,0.5546875,,0.51953125,,256.0,,0.5230421423912048,,0.0,,1743.395263671875,,,,,,,,,,,
5,73349,,63295.71875,,0.005035345442593098,,61138.57421875,,0.48046875,,63295.71875,,0.625,,0.51953125,,256.0,,0.5712850093841553,,0.0078125,,2157.14599609375,,,,,,,,,,,
5,73399,,56214.21875,,0.005018922965973616,,54387.41796875,,0.48046875,,56214.21875,,0.57421875,,0.51953125,,256.0,,0.5982534885406494,,0.00390625,,1826.802734375,,,,,,,,,,,
5,73449,,58159.07421875,,0.0050837192684412,,56242.19921875,,0.48046875,,58159.07421875,,0.59765625,,0.51953125,,256.0,,0.608494758605957,,0.00390625,,1916.873291015625,,,,,,,,,,,
5,73499,,93044.953125,,0.005088214762508869,,90881.296875,,0.5234375,,93044.953125,,0.6171875,,0.4765625,,256.0,,0.6111433506011963,,0.0078125,,2163.6591796875,,,,,,,,,,,
5,73549,,49868.0390625,,0.0046811290085315704,,48116.77734375,,0.55078125,,49868.0390625,,0.45703125,,0.44921875,,256.0,,0.4461836516857147,,0.00390625,,1751.263671875,,,,,,,,,,,
5,73599,,13161.3828125,,0.005077945068478584,,11488.2626953125,,0.48828125,,13161.3828125,,0.494140625,,0.51171875,,256.0,,0.4702877700328827,,0.0,,1673.12060546875,,,,,,,,,,,
5,73649,,44477.02734375,,0.004696899093687534,,42766.84765625,,0.4609375,,44477.02734375,,0.421875,,0.5390625,,256.0,,0.45040708780288696,,0.00390625,,1710.1815185546875,,,,,,,,,,,
5,73699,,17555.66015625,,0.004733948968350887,,15968.4912109375,,0.453125,,17555.66015625,,0.58984375,,0.546875,,256.0,,0.5784516930580139,,0.0,,1587.16845703125,,,,,,,,,,,
5,73749,,56960.86328125,,0.005009224638342857,,55119.03125,,0.51171875,,56960.86328125,,0.484375,,0.48828125,,256.0,,0.49499791860580444,,0.00390625,,1841.8326416015625,,,,,,,,,,,
5,73799,,90766.359375,,0.004887336865067482,,88632.078125,,0.51171875,,90766.359375,,0.53515625,,0.48828125,,256.0,,0.48333972692489624,,0.01171875,,2134.28271484375,,,,,,,,,,,
5,73849,,15829.58984375,,0.005301424767822027,,14025.2763671875,,0.484375,,15829.58984375,,0.4921875,,0.515625,,256.0,,0.45786166191101074,,0.0,,1804.31298828125,,,,,,,,,,,
5,73899,,54680.35546875,,0.0049551380798220634,,52712.890625,,0.5,,54680.35546875,,0.65234375,,0.5,,256.0,,0.6615566611289978,,0.0078125,,1967.4642333984375,,,,,,,,,,,
5,73949,,14387.056640625,,0.004722911864519119,,12849.2021484375,,0.53515625,,14387.056640625,,0.53125,,0.46484375,,256.0,,0.5726240873336792,,0.0,,1537.854736328125,,,,,,,,,,,
5,73999,,14187.3095703125,,0.004956495948135853,,12399.732421875,,0.45703125,,14187.3095703125,,0.52734375,,0.54296875,,256.0,,0.5721942186355591,,0.00390625,,1787.576904296875,,,,,,,,,,,
5,74049,,21588.349609375,,0.005025140009820461,,20038.47265625,,0.52734375,,21588.349609375,,0.73046875,,0.47265625,,256.0,,0.7294570803642273,,0.0,,1549.877197265625,,,,,,,,,,,
5,74099,,83558.4609375,,0.004509229212999344,,81504.1171875,,0.546875,,83558.4609375,,0.5703125,,0.453125,,256.0,,0.5407710075378418,,0.01171875,,2054.34619140625,,,,,,,,,,,
5,74149,,141334.8125,,0.0048299613408744335,,138862.609375,,0.4921875,,141334.8125,,0.52734375,,0.5078125,,256.0,,0.5214908123016357,,0.015625,,2472.209716796875,,,,,,,,,,,
5,74199,,16278.83203125,,0.004896039143204689,,14599.3369140625,,0.54296875,,16278.83203125,,0.4765625,,0.45703125,,256.0,,0.4533446729183197,,0.0,,1679.495361328125,,,,,,,,,,,
5,74249,,51606.44140625,,0.004619940184056759,,49146.4609375,,0.5390625,,51606.44140625,,0.66015625,,0.4609375,,256.0,,0.6208860278129578,,0.015625,,2459.980712890625,,,,,,,,,,,
5,74299,,61651.7578125,,0.004877464845776558,,59825.015625,,0.453125,,61651.7578125,,0.53125,,0.546875,,256.0,,0.47065433859825134,,0.00390625,,1826.7421875,,,,,,,,,,,
5,74349,,20877.90625,,0.005000484641641378,,19167.537109375,,0.46484375,,20877.90625,,0.431640625,,0.53515625,,256.0,,0.42036789655685425,,0.0,,1710.3701171875,,,,,,,,,,,
5,74399,,43535.88671875,,0.004838773049414158,,41738.05859375,,0.51171875,,43535.88671875,,0.59375,,0.48828125,,256.0,,0.529553234577179,,0.0078125,,1797.82958984375,,,,,,,,,,,
5,74449,,45135.44921875,,0.0052610402926802635,,43325.64453125,,0.54296875,,45135.44921875,,0.55078125,,0.45703125,,256.0,,0.5471993684768677,,0.00390625,,1809.8046875,,,,,,,,,,,
5,74499,,48859.6640625,,0.00466968072578311,,47097.2734375,,0.5234375,,48859.6640625,,0.56640625,,0.4765625,,256.0,,0.5442438125610352,,0.00390625,,1762.3924560546875,,,,,,,,,,,
5,74549,,14207.892578125,,0.005047856830060482,,12506.6884765625,,0.49609375,,14207.892578125,,0.6328125,,0.50390625,,256.0,,0.6499578952789307,,0.00390625,,1701.20458984375,,,,,,,,,,,
5,74599,,108316.9296875,,0.004730041138827801,,106072.03125,,0.53515625,,108316.9296875,,0.59765625,,0.46484375,,256.0,,0.538874626159668,,0.01171875,,2244.90087890625,,,,,,,,,,,
5,74649,,15274.7744140625,,0.004954792093485594,,13578.5439453125,,0.48046875,,15274.7744140625,,0.5546875,,0.51953125,,256.0,,0.5104500651359558,,0.00390625,,1696.230712890625,,,,,,,,,,,
5,74699,,59159.5859375,,0.0052288249135017395,,57218.015625,,0.515625,,59159.5859375,,0.76953125,,0.484375,,256.0,,0.7544957995414734,,0.0078125,,1941.56982421875,,,,,,,,,,,
5,74749,,15242.8857421875,,0.004890154581516981,,13609.7919921875,,0.46484375,,15242.8857421875,,0.494140625,,0.53515625,,256.0,,0.45958131551742554,,0.0,,1633.093994140625,,,,,,,,,,,
5,74799,,13351.9599609375,,0.004687177017331123,,11505.4072265625,,0.4609375,,13351.9599609375,,0.45703125,,0.5390625,,256.0,,0.4650559425354004,,0.00390625,,1846.552978515625,,,,,,,,,,,
5,74849,,71839.21875,,0.004614866804331541,,69929.546875,,0.49609375,,71839.21875,,0.58984375,,0.50390625,,256.0,,0.5097380876541138,,0.0078125,,1909.6685791015625,,,,,,,,,,,
5,74899,,55855.59765625,,0.004715870134532452,,54079.33984375,,0.4453125,,55855.59765625,,0.58203125,,0.5546875,,256.0,,0.5480490922927856,,0.00390625,,1776.25927734375,,,,,,,,,,,
5,74949,,56801.1328125,,0.004768922924995422,,54811.3515625,,0.5078125,,56801.1328125,,0.5859375,,0.4921875,,256.0,,0.5258626341819763,,0.0078125,,1989.7803955078125,,,,,,,,,,,
5,74999,,14910.8662109375,,0.004818088375031948,,13385.689453125,,0.4921875,,14910.8662109375,,0.54296875,,0.5078125,,256.0,,0.494722455739975,,0.0,,1525.177001953125,,,,,,,,,,,
5,75049,,18811.12890625,,0.004808589816093445,,16854.517578125,,0.5,,18811.12890625,,0.6328125,,0.5,,256.0,,0.5943102836608887,,0.00390625,,1956.61083984375,,,,,,,,,,,
5,75099,,15078.25,,0.004887470044195652,,13302.79296875,,0.45703125,,15078.25,,0.5625,,0.54296875,,256.0,,0.5280851125717163,,0.00390625,,1775.4566650390625,,,,,,,,,,,
5,75149,,11774.126953125,,0.004571382887661457,,10163.1181640625,,0.50390625,,11774.126953125,,0.5390625,,0.49609375,,256.0,,0.5423377752304077,,0.00390625,,1611.009033203125,,,,,,,,,,,
5,75199,,17184.5234375,,0.004564204253256321,,15201.673828125,,0.4921875,,17184.5234375,,0.609375,,0.5078125,,256.0,,0.5400245189666748,,0.00390625,,1982.849853515625,,,,,,,,,,,
5,75249,,105042.390625,,0.004890088923275471,,102573.25,,0.47265625,,105042.390625,,0.73046875,,0.52734375,,256.0,,0.7119765281677246,,0.01171875,,2469.1376953125,,,,,,,,,,,
5,75299,,18696.7890625,,0.004844294860959053,,17202.314453125,,0.45703125,,18696.7890625,,0.455078125,,0.54296875,,256.0,,0.47945722937583923,,0.0,,1494.4736328125,,,,,,,,,,,
5,75349,,40524.09765625,,0.004458877258002758,,38472.49609375,,0.4765625,,40524.09765625,,0.60546875,,0.5234375,,256.0,,0.5995858907699585,,0.0078125,,2051.602783203125,,,,,,,,,,,
5,75399,,149288.109375,,0.004442435689270496,,146923.0625,,0.4765625,,149288.109375,,0.625,,0.5234375,,256.0,,0.5855668783187866,,0.01171875,,2365.042724609375,,,,,,,,,,,
5,75449,,12940.6025390625,,0.005009921733289957,,10838.89453125,,0.48828125,,12940.6025390625,,0.453125,,0.51171875,,256.0,,0.4240347743034363,,0.01171875,,2101.707763671875,,,,,,,,,,,
5,75499,,97854.90625,,0.004838610999286175,,95457.6796875,,0.50390625,,97854.90625,,0.63671875,,0.49609375,,256.0,,0.6168009638786316,,0.01171875,,2397.22705078125,,,,,,,,,,,
5,75549,,18439.396484375,,0.004964856430888176,,16897.69140625,,0.46484375,,18439.396484375,,0.66796875,,0.53515625,,256.0,,0.6552146077156067,,0.0,,1541.7042236328125,,,,,,,,,,,
5,75599,,13182.470703125,,0.004632350988686085,,11384.6728515625,,0.4921875,,13182.470703125,,0.462890625,,0.5078125,,256.0,,0.4704894423484802,,0.00390625,,1797.7982177734375,,,,,,,,,,,
5,75649,,16146.0322265625,,0.004420106764882803,,14312.5517578125,,0.453125,,16146.0322265625,,0.54296875,,0.546875,,256.0,,0.5384864211082458,,0.0078125,,1833.4803466796875,,,,,,,,,,,
5,75699,,15702.69140625,,0.004944914020597935,,14119.853515625,,0.48046875,,15702.69140625,,0.63671875,,0.51953125,,256.0,,0.5698800086975098,,0.0,,1582.8377685546875,,,,,,,,,,,
5,75749,,13457.9892578125,,0.004496841225773096,,11485.4169921875,,0.453125,,13457.9892578125,,0.57421875,,0.546875,,256.0,,0.4839326739311218,,0.0078125,,1972.572021484375,,,,,,,,,,,
5,75799,,14628.5322265625,,0.005088209640234709,,13077.611328125,,0.48046875,,14628.5322265625,,0.60546875,,0.51953125,,256.0,,0.5800634026527405,,0.00390625,,1550.9208984375,,,,,,,,,,,
5,75849,,47976.2890625,,0.0047005899250507355,,46129.2109375,,0.5546875,,47976.2890625,,0.703125,,0.4453125,,256.0,,0.6471943855285645,,0.00390625,,1847.07958984375,,,,,,,,,,,
5,75899,,81756.671875,,0.0047282688319683075,,79638.515625,,0.45703125,,81756.671875,,0.625,,0.54296875,,256.0,,0.6383816003799438,,0.0078125,,2118.156494140625,,,,,,,,,,,
5,75949,,16407.109375,,0.0046958900056779385,,14535.0791015625,,0.5078125,,16407.109375,,0.53515625,,0.4921875,,256.0,,0.5282691717147827,,0.00390625,,1872.0301513671875,,,,,,,,,,,
5,75999,,71178.078125,,0.004696604795753956,,69267.1875,,0.51171875,,71178.078125,,0.64453125,,0.48828125,,256.0,,0.6440105438232422,,0.00390625,,1910.891845703125,,,,,,,,,,,
5,76049,,67023.8046875,,0.004682059399783611,,65289.4453125,,0.47265625,,67023.8046875,,0.400390625,,0.52734375,,256.0,,0.4329650402069092,,0.00390625,,1734.3623046875,,,,,,,,,,,
5,76099,,10139.7626953125,,0.004899153485894203,,8461.70703125,,0.4609375,,10139.7626953125,,0.55078125,,0.5390625,,256.0,,0.5395807027816772,,0.0,,1678.0556640625,,,,,,,,,,,
5,76149,,65847.3828125,,0.004659488331526518,,64067.1171875,,0.47265625,,65847.3828125,,0.46875,,0.52734375,,256.0,,0.4534015655517578,,0.00390625,,1780.26318359375,,,,,,,,,,,
5,76199,,14373.4111328125,,0.005166082642972469,,12781.3583984375,,0.4609375,,14373.4111328125,,0.73046875,,0.5390625,,256.0,,0.6925667524337769,,0.0,,1592.052978515625,,,,,,,,,,,
5,76249,,16314.740234375,,0.004878182429820299,,14587.455078125,,0.51171875,,16314.740234375,,0.63671875,,0.48828125,,256.0,,0.6327069997787476,,0.0,,1727.284912109375,,,,,,,,,,,
5,76299,,11601.658203125,,0.005001995712518692,,9941.8203125,,0.5,,11601.658203125,,0.6328125,,0.5,,256.0,,0.6104011535644531,,0.0,,1659.83740234375,,,,,,,,,,,
5,76349,,101900.546875,,0.004902353510260582,,99713.453125,,0.49609375,,101900.546875,,0.498046875,,0.50390625,,256.0,,0.44994351267814636,,0.0078125,,2187.0966796875,,,,,,,,,,,
5,76399,,44047.8203125,,0.005607609637081623,,42181.53515625,,0.53125,,44047.8203125,,0.462890625,,0.46875,,256.0,,0.47802838683128357,,0.0078125,,1866.286376953125,,,,,,,,,,,
5,76449,,65049.6484375,,0.0048540676943957806,,63378.8984375,,0.43359375,,65049.6484375,,0.447265625,,0.56640625,,256.0,,0.45678091049194336,,0.00390625,,1670.749755859375,,,,,,,,,,,
5,76499,,19444.4296875,,0.00504367146641016,,17703.8203125,,0.484375,,19444.4296875,,0.66015625,,0.515625,,256.0,,0.6208618879318237,,0.0,,1740.6092529296875,,,,,,,,,,,
5,76549,,79620.375,,0.005050589330494404,,77344.484375,,0.46875,,79620.375,,0.65625,,0.53125,,256.0,,0.616550624370575,,0.01171875,,2275.891357421875,,,,,,,,,,,
5,76599,,15698.306640625,,0.005084298551082611,,13759.013671875,,0.51953125,,15698.306640625,,0.64453125,,0.48046875,,256.0,,0.6029955148696899,,0.00390625,,1939.2933349609375,,,,,,,,,,,
5,76649,,54454.39453125,,0.004574846476316452,,52629.4140625,,0.515625,,54454.39453125,,0.50390625,,0.484375,,256.0,,0.474219411611557,,0.00390625,,1824.97998046875,,,,,,,,,,,
5,76699,,14468.29296875,,0.0052384003065526485,,12909.2041015625,,0.4765625,,14468.29296875,,0.70703125,,0.5234375,,256.0,,0.6388515830039978,,0.0,,1559.0889892578125,,,,,,,,,,,
5,76749,,38299.15625,,0.006179006304591894,,36544.8359375,,0.48828125,,38299.15625,,0.50390625,,0.51171875,,256.0,,0.48248064517974854,,0.0078125,,1754.318603515625,,,,,,,,,,,
5,76775,,,,,,,,,,,,,,,,,,,,,,,18510.103515625,0.004860734101384878,16867.943359375,0.4998077154159546,18510.103515625,0.5885291695594788,0.5001922845840454,255.98416137695312,0.608161449432373,0.0010014981962740421,1642.1236572265625
5,76775,42443.0078125,,0.004856467247009277,,40566.9375,,0.5000571012496948,,42443.0078125,,0.5829667448997498,,0.49994292855262756,,256.0,,0.5636504888534546,,0.005077575333416462,,1876.125,,,,,,,,,,,,
6,76799,,15663.0244140625,,0.00535998260602355,,13955.6513671875,,0.515625,,15663.0244140625,,0.6640625,,0.484375,,256.0,,0.676972508430481,,0.0,,1707.3734130859375,,,,,,,,,,,
6,76849,,11946.4736328125,,0.005106866359710693,,10243.3720703125,,0.5078125,,11946.4736328125,,0.578125,,0.4921875,,256.0,,0.5422550439834595,,0.00390625,,1703.101806640625,,,,,,,,,,,
6,76899,,12971.69921875,,0.004564078524708748,,11067.978515625,,0.44921875,,12971.69921875,,0.5703125,,0.55078125,,256.0,,0.4609057307243347,,0.00390625,,1903.72021484375,,,,,,,,,,,
6,76949,,98822.171875,,0.004748104605823755,,96105.734375,,0.4921875,,98822.171875,,0.76171875,,0.5078125,,256.0,,0.6975907683372498,,0.015625,,2716.4365234375,,,,,,,,,,,
6,76999,,15944.6162109375,,0.0047536324709653854,,14207.107421875,,0.5546875,,15944.6162109375,,0.6875,,0.4453125,,256.0,,0.6710054278373718,,0.00390625,,1737.5086669921875,,,,,,,,,,,
6,77049,,15495.865234375,,0.005015935283154249,,13933.869140625,,0.51171875,,15495.865234375,,0.58203125,,0.48828125,,256.0,,0.5854660272598267,,0.0,,1561.995849609375,,,,,,,,,,,
6,77099,,13887.9453125,,0.004555901512503624,,11791.0986328125,,0.46875,,13887.9453125,,0.69140625,,0.53125,,256.0,,0.6493324041366577,,0.0078125,,2096.8466796875,,,,,,,,,,,
6,77149,,13075.9921875,,0.0049559446051716805,,11396.8251953125,,0.46875,,13075.9921875,,0.5234375,,0.53125,,256.0,,0.5314950346946716,,0.0,,1679.16748046875,,,,,,,,,,,
6,77199,,12873.6083984375,,0.005593304987996817,,10916.587890625,,0.50390625,,12873.6083984375,,0.6328125,,0.49609375,,256.0,,0.6207029819488525,,0.00390625,,1957.0201416015625,,,,,,,,,,,
6,77249,,120457.96875,,0.004719797521829605,,118145.765625,,0.55078125,,120457.96875,,0.55078125,,0.44921875,,256.0,,0.5080388188362122,,0.01171875,,2312.206787109375,,,,,,,,,,,
6,77299,,54212.68359375,,0.004658811260014772,,52413.8203125,,0.48828125,,54212.68359375,,0.65625,,0.51171875,,256.0,,0.6144499778747559,,0.00390625,,1798.8614501953125,,,,,,,,,,,
6,77349,,11282.5771484375,,0.004781387746334076,,9672.08203125,,0.5234375,,11282.5771484375,,0.6484375,,0.4765625,,256.0,,0.6404893398284912,,0.0,,1610.4951171875,,,,,,,,,,,
6,77399,,15330.6953125,,0.006940800696611404,,13595.3125,,0.5234375,,15330.6953125,,0.6640625,,0.4765625,,256.0,,0.6233148574829102,,0.00390625,,1735.3828125,,,,,,,,,,,
6,77449,,54556.328125,,0.005059066228568554,,52654.99609375,,0.4921875,,54556.328125,,0.51953125,,0.5078125,,256.0,,0.543861448764801,,0.00390625,,1901.33056640625,,,,,,,,,,,
6,77499,,61271.078125,,0.004688310902565718,,59250.79296875,,0.453125,,61271.078125,,0.6171875,,0.546875,,256.0,,0.5918238162994385,,0.00390625,,2020.286376953125,,,,,,,,,,,
6,77549,,12571.9599609375,,0.00451683159917593,,11035.9423828125,,0.46875,,12571.9599609375,,0.640625,,0.53125,,256.0,,0.6184464693069458,,0.0,,1536.017333984375,,,,,,,,,,,
6,77599,,17265.65625,,0.004639394581317902,,15670.0380859375,,0.55078125,,17265.65625,,0.578125,,0.44921875,,256.0,,0.5991607308387756,,0.0,,1595.6187744140625,,,,,,,,,,,
6,77649,,53128.33203125,,0.005549815949052572,,51222.17578125,,0.5234375,,53128.33203125,,0.6796875,,0.4765625,,256.0,,0.6219177842140198,,0.00390625,,1906.1553955078125,,,,,,,,,,,
6,77699,,56694.5,,0.0045664627104997635,,54798.64453125,,0.45703125,,56694.5,,0.64453125,,0.54296875,,256.0,,0.6247419118881226,,0.0078125,,1895.857177734375,,,,,,,,,,,
6,77749,,18055.87109375,,0.005174683872610331,,16406.19140625,,0.5,,18055.87109375,,0.4921875,,0.5,,256.0,,0.51410311460495,,0.0,,1649.6793212890625,,,,,,,,,,,
6,77799,,54123.99609375,,0.005092634819447994,,52205.53515625,,0.52734375,,54123.99609375,,0.6171875,,0.47265625,,256.0,,0.5923724174499512,,0.0078125,,1918.46044921875,,,,,,,,,,,
6,77849,,14821.7138671875,,0.004922953434288502,,13108.990234375,,0.4765625,,14821.7138671875,,0.56640625,,0.5234375,,256.0,,0.5691473484039307,,0.00390625,,1712.723876953125,,,,,,,,,,,
6,77899,,63542.45703125,,0.004808854311704636,,61170.34765625,,0.5078125,,63542.45703125,,0.466796875,,0.4921875,,256.0,,0.47888845205307007,,0.01171875,,2372.1083984375,,,,,,,,,,,
6,77949,,109892.5,,0.005012029316276312,,107661.1015625,,0.51953125,,109892.5,,0.453125,,0.48046875,,256.0,,0.4740845561027527,,0.01953125,,2231.39794921875,,,,,,,,,,,
6,77999,,13439.0791015625,,0.004824185743927956,,11853.6083984375,,0.4765625,,13439.0791015625,,0.55859375,,0.5234375,,256.0,,0.5600854754447937,,0.0,,1585.470458984375,,,,,,,,,,,
6,78049,,19261.48046875,,0.004596111364662647,,17784.6640625,,0.45703125,,19261.48046875,,0.5859375,,0.54296875,,256.0,,0.5687364339828491,,0.0,,1476.8160400390625,,,,,,,,,,,
6,78099,,13965.845703125,,0.004763244651257992,,12448.8232421875,,0.4296875,,13965.845703125,,0.466796875,,0.5703125,,256.0,,0.4586549401283264,,0.00390625,,1517.022216796875,,,,,,,,,,,
6,78149,,81506.046875,,0.005136347375810146,,79403.171875,,0.53125,,81506.046875,,0.490234375,,0.46875,,256.0,,0.5298318266868591,,0.0078125,,2102.87744140625,,,,,,,,,,,
6,78199,,15503.4755859375,,0.0046041435562074184,,13754.125,,0.5625,,15503.4755859375,,0.53515625,,0.4375,,256.0,,0.5062829852104187,,0.00390625,,1749.350341796875,,,,,,,,,,,
6,78249,,51583.51171875,,0.004792083986103535,,49533.73828125,,0.50390625,,51583.51171875,,0.625,,0.49609375,,256.0,,0.581037700176239,,0.015625,,2049.77490234375,,,,,,,,,,,
6,78299,,61801.0546875,,0.00493424478918314,,59491.9609375,,0.51953125,,61801.0546875,,0.431640625,,0.48046875,,256.0,,0.4407666325569153,,0.01171875,,2309.09375,,,,,,,,,,,
6,78349,,51324.83203125,,0.004696170333772898,,49346.41015625,,0.54296875,,51324.83203125,,0.578125,,0.45703125,,256.0,,0.5786881446838379,,0.00390625,,1978.4208984375,,,,,,,,,,,
6,78399,,77288.6015625,,0.004614175297319889,,75403.4296875,,0.52734375,,77288.6015625,,0.63671875,,0.47265625,,256.0,,0.572596549987793,,0.0078125,,1885.1680908203125,,,,,,,,,,,
6,78449,,67374.59375,,0.005309445317834616,,65469.88671875,,0.46484375,,67374.59375,,0.423828125,,0.53515625,,256.0,,0.4024368226528168,,0.00390625,,1904.7099609375,,,,,,,,,,,
6,78499,,17617.140625,,0.004876072984188795,,16115.9931640625,,0.47265625,,17617.140625,,0.55859375,,0.52734375,,256.0,,0.5227630734443665,,0.0,,1501.1484375,,,,,,,,,,,
6,78549,,40016.46875,,0.004824598785489798,,38147.2265625,,0.484375,,40016.46875,,0.6015625,,0.515625,,256.0,,0.5601612329483032,,0.00390625,,1869.240966796875,,,,,,,,,,,
6,78599,,13905.10546875,,0.004499126225709915,,12394.0419921875,,0.484375,,13905.10546875,,0.625,,0.515625,,256.0,,0.5729279518127441,,0.0,,1511.0631103515625,,,,,,,,,,,
6,78649,,70848.796875,,0.004756631329655647,,68906.59375,,0.4765625,,70848.796875,,0.60546875,,0.5234375,,256.0,,0.5682999491691589,,0.01171875,,1942.2041015625,,,,,,,,,,,
6,78699,,103473.828125,,0.004626038484275341,,101303.515625,,0.5390625,,103473.828125,,0.5703125,,0.4609375,,256.0,,0.5520178079605103,,0.01171875,,2170.3154296875,,,,,,,,,,,
6,78749,,19338.96875,,0.005005676299333572,,17624.712890625,,0.4921875,,19338.96875,,0.546875,,0.5078125,,256.0,,0.6046731472015381,,0.0,,1714.2568359375,,,,,,,,,,,
6,78799,,58158.12890625,,0.0048711420968174934,,56375.3359375,,0.515625,,58158.12890625,,0.55859375,,0.484375,,256.0,,0.5468666553497314,,0.00390625,,1782.7939453125,,,,,,,,,,,
6,78849,,114486.2890625,,0.004522894509136677,,112252.875,,0.5,,114486.2890625,,0.486328125,,0.5,,256.0,,0.4503956437110901,,0.01171875,,2233.4150390625,,,,,,,,,,,
6,78899,,15539.5712890625,,0.0047387005761265755,,13919.0625,,0.48828125,,15539.5712890625,,0.54296875,,0.51171875,,256.0,,0.5160518884658813,,0.0,,1620.5089111328125,,,,,,,,,,,
6,78949,,53070.984375,,0.004827674478292465,,51108.39453125,,0.47265625,,53070.984375,,0.71484375,,0.52734375,,256.0,,0.7180980443954468,,0.00390625,,1962.5880126953125,,,,,,,,,,,
6,78999,,10578.53125,,0.0045424229465425014,,8986.3720703125,,0.48046875,,10578.53125,,0.58984375,,0.51953125,,256.0,,0.5803627967834473,,0.0,,1592.1590576171875,,,,,,,,,,,
6,79049,,15169.8193359375,,0.004840662702918053,,13688.8134765625,,0.5234375,,15169.8193359375,,0.5625,,0.4765625,,256.0,,0.5517578125,,0.0,,1481.005615234375,,,,,,,,,,,
6,79099,,44598.37109375,,0.004669615067541599,,42829.44140625,,0.546875,,44598.37109375,,0.498046875,,0.453125,,256.0,,0.5056993961334229,,0.00390625,,1768.9312744140625,,,,,,,,,,,
6,79149,,21313.365234375,,0.004560097586363554,,19429.572265625,,0.5078125,,21313.365234375,,0.482421875,,0.4921875,,256.0,,0.5194830894470215,,0.00390625,,1883.7923583984375,,,,,,,,,,,
6,79199,,15719.640625,,0.00461093382909894,,14179.23828125,,0.42578125,,15719.640625,,0.490234375,,0.57421875,,256.0,,0.4851280152797699,,0.0,,1540.40283203125,,,,,,,,,,,
6,79249,,61459.60546875,,0.004930196329951286,,59311.81640625,,0.5234375,,61459.60546875,,0.66015625,,0.4765625,,256.0,,0.6643556356430054,,0.0078125,,2147.7900390625,,,,,,,,,,,
6,79299,,20297.55859375,,0.005085399374365807,,18331.455078125,,0.5234375,,20297.55859375,,0.58984375,,0.4765625,,256.0,,0.5677520632743835,,0.0078125,,1966.1044921875,,,,,,,,,,,
6,79349,,148715.96875,,0.004582712892442942,,146389.890625,,0.515625,,148715.96875,,0.69921875,,0.484375,,256.0,,0.6619040369987488,,0.01171875,,2326.078857421875,,,,,,,,,,,
6,79399,,13314.974609375,,0.0051601966843008995,,11720.0498046875,,0.4921875,,13314.974609375,,0.494140625,,0.5078125,,256.0,,0.4867076575756073,,0.00390625,,1594.9246826171875,,,,,,,,,,,
6,79449,,116472.4375,,0.004491161555051804,,114303.5234375,,0.48828125,,116472.4375,,0.6015625,,0.51171875,,256.0,,0.5799105167388916,,0.01171875,,2168.9169921875,,,,,,,,,,,
6,79499,,44799.39453125,,0.004565419163554907,,42817.76171875,,0.546875,,44799.39453125,,0.62109375,,0.453125,,256.0,,0.5587120056152344,,0.0078125,,1981.63134765625,,,,,,,,,,,
6,79549,,20400.146484375,,0.00478941947221756,,18664.666015625,,0.52734375,,20400.146484375,,0.74609375,,0.47265625,,256.0,,0.7408967018127441,,0.0,,1735.48046875,,,,,,,,,,,
6,79599,,17386.04296875,,0.004847768694162369,,15442.5771484375,,0.515625,,17386.04296875,,0.59765625,,0.484375,,256.0,,0.6300543546676636,,0.0078125,,1943.4654541015625,,,,,,,,,,,
6,79649,,51461.53125,,0.0045373812317848206,,49614.7421875,,0.4375,,51461.53125,,0.4453125,,0.5625,,256.0,,0.4514945447444916,,0.00390625,,1846.789306640625,,,,,,,,,,,
6,79699,,103172.9140625,,0.005050355102866888,,100950.0703125,,0.484375,,103172.9140625,,0.59765625,,0.515625,,256.0,,0.5229402780532837,,0.0078125,,2222.84033203125,,,,,,,,,,,
6,79749,,17263.126953125,,0.005103298928588629,,15538.8515625,,0.5234375,,17263.126953125,,0.57421875,,0.4765625,,256.0,,0.5533661842346191,,0.0,,1724.276123046875,,,,,,,,,,,
6,79799,,97784.9140625,,0.00465801078826189,,95633.859375,,0.44921875,,97784.9140625,,0.48828125,,0.55078125,,256.0,,0.4430781304836273,,0.01171875,,2151.05322265625,,,,,,,,,,,
6,79849,,13356.7255859375,,0.004796329420059919,,11767.873046875,,0.5078125,,13356.7255859375,,0.60546875,,0.4921875,,256.0,,0.5431661605834961,,0.0,,1588.852783203125,,,,,,,,,,,
6,79899,,15118.40234375,,0.00505180936306715,,13457.564453125,,0.50390625,,15118.40234375,,0.48828125,,0.49609375,,256.0,,0.5364376306533813,,0.0,,1660.837890625,,,,,,,,,,,
6,79949,,12442.388671875,,0.004529223777353764,,10824.3291015625,,0.4453125,,12442.388671875,,0.66015625,,0.5546875,,256.0,,0.6004152297973633,,0.00390625,,1618.0594482421875,,,,,,,,,,,
6,79999,,106492.59375,,0.004559376742690802,,104329.0703125,,0.51953125,,106492.59375,,0.6328125,,0.48046875,,256.0,,0.5938829183578491,,0.015625,,2163.52197265625,,,,,,,,,,,
6,80049,,78733.015625,,0.004971186630427837,,76807.4453125,,0.49609375,,78733.015625,,0.53125,,0.50390625,,256.0,,0.4974502921104431,,0.0078125,,1925.57421875,,,,,,,,,,,
6,80099,,15602.5048828125,,0.004568891134113073,,13977.3154296875,,0.46484375,,15602.5048828125,,0.6875,,0.53515625,,256.0,,0.6623002290725708,,0.00390625,,1625.1890869140625,,,,,,,,,,,
6,80149,,11214.333984375,,0.005587545223534107,,9553.2841796875,,0.46875,,11214.333984375,,0.482421875,,0.53125,,256.0,,0.46850845217704773,,0.0,,1661.04931640625,,,,,,,,,,,
6,80199,,58525.00390625,,0.004691999405622482,,56534.1171875,,0.4921875,,58525.00390625,,0.5859375,,0.5078125,,256.0,,0.6080339550971985,,0.01171875,,1990.885009765625,,,,,,,,,,,
6,80249,,13975.7646484375,,0.004742211662232876,,12312.728515625,,0.5078125,,13975.7646484375,,0.73046875,,0.4921875,,256.0,,0.6647035479545593,,0.0,,1663.035888671875,,,,,,,,,,,
6,80299,,12020.5205078125,,0.004972386639565229,,10345.6259765625,,0.46875,,12020.5205078125,,0.61328125,,0.53125,,256.0,,0.6215925216674805,,0.00390625,,1674.89453125,,,,,,,,,,,
6,80349,,79988.2109375,,0.005844508297741413,,77870.7890625,,0.5078125,,79988.2109375,,0.6796875,,0.4921875,,256.0,,0.6764751672744751,,0.0078125,,2117.4208984375,,,,,,,,,,,
6,80399,,64528.75,,0.004497800022363663,,62508.41796875,,0.515625,,64528.75,,0.5703125,,0.484375,,256.0,,0.5549331903457642,,0.00390625,,2020.333984375,,,,,,,,,,,
6,80449,,91960.03125,,0.004853836260735989,,89863.0390625,,0.484375,,91960.03125,,0.59375,,0.515625,,256.0,,0.5387856960296631,,0.01171875,,2096.99169921875,,,,,,,,,,,
6,80499,,135464.421875,,0.004896953236311674,,133058.515625,,0.46484375,,135464.421875,,0.6796875,,0.53515625,,256.0,,0.6011075973510742,,0.015625,,2405.907470703125,,,,,,,,,,,
6,80549,,69213.5078125,,0.0048034824430942535,,67269.8828125,,0.44140625,,69213.5078125,,0.5546875,,0.55859375,,256.0,,0.5504085421562195,,0.00390625,,1943.628662109375,,,,,,,,,,,
6,80599,,15330.9013671875,,0.005847569555044174,,13680.0703125,,0.48046875,,15330.9013671875,,0.5703125,,0.51953125,,256.0,,0.5973916053771973,,0.0,,1650.8314208984375,,,,,,,,,,,
6,80649,,100024.53125,,0.005047104321420193,,97896.5390625,,0.4765625,,100024.53125,,0.58203125,,0.5234375,,256.0,,0.6116691827774048,,0.0078125,,2127.9951171875,,,,,,,,,,,
6,80699,,55238.95703125,,0.004697504919022322,,53380.7734375,,0.43359375,,55238.95703125,,0.65234375,,0.56640625,,256.0,,0.6470119953155518,,0.00390625,,1858.181884765625,,,,,,,,,,,
6,80749,,63249.453125,,0.004831222351640463,,61131.73046875,,0.52734375,,63249.453125,,0.578125,,0.47265625,,256.0,,0.5913780927658081,,0.0078125,,2117.72216796875,,,,,,,,,,,
6,80799,,14629.466796875,,0.004442432429641485,,12897.82421875,,0.4609375,,14629.466796875,,0.66015625,,0.5390625,,256.0,,0.5970245599746704,,0.00390625,,1731.6424560546875,,,,,,,,,,,
6,80849,,15119.171875,,0.005193094722926617,,13325.111328125,,0.5078125,,15119.171875,,0.61328125,,0.4921875,,256.0,,0.5760259628295898,,0.00390625,,1794.06005859375,,,,,,,,,,,
6,80899,,47102.76953125,,0.004805303644388914,,45263.71875,,0.54296875,,47102.76953125,,0.62109375,,0.45703125,,256.0,,0.5838462710380554,,0.00390625,,1839.0504150390625,,,,,,,,,,,
6,80949,,12862.94921875,,0.004927337169647217,,11055.5595703125,,0.51171875,,12862.94921875,,0.609375,,0.48828125,,256.0,,0.5792176723480225,,0.00390625,,1807.38916015625,,,,,,,,,,,
6,80999,,12898.1708984375,,0.004830304067581892,,11167.158203125,,0.5,,12898.1708984375,,0.546875,,0.5,,256.0,,0.5272839069366455,,0.0078125,,1731.012451171875,,,,,,,,,,,
6,81049,,14069.6396484375,,0.00470535084605217,,12115.138671875,,0.4921875,,14069.6396484375,,0.486328125,,0.5078125,,256.0,,0.5089125037193298,,0.0078125,,1954.5009765625,,,,,,,,,,,
6,81099,,13083.890625,,0.0046946885995566845,,11512.9375,,0.515625,,13083.890625,,0.490234375,,0.484375,,256.0,,0.47744494676589966,,0.0,,1570.953369140625,,,,,,,,,,,
6,81149,,14661.91015625,,0.0049714501947164536,,13009.197265625,,0.5390625,,14661.91015625,,0.6328125,,0.4609375,,256.0,,0.6225557327270508,,0.00390625,,1652.712646484375,,,,,,,,,,,
6,81199,,14381.359375,,0.0051234206184744835,,12914.4755859375,,0.546875,,14381.359375,,0.54296875,,0.453125,,256.0,,0.5159527659416199,,0.0,,1466.88427734375,,,,,,,,,,,
6,81249,,20587.572265625,,0.004703613929450512,,18927.48828125,,0.48828125,,20587.572265625,,0.62890625,,0.51171875,,256.0,,0.5465869307518005,,0.0,,1660.0843505859375,,,,,,,,,,,
6,81299,,52970.71484375,,0.004665897227823734,,51020.203125,,0.49609375,,52970.71484375,,0.671875,,0.50390625,,256.0,,0.6472311019897461,,0.0078125,,1950.51123046875,,,,,,,,,,,
6,81349,,14737.9404296875,,0.004661069251596928,,13157.12109375,,0.4765625,,14737.9404296875,,0.5390625,,0.5234375,,256.0,,0.509945273399353,,0.0,,1580.819091796875,,,,,,,,,,,
6,81399,,56532.21875,,0.0044857654720544815,,54747.37109375,,0.4765625,,56532.21875,,0.61328125,,0.5234375,,256.0,,0.5641036033630371,,0.0078125,,1784.84619140625,,,,,,,,,,,
6,81449,,15505.5732421875,,0.004736403934657574,,13790.4375,,0.5,,15505.5732421875,,0.53125,,0.5,,256.0,,0.5401579141616821,,0.0,,1715.1357421875,,,,,,,,,,,
6,81499,,54044.671875,,0.005139102227985859,,52295.2109375,,0.4765625,,54044.671875,,0.55078125,,0.5234375,,256.0,,0.5392367839813232,,0.00390625,,1749.4617919921875,,,,,,,,,,,
6,81549,,16628.498046875,,0.0048929257318377495,,15032.9375,,0.50390625,,16628.498046875,,0.5703125,,0.49609375,,256.0,,0.5816453695297241,,0.0,,1595.560791015625,,,,,,,,,,,
6,81599,,10930.94140625,,0.00559969013556838,,9404.16796875,,0.48828125,,10930.94140625,,0.5703125,,0.51171875,,256.0,,0.5569775104522705,,0.0,,1526.7733154296875,,,,,,,,,,,
6,81649,,43135.9765625,,0.004679667763411999,,41374.3671875,,0.5546875,,43135.9765625,,0.73828125,,0.4453125,,256.0,,0.6856863498687744,,0.00390625,,1761.608642578125,,,,,,,,,,,
6,81699,,18648.88671875,,0.004672378301620483,,16760.07421875,,0.4453125,,18648.88671875,,0.57421875,,0.5546875,,256.0,,0.598018229007721,,0.01171875,,1888.811767578125,,,,,,,,,,,
6,81749,,12249.14453125,,0.0044881440699100494,,10707.8173828125,,0.4375,,12249.14453125,,0.67578125,,0.5625,,256.0,,0.6299707889556885,,0.0,,1541.32763671875,,,,,,,,,,,
6,81799,,43612.3046875,,0.004653876647353172,,41799.66796875,,0.51171875,,43612.3046875,,0.65234375,,0.48828125,,256.0,,0.6163676977157593,,0.00390625,,1812.638427734375,,,,,,,,,,,
6,81849,,179195.265625,,0.0050246561877429485,,176625.234375,,0.50390625,,179195.265625,,0.447265625,,0.49609375,,256.0,,0.43247562646865845,,0.01171875,,2570.02587890625,,,,,,,,,,,
6,81899,,12251.86328125,,0.004557217471301556,,10681.521484375,,0.52734375,,12251.86328125,,0.6015625,,0.47265625,,256.0,,0.5619969367980957,,0.0,,1570.34228515625,,,,,,,,,,,
6,81949,,18619.08203125,,0.00500069372355938,,16780.576171875,,0.43359375,,18619.08203125,,0.4609375,,0.56640625,,256.0,,0.4336763322353363,,0.0,,1838.50634765625,,,,,,,,,,,
6,81999,,96110.0,,0.005171141587197781,,94038.2109375,,0.45703125,,96110.0,,0.44140625,,0.54296875,,256.0,,0.45688337087631226,,0.0078125,,2071.78857421875,,,,,,,,,,,
6,82049,,14579.5458984375,,0.004944594576954842,,12748.2451171875,,0.515625,,14579.5458984375,,0.435546875,,0.484375,,256.0,,0.4423186182975769,,0.00390625,,1831.300537109375,,,,,,,,,,,
6,82099,,51018.0078125,,0.004607559647411108,,49187.14453125,,0.46875,,51018.0078125,,0.6171875,,0.53125,,256.0,,0.6177498698234558,,0.0078125,,1830.861572265625,,,,,,,,,,,
6,82149,,59735.265625,,0.004913236014544964,,57862.30078125,,0.484375,,59735.265625,,0.5,,0.515625,,256.0,,0.4808211028575897,,0.00390625,,1872.96630859375,,,,,,,,,,,
6,82199,,13560.05078125,,0.0047933561727404594,,11926.9462890625,,0.5625,,13560.05078125,,0.58984375,,0.4375,,256.0,,0.5491690635681152,,0.0,,1633.10498046875,,,,,,,,,,,
6,82249,,82805.171875,,0.0048714615404605865,,80734.3515625,,0.4453125,,82805.171875,,0.578125,,0.5546875,,256.0,,0.5878485441207886,,0.01171875,,2070.816650390625,,,,,,,,,,,
6,82299,,63583.609375,,0.004641151987016201,,61794.58203125,,0.46875,,63583.609375,,0.376953125,,0.53125,,256.0,,0.37804898619651794,,0.00390625,,1789.0283203125,,,,,,,,,,,
6,82349,,12081.634765625,,0.004266891162842512,,10431.3623046875,,0.48828125,,12081.634765625,,0.478515625,,0.51171875,,256.0,,0.4795534610748291,,0.00390625,,1650.2724609375,,,,,,,,,,,
6,82399,,13908.0224609375,,0.004690259695053101,,12105.728515625,,0.5,,13908.0224609375,,0.62890625,,0.5,,256.0,,0.6244142055511475,,0.0078125,,1802.2939453125,,,,,,,,,,,
6,82449,,53792.23046875,,0.004949863068759441,,51996.0625,,0.51171875,,53792.23046875,,0.53515625,,0.48828125,,256.0,,0.5312385559082031,,0.00390625,,1796.1676025390625,,,,,,,,,,,
6,82499,,15806.26171875,,0.0049747806042432785,,14130.2666015625,,0.5,,15806.26171875,,0.54296875,,0.5,,256.0,,0.5642293691635132,,0.0,,1675.995361328125,,,,,,,,,,,
6,82549,,164977.796875,,0.004534014500677586,,162396.265625,,0.50390625,,164977.796875,,0.5390625,,0.49609375,,256.0,,0.5361049175262451,,0.01953125,,2581.528076171875,,,,,,,,,,,
6,82599,,99338.921875,,0.00486832857131958,,97392.765625,,0.4609375,,99338.921875,,0.5390625,,0.5390625,,256.0,,0.5273765921592712,,0.0078125,,1946.1578369140625,,,,,,,,,,,
6,82649,,14973.5615234375,,0.004551957361400127,,13147.001953125,,0.5,,14973.5615234375,,0.59375,,0.5,,256.0,,0.5892326831817627,,0.00390625,,1826.559326171875,,,,,,,,,,,
6,82699,,53103.3828125,,0.004725099541246891,,51303.21875,,0.4921875,,53103.3828125,,0.5546875,,0.5078125,,256.0,,0.5617765188217163,,0.00390625,,1800.16455078125,,,,,,,,,,,
6,82749,,15967.6103515625,,0.005175941623747349,,14349.162109375,,0.50390625,,15967.6103515625,,0.5625,,0.49609375,,256.0,,0.5174636244773865,,0.0,,1618.4482421875,,,,,,,,,,,
6,82799,,16111.3095703125,,0.004650376737117767,,14651.4677734375,,0.5234375,,16111.3095703125,,0.43359375,,0.4765625,,256.0,,0.4397711753845215,,0.0,,1459.841796875,,,,,,,,,,,
6,82849,,101047.328125,,0.004744905978441238,,98740.671875,,0.5,,101047.328125,,0.421875,,0.5,,256.0,,0.41157791018486023,,0.01171875,,2306.654296875,,,,,,,,,,,
6,82899,,11384.10546875,,0.0048340014182031155,,9684.1220703125,,0.50390625,,11384.10546875,,0.578125,,0.49609375,,256.0,,0.6337261199951172,,0.0,,1699.98291015625,,,,,,,,,,,
6,82949,,50460.421875,,0.0046153985895216465,,48574.59375,,0.51171875,,50460.421875,,0.42578125,,0.48828125,,256.0,,0.42960667610168457,,0.00390625,,1885.8275146484375,,,,,,,,,,,
6,82999,,43067.16796875,,0.004729125648736954,,41221.2578125,,0.5546875,,43067.16796875,,0.486328125,,0.4453125,,256.0,,0.45652008056640625,,0.00390625,,1845.911865234375,,,,,,,,,,,
6,83049,,12972.9443359375,,0.004593582358211279,,11152.7880859375,,0.51171875,,12972.9443359375,,0.5859375,,0.48828125,,256.0,,0.5937574505805969,,0.00390625,,1820.1558837890625,,,,,,,,,,,
6,83099,,13948.7744140625,,0.004627756308764219,,12189.76171875,,0.546875,,13948.7744140625,,0.494140625,,0.453125,,256.0,,0.485064834356308,,0.00390625,,1759.0128173828125,,,,,,,,,,,
6,83149,,15832.8271484375,,0.00531527167186141,,14209.58203125,,0.46875,,15832.8271484375,,0.419921875,,0.53125,,256.0,,0.4243294894695282,,0.0,,1623.2451171875,,,,,,,,,,,
6,83199,,12083.9677734375,,0.00473830895498395,,10564.658203125,,0.53515625,,12083.9677734375,,0.640625,,0.46484375,,256.0,,0.5765497088432312,,0.0,,1519.3095703125,,,,,,,,,,,
6,83249,,14415.3359375,,0.0048808446153998375,,12775.23046875,,0.51953125,,14415.3359375,,0.515625,,0.48046875,,256.0,,0.5073579549789429,,0.00390625,,1640.10546875,,,,,,,,,,,
6,83299,,36727.15625,,0.004944603890180588,,34974.28515625,,0.515625,,36727.15625,,0.64453125,,0.484375,,256.0,,0.660224437713623,,0.0078125,,1752.869140625,,,,,,,,,,,
6,83349,,57114.83203125,,0.004585452377796173,,55271.1171875,,0.515625,,57114.83203125,,0.50390625,,0.484375,,256.0,,0.5457317233085632,,0.00390625,,1843.71435546875,,,,,,,,,,,
6,83399,,82964.8046875,,0.004680153913795948,,80918.8125,,0.46875,,82964.8046875,,0.578125,,0.53125,,256.0,,0.6192693710327148,,0.0078125,,2045.989501953125,,,,,,,,,,,
6,83449,,64328.96875,,0.0048012020997703075,,62478.78515625,,0.51953125,,64328.96875,,0.474609375,,0.48046875,,256.0,,0.4629950523376465,,0.00390625,,1850.1834716796875,,,,,,,,,,,
6,83499,,53929.82421875,,0.004959973506629467,,51774.82421875,,0.51953125,,53929.82421875,,0.33203125,,0.48046875,,256.0,,0.3312986195087433,,0.0078125,,2154.99951171875,,,,,,,,,,,
6,83549,,17782.31640625,,0.004690226167440414,,16158.4619140625,,0.51171875,,17782.31640625,,0.57421875,,0.48828125,,256.0,,0.5340515375137329,,0.0,,1623.853759765625,,,,,,,,,,,
6,83599,,17140.396484375,,0.004886860027909279,,15404.4609375,,0.5078125,,17140.396484375,,0.62890625,,0.4921875,,256.0,,0.6098600625991821,,0.00390625,,1735.935791015625,,,,,,,,,,,
6,83649,,13335.8232421875,,0.005255899392068386,,11818.1259765625,,0.53515625,,13335.8232421875,,0.5546875,,0.46484375,,256.0,,0.551682710647583,,0.0,,1517.697265625,,,,,,,,,,,
6,83699,,16005.72265625,,0.004623629152774811,,14294.9892578125,,0.52734375,,16005.72265625,,0.376953125,,0.47265625,,256.0,,0.3814682960510254,,0.00390625,,1710.733154296875,,,,,,,,,,,
6,83749,,76221.5078125,,0.004990848712623119,,73980.7734375,,0.484375,,76221.5078125,,0.462890625,,0.515625,,256.0,,0.4197722375392914,,0.0078125,,2240.7314453125,,,,,,,,,,,
6,83799,,66379.8359375,,0.004728865809738636,,64530.859375,,0.45703125,,66379.8359375,,0.546875,,0.54296875,,256.0,,0.49789077043533325,,0.00390625,,1848.972900390625,,,,,,,,,,,
6,83849,,12994.5400390625,,0.004734985064715147,,10878.1455078125,,0.48046875,,12994.5400390625,,0.61328125,,0.51953125,,256.0,,0.6130968332290649,,0.0078125,,2116.394287109375,,,,,,,,,,,
6,83899,,13106.728515625,,0.004779144190251827,,11196.6796875,,0.5390625,,13106.728515625,,0.5703125,,0.4609375,,256.0,,0.5413339734077454,,0.0078125,,1910.048828125,,,,,,,,,,,
6,83949,,20104.072265625,,0.004451299086213112,,18473.78515625,,0.5078125,,20104.072265625,,0.4921875,,0.4921875,,256.0,,0.48918116092681885,,0.0,,1630.28759765625,,,,,,,,,,,
6,83999,,84316.875,,0.005418288521468639,,82162.046875,,0.5,,84316.875,,0.474609375,,0.5,,256.0,,0.46441373229026794,,0.0078125,,2154.82568359375,,,,,,,,,,,
6,84049,,102819.15625,,0.004571831785142422,,100600.5703125,,0.51953125,,102819.15625,,0.55859375,,0.48046875,,256.0,,0.5156421065330505,,0.01171875,,2218.58642578125,,,,,,,,,,,
6,84099,,54048.890625,,0.004577277228236198,,51881.0546875,,0.51171875,,54048.890625,,0.609375,,0.48828125,,256.0,,0.5914842486381531,,0.015625,,2167.833984375,,,,,,,,,,,
6,84149,,14177.875,,0.0051706405356526375,,12418.509765625,,0.4765625,,14177.875,,0.52734375,,0.5234375,,256.0,,0.5207674503326416,,0.0,,1759.3653564453125,,,,,,,,,,,
6,84199,,94690.640625,,0.005022834055125713,,92488.3359375,,0.51953125,,94690.640625,,0.5546875,,0.48046875,,256.0,,0.5651730298995972,,0.0078125,,2202.305419921875,,,,,,,,,,,
6,84249,,53762.484375,,0.004562645219266415,,51960.48828125,,0.515625,,53762.484375,,0.59765625,,0.484375,,256.0,,0.5834304690361023,,0.00390625,,1801.996337890625,,,,,,,,,,,
6,84299,,13671.0966796875,,0.005028390791267157,,11576.5146484375,,0.5,,13671.0966796875,,0.59375,,0.5,,256.0,,0.5806166529655457,,0.00390625,,2094.58203125,,,,,,,,,,,
6,84349,,12811.9287109375,,0.004962840583175421,,11219.3681640625,,0.515625,,12811.9287109375,,0.4453125,,0.484375,,256.0,,0.45088326930999756,,0.0,,1592.560791015625,,,,,,,,,,,
6,84399,,17572.67578125,,0.004651818424463272,,16009.306640625,,0.48828125,,17572.67578125,,0.68359375,,0.51171875,,256.0,,0.6287837028503418,,0.0,,1563.368896484375,,,,,,,,,,,
6,84449,,16207.1162109375,,0.004749460145831108,,14645.8408203125,,0.546875,,16207.1162109375,,0.62890625,,0.453125,,256.0,,0.6129177808761597,,0.0,,1561.275390625,,,,,,,,,,,
6,84499,,13666.943359375,,0.004828566685318947,,11915.7822265625,,0.47265625,,13666.943359375,,0.40625,,0.52734375,,256.0,,0.42254137992858887,,0.00390625,,1751.1614990234375,,,,,,,,,,,
6,84549,,14375.291015625,,0.004762136377394199,,12830.2841796875,,0.484375,,14375.291015625,,0.55078125,,0.515625,,256.0,,0.5289061069488525,,0.0,,1545.0069580078125,,,,,,,,,,,
6,84599,,18762.443359375,,0.004820086061954498,,17155.62890625,,0.52734375,,18762.443359375,,0.392578125,,0.47265625,,256.0,,0.416329562664032,,0.0,,1606.8135986328125,,,,,,,,,,,
6,84649,,111799.640625,,0.005111226346343756,,109255.1015625,,0.55859375,,111799.640625,,0.54296875,,0.44140625,,256.0,,0.4810261130332947,,0.01953125,,2544.542236328125,,,,,,,,,,,
6,84699,,57858.0859375,,0.005000540986657143,,56022.45703125,,0.4921875,,57858.0859375,,0.484375,,0.5078125,,256.0,,0.4892708659172058,,0.00390625,,1835.62841796875,,,,,,,,,,,
6,84749,,15503.330078125,,0.004492731764912605,,13938.904296875,,0.48046875,,15503.330078125,,0.49609375,,0.51953125,,256.0,,0.4666266143321991,,0.0,,1564.42578125,,,,,,,,,,,
6,84799,,13663.66015625,,0.0049731433391571045,,11945.58984375,,0.4921875,,13663.66015625,,0.64453125,,0.5078125,,256.0,,0.5805497169494629,,0.00390625,,1718.0703125,,,,,,,,,,,
6,84849,,66214.34375,,0.004739413969218731,,63916.0234375,,0.51953125,,66214.34375,,0.62109375,,0.48046875,,256.0,,0.5525869131088257,,0.01171875,,2298.32080078125,,,,,,,,,,,
6,84899,,57806.84375,,0.004832074977457523,,55894.6875,,0.48046875,,57806.84375,,0.5390625,,0.51953125,,256.0,,0.5288054943084717,,0.0078125,,1912.155517578125,,,,,,,,,,,
6,84949,,48092.4453125,,0.004664910025894642,,46249.2578125,,0.4765625,,48092.4453125,,0.31640625,,0.5234375,,256.0,,0.3248361647129059,,0.00390625,,1843.1875,,,,,,,,,,,
6,84999,,12968.5595703125,,0.00452012475579977,,11555.548828125,,0.51953125,,12968.5595703125,,0.5859375,,0.48046875,,256.0,,0.5596113204956055,,0.0,,1413.0111083984375,,,,,,,,,,,
6,85049,,10700.5634765625,,0.005042362026870251,,8621.720703125,,0.4453125,,10700.5634765625,,0.61328125,,0.5546875,,256.0,,0.6073805689811707,,0.01171875,,2078.8427734375,,,,,,,,,,,
6,85099,,48328.46484375,,0.004473177250474691,,46701.3515625,,0.49609375,,48328.46484375,,0.41796875,,0.50390625,,256.0,,0.423600971698761,,0.00390625,,1627.11376953125,,,,,,,,,,,
6,85149,,21899.78125,,0.005141071975231171,,20139.904296875,,0.54296875,,21899.78125,,0.5390625,,0.45703125,,256.0,,0.5500142574310303,,0.0,,1759.8759765625,,,,,,,,,,,
6,85199,,10760.8388671875,,0.004721829202026129,,9155.8251953125,,0.41015625,,10760.8388671875,,0.345703125,,0.58984375,,256.0,,0.36249709129333496,,0.0,,1605.013427734375,,,,,,,,,,,
6,85249,,51141.6015625,,0.004780225921422243,,49388.66015625,,0.4765625,,51141.6015625,,0.470703125,,0.5234375,,256.0,,0.44811099767684937,,0.00390625,,1752.940673828125,,,,,,,,,,,
6,85299,,11688.904296875,,0.004894951358437538,,10073.25,,0.47265625,,11688.904296875,,0.5703125,,0.52734375,,256.0,,0.5215507745742798,,0.0,,1615.65380859375,,,,,,,,,,,
6,85349,,52862.8203125,,0.004967383109033108,,50634.1640625,,0.5078125,,52862.8203125,,0.4140625,,0.4921875,,256.0,,0.3892911672592163,,0.01171875,,2228.65771484375,,,,,,,,,,,
6,85399,,15834.4765625,,0.005139981396496296,,14214.4462890625,,0.4765625,,15834.4765625,,0.5546875,,0.5234375,,256.0,,0.5287832617759705,,0.0,,1620.0301513671875,,,,,,,,,,,
6,85449,,17800.37890625,,0.00450655585154891,,16134.6220703125,,0.49609375,,17800.37890625,,0.5625,,0.50390625,,256.0,,0.535521924495697,,0.00390625,,1665.757568359375,,,,,,,,,,,
6,85499,,80656.515625,,0.004677733406424522,,78655.3515625,,0.51953125,,80656.515625,,0.482421875,,0.48046875,,256.0,,0.4867393970489502,,0.01171875,,2001.162109375,,,,,,,,,,,
6,85549,,14804.005859375,,0.004688320215791464,,13085.1259765625,,0.51953125,,14804.005859375,,0.62890625,,0.48046875,,256.0,,0.5808603167533875,,0.00390625,,1718.879638671875,,,,,,,,,,,
6,85599,,69286.5625,,0.004191331099718809,,67244.8046875,,0.546875,,69286.5625,,0.388671875,,0.453125,,256.0,,0.40136241912841797,,0.01171875,,2041.758056640625,,,,,,,,,,,
6,85649,,11085.51953125,,0.0051093935035169125,,9515.5107421875,,0.5234375,,11085.51953125,,0.435546875,,0.4765625,,256.0,,0.4118503928184509,,0.0,,1570.00830078125,,,,,,,,,,,
6,85699,,18458.083984375,,0.004898484796285629,,16869.369140625,,0.47265625,,18458.083984375,,0.59375,,0.52734375,,256.0,,0.5601037740707397,,0.0,,1588.715087890625,,,,,,,,,,,
6,85749,,45687.1796875,,0.0048054843209683895,,43967.0859375,,0.46484375,,45687.1796875,,0.46875,,0.53515625,,256.0,,0.4568009376525879,,0.00390625,,1720.093994140625,,,,,,,,,,,
6,85799,,157538.796875,,0.004661119543015957,,155006.390625,,0.5234375,,157538.796875,,0.462890625,,0.4765625,,256.0,,0.46608078479766846,,0.01171875,,2532.40966796875,,,,,,,,,,,
6,85849,,10362.8125,,0.004632577300071716,,8846.1767578125,,0.50390625,,10362.8125,,0.5390625,,0.49609375,,256.0,,0.5065426230430603,,0.0,,1516.6353759765625,,,,,,,,,,,
6,85899,,11130.6962890625,,0.004764707293361425,,9577.216796875,,0.51953125,,11130.6962890625,,0.48046875,,0.48046875,,256.0,,0.48353394865989685,,0.0,,1553.4798583984375,,,,,,,,,,,
6,85949,,11459.0947265625,,0.004959870129823685,,9956.0068359375,,0.4453125,,11459.0947265625,,0.453125,,0.5546875,,256.0,,0.4014670252799988,,0.0,,1503.087646484375,,,,,,,,,,,
6,85999,,13461.98828125,,0.004744610749185085,,11952.3837890625,,0.484375,,13461.98828125,,0.67578125,,0.515625,,256.0,,0.6300092935562134,,0.0,,1509.604248046875,,,,,,,,,,,
6,86049,,57319.8828125,,0.004655999597162008,,55471.76953125,,0.4453125,,57319.8828125,,0.71875,,0.5546875,,256.0,,0.6296030282974243,,0.00390625,,1848.11181640625,,,,,,,,,,,
6,86099,,15365.8896484375,,0.004805580712854862,,13590.8759765625,,0.453125,,15365.8896484375,,0.328125,,0.546875,,256.0,,0.33844029903411865,,0.00390625,,1775.013671875,,,,,,,,,,,
6,86149,,47561.765625,,0.004647266119718552,,45416.109375,,0.51953125,,47561.765625,,0.412109375,,0.48046875,,256.0,,0.3975242078304291,,0.01171875,,2145.656494140625,,,,,,,,,,,
6,86199,,33777.0234375,,0.005069493316113949,,32042.21484375,,0.53515625,,33777.0234375,,0.6640625,,0.46484375,,256.0,,0.6795904636383057,,0.00390625,,1734.8082275390625,,,,,,,,,,,
6,86249,,78346.2578125,,0.004656672477722168,,76442.453125,,0.46484375,,78346.2578125,,0.55859375,,0.53515625,,256.0,,0.5331549644470215,,0.0078125,,1903.8040771484375,,,,,,,,,,,
6,86299,,18740.47265625,,0.004990139976143837,,16730.80078125,,0.49609375,,18740.47265625,,0.55859375,,0.50390625,,256.0,,0.5257744789123535,,0.0078125,,2009.67138671875,,,,,,,,,,,
6,86349,,17674.205078125,,0.004766927100718021,,15881.0458984375,,0.41796875,,17674.205078125,,0.5390625,,0.58203125,,256.0,,0.5249622464179993,,0.00390625,,1793.159423828125,,,,,,,,,,,
6,86399,,40948.578125,,0.005135104991495609,,39158.2421875,,0.44140625,,40948.578125,,0.59375,,0.55859375,,256.0,,0.5479055643081665,,0.0078125,,1790.3353271484375,,,,,,,,,,,
6,86449,,44935.2578125,,0.004630643874406815,,43096.1953125,,0.5078125,,44935.2578125,,0.376953125,,0.4921875,,256.0,,0.37507617473602295,,0.0078125,,1839.0625,,,,,,,,,,,
6,86499,,14135.83984375,,0.004660507198423147,,12604.91015625,,0.5,,14135.83984375,,0.484375,,0.5,,256.0,,0.4526446759700775,,0.0,,1530.9296875,,,,,,,,,,,
6,86549,,16121.8486328125,,0.004568228032439947,,14570.0625,,0.50390625,,16121.8486328125,,0.51171875,,0.49609375,,256.0,,0.5161073803901672,,0.0,,1551.786376953125,,,,,,,,,,,
6,86599,,18540.28515625,,0.004559546709060669,,16764.095703125,,0.50390625,,18540.28515625,,0.486328125,,0.49609375,,256.0,,0.4724193513393402,,0.0,,1776.18994140625,,,,,,,,,,,
6,86649,,88669.59375,,0.004627827554941177,,86254.2734375,,0.5078125,,88669.59375,,0.458984375,,0.4921875,,256.0,,0.4763312339782715,,0.01171875,,2415.318359375,,,,,,,,,,,
6,86699,,12678.201171875,,0.005099126137793064,,11004.0986328125,,0.42578125,,12678.201171875,,0.5859375,,0.57421875,,256.0,,0.5377385020256042,,0.00390625,,1674.102783203125,,,,,,,,,,,
6,86749,,14036.486328125,,0.004978004842996597,,12623.884765625,,0.5078125,,14036.486328125,,0.408203125,,0.4921875,,256.0,,0.3776361644268036,,0.0,,1412.601318359375,,,,,,,,,,,
6,86799,,42001.25,,0.004802638199180365,,40280.1015625,,0.57421875,,42001.25,,0.6484375,,0.42578125,,256.0,,0.6431242227554321,,0.00390625,,1721.148193359375,,,,,,,,,,,
6,86849,,55619.41015625,,0.004671178758144379,,53616.921875,,0.48828125,,55619.41015625,,0.37890625,,0.51171875,,256.0,,0.3957507312297821,,0.0078125,,2002.4891357421875,,,,,,,,,,,
6,86899,,17082.623046875,,0.004788646474480629,,15576.150390625,,0.5,,17082.623046875,,0.5,,0.5,,256.0,,0.5148943662643433,,0.0,,1506.473388671875,,,,,,,,,,,
6,86949,,44001.28515625,,0.0048240176402032375,,42126.5390625,,0.4765625,,44001.28515625,,0.53515625,,0.5234375,,256.0,,0.5191409587860107,,0.0078125,,1874.7471923828125,,,,,,,,,,,
6,86999,,17637.048828125,,0.0050683170557022095,,15996.3056640625,,0.5234375,,17637.048828125,,0.482421875,,0.4765625,,256.0,,0.46657928824424744,,0.0,,1640.742919921875,,,,,,,,,,,
6,87049,,98363.59375,,0.0050166305154562,,96248.328125,,0.4921875,,98363.59375,,0.6328125,,0.5078125,,256.0,,0.5799612998962402,,0.01171875,,2115.26171875,,,,,,,,,,,
6,87099,,41358.92578125,,0.004667390137910843,,39424.0078125,,0.47265625,,41358.92578125,,0.447265625,,0.52734375,,256.0,,0.43146222829818726,,0.0078125,,1934.917724609375,,,,,,,,,,,
6,87149,,42378.921875,,0.004929119721055031,,40522.2890625,,0.43359375,,42378.921875,,0.5703125,,0.56640625,,256.0,,0.5141454935073853,,0.0078125,,1856.631591796875,,,,,,,,,,,
6,87199,,16215.4404296875,,0.004740557633340359,,14674.3232421875,,0.5,,16215.4404296875,,0.5703125,,0.5,,256.0,,0.5884526968002319,,0.0,,1541.1171875,,,,,,,,,,,
6,87249,,140659.28125,,0.005009927786886692,,138146.34375,,0.453125,,140659.28125,,0.4765625,,0.546875,,256.0,,0.4787423610687256,,0.01171875,,2512.9453125,,,,,,,,,,,
6,87299,,16201.19140625,,0.0046001942828297615,,14427.294921875,,0.48046875,,16201.19140625,,0.51171875,,0.51953125,,256.0,,0.4979989230632782,,0.0078125,,1773.896240234375,,,,,,,,,,,
6,87349,,44995.15625,,0.004588772542774677,,43237.02734375,,0.5078125,,44995.15625,,0.5390625,,0.4921875,,256.0,,0.5075394511222839,,0.0078125,,1758.1290283203125,,,,,,,,,,,
6,87399,,14366.111328125,,0.004738430958241224,,12768.5595703125,,0.46875,,14366.111328125,,0.56640625,,0.53125,,256.0,,0.5366777181625366,,0.0,,1597.55126953125,,,,,,,,,,,
6,87449,,48615.21875,,0.004776913207024336,,46277.50390625,,0.52734375,,48615.21875,,0.44140625,,0.47265625,,256.0,,0.42287755012512207,,0.01171875,,2337.7138671875,,,,,,,,,,,
6,87499,,18912.978515625,,0.004823748022317886,,17125.244140625,,0.56640625,,18912.978515625,,0.60546875,,0.43359375,,256.0,,0.5602747797966003,,0.0,,1787.73486328125,,,,,,,,,,,
6,87549,,84934.5,,0.004641949664801359,,82843.2890625,,0.4765625,,84934.5,,0.52734375,,0.5234375,,256.0,,0.5376154184341431,,0.0078125,,2091.2109375,,,,,,,,,,,
6,87599,,12402.1181640625,,0.004932796582579613,,10629.560546875,,0.45703125,,12402.1181640625,,0.59765625,,0.54296875,,256.0,,0.585667073726654,,0.0,,1772.557373046875,,,,,,,,,,,
6,87649,,74954.203125,,0.005380488000810146,,72073.65625,,0.4609375,,74954.203125,,0.56640625,,0.5390625,,256.0,,0.5016582012176514,,0.0234375,,2880.54443359375,,,,,,,,,,,
6,87699,,76125.484375,,0.0049116117879748344,,73816.21875,,0.46484375,,76125.484375,,0.439453125,,0.53515625,,256.0,,0.4143475890159607,,0.015625,,2309.263427734375,,,,,,,,,,,
6,87749,,61261.296875,,0.00475948303937912,,59384.015625,,0.50390625,,61261.296875,,0.671875,,0.49609375,,256.0,,0.647735059261322,,0.00390625,,1877.2801513671875,,,,,,,,,,,
6,87799,,55524.88671875,,0.004964796826243401,,53529.7734375,,0.4375,,55524.88671875,,0.53515625,,0.5625,,256.0,,0.529556155204773,,0.0078125,,1995.11328125,,,,,,,,,,,
6,87849,,44400.7734375,,0.004724083002656698,,42319.53515625,,0.54296875,,44400.7734375,,0.59375,,0.45703125,,256.0,,0.5623680949211121,,0.0078125,,2081.238037109375,,,,,,,,,,,
6,87899,,14210.646484375,,0.0045082950964570045,,12456.4033203125,,0.43359375,,14210.646484375,,0.57421875,,0.56640625,,256.0,,0.5252618789672852,,0.00390625,,1754.24267578125,,,,,,,,,,,
6,87949,,42135.9453125,,0.004913164768368006,,39807.0078125,,0.42578125,,42135.9453125,,0.59765625,,0.57421875,,256.0,,0.5839784145355225,,0.015625,,2328.939208984375,,,,,,,,,,,
6,87999,,15549.8486328125,,0.004811882507055998,,14069.25,,0.5078125,,15549.8486328125,,0.51171875,,0.4921875,,256.0,,0.49574345350265503,,0.0,,1480.598876953125,,,,,,,,,,,
6,88049,,66285.1796875,,0.004794025328010321,,64251.88671875,,0.5546875,,66285.1796875,,0.6484375,,0.4453125,,256.0,,0.6235199570655823,,0.00390625,,2033.2896728515625,,,,,,,,,,,
6,88099,,12417.9404296875,,0.0048336368054151535,,10907.69140625,,0.53125,,12417.9404296875,,0.41015625,,0.46875,,256.0,,0.40860146284103394,,0.0,,1510.2493896484375,,,,,,,,,,,
6,88149,,44834.38671875,,0.004865601658821106,,42888.8125,,0.52734375,,44834.38671875,,0.7578125,,0.47265625,,256.0,,0.7227132320404053,,0.0078125,,1945.5751953125,,,,,,,,,,,
6,88199,,14769.18359375,,0.0047303615137934685,,13144.884765625,,0.56640625,,14769.18359375,,0.55078125,,0.43359375,,256.0,,0.48961836099624634,,0.0,,1624.29931640625,,,,,,,,,,,
6,88249,,13677.76171875,,0.004732752218842506,,11894.484375,,0.50390625,,13677.76171875,,0.6796875,,0.49609375,,256.0,,0.6442862749099731,,0.00390625,,1783.2777099609375,,,,,,,,,,,
6,88299,,50896.3515625,,0.004986622370779514,,49046.2421875,,0.52734375,,50896.3515625,,0.65625,,0.47265625,,256.0,,0.6194887757301331,,0.00390625,,1850.109619140625,,,,,,,,,,,
6,88349,,13978.1494140625,,0.004534697160124779,,12361.8662109375,,0.4453125,,13978.1494140625,,0.71875,,0.5546875,,256.0,,0.6669268608093262,,0.0,,1616.282958984375,,,,,,,,,,,
6,88399,,58464.5859375,,0.005221118684858084,,56445.8671875,,0.47265625,,58464.5859375,,0.58984375,,0.52734375,,256.0,,0.5726432204246521,,0.0078125,,2018.7197265625,,,,,,,,,,,
6,88449,,15748.85546875,,0.005091914441436529,,13908.3564453125,,0.50390625,,15748.85546875,,0.59765625,,0.49609375,,256.0,,0.6431841850280762,,0.0078125,,1840.4990234375,,,,,,,,,,,
6,88499,,12656.5751953125,,0.004580636974424124,,10835.0400390625,,0.55859375,,12656.5751953125,,0.62890625,,0.44140625,,256.0,,0.5960384011268616,,0.00390625,,1821.53515625,,,,,,,,,,,
6,88549,,16220.4794921875,,0.005044783931225538,,14606.3046875,,0.453125,,16220.4794921875,,0.490234375,,0.546875,,256.0,,0.4404919147491455,,0.0,,1614.1749267578125,,,,,,,,,,,
6,88599,,46652.125,,0.004696976859122515,,44470.94140625,,0.4921875,,46652.125,,0.5078125,,0.5078125,,256.0,,0.5112506151199341,,0.015625,,2181.1845703125,,,,,,,,,,,
6,88649,,19645.68359375,,0.005232329946011305,,17958.314453125,,0.54296875,,19645.68359375,,0.53515625,,0.45703125,,256.0,,0.5250574946403503,,0.0,,1687.36962890625,,,,,,,,,,,
6,88699,,11573.6708984375,,0.004595109727233648,,10045.1689453125,,0.50390625,,11573.6708984375,,0.466796875,,0.49609375,,256.0,,0.4449121952056885,,0.0,,1528.501953125,,,,,,,,,,,
6,88749,,12878.380859375,,0.004812009632587433,,11300.142578125,,0.5390625,,12878.380859375,,0.5390625,,0.4609375,,256.0,,0.5154159069061279,,0.0,,1578.23779296875,,,,,,,,,,,
6,88799,,14875.6640625,,0.0049268524162471294,,13265.263671875,,0.46875,,14875.6640625,,0.5234375,,0.53125,,256.0,,0.527383029460907,,0.0,,1610.40087890625,,,,,,,,,,,
6,88849,,13023.65234375,,0.004968342371284962,,11506.1357421875,,0.48828125,,13023.65234375,,0.62109375,,0.51171875,,256.0,,0.5987027883529663,,0.0,,1517.51611328125,,,,,,,,,,,
6,88899,,12651.451171875,,0.00492031779140234,,10991.9443359375,,0.48046875,,12651.451171875,,0.6484375,,0.51953125,,256.0,,0.6338571906089783,,0.00390625,,1659.50634765625,,,,,,,,,,,
6,88949,,13521.7607421875,,0.004994647577404976,,12057.904296875,,0.55078125,,13521.7607421875,,0.63671875,,0.44921875,,256.0,,0.6367005705833435,,0.0,,1463.8560791015625,,,,,,,,,,,
6,88999,,14122.228515625,,0.005263452883809805,,12395.5244140625,,0.51953125,,14122.228515625,,0.5625,,0.48046875,,256.0,,0.5311567187309265,,0.00390625,,1726.70458984375,,,,,,,,,,,
6,89049,,92580.453125,,0.004528862424194813,,90489.3984375,,0.54296875,,92580.453125,,0.59765625,,0.45703125,,256.0,,0.546414852142334,,0.0078125,,2091.0546875,,,,,,,,,,,
6,89099,,16002.341796875,,0.004952333401888609,,13520.41796875,,0.4765625,,16002.341796875,,0.60546875,,0.5234375,,256.0,,0.6002930402755737,,0.015625,,2481.92333984375,,,,,,,,,,,
6,89149,,17725.60546875,,0.004778217524290085,,16046.703125,,0.46484375,,17725.60546875,,0.546875,,0.53515625,,256.0,,0.5253199934959412,,0.0,,1678.9022216796875,,,,,,,,,,,
6,89199,,14182.5068359375,,0.0053530363366007805,,12673.21484375,,0.4765625,,14182.5068359375,,0.55078125,,0.5234375,,256.0,,0.528667151927948,,0.0,,1509.2918701171875,,,,,,,,,,,
6,89249,,44460.515625,,0.004681681282818317,,42759.69921875,,0.4609375,,44460.515625,,0.4921875,,0.5390625,,256.0,,0.4852029085159302,,0.00390625,,1700.81591796875,,,,,,,,,,,
6,89299,,78039.5390625,,0.004924088250845671,,75543.0234375,,0.484375,,78039.5390625,,0.70703125,,0.515625,,256.0,,0.6709508895874023,,0.015625,,2496.514404296875,,,,,,,,,,,
6,89349,,74153.171875,,0.004569287411868572,,72293.5390625,,0.453125,,74153.171875,,0.6484375,,0.546875,,256.0,,0.6102923154830933,,0.00390625,,1859.6307373046875,,,,,,,,,,,
6,89399,,50187.23828125,,0.00507016759365797,,48368.0625,,0.4921875,,50187.23828125,,0.5390625,,0.5078125,,256.0,,0.5417301654815674,,0.00390625,,1819.1739501953125,,,,,,,,,,,
6,89449,,11714.1865234375,,0.004986695945262909,,10046.1220703125,,0.484375,,11714.1865234375,,0.466796875,,0.515625,,256.0,,0.4432442784309387,,0.0,,1668.0640869140625,,,,,,,,,,,
6,89499,,16111.6748046875,,0.004450160078704357,,14477.0400390625,,0.51953125,,16111.6748046875,,0.5625,,0.48046875,,256.0,,0.5485248565673828,,0.0,,1634.634765625,,,,,,,,,,,
6,89549,,43653.96484375,,0.004515466280281544,,41532.04296875,,0.45703125,,43653.96484375,,0.6796875,,0.54296875,,256.0,,0.6478837728500366,,0.01171875,,2121.922607421875,,,,,,,,,,,
6,89571,,,,,,,,,,,,,,,,,,,,,,,17907.58984375,0.004860734101384878,16292.28125,0.4998077154159546,17907.58984375,0.6315098404884338,0.5001922845840454,255.98416137695312,0.6028846502304077,0.0010014981962740421,1615.3360595703125
6,89571,41967.57421875,,0.004853531252592802,,40121.40234375,,0.4992862641811371,,41967.57421875,,0.5633634328842163,,0.5007137060165405,,256.0,,0.5455443859100342,,0.0051496196538209915,,1846.159423828125,,,,,,,,,,,,
7,89599,,65286.83203125,,0.0046542976051568985,,63317.94140625,,0.51171875,,65286.83203125,,0.50390625,,0.48828125,,256.0,,0.4869415760040283,,0.01171875,,1968.89208984375,,,,,,,,,,,
7,89649,,46124.09765625,,0.004634206183254719,,44368.625,,0.54296875,,46124.09765625,,0.7265625,,0.45703125,,256.0,,0.6647432446479797,,0.00390625,,1755.4715576171875,,,,,,,,,,,
7,89699,,16313.4091796875,,0.004598445724695921,,14611.74609375,,0.53125,,16313.4091796875,,0.67578125,,0.46875,,256.0,,0.669045627117157,,0.00390625,,1701.6630859375,,,,,,,,,,,
7,89749,,82362.6640625,,0.004745969083160162,,80466.3515625,,0.50390625,,82362.6640625,,0.578125,,0.49609375,,256.0,,0.5354039669036865,,0.0078125,,1896.3089599609375,,,,,,,,,,,
7,89799,,17403.693359375,,0.004735987633466721,,15735.28515625,,0.44140625,,17403.693359375,,0.796875,,0.55859375,,256.0,,0.8149482607841492,,0.0,,1668.4080810546875,,,,,,,,,,,
7,89849,,14078.177734375,,0.00499883946031332,,12333.4130859375,,0.515625,,14078.177734375,,0.66015625,,0.484375,,256.0,,0.6397314071655273,,0.00390625,,1744.76416015625,,,,,,,,,,,
7,89899,,84085.15625,,0.005114659667015076,,82026.8515625,,0.484375,,84085.15625,,0.50390625,,0.515625,,256.0,,0.43595728278160095,,0.0078125,,2058.3076171875,,,,,,,,,,,
7,89949,,84680.6953125,,0.005008458159863949,,82639.859375,,0.48828125,,84680.6953125,,0.6796875,,0.51171875,,256.0,,0.6621116399765015,,0.0078125,,2040.8380126953125,,,,,,,,,,,
7,89999,,11475.8330078125,,0.004922633990645409,,9902.7314453125,,0.46484375,,11475.8330078125,,0.7109375,,0.53515625,,256.0,,0.6622645854949951,,0.0,,1573.1019287109375,,,,,,,,,,,
7,90049,,14114.69921875,,0.004893244244158268,,12543.044921875,,0.53125,,14114.69921875,,0.55859375,,0.46875,,256.0,,0.5251659154891968,,0.0,,1571.654296875,,,,,,,,,,,
7,90099,,114000.0078125,,0.004666037391871214,,111753.4453125,,0.5390625,,114000.0078125,,0.56640625,,0.4609375,,256.0,,0.5538961887359619,,0.01171875,,2246.56591796875,,,,,,,,,,,
7,90149,,12381.5126953125,,0.004807295277714729,,10783.345703125,,0.4765625,,12381.5126953125,,0.484375,,0.5234375,,256.0,,0.4654165506362915,,0.0,,1598.1666259765625,,,,,,,,,,,
7,90199,,62182.87109375,,0.005201522260904312,,59850.875,,0.421875,,62182.87109375,,0.72265625,,0.578125,,256.0,,0.6885652542114258,,0.0078125,,2331.99658203125,,,,,,,,,,,
7,90249,,63851.66796875,,0.004804002121090889,,62060.0703125,,0.48828125,,63851.66796875,,0.55859375,,0.51171875,,256.0,,0.5290756225585938,,0.00390625,,1791.596923828125,,,,,,,,,,,
7,90299,,14786.6025390625,,0.004898360930383205,,13094.0673828125,,0.5,,14786.6025390625,,0.59765625,,0.5,,256.0,,0.594439685344696,,0.0,,1692.5347900390625,,,,,,,,,,,
7,90349,,11682.30078125,,0.004950597416609526,,9856.8662109375,,0.5,,11682.30078125,,0.65625,,0.5,,256.0,,0.6290919780731201,,0.0078125,,1825.43505859375,,,,,,,,,,,
7,90399,,61238.77734375,,0.004628279712051153,,59349.484375,,0.49609375,,61238.77734375,,0.6484375,,0.50390625,,256.0,,0.6102964282035828,,0.00390625,,1889.2939453125,,,,,,,,,,,
7,90449,,13292.0166015625,,0.0050710653886199,,11643.392578125,,0.5078125,,13292.0166015625,,0.66796875,,0.4921875,,256.0,,0.6212486028671265,,0.00390625,,1648.6239013671875,,,,,,,,,,,
7,90499,,45972.8203125,,0.005022973753511906,,44156.25390625,,0.515625,,45972.8203125,,0.53125,,0.484375,,256.0,,0.5047518014907837,,0.00390625,,1816.565673828125,,,,,,,,,,,
7,90549,,120668.5078125,,0.004646048881113529,,118467.0234375,,0.5390625,,120668.5078125,,0.67578125,,0.4609375,,256.0,,0.6672163009643555,,0.01171875,,2201.48681640625,,,,,,,,,,,
7,90599,,86494.4765625,,0.004436669871211052,,84423.8125,,0.5546875,,86494.4765625,,0.7109375,,0.4453125,,256.0,,0.6794535517692566,,0.0078125,,2070.667236328125,,,,,,,,,,,
7,90649,,12471.3046875,,0.004756591748446226,,10863.9775390625,,0.484375,,12471.3046875,,0.388671875,,0.515625,,256.0,,0.39336031675338745,,0.0,,1607.3271484375,,,,,,,,,,,
7,90699,,12422.505859375,,0.004467083606868982,,10907.693359375,,0.52734375,,12422.505859375,,0.63671875,,0.47265625,,256.0,,0.6093807816505432,,0.0,,1514.8125,,,,,,,,,,,
7,90749,,58771.875,,0.004729163832962513,,56815.953125,,0.5078125,,58771.875,,0.546875,,0.4921875,,256.0,,0.5629963874816895,,0.00390625,,1955.919921875,,,,,,,,,,,
7,90799,,10184.451171875,,0.0049033695831894875,,8543.9609375,,0.4765625,,10184.451171875,,0.6015625,,0.5234375,,256.0,,0.5622224807739258,,0.00390625,,1640.4901123046875,,,,,,,,,,,
7,90849,,17773.494140625,,0.005031801760196686,,16004.4189453125,,0.55859375,,17773.494140625,,0.703125,,0.44140625,,256.0,,0.664847195148468,,0.00390625,,1769.0758056640625,,,,,,,,,,,
7,90899,,18106.66796875,,0.0048415642231702805,,16527.765625,,0.49609375,,18106.66796875,,0.6484375,,0.50390625,,256.0,,0.6142228841781616,,0.0,,1578.90185546875,,,,,,,,,,,
7,90949,,12714.46484375,,0.005099785048514605,,11204.591796875,,0.49609375,,12714.46484375,,0.8671875,,0.50390625,,256.0,,0.8263407945632935,,0.0,,1509.872802734375,,,,,,,,,,,
7,90999,,144001.03125,,0.004667400382459164,,141619.921875,,0.4921875,,144001.03125,,0.6171875,,0.5078125,,256.0,,0.5634647607803345,,0.01171875,,2381.112548828125,,,,,,,,,,,
7,91049,,56135.5078125,,0.004893207922577858,,54288.56640625,,0.515625,,56135.5078125,,0.58203125,,0.484375,,256.0,,0.6175603270530701,,0.00390625,,1846.94287109375,,,,,,,,,,,
7,91099,,54669.6875,,0.004648003727197647,,52915.66796875,,0.5078125,,54669.6875,,0.703125,,0.4921875,,256.0,,0.7091273069381714,,0.00390625,,1754.0177001953125,,,,,,,,,,,
7,91149,,47697.40234375,,0.004562207963317633,,45762.66015625,,0.5078125,,47697.40234375,,0.56640625,,0.4921875,,256.0,,0.4947972893714905,,0.00390625,,1934.74072265625,,,,,,,,,,,
7,91199,,36200.4375,,0.004999207332730293,,33771.296875,,0.578125,,36200.4375,,0.68359375,,0.421875,,256.0,,0.6522936224937439,,0.01171875,,2429.138671875,,,,,,,,,,,
7,91249,,116205.4140625,,0.004773038439452648,,114080.5625,,0.48046875,,116205.4140625,,0.75,,0.51953125,,256.0,,0.7121368646621704,,0.0078125,,2124.853515625,,,,,,,,,,,
7,91299,,83962.328125,,0.004802873358130455,,81783.7890625,,0.484375,,83962.328125,,0.6015625,,0.515625,,256.0,,0.5717607736587524,,0.01171875,,2178.541015625,,,,,,,,,,,
7,91349,,16083.45703125,,0.004919697064906359,,14387.021484375,,0.5390625,,16083.45703125,,0.5703125,,0.4609375,,256.0,,0.5697441101074219,,0.0,,1696.435546875,,,,,,,,,,,
7,91399,,84029.8984375,,0.004795554094016552,,81822.1953125,,0.5234375,,84029.8984375,,0.67578125,,0.4765625,,256.0,,0.6061922907829285,,0.01171875,,2207.70654296875,,,,,,,,,,,
7,91449,,72477.703125,,0.0051863226108253,,70406.375,,0.484375,,72477.703125,,0.68359375,,0.515625,,256.0,,0.6763372421264648,,0.00390625,,2071.3310546875,,,,,,,,,,,
7,91499,,10591.5556640625,,0.005215074401348829,,8999.060546875,,0.44921875,,10591.5556640625,,0.63671875,,0.55078125,,256.0,,0.5945398211479187,,0.0,,1592.4954833984375,,,,,,,,,,,
7,91549,,14742.810546875,,0.0048426310531795025,,12661.212890625,,0.49609375,,14742.810546875,,0.5234375,,0.50390625,,256.0,,0.47648292779922485,,0.0078125,,2081.59716796875,,,,,,,,,,,
7,91599,,53193.078125,,0.004686777945607901,,51390.54296875,,0.5,,53193.078125,,0.53515625,,0.5,,256.0,,0.5076362490653992,,0.00390625,,1802.53515625,,,,,,,,,,,
7,91649,,17908.849609375,,0.0047594415955245495,,16196.13671875,,0.48828125,,17908.849609375,,0.66015625,,0.51171875,,256.0,,0.6752338409423828,,0.0,,1712.713623046875,,,,,,,,,,,
7,91699,,81418.4921875,,0.004745728336274624,,78917.859375,,0.5078125,,81418.4921875,,0.671875,,0.4921875,,256.0,,0.6597740650177002,,0.01953125,,2500.62939453125,,,,,,,,,,,
7,91749,,9305.09375,,0.0049899122677743435,,7711.96142578125,,0.46875,,9305.09375,,0.671875,,0.53125,,256.0,,0.6726700067520142,,0.0,,1593.1318359375,,,,,,,,,,,
7,91799,,17217.67578125,,0.004875129088759422,,15549.490234375,,0.4296875,,17217.67578125,,0.64453125,,0.5703125,,256.0,,0.6266651153564453,,0.00390625,,1668.1859130859375,,,,,,,,,,,
7,91849,,16106.400390625,,0.005172178149223328,,14258.775390625,,0.44921875,,16106.400390625,,0.66015625,,0.55078125,,256.0,,0.6499584913253784,,0.00390625,,1847.6248779296875,,,,,,,,,,,
7,91899,,14204.955078125,,0.004850415047258139,,12546.310546875,,0.4921875,,14204.955078125,,0.55859375,,0.5078125,,256.0,,0.5530412197113037,,0.0,,1658.64404296875,,,,,,,,,,,
7,91949,,10013.125,,0.005084830801934004,,8445.736328125,,0.50390625,,10013.125,,0.61328125,,0.49609375,,256.0,,0.5934594869613647,,0.0,,1567.3887939453125,,,,,,,,,,,
7,91999,,12159.5048828125,,0.005115474574267864,,10426.265625,,0.52734375,,12159.5048828125,,0.58984375,,0.47265625,,256.0,,0.5560128092765808,,0.0078125,,1733.2391357421875,,,,,,,,,,,
7,92049,,40305.5859375,,0.004866604693233967,,38327.61328125,,0.50390625,,40305.5859375,,0.61328125,,0.49609375,,256.0,,0.61101233959198,,0.0078125,,1977.97314453125,,,,,,,,,,,
7,92099,,45450.48046875,,0.004938511177897453,,43591.51171875,,0.51953125,,45450.48046875,,0.59765625,,0.48046875,,256.0,,0.5866230726242065,,0.0078125,,1858.9693603515625,,,,,,,,,,,
7,92149,,13578.9267578125,,0.004929008893668652,,12052.611328125,,0.421875,,13578.9267578125,,0.58203125,,0.578125,,256.0,,0.6065520644187927,,0.0,,1526.315673828125,,,,,,,,,,,
7,92199,,16074.5009765625,,0.004624274559319019,,14407.0146484375,,0.4609375,,16074.5009765625,,0.6796875,,0.5390625,,256.0,,0.6605478525161743,,0.0,,1667.4864501953125,,,,,,,,,,,
7,92249,,13449.716796875,,0.004621781408786774,,11908.8212890625,,0.4765625,,13449.716796875,,0.67578125,,0.5234375,,256.0,,0.6577836871147156,,0.0,,1540.89599609375,,,,,,,,,,,
7,92299,,102539.125,,0.004893090575933456,,100106.296875,,0.546875,,102539.125,,0.59375,,0.453125,,256.0,,0.5777068138122559,,0.015625,,2432.8291015625,,,,,,,,,,,
7,92349,,39548.9296875,,0.004855584353208542,,37851.41015625,,0.53125,,39548.9296875,,0.54296875,,0.46875,,256.0,,0.5393710136413574,,0.00390625,,1697.5194091796875,,,,,,,,,,,
7,92399,,13982.8447265625,,0.004757783375680447,,12318.2734375,,0.46875,,13982.8447265625,,0.5703125,,0.53125,,256.0,,0.5721328854560852,,0.00390625,,1664.571533203125,,,,,,,,,,,
7,92449,,12235.703125,,0.005006195977330208,,10220.0458984375,,0.48046875,,12235.703125,,0.5234375,,0.51953125,,256.0,,0.5116450786590576,,0.0078125,,2015.6571044921875,,,,,,,,,,,
7,92499,,55253.32421875,,0.005061428993940353,,53268.40625,,0.546875,,55253.32421875,,0.62109375,,0.453125,,256.0,,0.5918111801147461,,0.00390625,,1984.91796875,,,,,,,,,,,
7,92549,,16199.861328125,,0.004897979088127613,,14534.27734375,,0.515625,,16199.861328125,,0.59375,,0.484375,,256.0,,0.6103118658065796,,0.0,,1665.583740234375,,,,,,,,,,,
7,92599,,17314.765625,,0.004521000664681196,,15626.21875,,0.4921875,,17314.765625,,0.5,,0.5078125,,256.0,,0.4742223620414734,,0.00390625,,1688.5460205078125,,,,,,,,,,,
7,92649,,65079.8515625,,0.0047055622562766075,,63166.62109375,,0.56640625,,65079.8515625,,0.63671875,,0.43359375,,256.0,,0.6000059247016907,,0.00390625,,1913.2308349609375,,,,,,,,,,,
7,92699,,14205.5283203125,,0.004801097325980663,,12530.171875,,0.5,,14205.5283203125,,0.546875,,0.5,,256.0,,0.5203938484191895,,0.0,,1675.3560791015625,,,,,,,,,,,
7,92749,,74614.96875,,0.004632610362023115,,72203.4296875,,0.52734375,,74614.96875,,0.60546875,,0.47265625,,256.0,,0.5937219858169556,,0.01953125,,2411.54052734375,,,,,,,,,,,
7,92799,,57174.26171875,,0.004340235609561205,,55205.078125,,0.5234375,,57174.26171875,,0.5859375,,0.4765625,,256.0,,0.5732852220535278,,0.0078125,,1969.1826171875,,,,,,,,,,,
7,92849,,53472.828125,,0.004780860617756844,,51680.6875,,0.51171875,,53472.828125,,0.68359375,,0.48828125,,256.0,,0.6677401065826416,,0.0078125,,1792.1424560546875,,,,,,,,,,,
7,92899,,91961.8828125,,0.005055982619524002,,90029.109375,,0.5078125,,91961.8828125,,0.58203125,,0.4921875,,256.0,,0.570629358291626,,0.0078125,,1932.770751953125,,,,,,,,,,,
7,92949,,15068.837890625,,0.005148656200617552,,13347.369140625,,0.484375,,15068.837890625,,0.56640625,,0.515625,,256.0,,0.5241353511810303,,0.0,,1721.4688720703125,,,,,,,,,,,
7,92999,,78431.59375,,0.004902669228613377,,76356.40625,,0.5,,78431.59375,,0.65234375,,0.5,,256.0,,0.5974769592285156,,0.0078125,,2075.18603515625,,,,,,,,,,,
7,93049,,40242.046875,,0.0050322506576776505,,38511.55078125,,0.52734375,,40242.046875,,0.60546875,,0.47265625,,256.0,,0.5750209093093872,,0.00390625,,1730.4951171875,,,,,,,,,,,
7,93099,,17827.138671875,,0.004883486311882734,,16217.712890625,,0.51953125,,17827.138671875,,0.51171875,,0.48046875,,256.0,,0.5154670476913452,,0.0,,1609.42626953125,,,,,,,,,,,
7,93149,,38264.00390625,,0.004818906541913748,,36525.85546875,,0.50390625,,38264.00390625,,0.5625,,0.49609375,,256.0,,0.5263177156448364,,0.0078125,,1738.14794921875,,,,,,,,,,,
7,93199,,48341.48828125,,0.004448299296200275,,46797.41015625,,0.51953125,,48341.48828125,,0.53125,,0.48046875,,256.0,,0.5138918161392212,,0.00390625,,1544.0789794921875,,,,,,,,,,,
7,93249,,55413.5,,0.005273349117487669,,53518.52734375,,0.5625,,55413.5,,0.56640625,,0.4375,,256.0,,0.551889181137085,,0.01171875,,1894.970703125,,,,,,,,,,,
7,93299,,53908.89453125,,0.005080186761915684,,52230.3671875,,0.51171875,,53908.89453125,,0.59765625,,0.48828125,,256.0,,0.5571180582046509,,0.00390625,,1678.5267333984375,,,,,,,,,,,
7,93349,,17214.654296875,,0.004557321313768625,,15239.4697265625,,0.5234375,,17214.654296875,,0.72265625,,0.4765625,,256.0,,0.6659625768661499,,0.0078125,,1975.184326171875,,,,,,,,,,,
7,93399,,12736.287109375,,0.004864790942519903,,11167.69921875,,0.515625,,12736.287109375,,0.609375,,0.484375,,256.0,,0.5706086158752441,,0.0,,1568.58837890625,,,,,,,,,,,
7,93449,,49329.23828125,,0.0050219022668898106,,47540.41015625,,0.55078125,,49329.23828125,,0.71484375,,0.44921875,,256.0,,0.6784892082214355,,0.0078125,,1788.828369140625,,,,,,,,,,,
7,93499,,56903.8828125,,0.004489284474402666,,54991.1015625,,0.5,,56903.8828125,,0.64453125,,0.5,,256.0,,0.6320213675498962,,0.0078125,,1912.78076171875,,,,,,,,,,,
7,93549,,110007.640625,,0.004744828213006258,,107856.8671875,,0.515625,,110007.640625,,0.55859375,,0.484375,,256.0,,0.5597831010818481,,0.0078125,,2150.7744140625,,,,,,,,,,,
7,93599,,97309.3671875,,0.005068062338978052,,95236.796875,,0.48828125,,97309.3671875,,0.48828125,,0.51171875,,256.0,,0.4991442561149597,,0.0078125,,2072.5693359375,,,,,,,,,,,
7,93649,,42242.06640625,,0.005096146371215582,,40411.5078125,,0.53125,,42242.06640625,,0.55859375,,0.46875,,256.0,,0.5525605082511902,,0.00390625,,1830.55712890625,,,,,,,,,,,
7,93699,,45404.8515625,,0.004960999824106693,,43644.6484375,,0.5234375,,45404.8515625,,0.55859375,,0.4765625,,256.0,,0.5302861332893372,,0.00390625,,1760.2044677734375,,,,,,,,,,,
7,93749,,12877.5703125,,0.005143484100699425,,11187.494140625,,0.546875,,12877.5703125,,0.5,,0.453125,,256.0,,0.5138388872146606,,0.0,,1690.076416015625,,,,,,,,,,,
7,93799,,17020.15625,,0.004663463681936264,,15435.740234375,,0.4765625,,17020.15625,,0.462890625,,0.5234375,,256.0,,0.455430269241333,,0.00390625,,1584.4156494140625,,,,,,,,,,,
7,93849,,55274.8984375,,0.004870248958468437,,53586.83984375,,0.4921875,,55274.8984375,,0.625,,0.5078125,,256.0,,0.5974904894828796,,0.00390625,,1688.056884765625,,,,,,,,,,,
7,93899,,12543.158203125,,0.004581783898174763,,10937.6689453125,,0.50390625,,12543.158203125,,0.55078125,,0.49609375,,256.0,,0.5572460889816284,,0.0,,1605.4893798828125,,,,,,,,,,,
7,93949,,53152.85546875,,0.0049398113042116165,,51337.921875,,0.46875,,53152.85546875,,0.53125,,0.53125,,256.0,,0.49053066968917847,,0.0078125,,1814.93359375,,,,,,,,,,,
7,93999,,99941.4921875,,0.004796953406184912,,97835.5390625,,0.51171875,,99941.4921875,,0.6015625,,0.48828125,,256.0,,0.5769716501235962,,0.0078125,,2105.95068359375,,,,,,,,,,,
7,94049,,46161.91796875,,0.004698546137660742,,44488.4296875,,0.51171875,,46161.91796875,,0.59375,,0.48828125,,256.0,,0.599526047706604,,0.00390625,,1673.487548828125,,,,,,,,,,,
7,94099,,52918.70703125,,0.005289296619594097,,51106.28125,,0.5234375,,52918.70703125,,0.734375,,0.4765625,,256.0,,0.6971306800842285,,0.0078125,,1812.4254150390625,,,,,,,,,,,
7,94149,,50497.9140625,,0.0044555747881531715,,48590.20703125,,0.51953125,,50497.9140625,,0.431640625,,0.48046875,,256.0,,0.42323416471481323,,0.0078125,,1907.7080078125,,,,,,,,,,,
7,94199,,13507.9462890625,,0.004693604540079832,,11932.685546875,,0.51171875,,13507.9462890625,,0.5390625,,0.48828125,,256.0,,0.5379625558853149,,0.00390625,,1575.2611083984375,,,,,,,,,,,
7,94249,,17018.408203125,,0.004515505395829678,,15404.7099609375,,0.46875,,17018.408203125,,0.61328125,,0.53125,,256.0,,0.5834617018699646,,0.00390625,,1613.697998046875,,,,,,,,,,,
7,94299,,59580.19140625,,0.0049806516617536545,,57587.83984375,,0.53125,,59580.19140625,,0.6484375,,0.46875,,256.0,,0.6440519094467163,,0.00390625,,1992.351318359375,,,,,,,,,,,
7,94349,,87326.8671875,,0.00470347423106432,,85390.78125,,0.4921875,,87326.8671875,,0.68359375,,0.5078125,,256.0,,0.6332290172576904,,0.0078125,,1936.0845947265625,,,,,,,,,,,
7,94399,,12383.544921875,,0.00478626461699605,,10550.162109375,,0.46875,,12383.544921875,,0.546875,,0.53125,,256.0,,0.514223039150238,,0.00390625,,1833.3826904296875,,,,,,,,,,,
7,94449,,13324.033203125,,0.004747423343360424,,11710.9072265625,,0.53125,,13324.033203125,,0.5546875,,0.46875,,256.0,,0.5410301685333252,,0.0,,1613.126220703125,,,,,,,,,,,
7,94499,,14019.08203125,,0.004636422730982304,,12449.97265625,,0.52734375,,14019.08203125,,0.6484375,,0.47265625,,256.0,,0.6199259757995605,,0.0,,1569.10888671875,,,,,,,,,,,
7,94549,,14229.3359375,,0.005113995634019375,,12346.4150390625,,0.52734375,,14229.3359375,,0.62109375,,0.47265625,,256.0,,0.6048866510391235,,0.0078125,,1882.920654296875,,,,,,,,,,,
7,94599,,54373.19921875,,0.004902079701423645,,52206.30859375,,0.54296875,,54373.19921875,,0.474609375,,0.45703125,,256.0,,0.48318004608154297,,0.0078125,,2166.89208984375,,,,,,,,,,,
7,94649,,56841.8671875,,0.004643058404326439,,54986.59375,,0.4765625,,56841.8671875,,0.56640625,,0.5234375,,256.0,,0.5535092949867249,,0.00390625,,1855.2750244140625,,,,,,,,,,,
7,94699,,58643.6640625,,0.004701156169176102,,56705.62109375,,0.5234375,,58643.6640625,,0.72265625,,0.4765625,,256.0,,0.6748871803283691,,0.0078125,,1938.043701171875,,,,,,,,,,,
7,94749,,76919.21875,,0.00558708980679512,,74632.546875,,0.49609375,,76919.21875,,0.625,,0.50390625,,256.0,,0.5837799310684204,,0.01171875,,2286.668701171875,,,,,,,,,,,
7,94799,,39576.7109375,,0.0050482433289289474,,37732.8671875,,0.51171875,,39576.7109375,,0.66015625,,0.48828125,,256.0,,0.6273699998855591,,0.0078125,,1843.8431396484375,,,,,,,,,,,
7,94849,,19613.517578125,,0.004786445759236813,,17953.6875,,0.4765625,,19613.517578125,,0.6484375,,0.5234375,,256.0,,0.6210358738899231,,0.0,,1659.8302001953125,,,,,,,,,,,
7,94899,,48820.4609375,,0.0047509088180959225,,47170.0703125,,0.56640625,,48820.4609375,,0.455078125,,0.43359375,,256.0,,0.45730477571487427,,0.00390625,,1650.389892578125,,,,,,,,,,,
7,94949,,13331.0068359375,,0.0046165576204657555,,11680.8818359375,,0.5390625,,13331.0068359375,,0.44921875,,0.4609375,,256.0,,0.426546573638916,,0.0,,1650.124755859375,,,,,,,,,,,
7,94999,,11226.7724609375,,0.00493587926030159,,9540.5517578125,,0.48046875,,11226.7724609375,,0.6015625,,0.51953125,,256.0,,0.5950120091438293,,0.00390625,,1686.220703125,,,,,,,,,,,
7,95049,,24190.31640625,,0.004816870670765638,,22407.75,,0.48828125,,24190.31640625,,0.6171875,,0.51171875,,256.0,,0.5924071073532104,,0.0078125,,1782.5657958984375,,,,,,,,,,,
7,95099,,16563.234375,,0.004812217317521572,,14925.6611328125,,0.44140625,,16563.234375,,0.5078125,,0.55859375,,256.0,,0.5108078122138977,,0.0,,1637.5731201171875,,,,,,,,,,,
7,95149,,62020.09765625,,0.004950971342623234,,60192.5703125,,0.46875,,62020.09765625,,0.4609375,,0.53125,,256.0,,0.4859439730644226,,0.00390625,,1827.526123046875,,,,,,,,,,,
7,95199,,10275.3017578125,,0.004829031880944967,,8699.873046875,,0.48046875,,10275.3017578125,,0.61328125,,0.51953125,,256.0,,0.5761082172393799,,0.0,,1575.4287109375,,,,,,,,,,,
7,95249,,17002.4375,,0.004940353333950043,,15323.0810546875,,0.4765625,,17002.4375,,0.59375,,0.5234375,,256.0,,0.5397543907165527,,0.0,,1679.355712890625,,,,,,,,,,,
7,95299,,16378.572265625,,0.005220395512878895,,14788.177734375,,0.4765625,,16378.572265625,,0.625,,0.5234375,,256.0,,0.5810467600822449,,0.0,,1590.3944091796875,,,,,,,,,,,
7,95349,,43518.5859375,,0.004706281702965498,,41677.7890625,,0.52734375,,43518.5859375,,0.44921875,,0.47265625,,256.0,,0.4028005599975586,,0.0078125,,1840.796142578125,,,,,,,,,,,
7,95399,,13249.2421875,,0.004999575205147266,,11583.6318359375,,0.5,,13249.2421875,,0.60546875,,0.5,,256.0,,0.5820749402046204,,0.0,,1665.610107421875,,,,,,,,,,,
7,95449,,91714.390625,,0.004678618162870407,,89585.890625,,0.5,,91714.390625,,0.625,,0.5,,256.0,,0.5975465178489685,,0.01171875,,2128.49951171875,,,,,,,,,,,
7,95499,,14621.2373046875,,0.0051049585454165936,,12993.8779296875,,0.484375,,14621.2373046875,,0.5,,0.515625,,256.0,,0.47481533885002136,,0.0,,1627.359619140625,,,,,,,,,,,
7,95549,,11536.4208984375,,0.0045183515176177025,,9758.9462890625,,0.4765625,,11536.4208984375,,0.59375,,0.5234375,,256.0,,0.6242104768753052,,0.00390625,,1777.4749755859375,,,,,,,,,,,
7,95599,,53346.37109375,,0.0048152427189052105,,51438.09765625,,0.45703125,,53346.37109375,,0.494140625,,0.54296875,,256.0,,0.5082509517669678,,0.00390625,,1908.2740478515625,,,,,,,,,,,
7,95649,,16531.865234375,,0.004887201823294163,,14714.09375,,0.4921875,,16531.865234375,,0.62109375,,0.5078125,,256.0,,0.605400025844574,,0.0078125,,1817.770751953125,,,,,,,,,,,
7,95699,,9351.6953125,,0.004807069897651672,,7875.9111328125,,0.5078125,,9351.6953125,,0.52734375,,0.4921875,,256.0,,0.5414093136787415,,0.0,,1475.7841796875,,,,,,,,,,,
7,95749,,90644.078125,,0.004762596916407347,,88621.1328125,,0.51171875,,90644.078125,,0.76171875,,0.48828125,,256.0,,0.7050620913505554,,0.0078125,,2022.9425048828125,,,,,,,,,,,
7,95799,,75763.640625,,0.004620569758117199,,73917.265625,,0.4921875,,75763.640625,,0.63671875,,0.5078125,,256.0,,0.6180881261825562,,0.00390625,,1846.3768310546875,,,,,,,,,,,
7,95849,,13063.5107421875,,0.005123040173202753,,11481.4560546875,,0.51953125,,13063.5107421875,,0.69140625,,0.48046875,,256.0,,0.6697338819503784,,0.0,,1582.054443359375,,,,,,,,,,,
7,95899,,18524.009765625,,0.00525670638307929,,16888.84375,,0.5234375,,18524.009765625,,0.56640625,,0.4765625,,256.0,,0.5675251483917236,,0.0,,1635.16552734375,,,,,,,,,,,
7,95949,,12462.591796875,,0.004976282361894846,,10840.3388671875,,0.546875,,12462.591796875,,0.6015625,,0.453125,,256.0,,0.6026517748832703,,0.0,,1622.253173828125,,,,,,,,,,,
7,95999,,15555.85546875,,0.004938538186252117,,13902.693359375,,0.49609375,,15555.85546875,,0.45703125,,0.50390625,,256.0,,0.4613882005214691,,0.0,,1653.1619873046875,,,,,,,,,,,
7,96049,,103301.6875,,0.00447129737585783,,101041.046875,,0.51171875,,103301.6875,,0.53515625,,0.48828125,,256.0,,0.5094863176345825,,0.01171875,,2260.6435546875,,,,,,,,,,,
7,96099,,17423.373046875,,0.004920414183288813,,15581.3046875,,0.50390625,,17423.373046875,,0.53125,,0.49609375,,256.0,,0.5071315169334412,,0.00390625,,1842.06787109375,,,,,,,,,,,
7,96149,,13019.4365234375,,0.005009566433727741,,11242.416015625,,0.4609375,,13019.4365234375,,0.53515625,,0.5390625,,256.0,,0.5332682132720947,,0.00390625,,1777.020751953125,,,,,,,,,,,
7,96199,,10635.55859375,,0.004702329635620117,,9143.130859375,,0.5234375,,10635.55859375,,0.51171875,,0.4765625,,256.0,,0.4914914071559906,,0.0,,1492.427978515625,,,,,,,,,,,
7,96249,,68889.109375,,0.004783184267580509,,67009.8515625,,0.5234375,,68889.109375,,0.578125,,0.4765625,,256.0,,0.5609931945800781,,0.0078125,,1879.25927734375,,,,,,,,,,,
7,96299,,16033.232421875,,0.004790694918483496,,14546.6357421875,,0.44140625,,16033.232421875,,0.54296875,,0.55859375,,256.0,,0.5228489637374878,,0.0,,1486.596923828125,,,,,,,,,,,
7,96349,,15802.2822265625,,0.005306055303663015,,14102.0166015625,,0.4921875,,15802.2822265625,,0.53125,,0.5078125,,256.0,,0.5031260848045349,,0.0,,1700.2655029296875,,,,,,,,,,,
7,96399,,39789.20703125,,0.004908749368041754,,38197.05078125,,0.55078125,,39789.20703125,,0.52734375,,0.44921875,,256.0,,0.5107437968254089,,0.00390625,,1592.1572265625,,,,,,,,,,,
7,96449,,45839.078125,,0.004673046059906483,,43906.13671875,,0.46484375,,45839.078125,,0.53515625,,0.53515625,,256.0,,0.5151365399360657,,0.0078125,,1932.9420166015625,,,,,,,,,,,
7,96499,,14220.7841796875,,0.004620891064405441,,12635.3251953125,,0.53125,,14220.7841796875,,0.52734375,,0.46875,,256.0,,0.5528421401977539,,0.0,,1585.4586181640625,,,,,,,,,,,
7,96549,,19783.744140625,,0.0048684412613511086,,17929.84765625,,0.46875,,19783.744140625,,0.53125,,0.53125,,256.0,,0.5015836954116821,,0.00390625,,1853.8970947265625,,,,,,,,,,,
7,96599,,93346.2890625,,0.0052077751606702805,,90987.15625,,0.484375,,93346.2890625,,0.6015625,,0.515625,,256.0,,0.5635153651237488,,0.01171875,,2359.133544921875,,,,,,,,,,,
7,96649,,58919.91796875,,0.005050368141382933,,56646.58984375,,0.49609375,,58919.91796875,,0.67578125,,0.50390625,,256.0,,0.6523271799087524,,0.01171875,,2273.327880859375,,,,,,,,,,,
7,96699,,16007.9345703125,,0.004822826012969017,,14297.0400390625,,0.4609375,,16007.9345703125,,0.6796875,,0.5390625,,256.0,,0.6379615068435669,,0.0078125,,1710.894775390625,,,,,,,,,,,
7,96749,,120305.2265625,,0.0043576243333518505,,118168.0234375,,0.515625,,120305.2265625,,0.41796875,,0.484375,,256.0,,0.4106900691986084,,0.0078125,,2137.2060546875,,,,,,,,,,,
7,96799,,51814.78125,,0.00502230878919363,,49719.25,,0.48828125,,51814.78125,,0.5703125,,0.51171875,,256.0,,0.528690755367279,,0.0078125,,2095.533203125,,,,,,,,,,,
7,96849,,12974.0390625,,0.004848494194447994,,11316.630859375,,0.4921875,,12974.0390625,,0.68359375,,0.5078125,,256.0,,0.6277217268943787,,0.00390625,,1657.407958984375,,,,,,,,,,,
7,96899,,17851.859375,,0.004580223001539707,,16190.4365234375,,0.48828125,,17851.859375,,0.58203125,,0.51171875,,256.0,,0.5577439069747925,,0.00390625,,1661.421875,,,,,,,,,,,
7,96949,,62596.5078125,,0.0049509089440107346,,60817.82421875,,0.421875,,62596.5078125,,0.48046875,,0.578125,,256.0,,0.4704234004020691,,0.00390625,,1778.684326171875,,,,,,,,,,,
7,96999,,78681.125,,0.0049042124301195145,,76573.8203125,,0.51171875,,78681.125,,0.35546875,,0.48828125,,256.0,,0.3388556241989136,,0.01171875,,2107.30810546875,,,,,,,,,,,
7,97049,,14273.5283203125,,0.0046056341379880905,,12674.923828125,,0.48828125,,14273.5283203125,,0.453125,,0.51171875,,256.0,,0.44976112246513367,,0.0,,1598.6043701171875,,,,,,,,,,,
7,97099,,94755.984375,,0.005247194319963455,,92628.5234375,,0.5390625,,94755.984375,,0.390625,,0.4609375,,256.0,,0.3594030737876892,,0.0078125,,2127.46240234375,,,,,,,,,,,
7,97149,,10507.9404296875,,0.0049223280511796474,,8677.1669921875,,0.546875,,10507.9404296875,,0.431640625,,0.453125,,256.0,,0.4366118907928467,,0.00390625,,1830.7734375,,,,,,,,,,,
7,97199,,85649.4921875,,0.004709276836365461,,83633.3125,,0.46875,,85649.4921875,,0.69921875,,0.53125,,256.0,,0.6436545252799988,,0.0078125,,2016.1822509765625,,,,,,,,,,,
7,97249,,13608.33203125,,0.004692756105214357,,11992.9541015625,,0.53125,,13608.33203125,,0.416015625,,0.46875,,256.0,,0.3966304659843445,,0.0,,1615.377685546875,,,,,,,,,,,
7,97299,,15920.9287109375,,0.004831932485103607,,14313.1787109375,,0.54296875,,15920.9287109375,,0.55859375,,0.45703125,,256.0,,0.5303605794906616,,0.0,,1607.75,,,,,,,,,,,
7,97349,,26322.474609375,,0.0048208762891590595,,24579.298828125,,0.4609375,,26322.474609375,,0.625,,0.5390625,,256.0,,0.6050235629081726,,0.0,,1743.17578125,,,,,,,,,,,
7,97399,,47875.16015625,,0.005119132809340954,,45954.4375,,0.48828125,,47875.16015625,,0.470703125,,0.51171875,,256.0,,0.46512025594711304,,0.01171875,,1920.724365234375,,,,,,,,,,,
7,97449,,19920.18359375,,0.004702925682067871,,17931.259765625,,0.515625,,19920.18359375,,0.57421875,,0.484375,,256.0,,0.5419876575469971,,0.0078125,,1988.9244384765625,,,,,,,,,,,
7,97499,,60345.58984375,,0.0046515860594809055,,58178.34375,,0.5234375,,60345.58984375,,0.5546875,,0.4765625,,256.0,,0.5284242630004883,,0.01171875,,2167.24560546875,,,,,,,,,,,
7,97549,,54793.921875,,0.00571480905637145,,53033.8046875,,0.51953125,,54793.921875,,0.53125,,0.48046875,,256.0,,0.5101618766784668,,0.00390625,,1760.1173095703125,,,,,,,,,,,
7,97599,,14430.4384765625,,0.008212948217988014,,12772.3955078125,,0.46484375,,14430.4384765625,,0.48828125,,0.53515625,,256.0,,0.47808727622032166,,0.0,,1658.042724609375,,,,,,,,,,,
7,97649,,78081.1484375,,0.0046929409727454185,,76155.1640625,,0.49609375,,78081.1484375,,0.5078125,,0.50390625,,256.0,,0.4842972159385681,,0.00390625,,1925.9847412109375,,,,,,,,,,,
7,97699,,45365.90625,,0.004567325115203857,,43589.8515625,,0.46875,,45365.90625,,0.58203125,,0.53125,,256.0,,0.5486553907394409,,0.00390625,,1776.0537109375,,,,,,,,,,,
7,97749,,16034.4677734375,,0.004596970044076443,,14314.8505859375,,0.55859375,,16034.4677734375,,0.56640625,,0.44140625,,256.0,,0.5569896697998047,,0.00390625,,1719.6171875,,,,,,,,,,,
7,97799,,12767.7421875,,0.005012776702642441,,11102.4716796875,,0.51171875,,12767.7421875,,0.609375,,0.48828125,,256.0,,0.6046620011329651,,0.00390625,,1665.2705078125,,,,,,,,,,,
7,97849,,12903.478515625,,0.0045686443336308,,11268.3095703125,,0.4921875,,12903.478515625,,0.5546875,,0.5078125,,256.0,,0.5220901966094971,,0.0,,1635.169189453125,,,,,,,,,,,
7,97899,,13557.23046875,,0.005077321082353592,,11899.021484375,,0.5078125,,13557.23046875,,0.5,,0.4921875,,256.0,,0.4918850064277649,,0.00390625,,1658.209228515625,,,,,,,,,,,
7,97949,,14627.2197265625,,0.00505712628364563,,13036.603515625,,0.5234375,,14627.2197265625,,0.73046875,,0.4765625,,256.0,,0.7323435544967651,,0.0,,1590.6163330078125,,,,,,,,,,,
7,97999,,87444.8671875,,0.004970913287252188,,85532.25,,0.51953125,,87444.8671875,,0.486328125,,0.48046875,,256.0,,0.46135255694389343,,0.0078125,,1912.619384765625,,,,,,,,,,,
7,98049,,13630.4208984375,,0.00523723429068923,,11949.7412109375,,0.515625,,13630.4208984375,,0.55859375,,0.484375,,256.0,,0.5442417860031128,,0.00390625,,1680.6795654296875,,,,,,,,,,,
7,98099,,94278.8125,,0.005045335739850998,,92020.1953125,,0.48046875,,94278.8125,,0.6796875,,0.51953125,,256.0,,0.6391235589981079,,0.01171875,,2258.616455078125,,,,,,,,,,,
7,98149,,56419.76171875,,0.004717906005680561,,54566.97265625,,0.48046875,,56419.76171875,,0.5390625,,0.51953125,,256.0,,0.4835453927516937,,0.0078125,,1852.78759765625,,,,,,,,,,,
7,98199,,14600.0517578125,,0.0052179074846208096,,12926.1708984375,,0.5390625,,14600.0517578125,,0.62109375,,0.4609375,,256.0,,0.5872194766998291,,0.0,,1673.8812255859375,,,,,,,,,,,
7,98249,,91827.6015625,,0.004720360040664673,,89347.703125,,0.52734375,,91827.6015625,,0.6015625,,0.47265625,,256.0,,0.5576996803283691,,0.01953125,,2479.898193359375,,,,,,,,,,,
7,98299,,84767.75,,0.004900442436337471,,82728.984375,,0.5234375,,84767.75,,0.640625,,0.4765625,,256.0,,0.5963369607925415,,0.0078125,,2038.76904296875,,,,,,,,,,,
7,98349,,45416.35546875,,0.005331055726855993,,43521.75390625,,0.48828125,,45416.35546875,,0.625,,0.51171875,,256.0,,0.5950118899345398,,0.0078125,,1894.6011962890625,,,,,,,,,,,
7,98399,,53366.1328125,,0.007284556981176138,,51282.53125,,0.484375,,53366.1328125,,0.62890625,,0.515625,,256.0,,0.569724977016449,,0.0078125,,2083.60107421875,,,,,,,,,,,
7,98449,,13101.705078125,,0.004996173083782196,,11387.1240234375,,0.49609375,,13101.705078125,,0.625,,0.50390625,,256.0,,0.6115021109580994,,0.0078125,,1714.5809326171875,,,,,,,,,,,
7,98499,,11760.23046875,,0.004486845340579748,,10232.68359375,,0.4765625,,11760.23046875,,0.79296875,,0.5234375,,256.0,,0.7748252749443054,,0.0,,1527.547119140625,,,,,,,,,,,
7,98549,,14199.19140625,,0.005394661799073219,,12615.8876953125,,0.4921875,,14199.19140625,,0.625,,0.5078125,,256.0,,0.6366479396820068,,0.0,,1583.303466796875,,,,,,,,,,,
7,98599,,12850.9169921875,,0.005002632737159729,,10908.0146484375,,0.5,,12850.9169921875,,0.60546875,,0.5,,256.0,,0.5830246210098267,,0.0078125,,1942.90234375,,,,,,,,,,,
7,98649,,16493.890625,,0.005028022453188896,,14891.322265625,,0.484375,,16493.890625,,0.59375,,0.515625,,256.0,,0.592172384262085,,0.0,,1602.5689697265625,,,,,,,,,,,
7,98699,,19812.943359375,,0.004740850999951363,,18256.0546875,,0.45703125,,19812.943359375,,0.65234375,,0.54296875,,256.0,,0.6029782295227051,,0.0,,1556.8890380859375,,,,,,,,,,,
7,98749,,42929.1875,,0.004865697119385004,,41112.59765625,,0.53125,,42929.1875,,0.5078125,,0.46875,,256.0,,0.4959154725074768,,0.00390625,,1816.590576171875,,,,,,,,,,,
7,98799,,11428.4404296875,,0.0051301103085279465,,9919.30078125,,0.57421875,,11428.4404296875,,0.482421875,,0.42578125,,256.0,,0.4578593969345093,,0.0,,1509.139892578125,,,,,,,,,,,
7,98849,,12824.8076171875,,0.004625912290066481,,11252.041015625,,0.50390625,,12824.8076171875,,0.458984375,,0.49609375,,256.0,,0.4495069980621338,,0.0,,1572.766357421875,,,,,,,,,,,
7,98899,,18322.1796875,,0.0050236741080880165,,16462.396484375,,0.48046875,,18322.1796875,,0.61328125,,0.51953125,,256.0,,0.5786935091018677,,0.0078125,,1859.78271484375,,,,,,,,,,,
7,98949,,87804.0703125,,0.0052335746586322784,,85910.90625,,0.5,,87804.0703125,,0.67578125,,0.5,,256.0,,0.655942440032959,,0.0078125,,1893.1663818359375,,,,,,,,,,,
7,98999,,14788.173828125,,0.005186019465327263,,13111.9609375,,0.5,,14788.173828125,,0.62890625,,0.5,,256.0,,0.6224519610404968,,0.0,,1676.212890625,,,,,,,,,,,
7,99049,,59045.8125,,0.00506862998008728,,56957.41796875,,0.48828125,,59045.8125,,0.6171875,,0.51171875,,256.0,,0.6040657758712769,,0.0078125,,2088.396240234375,,,,,,,,,,,
7,99099,,45077.0859375,,0.00538114458322525,,43258.05078125,,0.50390625,,45077.0859375,,0.59765625,,0.49609375,,256.0,,0.5989004373550415,,0.00390625,,1819.03369140625,,,,,,,,,,,
7,99149,,17650.08984375,,0.004570630379021168,,15959.708984375,,0.4765625,,17650.08984375,,0.4453125,,0.5234375,,256.0,,0.4291205406188965,,0.00390625,,1690.380126953125,,,,,,,,,,,
7,99199,,17564.60546875,,0.004911988042294979,,15940.607421875,,0.5078125,,17564.60546875,,0.62890625,,0.4921875,,256.0,,0.6525813341140747,,0.0,,1623.998779296875,,,,,,,,,,,
7,99249,,52037.05078125,,0.004863177426159382,,50142.7734375,,0.5078125,,52037.05078125,,0.63671875,,0.4921875,,256.0,,0.6418480277061462,,0.0078125,,1894.2769775390625,,,,,,,,,,,
7,99299,,11948.6240234375,,0.004605569876730442,,10285.0400390625,,0.51953125,,11948.6240234375,,0.51171875,,0.48046875,,256.0,,0.5054707527160645,,0.00390625,,1663.5843505859375,,,,,,,,,,,
7,99349,,92094.0546875,,0.0047342535108327866,,90048.8828125,,0.43359375,,92094.0546875,,0.56640625,,0.56640625,,256.0,,0.5879040956497192,,0.0078125,,2045.1749267578125,,,,,,,,,,,
7,99399,,18231.375,,0.004813660867512226,,16586.814453125,,0.5234375,,18231.375,,0.6328125,,0.4765625,,256.0,,0.595235288143158,,0.0,,1644.559814453125,,,,,,,,,,,
7,99449,,75096.6171875,,0.0052593424916267395,,73279.828125,,0.48046875,,75096.6171875,,0.67578125,,0.51953125,,256.0,,0.6365524530410767,,0.00390625,,1816.791259765625,,,,,,,,,,,
7,99499,,51498.87890625,,0.0046867746859788895,,49648.49609375,,0.48828125,,51498.87890625,,0.50390625,,0.51171875,,256.0,,0.4993768632411957,,0.00390625,,1850.382568359375,,,,,,,,,,,
7,99549,,50064.79296875,,0.005000912584364414,,48193.859375,,0.52734375,,50064.79296875,,0.57421875,,0.47265625,,256.0,,0.5421814918518066,,0.00390625,,1870.934326171875,,,,,,,,,,,
7,99599,,16995.166015625,,0.004828165285289288,,15218.240234375,,0.51953125,,16995.166015625,,0.66796875,,0.48046875,,256.0,,0.6193480491638184,,0.00390625,,1776.92529296875,,,,,,,,,,,
7,99649,,11804.859375,,0.004534452222287655,,10276.369140625,,0.4609375,,11804.859375,,0.5390625,,0.5390625,,256.0,,0.5130453705787659,,0.0,,1528.490234375,,,,,,,,,,,
7,99699,,17462.53515625,,0.0048063332214951515,,15175.5634765625,,0.5078125,,17462.53515625,,0.63671875,,0.4921875,,256.0,,0.5999768972396851,,0.01171875,,2286.972412109375,,,,,,,,,,,
7,99749,,72747.578125,,0.004973915405571461,,70540.875,,0.50390625,,72747.578125,,0.62890625,,0.49609375,,256.0,,0.6080985069274902,,0.0078125,,2206.69970703125,,,,,,,,,,,
7,99799,,15807.82421875,,0.004233080428093672,,14034.7197265625,,0.4765625,,15807.82421875,,0.61328125,,0.5234375,,256.0,,0.6023292541503906,,0.0078125,,1773.1041259765625,,,,,,,,,,,
7,99849,,61430.29296875,,0.004525749944150448,,59669.58203125,,0.51953125,,61430.29296875,,0.51953125,,0.48046875,,256.0,,0.49133920669555664,,0.00390625,,1760.7113037109375,,,,,,,,,,,
7,99899,,11324.65234375,,0.005013742949813604,,9697.416015625,,0.5234375,,11324.65234375,,0.5625,,0.4765625,,256.0,,0.5191218852996826,,0.0,,1627.236328125,,,,,,,,,,,
7,99949,,85131.84375,,0.00489225797355175,,83046.8359375,,0.515625,,85131.84375,,0.5859375,,0.484375,,256.0,,0.5601862668991089,,0.0078125,,2085.00927734375,,,,,,,,,,,
7,99999,,14318.98046875,,0.004783270880579948,,12792.6328125,,0.48828125,,14318.98046875,,0.7265625,,0.51171875,,256.0,,0.7329254150390625,,0.0,,1526.34716796875,,,,,,,,,,,
7,100049,,15123.966796875,,0.00506708025932312,,12837.2900390625,,0.5078125,,15123.966796875,,0.546875,,0.4921875,,256.0,,0.5072351694107056,,0.015625,,2286.67724609375,,,,,,,,,,,
7,100099,,93699.328125,,0.004939884878695011,,91657.125,,0.46875,,93699.328125,,0.56640625,,0.53125,,256.0,,0.5375964641571045,,0.0078125,,2042.20556640625,,,,,,,,,,,
7,100149,,12685.77734375,,0.004974025301635265,,11026.5986328125,,0.5234375,,12685.77734375,,0.59375,,0.4765625,,256.0,,0.5674521327018738,,0.0078125,,1659.178466796875,,,,,,,,,,,
7,100199,,46542.23828125,,0.004621892236173153,,44497.703125,,0.51171875,,46542.23828125,,0.625,,0.48828125,,256.0,,0.5871906280517578,,0.015625,,2044.535400390625,,,,,,,,,,,
7,100249,,71087.3125,,0.004516190849244595,,68942.4140625,,0.49609375,,71087.3125,,0.640625,,0.50390625,,256.0,,0.5894328951835632,,0.015625,,2144.90087890625,,,,,,,,,,,
7,100299,,65872.953125,,0.005200994201004505,,63928.66015625,,0.46875,,65872.953125,,0.640625,,0.53125,,256.0,,0.6011277437210083,,0.00390625,,1944.2939453125,,,,,,,,,,,
7,100349,,54929.4609375,,0.004509568214416504,,52886.625,,0.55078125,,54929.4609375,,0.6484375,,0.44921875,,256.0,,0.6125794649124146,,0.0078125,,2042.8341064453125,,,,,,,,,,,
7,100399,,100907.7734375,,0.004754297435283661,,98715.71875,,0.44921875,,100907.7734375,,0.52734375,,0.55078125,,256.0,,0.5001945495605469,,0.01171875,,2192.05419921875,,,,,,,,,,,
7,100449,,13206.9560546875,,0.004859132692217827,,11601.8642578125,,0.515625,,13206.9560546875,,0.484375,,0.484375,,256.0,,0.4476412534713745,,0.0,,1605.0916748046875,,,,,,,,,,,
7,100499,,54228.35546875,,0.004917284473776817,,52329.71484375,,0.51171875,,54228.35546875,,0.4921875,,0.48828125,,256.0,,0.4782179594039917,,0.00390625,,1898.6419677734375,,,,,,,,,,,
7,100549,,15918.119140625,,0.004726924002170563,,14331.2646484375,,0.49609375,,15918.119140625,,0.5859375,,0.50390625,,256.0,,0.5610005855560303,,0.00390625,,1586.8544921875,,,,,,,,,,,
7,100599,,12398.021484375,,0.004679479636251926,,10858.8837890625,,0.484375,,12398.021484375,,0.6875,,0.515625,,256.0,,0.6651481986045837,,0.0,,1539.137939453125,,,,,,,,,,,
7,100649,,15330.041015625,,0.004598050378262997,,13759.0244140625,,0.53125,,15330.041015625,,0.53125,,0.46875,,256.0,,0.5426228642463684,,0.0,,1571.016845703125,,,,,,,,,,,
7,100699,,13063.32421875,,0.004699167795479298,,11251.8740234375,,0.45703125,,13063.32421875,,0.578125,,0.54296875,,256.0,,0.5622854828834534,,0.0078125,,1811.4505615234375,,,,,,,,,,,
7,100749,,14922.9765625,,0.005032243672758341,,13225.7880859375,,0.54296875,,14922.9765625,,0.57421875,,0.45703125,,256.0,,0.5561914443969727,,0.00390625,,1697.188232421875,,,,,,,,,,,
7,100799,,39835.984375,,0.004763847216963768,,37779.8046875,,0.50390625,,39835.984375,,0.63671875,,0.49609375,,256.0,,0.6184180974960327,,0.01171875,,2056.181640625,,,,,,,,,,,
7,100849,,54353.01171875,,0.004526171833276749,,52663.64453125,,0.44921875,,54353.01171875,,0.60546875,,0.55078125,,256.0,,0.5591927766799927,,0.00390625,,1689.3681640625,,,,,,,,,,,
7,100899,,99805.09375,,0.004817544482648373,,97739.6015625,,0.4765625,,99805.09375,,0.52734375,,0.5234375,,256.0,,0.5068105459213257,,0.01171875,,2065.48974609375,,,,,,,,,,,
7,100949,,84848.34375,,0.004756595473736525,,82633.46875,,0.5,,84848.34375,,0.52734375,,0.5,,256.0,,0.5207011699676514,,0.01171875,,2214.87158203125,,,,,,,,,,,
7,100999,,18311.693359375,,0.004816237837076187,,16642.048828125,,0.51953125,,18311.693359375,,0.578125,,0.48046875,,256.0,,0.5534465909004211,,0.00390625,,1669.6444091796875,,,,,,,,,,,
7,101049,,61151.9140625,,0.005344081204384565,,59138.26953125,,0.4921875,,61151.9140625,,0.51171875,,0.5078125,,256.0,,0.4835452437400818,,0.0078125,,2013.6463623046875,,,,,,,,,,,
7,101099,,14109.2138671875,,0.004959378391504288,,12612.2412109375,,0.453125,,14109.2138671875,,0.60546875,,0.546875,,256.0,,0.5641417503356934,,0.0,,1496.9722900390625,,,,,,,,,,,
7,101149,,17382.462890625,,0.004668042063713074,,15806.81640625,,0.46875,,17382.462890625,,0.55078125,,0.53125,,256.0,,0.5615695714950562,,0.0,,1575.647216796875,,,,,,,,,,,
7,101199,,16524.56640625,,0.005009036511182785,,14816.7978515625,,0.5390625,,16524.56640625,,0.6484375,,0.4609375,,256.0,,0.6113150119781494,,0.00390625,,1707.767578125,,,,,,,,,,,
7,101249,,67444.3515625,,0.005086913704872131,,65572.015625,,0.48828125,,67444.3515625,,0.63671875,,0.51171875,,256.0,,0.5975683927536011,,0.00390625,,1872.335693359375,,,,,,,,,,,
7,101299,,57454.77734375,,0.0048548816703259945,,55563.625,,0.5078125,,57454.77734375,,0.578125,,0.4921875,,256.0,,0.5357733368873596,,0.01171875,,1891.151123046875,,,,,,,,,,,
7,101349,,15289.015625,,0.0050881183706223965,,13722.3037109375,,0.48828125,,15289.015625,,0.5234375,,0.51171875,,256.0,,0.49304836988449097,,0.0,,1566.7120361328125,,,,,,,,,,,
7,101399,,109368.3984375,,0.004629222676157951,,106847.375,,0.49609375,,109368.3984375,,0.703125,,0.50390625,,256.0,,0.6515721678733826,,0.015625,,2521.02392578125,,,,,,,,,,,
7,101449,,57080.37109375,,0.00457291305065155,,54928.23828125,,0.53125,,57080.37109375,,0.76953125,,0.46875,,256.0,,0.7275630235671997,,0.0078125,,2152.131103515625,,,,,,,,,,,
7,101499,,134318.296875,,0.00475732795894146,,132077.578125,,0.5078125,,134318.296875,,0.4453125,,0.4921875,,256.0,,0.4445663094520569,,0.01171875,,2240.722412109375,,,,,,,,,,,
7,101549,,51912.984375,,0.004575411323457956,,49989.6171875,,0.5,,51912.984375,,0.4765625,,0.5,,256.0,,0.4990992546081543,,0.0078125,,1923.3671875,,,,,,,,,,,
7,101599,,14038.8251953125,,0.0045620291493833065,,12429.453125,,0.515625,,14038.8251953125,,0.6484375,,0.484375,,256.0,,0.6193935871124268,,0.00390625,,1609.3717041015625,,,,,,,,,,,
7,101649,,95682.375,,0.004630899988114834,,93685.9609375,,0.49609375,,95682.375,,0.57421875,,0.50390625,,256.0,,0.5509011745452881,,0.0078125,,1996.41015625,,,,,,,,,,,
7,101699,,19893.107421875,,0.005100693088024855,,17992.24609375,,0.59375,,19893.107421875,,0.63671875,,0.40625,,256.0,,0.6401134729385376,,0.00390625,,1900.861572265625,,,,,,,,,,,
7,101749,,48602.1015625,,0.005322501063346863,,46278.91015625,,0.5234375,,48602.1015625,,0.76953125,,0.4765625,,256.0,,0.7338918447494507,,0.015625,,2323.189453125,,,,,,,,,,,
7,101799,,95630.0234375,,0.004842869471758604,,93251.0,,0.51171875,,95630.0234375,,0.59765625,,0.48828125,,256.0,,0.5944448113441467,,0.01171875,,2379.0234375,,,,,,,,,,,
7,101849,,45651.24609375,,0.005280734971165657,,43965.28125,,0.51171875,,45651.24609375,,0.5546875,,0.48828125,,256.0,,0.5464493036270142,,0.00390625,,1685.964111328125,,,,,,,,,,,
7,101899,,15174.1611328125,,0.005020910874009132,,13559.13671875,,0.52734375,,15174.1611328125,,0.84375,,0.47265625,,256.0,,0.7975675463676453,,0.0,,1615.0245361328125,,,,,,,,,,,
7,101949,,11666.9443359375,,0.005036716815084219,,10155.8408203125,,0.54296875,,11666.9443359375,,0.60546875,,0.45703125,,256.0,,0.5717653632164001,,0.0,,1511.1036376953125,,,,,,,,,,,
7,101999,,99402.5859375,,0.0050033824518322945,,96891.8984375,,0.484375,,99402.5859375,,0.59375,,0.515625,,256.0,,0.6044712066650391,,0.01953125,,2510.686279296875,,,,,,,,,,,
7,102049,,51024.3125,,0.005337178707122803,,48912.69140625,,0.5234375,,51024.3125,,0.62890625,,0.4765625,,256.0,,0.5960425734519958,,0.01171875,,2111.620849609375,,,,,,,,,,,
7,102099,,14284.8857421875,,0.004855263978242874,,12350.3447265625,,0.45703125,,14284.8857421875,,0.578125,,0.54296875,,256.0,,0.5648962259292603,,0.01171875,,1934.5413818359375,,,,,,,,,,,
7,102149,,13835.3291015625,,0.0043802037835121155,,11885.26953125,,0.453125,,13835.3291015625,,0.65234375,,0.546875,,256.0,,0.6263099908828735,,0.01171875,,1950.059326171875,,,,,,,,,,,
7,102199,,12951.6123046875,,0.004871217533946037,,11426.8330078125,,0.48828125,,12951.6123046875,,0.68359375,,0.51171875,,256.0,,0.6752246618270874,,0.0,,1524.779052734375,,,,,,,,,,,
7,102249,,11929.9951171875,,0.004811227321624756,,10359.3828125,,0.46484375,,11929.9951171875,,0.6171875,,0.53515625,,256.0,,0.60196852684021,,0.0,,1570.612060546875,,,,,,,,,,,
7,102299,,64875.83984375,,0.005537053570151329,,62911.2890625,,0.5,,64875.83984375,,0.61328125,,0.5,,256.0,,0.5519713759422302,,0.00390625,,1964.5523681640625,,,,,,,,,,,
7,102349,,11257.0810546875,,0.004678213037550449,,9593.775390625,,0.52734375,,11257.0810546875,,0.65234375,,0.47265625,,256.0,,0.6283313035964966,,0.00390625,,1663.3056640625,,,,,,,,,,,
7,102367,,,,,,,,,,,,,,,,,,,,,,,17670.98828125,0.004860734101384878,16064.5478515625,0.4998077154159546,17670.98828125,0.6367369890213013,0.5001922845840454,255.98416137695312,0.6223322153091431,0.0010014981962740421,1606.46435546875
7,102367,41160.40625,,0.004855799488723278,,39335.19140625,,0.4995274543762207,,41160.40625,,0.5907019972801208,,0.5004725456237793,,256.0,,0.5711753368377686,,0.005103828851133585,,1825.2088623046875,,,,,,,,,,,,
8,102399,,65838.6640625,,0.004652351140975952,,63885.63671875,,0.4375,,65838.6640625,,0.62109375,,0.5625,,256.0,,0.5982487201690674,,0.0078125,,1953.03076171875,,,,,,,,,,,
8,102449,,19796.330078125,,0.004779196344316006,,17864.931640625,,0.54296875,,19796.330078125,,0.7421875,,0.45703125,,256.0,,0.714561939239502,,0.00390625,,1931.398681640625,,,,,,,,,,,
8,102499,,10056.2431640625,,0.004960285034030676,,8643.6416015625,,0.50390625,,10056.2431640625,,0.53125,,0.49609375,,256.0,,0.49120911955833435,,0.0,,1412.601806640625,,,,,,,,,,,
8,102549,,108774.8203125,,0.00506130326539278,,106633.40625,,0.5,,108774.8203125,,0.71875,,0.5,,256.0,,0.682788074016571,,0.015625,,2141.412841796875,,,,,,,,,,,
8,102599,,13995.88671875,,0.004565833136439323,,12468.76171875,,0.484375,,13995.88671875,,0.58984375,,0.515625,,256.0,,0.5783500671386719,,0.0,,1527.12548828125,,,,,,,,,,,
8,102649,,15728.59375,,0.004642901476472616,,14206.1357421875,,0.5390625,,15728.59375,,0.59375,,0.4609375,,256.0,,0.5784573554992676,,0.0,,1522.4581298828125,,,,,,,,,,,
8,102699,,53064.17578125,,0.0045278677716851234,,51187.6796875,,0.5234375,,53064.17578125,,0.5625,,0.4765625,,256.0,,0.5492569804191589,,0.00390625,,1876.495849609375,,,,,,,,,,,
8,102749,,57823.5078125,,0.00444184010848403,,55677.50390625,,0.50390625,,57823.5078125,,0.66015625,,0.49609375,,256.0,,0.6162489652633667,,0.01171875,,2146.002685546875,,,,,,,,,,,
8,102799,,119800.8515625,,0.00493840966373682,,117397.1640625,,0.5234375,,119800.8515625,,0.64453125,,0.4765625,,256.0,,0.6143163442611694,,0.015625,,2403.68896484375,,,,,,,,,,,
8,102849,,20940.0703125,,0.005154585465788841,,19188.94921875,,0.50390625,,20940.0703125,,0.64453125,,0.49609375,,256.0,,0.6062268018722534,,0.00390625,,1751.121826171875,,,,,,,,,,,
8,102899,,44723.20703125,,0.004665569867938757,,42871.8125,,0.51171875,,44723.20703125,,0.51171875,,0.48828125,,256.0,,0.4831318259239197,,0.0078125,,1851.394775390625,,,,,,,,,,,
8,102949,,13414.9443359375,,0.004859618842601776,,11959.0927734375,,0.55078125,,13414.9443359375,,0.54296875,,0.44921875,,256.0,,0.5459872484207153,,0.0,,1455.8515625,,,,,,,,,,,
8,102999,,58023.484375,,0.004644633270800114,,55859.7578125,,0.484375,,58023.484375,,0.703125,,0.515625,,256.0,,0.6836631298065186,,0.01171875,,2163.72509765625,,,,,,,,,,,
8,103049,,58629.28125,,0.004806972574442625,,56703.39453125,,0.51171875,,58629.28125,,0.56640625,,0.48828125,,256.0,,0.5692396759986877,,0.0078125,,1925.88623046875,,,,,,,,,,,
8,103099,,68720.7265625,,0.005024447571486235,,66765.75,,0.50390625,,68720.7265625,,0.66015625,,0.49609375,,256.0,,0.6609699130058289,,0.0078125,,1954.977294921875,,,,,,,,,,,
8,103149,,97998.8125,,0.004950002767145634,,95853.2890625,,0.4375,,97998.8125,,0.50390625,,0.5625,,256.0,,0.4940303564071655,,0.015625,,2145.52099609375,,,,,,,,,,,
8,103199,,17565.716796875,,0.004821678623557091,,15982.8115234375,,0.5078125,,17565.716796875,,0.59375,,0.4921875,,256.0,,0.6053800582885742,,0.0,,1582.90478515625,,,,,,,,,,,
8,103249,,64323.71875,,0.004833923652768135,,62464.54296875,,0.5,,64323.71875,,0.578125,,0.5,,256.0,,0.5587714910507202,,0.0078125,,1859.17431640625,,,,,,,,,,,
8,103299,,13401.5693359375,,0.004283127374947071,,11807.5068359375,,0.515625,,13401.5693359375,,0.6796875,,0.484375,,256.0,,0.6615602970123291,,0.00390625,,1594.0623779296875,,,,,,,,,,,
8,103349,,11816.138671875,,0.0050503648817539215,,10173.8671875,,0.53125,,11816.138671875,,0.6953125,,0.46875,,256.0,,0.6624770760536194,,0.0,,1642.2713623046875,,,,,,,,,,,
8,103399,,18114.103515625,,0.004763126373291016,,16249.6015625,,0.44921875,,18114.103515625,,0.65625,,0.55078125,,256.0,,0.6484390497207642,,0.00390625,,1864.502685546875,,,,,,,,,,,
8,103449,,10833.8896484375,,0.004724606871604919,,9352.30078125,,0.4765625,,10833.8896484375,,0.5,,0.5234375,,256.0,,0.5070301294326782,,0.0,,1481.5888671875,,,,,,,,,,,
8,103499,,13273.8271484375,,0.004415573552250862,,11707.78515625,,0.43359375,,13273.8271484375,,0.63671875,,0.56640625,,256.0,,0.6028575897216797,,0.0,,1566.0418701171875,,,,,,,,,,,
8,103549,,18616.0859375,,0.004863137379288673,,16762.36328125,,0.51171875,,18616.0859375,,0.65234375,,0.48828125,,256.0,,0.6255627274513245,,0.00390625,,1853.7236328125,,,,,,,,,,,
8,103599,,13427.4921875,,0.004523066803812981,,11767.7470703125,,0.453125,,13427.4921875,,0.66796875,,0.546875,,256.0,,0.632273256778717,,0.00390625,,1659.7451171875,,,,,,,,,,,
8,103649,,42992.5,,0.004725334234535694,,40987.33984375,,0.515625,,42992.5,,0.51171875,,0.484375,,256.0,,0.47732114791870117,,0.01171875,,2005.16015625,,,,,,,,,,,
8,103699,,18736.08203125,,0.005166742950677872,,17148.271484375,,0.5,,18736.08203125,,0.5859375,,0.5,,256.0,,0.5666232109069824,,0.0,,1587.811279296875,,,,,,,,,,,
8,103749,,118983.234375,,0.004982523154467344,,116704.7421875,,0.45703125,,118983.234375,,0.62109375,,0.54296875,,256.0,,0.5686354041099548,,0.015625,,2278.4912109375,,,,,,,,,,,
8,103799,,10142.1650390625,,0.005028457846492529,,8462.9306640625,,0.51171875,,10142.1650390625,,0.625,,0.48828125,,256.0,,0.6135802865028381,,0.0,,1679.234619140625,,,,,,,,,,,
8,103849,,54674.82421875,,0.005085324868559837,,52594.73046875,,0.5390625,,54674.82421875,,0.6875,,0.4609375,,256.0,,0.6716384887695312,,0.0078125,,2080.09228515625,,,,,,,,,,,
8,103899,,12327.2236328125,,0.004848669748753309,,10632.1142578125,,0.48046875,,12327.2236328125,,0.5703125,,0.51953125,,256.0,,0.5391622185707092,,0.00390625,,1695.109619140625,,,,,,,,,,,
8,103949,,46641.91015625,,0.004725209902971983,,44858.36328125,,0.5078125,,46641.91015625,,0.546875,,0.4921875,,256.0,,0.5078649520874023,,0.00390625,,1783.5482177734375,,,,,,,,,,,
8,103999,,12475.9326171875,,0.004831066355109215,,10709.046875,,0.48828125,,12475.9326171875,,0.53515625,,0.51171875,,256.0,,0.4880966544151306,,0.00390625,,1766.885498046875,,,,,,,,,,,
8,104049,,21018.330078125,,0.005085986107587814,,19383.71484375,,0.51171875,,21018.330078125,,0.60546875,,0.48828125,,256.0,,0.6003202795982361,,0.0,,1634.6146240234375,,,,,,,,,,,
8,104099,,51956.828125,,0.004349538590759039,,50239.85546875,,0.51171875,,51956.828125,,0.5859375,,0.48828125,,256.0,,0.5632597804069519,,0.0078125,,1716.971923828125,,,,,,,,,,,
8,104149,,16529.1484375,,0.004856162704527378,,14869.4072265625,,0.56640625,,16529.1484375,,0.435546875,,0.43359375,,256.0,,0.4352322518825531,,0.0,,1659.74072265625,,,,,,,,,,,
8,104199,,64285.578125,,0.004759279545396566,,62348.95703125,,0.5390625,,64285.578125,,0.70703125,,0.4609375,,256.0,,0.6973509788513184,,0.00390625,,1936.6201171875,,,,,,,,,,,
8,104249,,16294.12890625,,0.004980710335075855,,14674.60546875,,0.5078125,,16294.12890625,,0.69921875,,0.4921875,,256.0,,0.6926194429397583,,0.0,,1619.52392578125,,,,,,,,,,,
8,104299,,17304.240234375,,0.004449346102774143,,15834.2666015625,,0.47265625,,17304.240234375,,0.7578125,,0.52734375,,256.0,,0.7331224679946899,,0.0,,1469.972900390625,,,,,,,,,,,
8,104349,,10069.7470703125,,0.004923240281641483,,8465.3759765625,,0.5,,10069.7470703125,,0.431640625,,0.5,,256.0,,0.42584115266799927,,0.00390625,,1604.370849609375,,,,,,,,,,,
8,104399,,78272.625,,0.004695014096796513,,76269.3203125,,0.4609375,,78272.625,,0.62890625,,0.5390625,,256.0,,0.6062389612197876,,0.0078125,,2003.3052978515625,,,,,,,,,,,
8,104449,,41666.46484375,,0.005058649927377701,,39548.6171875,,0.52734375,,41666.46484375,,0.62890625,,0.47265625,,256.0,,0.5915874242782593,,0.0078125,,2117.847412109375,,,,,,,,,,,
8,104499,,13044.65234375,,0.004438307136297226,,11401.794921875,,0.453125,,13044.65234375,,0.478515625,,0.546875,,256.0,,0.43423908948898315,,0.00390625,,1642.8570556640625,,,,,,,,,,,
8,104549,,64283.85546875,,0.004624706692993641,,62440.85546875,,0.4765625,,64283.85546875,,0.58203125,,0.5234375,,256.0,,0.5545158386230469,,0.00390625,,1842.998291015625,,,,,,,,,,,
8,104599,,17890.703125,,0.005015328526496887,,16286.1474609375,,0.54296875,,17890.703125,,0.48046875,,0.45703125,,256.0,,0.459052175283432,,0.0,,1604.555908203125,,,,,,,,,,,
8,104649,,57721.4765625,,0.004711243323981762,,55712.53515625,,0.515625,,57721.4765625,,0.8046875,,0.484375,,256.0,,0.7835177779197693,,0.015625,,2008.9423828125,,,,,,,,,,,
8,104699,,44979.12890625,,0.004475763998925686,,42972.265625,,0.51171875,,44979.12890625,,0.58984375,,0.48828125,,256.0,,0.5578256845474243,,0.0078125,,2006.8624267578125,,,,,,,,,,,
8,104749,,112575.3125,,0.004696833901107311,,110195.6953125,,0.51171875,,112575.3125,,0.72265625,,0.48828125,,256.0,,0.6723362803459167,,0.015625,,2379.616943359375,,,,,,,,,,,
8,104799,,105320.765625,,0.004319297149777412,,103318.3984375,,0.51171875,,105320.765625,,0.65625,,0.48828125,,256.0,,0.6620746850967407,,0.0078125,,2002.366943359375,,,,,,,,,,,
8,104849,,38580.12109375,,0.004837672226130962,,36999.69921875,,0.515625,,38580.12109375,,0.55078125,,0.484375,,256.0,,0.5036858320236206,,0.00390625,,1580.422119140625,,,,,,,,,,,
8,104899,,45141.62890625,,0.005213275086134672,,43407.0625,,0.4375,,45141.62890625,,0.6328125,,0.5625,,256.0,,0.6018717288970947,,0.00390625,,1734.5655517578125,,,,,,,,,,,
8,104949,,48738.45703125,,0.004861700348556042,,46828.41796875,,0.5234375,,48738.45703125,,0.703125,,0.4765625,,256.0,,0.6771578788757324,,0.0078125,,1910.03955078125,,,,,,,,,,,
8,104999,,14439.685546875,,0.004680669400840998,,12615.8076171875,,0.49609375,,14439.685546875,,0.6640625,,0.50390625,,256.0,,0.6436733603477478,,0.0078125,,1823.8780517578125,,,,,,,,,,,
8,105049,,47064.03125,,0.004763967357575893,,45060.28515625,,0.5078125,,47064.03125,,0.5390625,,0.4921875,,256.0,,0.5161711573600769,,0.0078125,,2003.74658203125,,,,,,,,,,,
8,105099,,14621.66015625,,0.00477222865447402,,12737.4208984375,,0.41796875,,14621.66015625,,0.65234375,,0.58203125,,256.0,,0.6176990270614624,,0.0078125,,1884.2391357421875,,,,,,,,,,,
8,105149,,16442.3359375,,0.004499176051467657,,14824.685546875,,0.53515625,,16442.3359375,,0.71875,,0.46484375,,256.0,,0.7006543874740601,,0.0,,1617.650634765625,,,,,,,,,,,
8,105199,,14971.818359375,,0.0046199411153793335,,13252.8681640625,,0.5390625,,14971.818359375,,0.7109375,,0.4609375,,256.0,,0.6787512302398682,,0.00390625,,1718.9501953125,,,,,,,,,,,
8,105249,,49368.30078125,,0.004751844797283411,,47632.39453125,,0.51953125,,49368.30078125,,0.72265625,,0.48046875,,256.0,,0.7143358588218689,,0.00390625,,1735.9052734375,,,,,,,,,,,
8,105299,,41742.078125,,0.00496013555675745,,39921.95703125,,0.484375,,41742.078125,,0.5546875,,0.515625,,256.0,,0.5391353964805603,,0.0078125,,1820.119384765625,,,,,,,,,,,
8,105349,,70424.90625,,0.004650302231311798,,68425.8203125,,0.46875,,70424.90625,,0.51953125,,0.53125,,256.0,,0.5221525430679321,,0.0078125,,1999.0865478515625,,,,,,,,,,,
8,105399,,12533.0302734375,,0.004642978310585022,,10774.203125,,0.56640625,,12533.0302734375,,0.73046875,,0.43359375,,256.0,,0.6999949216842651,,0.00390625,,1758.8272705078125,,,,,,,,,,,
8,105449,,57467.8671875,,0.0046766712330281734,,55153.1796875,,0.5,,57467.8671875,,0.64453125,,0.5,,256.0,,0.5931062698364258,,0.01953125,,2314.68896484375,,,,,,,,,,,
8,105499,,45357.9453125,,0.004697674419730902,,43393.12890625,,0.4921875,,45357.9453125,,0.65625,,0.5078125,,256.0,,0.6311295032501221,,0.0078125,,1964.8157958984375,,,,,,,,,,,
8,105549,,19525.806640625,,0.004477875307202339,,17829.78515625,,0.5390625,,19525.806640625,,0.6796875,,0.4609375,,256.0,,0.6611588001251221,,0.00390625,,1696.02099609375,,,,,,,,,,,
8,105599,,14305.7080078125,,0.005143758840858936,,12756.4091796875,,0.48828125,,14305.7080078125,,0.77734375,,0.51171875,,256.0,,0.7550785541534424,,0.0,,1549.298828125,,,,,,,,,,,
8,105649,,14790.6767578125,,0.004962609149515629,,13112.607421875,,0.48046875,,14790.6767578125,,0.57421875,,0.51953125,,256.0,,0.5684167742729187,,0.0,,1678.069091796875,,,,,,,,,,,
8,105699,,58391.2734375,,0.004695176612585783,,56376.32421875,,0.48828125,,58391.2734375,,0.63671875,,0.51171875,,256.0,,0.592626690864563,,0.0078125,,2014.9501953125,,,,,,,,,,,
8,105749,,77979.765625,,0.004843686241656542,,76177.9765625,,0.4609375,,77979.765625,,0.56640625,,0.5390625,,256.0,,0.5559199452400208,,0.00390625,,1801.78515625,,,,,,,,,,,
8,105799,,15523.03125,,0.004610592499375343,,13913.56640625,,0.453125,,15523.03125,,0.65625,,0.546875,,256.0,,0.644959568977356,,0.0078125,,1609.46484375,,,,,,,,,,,
8,105849,,12633.28125,,0.006286364980041981,,10925.451171875,,0.51171875,,12633.28125,,0.73046875,,0.48828125,,256.0,,0.6866986751556396,,0.00390625,,1707.830078125,,,,,,,,,,,
8,105899,,14006.1875,,0.004537558648735285,,12228.6689453125,,0.515625,,14006.1875,,0.61328125,,0.484375,,256.0,,0.5968784689903259,,0.0078125,,1777.5189208984375,,,,,,,,,,,
8,105949,,14785.56640625,,0.004923434928059578,,13272.7958984375,,0.50390625,,14785.56640625,,0.5078125,,0.49609375,,256.0,,0.5409752130508423,,0.0,,1512.770263671875,,,,,,,,,,,
8,105999,,45610.68359375,,0.004782550036907196,,43811.578125,,0.5390625,,45610.68359375,,0.455078125,,0.4609375,,256.0,,0.4536048173904419,,0.0078125,,1799.1064453125,,,,,,,,,,,
8,106049,,108245.1484375,,0.0048699458129704,,106235.9921875,,0.51953125,,108245.1484375,,0.70703125,,0.48046875,,256.0,,0.6686156988143921,,0.0078125,,2009.153564453125,,,,,,,,,,,
8,106099,,12152.3251953125,,0.0047066789120435715,,10553.4033203125,,0.46484375,,12152.3251953125,,0.578125,,0.53515625,,256.0,,0.5423786640167236,,0.0,,1598.9222412109375,,,,,,,,,,,
8,106149,,56664.79296875,,0.004660638980567455,,54763.8671875,,0.515625,,56664.79296875,,0.53515625,,0.484375,,256.0,,0.5230973958969116,,0.00390625,,1900.9241943359375,,,,,,,,,,,
8,106199,,13077.3017578125,,0.00484896544367075,,11469.8154296875,,0.484375,,13077.3017578125,,0.609375,,0.515625,,256.0,,0.6095746755599976,,0.00390625,,1607.486572265625,,,,,,,,,,,
8,106249,,14575.873046875,,0.0044348835945129395,,13101.1376953125,,0.390625,,14575.873046875,,0.59375,,0.609375,,256.0,,0.5874694585800171,,0.0,,1474.73583984375,,,,,,,,,,,
8,106299,,14958.5419921875,,0.005034605041146278,,13326.408203125,,0.51171875,,14958.5419921875,,0.58203125,,0.48828125,,256.0,,0.5761009454727173,,0.0,,1632.1339111328125,,,,,,,,,,,
8,106349,,71746.2265625,,0.0052603622898459435,,69833.625,,0.4921875,,71746.2265625,,0.609375,,0.5078125,,256.0,,0.5958238244056702,,0.00390625,,1912.6015625,,,,,,,,,,,
8,106399,,82345.6484375,,0.004973355680704117,,80333.65625,,0.453125,,82345.6484375,,0.671875,,0.546875,,256.0,,0.6614322662353516,,0.01171875,,2011.993408203125,,,,,,,,,,,
8,106449,,14959.3837890625,,0.0045923469588160515,,13397.4814453125,,0.53515625,,14959.3837890625,,0.6328125,,0.46484375,,256.0,,0.57221519947052,,0.0,,1561.902587890625,,,,,,,,,,,
8,106499,,15931.794921875,,0.00499650789424777,,14275.537109375,,0.5234375,,15931.794921875,,0.7109375,,0.4765625,,256.0,,0.6980565786361694,,0.0,,1656.257568359375,,,,,,,,,,,
8,106549,,154457.0,,0.004829947836697102,,152021.25,,0.48046875,,154457.0,,0.5390625,,0.51953125,,256.0,,0.5123305320739746,,0.01171875,,2435.75537109375,,,,,,,,,,,
8,106599,,15010.041015625,,0.004668272566050291,,13410.76953125,,0.453125,,15010.041015625,,0.6015625,,0.546875,,256.0,,0.5524095892906189,,0.0,,1599.2716064453125,,,,,,,,,,,
8,106649,,12790.640625,,0.005067957565188408,,11210.49609375,,0.546875,,12790.640625,,0.7265625,,0.453125,,256.0,,0.7005202174186707,,0.0,,1580.14501953125,,,,,,,,,,,
8,106699,,92637.8828125,,0.0047180200926959515,,90515.296875,,0.47265625,,92637.8828125,,0.5625,,0.52734375,,256.0,,0.5341942310333252,,0.01171875,,2122.588623046875,,,,,,,,,,,
8,106749,,55491.40234375,,0.005137670785188675,,53156.8125,,0.51171875,,55491.40234375,,0.578125,,0.48828125,,256.0,,0.5498083829879761,,0.015625,,2334.591552734375,,,,,,,,,,,
8,106799,,14546.7060546875,,0.004943080246448517,,12731.6162109375,,0.52734375,,14546.7060546875,,0.5390625,,0.47265625,,256.0,,0.5472506284713745,,0.00390625,,1815.08984375,,,,,,,,,,,
8,106849,,18183.666015625,,0.004647994413971901,,16508.62109375,,0.421875,,18183.666015625,,0.5078125,,0.578125,,256.0,,0.4904857873916626,,0.0,,1675.045654296875,,,,,,,,,,,
8,106899,,10648.9345703125,,0.005166982300579548,,9004.044921875,,0.4140625,,10648.9345703125,,0.66015625,,0.5859375,,256.0,,0.6500729322433472,,0.00390625,,1644.889404296875,,,,,,,,,,,
8,106949,,47814.015625,,0.0047320034354925156,,45939.3984375,,0.5546875,,47814.015625,,0.55078125,,0.4453125,,256.0,,0.5104275941848755,,0.0078125,,1874.615234375,,,,,,,,,,,
8,106999,,17643.21484375,,0.005118175875395536,,16175.6435546875,,0.44921875,,17643.21484375,,0.65234375,,0.55078125,,256.0,,0.616766095161438,,0.0,,1467.571044921875,,,,,,,,,,,
8,107049,,13723.1689453125,,0.004542526789009571,,12183.5947265625,,0.49609375,,13723.1689453125,,0.609375,,0.50390625,,256.0,,0.5992081165313721,,0.0,,1539.573974609375,,,,,,,,,,,
8,107099,,43953.734375,,0.004777600523084402,,42301.89453125,,0.48046875,,43953.734375,,0.46484375,,0.51953125,,256.0,,0.4440487325191498,,0.00390625,,1651.840576171875,,,,,,,,,,,
8,107149,,104062.4296875,,0.00464734248816967,,101961.6328125,,0.484375,,104062.4296875,,0.5703125,,0.515625,,256.0,,0.5533542037010193,,0.0078125,,2100.79345703125,,,,,,,,,,,
8,107199,,14810.2451171875,,0.005203457549214363,,13261.5283203125,,0.51953125,,14810.2451171875,,0.55859375,,0.48046875,,256.0,,0.5361087322235107,,0.0,,1548.716552734375,,,,,,,,,,,
8,107249,,15418.044921875,,0.004847611300647259,,13157.4296875,,0.44921875,,15418.044921875,,0.671875,,0.55078125,,256.0,,0.6417625546455383,,0.01953125,,2260.61474609375,,,,,,,,,,,
8,107299,,48139.30859375,,0.004596029408276081,,46276.0234375,,0.50390625,,48139.30859375,,0.6796875,,0.49609375,,256.0,,0.667994499206543,,0.01171875,,1863.284423828125,,,,,,,,,,,
8,107349,,12648.056640625,,0.005222818814218044,,10787.4609375,,0.48046875,,12648.056640625,,0.52734375,,0.51953125,,256.0,,0.5140215158462524,,0.00390625,,1860.59521484375,,,,,,,,,,,
8,107399,,61930.92578125,,0.0046270666643977165,,60079.2421875,,0.5,,61930.92578125,,0.5625,,0.5,,256.0,,0.5121643543243408,,0.00390625,,1851.6822509765625,,,,,,,,,,,
8,107449,,12378.2744140625,,0.00453680707141757,,10919.4189453125,,0.46484375,,12378.2744140625,,0.6015625,,0.53515625,,256.0,,0.5872969627380371,,0.0,,1458.855712890625,,,,,,,,,,,
8,107499,,13304.140625,,0.005536491982638836,,11600.6982421875,,0.46875,,13304.140625,,0.6875,,0.53125,,256.0,,0.6746686697006226,,0.00390625,,1703.4423828125,,,,,,,,,,,
8,107549,,17175.703125,,0.005102777853608131,,15164.5546875,,0.4765625,,17175.703125,,0.5703125,,0.5234375,,256.0,,0.5496460199356079,,0.0078125,,2011.1490478515625,,,,,,,,,,,
8,107599,,70040.9140625,,0.004711098037660122,,68156.0703125,,0.53515625,,70040.9140625,,0.54296875,,0.46484375,,256.0,,0.5453126430511475,,0.0078125,,1884.843017578125,,,,,,,,,,,
8,107649,,17004.228515625,,0.004992595408111811,,15180.087890625,,0.5,,17004.228515625,,0.7265625,,0.5,,256.0,,0.7244690656661987,,0.00390625,,1824.140869140625,,,,,,,,,,,
8,107699,,17177.302734375,,0.004657035227864981,,15618.9814453125,,0.421875,,17177.302734375,,0.546875,,0.578125,,256.0,,0.5331680178642273,,0.00390625,,1558.3204345703125,,,,,,,,,,,
8,107749,,13623.0654296875,,0.004752976354211569,,11893.529296875,,0.54296875,,13623.0654296875,,0.609375,,0.45703125,,256.0,,0.5901097655296326,,0.0,,1729.5361328125,,,,,,,,,,,
8,107799,,18059.1875,,0.004807664081454277,,16387.673828125,,0.5234375,,18059.1875,,0.61328125,,0.4765625,,256.0,,0.5904688835144043,,0.00390625,,1671.5145263671875,,,,,,,,,,,
8,107849,,14997.11328125,,0.004853538703173399,,13331.625,,0.453125,,14997.11328125,,0.6015625,,0.546875,,256.0,,0.5963071584701538,,0.0,,1665.48876953125,,,,,,,,,,,
8,107899,,108641.1171875,,0.004847802221775055,,106264.9765625,,0.5625,,108641.1171875,,0.55078125,,0.4375,,256.0,,0.5237932205200195,,0.01171875,,2376.14013671875,,,,,,,,,,,
8,107949,,12092.869140625,,0.004787490237504244,,10599.9990234375,,0.484375,,12092.869140625,,0.51953125,,0.515625,,256.0,,0.5050904750823975,,0.0,,1492.86962890625,,,,,,,,,,,
8,107999,,17547.37109375,,0.0051795500330626965,,15857.0634765625,,0.4453125,,17547.37109375,,0.61328125,,0.5546875,,256.0,,0.5990698933601379,,0.0,,1690.3067626953125,,,,,,,,,,,
8,108049,,16237.708984375,,0.004890493582934141,,14390.103515625,,0.52734375,,16237.708984375,,0.72265625,,0.47265625,,256.0,,0.674490213394165,,0.00390625,,1847.6053466796875,,,,,,,,,,,
8,108099,,75907.25,,0.004706649109721184,,74043.234375,,0.5078125,,75907.25,,0.5703125,,0.4921875,,256.0,,0.5420132279396057,,0.00390625,,1864.011962890625,,,,,,,,,,,
8,108149,,17266.37890625,,0.005001298617571592,,15687.51171875,,0.5,,17266.37890625,,0.59375,,0.5,,256.0,,0.5874754190444946,,0.0,,1578.8662109375,,,,,,,,,,,
8,108199,,20519.654296875,,0.00521636288613081,,18728.9453125,,0.5,,20519.654296875,,0.50390625,,0.5,,256.0,,0.5013214349746704,,0.00390625,,1790.7083740234375,,,,,,,,,,,
8,108249,,11652.9853515625,,0.004735959693789482,,9979.6474609375,,0.53515625,,11652.9853515625,,0.63671875,,0.46484375,,256.0,,0.6421681046485901,,0.0,,1673.3377685546875,,,,,,,,,,,
8,108299,,15176.3037109375,,0.004786291625350714,,13595.4501953125,,0.54296875,,15176.3037109375,,0.54296875,,0.45703125,,256.0,,0.5411710739135742,,0.0,,1580.853759765625,,,,,,,,,,,
8,108349,,41236.01171875,,0.0045365821570158005,,39290.5546875,,0.52734375,,41236.01171875,,0.61328125,,0.47265625,,256.0,,0.5941514372825623,,0.0078125,,1945.45751953125,,,,,,,,,,,
8,108399,,17162.552734375,,0.004632456228137016,,15622.4931640625,,0.5234375,,17162.552734375,,0.486328125,,0.4765625,,256.0,,0.46186864376068115,,0.0,,1540.0599365234375,,,,,,,,,,,
8,108449,,11816.58984375,,0.004760639742016792,,10273.6875,,0.52734375,,11816.58984375,,0.58203125,,0.47265625,,256.0,,0.573479175567627,,0.0,,1542.9024658203125,,,,,,,,,,,
8,108499,,42083.13671875,,0.0044352225959300995,,40112.1875,,0.48828125,,42083.13671875,,0.6328125,,0.51171875,,256.0,,0.6394535899162292,,0.0078125,,1970.9476318359375,,,,,,,,,,,
8,108549,,14950.587890625,,0.004902534186840057,,13411.1611328125,,0.55078125,,14950.587890625,,0.62890625,,0.44921875,,256.0,,0.6117849946022034,,0.0,,1539.4267578125,,,,,,,,,,,
8,108599,,12028.275390625,,0.004528974648565054,,10385.7255859375,,0.4765625,,12028.275390625,,0.60546875,,0.5234375,,256.0,,0.6136584281921387,,0.00390625,,1642.550048828125,,,,,,,,,,,
8,108649,,9646.1240234375,,0.0044842553324997425,,8190.794921875,,0.51171875,,9646.1240234375,,0.490234375,,0.48828125,,256.0,,0.4784839153289795,,0.0,,1455.328857421875,,,,,,,,,,,
8,108699,,61925.3125,,0.0046493615955114365,,59915.76953125,,0.50390625,,61925.3125,,0.416015625,,0.49609375,,256.0,,0.41959333419799805,,0.0078125,,2009.5413818359375,,,,,,,,,,,
8,108749,,15531.240234375,,0.004357877187430859,,13653.7177734375,,0.53125,,15531.240234375,,0.703125,,0.46875,,256.0,,0.6689414978027344,,0.00390625,,1877.522216796875,,,,,,,,,,,
8,108799,,15879.0185546875,,0.004588204436004162,,14037.345703125,,0.53125,,15879.0185546875,,0.56640625,,0.46875,,256.0,,0.5637789964675903,,0.00390625,,1841.673095703125,,,,,,,,,,,
8,108849,,14266.9560546875,,0.004841976799070835,,12567.3681640625,,0.5390625,,14266.9560546875,,0.65625,,0.4609375,,256.0,,0.6230356693267822,,0.00390625,,1699.5875244140625,,,,,,,,,,,
8,108899,,13466.73828125,,0.004723955877125263,,11944.923828125,,0.53125,,13466.73828125,,0.55859375,,0.46875,,256.0,,0.5442221164703369,,0.0,,1521.8143310546875,,,,,,,,,,,
8,108949,,98938.515625,,0.0046751550398766994,,96952.4765625,,0.46484375,,98938.515625,,0.51171875,,0.53515625,,256.0,,0.5060656070709229,,0.0078125,,1986.0390625,,,,,,,,,,,
8,108999,,51364.72265625,,0.005103526171296835,,49505.02734375,,0.57421875,,51364.72265625,,0.6875,,0.42578125,,256.0,,0.6735844612121582,,0.00390625,,1859.69482421875,,,,,,,,,,,
8,109049,,13501.927734375,,0.005080774892121553,,11812.80078125,,0.47265625,,13501.927734375,,0.61328125,,0.52734375,,256.0,,0.6001520156860352,,0.00390625,,1689.12744140625,,,,,,,,,,,
8,109099,,80838.8671875,,0.004485332872718573,,78956.015625,,0.546875,,80838.8671875,,0.63671875,,0.453125,,256.0,,0.6284278631210327,,0.0078125,,1882.85009765625,,,,,,,,,,,
8,109149,,64460.4921875,,0.004750175401568413,,62440.42578125,,0.46875,,64460.4921875,,0.63671875,,0.53125,,256.0,,0.600054144859314,,0.01171875,,2020.0662841796875,,,,,,,,,,,
8,109199,,14830.0419921875,,0.004739885684102774,,13277.1611328125,,0.46484375,,14830.0419921875,,0.6015625,,0.53515625,,256.0,,0.5566477179527283,,0.0,,1552.881103515625,,,,,,,,,,,
8,109249,,14497.083984375,,0.00463097495958209,,12978.0078125,,0.484375,,14497.083984375,,0.482421875,,0.515625,,256.0,,0.4779486358165741,,0.0,,1519.076171875,,,,,,,,,,,
8,109299,,18103.884765625,,0.004609318450093269,,16507.783203125,,0.5234375,,18103.884765625,,0.55859375,,0.4765625,,256.0,,0.5399367809295654,,0.00390625,,1596.10107421875,,,,,,,,,,,
8,109349,,13475.884765625,,0.004780923016369343,,11737.5498046875,,0.4765625,,13475.884765625,,0.53125,,0.5234375,,256.0,,0.5308436155319214,,0.00390625,,1738.3349609375,,,,,,,,,,,
8,109399,,20378.18359375,,0.005287711974233389,,18736.455078125,,0.5078125,,20378.18359375,,0.62890625,,0.4921875,,256.0,,0.5742454528808594,,0.0,,1641.7294921875,,,,,,,,,,,
8,109449,,17833.65625,,0.004787709563970566,,16094.1572265625,,0.48828125,,17833.65625,,0.515625,,0.51171875,,256.0,,0.5147190093994141,,0.00390625,,1739.4993896484375,,,,,,,,,,,
8,109499,,39193.09765625,,0.0049479189328849316,,37208.74609375,,0.53515625,,39193.09765625,,0.5859375,,0.46484375,,256.0,,0.5806493163108826,,0.01171875,,1984.349853515625,,,,,,,,,,,
8,109549,,95418.046875,,0.005036748945713043,,93129.53125,,0.54296875,,95418.046875,,0.51171875,,0.45703125,,256.0,,0.49551939964294434,,0.015625,,2288.51416015625,,,,,,,,,,,
8,109599,,55769.37109375,,0.004558706656098366,,53903.34375,,0.51953125,,55769.37109375,,0.6171875,,0.48046875,,256.0,,0.5983050465583801,,0.00390625,,1866.027099609375,,,,,,,,,,,
8,109649,,16379.357421875,,0.004688679240643978,,14718.4990234375,,0.51171875,,16379.357421875,,0.51953125,,0.48828125,,256.0,,0.5039295554161072,,0.00390625,,1660.858642578125,,,,,,,,,,,
8,109699,,16901.208984375,,0.004804953932762146,,15317.6630859375,,0.453125,,16901.208984375,,0.54296875,,0.546875,,256.0,,0.5458831787109375,,0.0,,1583.5462646484375,,,,,,,,,,,
8,109749,,11774.783203125,,0.0051507363095879555,,10126.9248046875,,0.5,,11774.783203125,,0.55859375,,0.5,,256.0,,0.5451380610466003,,0.0,,1647.85888671875,,,,,,,,,,,
8,109799,,106908.7734375,,0.005245584063231945,,104705.96875,,0.48046875,,106908.7734375,,0.55078125,,0.51953125,,256.0,,0.5255274772644043,,0.0078125,,2202.802001953125,,,,,,,,,,,
8,109849,,17220.0234375,,0.00472282525151968,,15327.005859375,,0.50390625,,17220.0234375,,0.70703125,,0.49609375,,256.0,,0.6810213923454285,,0.00390625,,1893.017822265625,,,,,,,,,,,
8,109899,,13517.7548828125,,0.004801888018846512,,11907.5478515625,,0.44140625,,13517.7548828125,,0.46875,,0.55859375,,256.0,,0.45943140983581543,,0.0,,1610.2069091796875,,,,,,,,,,,
8,109949,,79947.0625,,0.004472594242542982,,77923.109375,,0.5,,79947.0625,,0.66015625,,0.5,,256.0,,0.6562694907188416,,0.0078125,,2023.9493408203125,,,,,,,,,,,
8,109999,,14338.4091796875,,0.0048462506383657455,,12773.013671875,,0.47265625,,14338.4091796875,,0.58984375,,0.52734375,,256.0,,0.5805643796920776,,0.00390625,,1565.395263671875,,,,,,,,,,,
8,110049,,101709.984375,,0.005006405990570784,,99646.7421875,,0.54296875,,101709.984375,,0.61328125,,0.45703125,,256.0,,0.6133077144622803,,0.0078125,,2063.24462890625,,,,,,,,,,,
8,110099,,22106.171875,,0.004848475567996502,,20277.53125,,0.515625,,22106.171875,,0.478515625,,0.484375,,256.0,,0.4540838897228241,,0.00390625,,1828.641357421875,,,,,,,,,,,
8,110149,,74492.3671875,,0.004875423386693001,,72483.3515625,,0.56640625,,74492.3671875,,0.58203125,,0.43359375,,256.0,,0.5878424644470215,,0.0078125,,2009.013916015625,,,,,,,,,,,
8,110199,,50768.40625,,0.004958209581673145,,49036.20703125,,0.53125,,50768.40625,,0.67578125,,0.46875,,256.0,,0.6660361289978027,,0.00390625,,1732.199462890625,,,,,,,,,,,
8,110249,,52254.90234375,,0.004950307309627533,,50426.5859375,,0.4921875,,52254.90234375,,0.69140625,,0.5078125,,256.0,,0.6672325134277344,,0.0078125,,1828.3150634765625,,,,,,,,,,,
8,110299,,16518.986328125,,0.0047348011285066605,,14821.2822265625,,0.421875,,16518.986328125,,0.546875,,0.578125,,256.0,,0.5267633199691772,,0.00390625,,1697.7049560546875,,,,,,,,,,,
8,110349,,14094.8544921875,,0.00483296625316143,,12482.115234375,,0.47265625,,14094.8544921875,,0.50390625,,0.52734375,,256.0,,0.49044960737228394,,0.0,,1612.7388916015625,,,,,,,,,,,
8,110399,,12995.5703125,,0.00486188568174839,,11436.1376953125,,0.4765625,,12995.5703125,,0.58203125,,0.5234375,,256.0,,0.5773625373840332,,0.0078125,,1559.4327392578125,,,,,,,,,,,
8,110449,,16169.375,,0.004936476703733206,,14607.392578125,,0.546875,,16169.375,,0.67578125,,0.453125,,256.0,,0.6701458692550659,,0.0,,1561.982177734375,,,,,,,,,,,
8,110499,,111484.609375,,0.004924331326037645,,109211.640625,,0.4609375,,111484.609375,,0.62109375,,0.5390625,,256.0,,0.5907257199287415,,0.0078125,,2272.968505859375,,,,,,,,,,,
8,110549,,14390.392578125,,0.004584995564073324,,12716.1943359375,,0.546875,,14390.392578125,,0.6015625,,0.453125,,256.0,,0.5612795352935791,,0.00390625,,1674.19775390625,,,,,,,,,,,
8,110599,,50554.53125,,0.004979191347956657,,48193.24609375,,0.5390625,,50554.53125,,0.61328125,,0.4609375,,256.0,,0.5830682516098022,,0.01171875,,2361.283935546875,,,,,,,,,,,
8,110649,,18495.357421875,,0.004930099006742239,,16891.94140625,,0.5078125,,18495.357421875,,0.55078125,,0.4921875,,256.0,,0.5285863280296326,,0.0,,1603.4163818359375,,,,,,,,,,,
8,110699,,16293.439453125,,0.004681041929870844,,14492.794921875,,0.44140625,,16293.439453125,,0.462890625,,0.55859375,,256.0,,0.4383273124694824,,0.0078125,,1800.64404296875,,,,,,,,,,,
8,110749,,65542.984375,,0.004924085922539234,,63503.23046875,,0.50390625,,65542.984375,,0.55078125,,0.49609375,,256.0,,0.5215665102005005,,0.0078125,,2039.754638671875,,,,,,,,,,,
8,110799,,14644.984375,,0.004647317808121443,,12825.9033203125,,0.484375,,14644.984375,,0.59375,,0.515625,,256.0,,0.5750657916069031,,0.00390625,,1819.0811767578125,,,,,,,,,,,
8,110849,,47861.76171875,,0.0048346309922635555,,45886.52734375,,0.47265625,,47861.76171875,,0.515625,,0.52734375,,256.0,,0.4725816249847412,,0.0078125,,1975.233642578125,,,,,,,,,,,
8,110899,,14132.3876953125,,0.004519917070865631,,12639.8876953125,,0.51953125,,14132.3876953125,,0.515625,,0.48046875,,256.0,,0.5058004856109619,,0.0,,1492.4998779296875,,,,,,,,,,,
8,110949,,19062.484375,,0.005488389637321234,,17340.587890625,,0.4765625,,19062.484375,,0.52734375,,0.5234375,,256.0,,0.5072410702705383,,0.0,,1721.89599609375,,,,,,,,,,,
8,110999,,58808.42578125,,0.0046602534130215645,,56874.3203125,,0.49609375,,58808.42578125,,0.486328125,,0.50390625,,256.0,,0.4571273922920227,,0.0078125,,1934.1038818359375,,,,,,,,,,,
8,111049,,46092.64453125,,0.004648199304938316,,44351.9765625,,0.55078125,,46092.64453125,,0.55859375,,0.44921875,,256.0,,0.541865348815918,,0.00390625,,1740.668212890625,,,,,,,,,,,
8,111099,,63142.7890625,,0.004687902517616749,,61009.390625,,0.49609375,,63142.7890625,,0.5625,,0.50390625,,256.0,,0.5362330675125122,,0.0078125,,2133.39990234375,,,,,,,,,,,
8,111149,,90326.3515625,,0.00484850537031889,,88259.4453125,,0.48046875,,90326.3515625,,0.5625,,0.51953125,,256.0,,0.5428058505058289,,0.0078125,,2066.90380859375,,,,,,,,,,,
8,111199,,17391.681640625,,0.005107930861413479,,15798.0078125,,0.53125,,17391.681640625,,0.71875,,0.46875,,256.0,,0.6975210905075073,,0.0,,1593.6746826171875,,,,,,,,,,,
8,111249,,13068.4814453125,,0.004819835536181927,,11490.654296875,,0.5078125,,13068.4814453125,,0.5546875,,0.4921875,,256.0,,0.537467360496521,,0.00390625,,1577.827392578125,,,,,,,,,,,
8,111299,,75271.5078125,,0.004578898660838604,,73309.5,,0.515625,,75271.5078125,,0.625,,0.484375,,256.0,,0.6194647550582886,,0.00390625,,1962.00634765625,,,,,,,,,,,
8,111349,,15644.134765625,,0.005410491488873959,,13983.78125,,0.53515625,,15644.134765625,,0.65625,,0.46484375,,256.0,,0.6349619626998901,,0.0,,1660.35302734375,,,,,,,,,,,
8,111399,,68301.9765625,,0.00534426374360919,,66192.9140625,,0.4765625,,68301.9765625,,0.58984375,,0.5234375,,256.0,,0.5830326080322266,,0.0078125,,2109.066162109375,,,,,,,,,,,
8,111449,,13154.607421875,,0.004550515674054623,,11477.9482421875,,0.52734375,,13154.607421875,,0.55859375,,0.47265625,,256.0,,0.5423227548599243,,0.0,,1676.659423828125,,,,,,,,,,,
8,111499,,42489.4375,,0.005030881147831678,,40743.74609375,,0.4765625,,42489.4375,,0.6328125,,0.5234375,,256.0,,0.6000866293907166,,0.00390625,,1745.692626953125,,,,,,,,,,,
8,111549,,12174.310546875,,0.004743254743516445,,10645.306640625,,0.46484375,,12174.310546875,,0.4609375,,0.53515625,,256.0,,0.4497338533401489,,0.00390625,,1529.004150390625,,,,,,,,,,,
8,111599,,15595.611328125,,0.004876096732914448,,13989.984375,,0.53515625,,15595.611328125,,0.53515625,,0.46484375,,256.0,,0.5371870994567871,,0.0,,1605.627197265625,,,,,,,,,,,
8,111649,,13962.66796875,,0.004836307838559151,,12424.3955078125,,0.47265625,,13962.66796875,,0.44140625,,0.52734375,,256.0,,0.43059393763542175,,0.0,,1538.27197265625,,,,,,,,,,,
8,111699,,14211.6240234375,,0.004836150910705328,,12362.8681640625,,0.59375,,14211.6240234375,,0.6015625,,0.40625,,256.0,,0.5718700885772705,,0.00390625,,1848.755859375,,,,,,,,,,,
8,111749,,117791.78125,,0.004530224017798901,,115742.4765625,,0.46484375,,117791.78125,,0.54296875,,0.53515625,,256.0,,0.5283496379852295,,0.0078125,,2049.30419921875,,,,,,,,,,,
8,111799,,56495.40625,,0.0046845595352351665,,54528.515625,,0.5,,56495.40625,,0.640625,,0.5,,256.0,,0.599291205406189,,0.0078125,,1966.8902587890625,,,,,,,,,,,
8,111849,,19109.056640625,,0.004870781674981117,,17173.9765625,,0.55078125,,19109.056640625,,0.5234375,,0.44921875,,256.0,,0.4993318021297455,,0.0078125,,1935.079833984375,,,,,,,,,,,
8,111899,,16270.0908203125,,0.0046583302319049835,,14341.0546875,,0.54296875,,16270.0908203125,,0.53515625,,0.45703125,,256.0,,0.5201507210731506,,0.0078125,,1929.036376953125,,,,,,,,,,,
8,111949,,45336.61328125,,0.004907278344035149,,43583.67578125,,0.44921875,,45336.61328125,,0.5234375,,0.55078125,,256.0,,0.4992098808288574,,0.00390625,,1752.9375,,,,,,,,,,,
8,111999,,18183.890625,,0.004745423793792725,,16377.0361328125,,0.5625,,18183.890625,,0.63671875,,0.4375,,256.0,,0.6130303144454956,,0.00390625,,1806.85498046875,,,,,,,,,,,
8,112049,,124339.09375,,0.004608708433806896,,122175.6953125,,0.5078125,,124339.09375,,0.55859375,,0.4921875,,256.0,,0.5433746576309204,,0.0078125,,2163.39599609375,,,,,,,,,,,
8,112099,,55570.82421875,,0.005414505954831839,,53402.30078125,,0.53515625,,55570.82421875,,0.62109375,,0.46484375,,256.0,,0.614668071269989,,0.01171875,,2168.522216796875,,,,,,,,,,,
8,112149,,38417.4375,,0.004937149118632078,,36017.4609375,,0.44921875,,38417.4375,,0.65625,,0.55078125,,256.0,,0.6186738014221191,,0.01953125,,2399.97705078125,,,,,,,,,,,
8,112199,,52155.98828125,,0.004639501683413982,,50417.57421875,,0.5,,52155.98828125,,0.5546875,,0.5,,256.0,,0.5315362215042114,,0.00390625,,1738.4156494140625,,,,,,,,,,,
8,112249,,65590.2265625,,0.004669096786528826,,63703.3984375,,0.50390625,,65590.2265625,,0.69140625,,0.49609375,,256.0,,0.6780083179473877,,0.00390625,,1886.827880859375,,,,,,,,,,,
8,112299,,11875.7099609375,,0.004822521936148405,,10161.6279296875,,0.4765625,,11875.7099609375,,0.51953125,,0.5234375,,256.0,,0.5201535224914551,,0.00390625,,1714.082275390625,,,,,,,,,,,
8,112349,,70105.078125,,0.004877622239291668,,67798.3828125,,0.5234375,,70105.078125,,0.609375,,0.4765625,,256.0,,0.5923289060592651,,0.0078125,,2306.695068359375,,,,,,,,,,,
8,112399,,41094.75390625,,0.005086459219455719,,39515.90625,,0.5,,41094.75390625,,0.53515625,,0.5,,256.0,,0.510600209236145,,0.00390625,,1578.84765625,,,,,,,,,,,
8,112449,,15284.470703125,,0.0050927745178341866,,13758.166015625,,0.515625,,15284.470703125,,0.466796875,,0.484375,,256.0,,0.45370468497276306,,0.0,,1526.3046875,,,,,,,,,,,
8,112499,,43383.59765625,,0.004682662431150675,,41612.046875,,0.51953125,,43383.59765625,,0.609375,,0.48046875,,256.0,,0.5608478784561157,,0.0078125,,1771.5526123046875,,,,,,,,,,,
8,112549,,13302.9052734375,,0.004690022207796574,,11744.134765625,,0.484375,,13302.9052734375,,0.51953125,,0.515625,,256.0,,0.49484944343566895,,0.0,,1558.7705078125,,,,,,,,,,,
8,112599,,54373.30078125,,0.004848218988627195,,52539.5,,0.45703125,,54373.30078125,,0.490234375,,0.54296875,,256.0,,0.46884793043136597,,0.01171875,,1833.80126953125,,,,,,,,,,,
8,112649,,12704.669921875,,0.005079794209450483,,11271.3203125,,0.515625,,12704.669921875,,0.54296875,,0.484375,,256.0,,0.5005803108215332,,0.0,,1433.349609375,,,,,,,,,,,
8,112699,,89750.4375,,0.004641651641577482,,87682.9296875,,0.4609375,,89750.4375,,0.54296875,,0.5390625,,256.0,,0.5189847350120544,,0.01171875,,2067.50927734375,,,,,,,,,,,
8,112749,,15959.0703125,,0.00479289423674345,,14268.619140625,,0.5234375,,15959.0703125,,0.57421875,,0.4765625,,256.0,,0.5555068850517273,,0.0,,1690.451416015625,,,,,,,,,,,
8,112799,,16774.5390625,,0.005393930710852146,,15071.6552734375,,0.50390625,,16774.5390625,,0.57421875,,0.49609375,,256.0,,0.5371355414390564,,0.0,,1702.8828125,,,,,,,,,,,
8,112849,,98614.4921875,,0.00500726792961359,,96347.453125,,0.453125,,98614.4921875,,0.5546875,,0.546875,,256.0,,0.5121920108795166,,0.01953125,,2267.03662109375,,,,,,,,,,,
8,112899,,11124.412109375,,0.00497922208160162,,9558.89453125,,0.5390625,,11124.412109375,,0.5625,,0.4609375,,256.0,,0.553516149520874,,0.0,,1565.5174560546875,,,,,,,,,,,
8,112949,,14520.466796875,,0.0045153433457016945,,13076.642578125,,0.5390625,,14520.466796875,,0.59765625,,0.4609375,,256.0,,0.5573965311050415,,0.0,,1443.8240966796875,,,,,,,,,,,
8,112999,,62782.78515625,,0.005023070611059666,,60934.98828125,,0.54296875,,62782.78515625,,0.5546875,,0.45703125,,256.0,,0.5085024833679199,,0.0078125,,1847.7950439453125,,,,,,,,,,,
8,113049,,96078.859375,,0.004862296395003796,,94145.078125,,0.45703125,,96078.859375,,0.57421875,,0.54296875,,256.0,,0.5682342052459717,,0.0078125,,1933.777587890625,,,,,,,,,,,
8,113099,,10572.0595703125,,0.004817471839487553,,8952.9443359375,,0.4765625,,10572.0595703125,,0.5859375,,0.5234375,,256.0,,0.56182861328125,,0.0,,1619.115478515625,,,,,,,,,,,
8,113149,,52490.64453125,,0.0044083259999752045,,50834.51953125,,0.4375,,52490.64453125,,0.50390625,,0.5625,,256.0,,0.49360084533691406,,0.00390625,,1656.123779296875,,,,,,,,,,,
8,113199,,15155.45703125,,0.004711580462753773,,13302.251953125,,0.49609375,,15155.45703125,,0.69140625,,0.50390625,,256.0,,0.660459578037262,,0.00390625,,1853.204833984375,,,,,,,,,,,
8,113249,,13893.3994140625,,0.00467723747715354,,12225.451171875,,0.52734375,,13893.3994140625,,0.6484375,,0.47265625,,256.0,,0.638861358165741,,0.00390625,,1667.947998046875,,,,,,,,,,,
8,113299,,16216.134765625,,0.00507648941129446,,14565.7783203125,,0.46875,,16216.134765625,,0.5703125,,0.53125,,256.0,,0.5554395914077759,,0.0,,1650.3560791015625,,,,,,,,,,,
8,113349,,12788.296875,,0.004686816595494747,,11213.6396484375,,0.5234375,,12788.296875,,0.67578125,,0.4765625,,256.0,,0.6500980257987976,,0.0,,1574.6572265625,,,,,,,,,,,
8,113399,,10171.720703125,,0.007131445687264204,,8541.466796875,,0.51953125,,10171.720703125,,0.6953125,,0.48046875,,256.0,,0.6893117427825928,,0.0,,1630.25390625,,,,,,,,,,,
8,113449,,11783.33203125,,0.004224330186843872,,10195.8974609375,,0.49609375,,11783.33203125,,0.6015625,,0.50390625,,256.0,,0.6069530248641968,,0.0,,1587.43505859375,,,,,,,,,,,
8,113499,,16166.083984375,,0.005031312815845013,,14552.912109375,,0.53125,,16166.083984375,,0.65625,,0.46875,,256.0,,0.6522184610366821,,0.0,,1613.172119140625,,,,,,,,,,,
8,113549,,13624.810546875,,0.0051391636952757835,,12129.4345703125,,0.49609375,,13624.810546875,,0.51171875,,0.50390625,,256.0,,0.5194537043571472,,0.0,,1495.375732421875,,,,,,,,,,,
8,113599,,51495.05078125,,0.004130503162741661,,49759.4375,,0.4921875,,51495.05078125,,0.5,,0.5078125,,256.0,,0.490827739238739,,0.00390625,,1735.6131591796875,,,,,,,,,,,
8,113649,,130617.15625,,0.004726155661046505,,128247.734375,,0.50390625,,130617.15625,,0.498046875,,0.49609375,,256.0,,0.5050061941146851,,0.01171875,,2369.42236328125,,,,,,,,,,,
8,113699,,40621.5078125,,0.005183074623346329,,38860.5390625,,0.51953125,,40621.5078125,,0.69140625,,0.48046875,,256.0,,0.6710008382797241,,0.00390625,,1760.969482421875,,,,,,,,,,,
8,113749,,58506.43359375,,0.004726874642074108,,56644.19140625,,0.47265625,,58506.43359375,,0.66796875,,0.52734375,,256.0,,0.6348729133605957,,0.00390625,,1862.2423095703125,,,,,,,,,,,
8,113799,,47986.69140625,,0.005081217270344496,,45776.8203125,,0.453125,,47986.69140625,,0.49609375,,0.546875,,256.0,,0.4704151749610901,,0.01171875,,2209.87255859375,,,,,,,,,,,
8,113849,,108909.4375,,0.004610986914485693,,106853.8125,,0.49609375,,108909.4375,,0.62109375,,0.50390625,,256.0,,0.606005072593689,,0.01171875,,2055.622314453125,,,,,,,,,,,
8,113899,,109864.4453125,,0.004992893896996975,,107584.484375,,0.515625,,109864.4453125,,0.59765625,,0.484375,,256.0,,0.58940190076828,,0.01171875,,2279.963134765625,,,,,,,,,,,
8,113949,,13153.748046875,,0.0047645000740885735,,11614.0234375,,0.5703125,,13153.748046875,,0.58984375,,0.4296875,,256.0,,0.5640654563903809,,0.0,,1539.72509765625,,,,,,,,,,,
8,113999,,17179.9375,,0.0047187842428684235,,15566.44140625,,0.46484375,,17179.9375,,0.62109375,,0.53515625,,256.0,,0.6215783357620239,,0.0,,1613.495361328125,,,,,,,,,,,
8,114049,,12108.4033203125,,0.004501050338149071,,10321.1708984375,,0.5390625,,12108.4033203125,,0.474609375,,0.4609375,,256.0,,0.4639299809932709,,0.0078125,,1787.232421875,,,,,,,,,,,
8,114099,,11057.28125,,0.005570912268012762,,9517.0478515625,,0.4921875,,11057.28125,,0.51171875,,0.5078125,,256.0,,0.5035001635551453,,0.0,,1540.233642578125,,,,,,,,,,,
8,114149,,14470.6513671875,,0.005008809268474579,,12894.1630859375,,0.50390625,,14470.6513671875,,0.609375,,0.49609375,,256.0,,0.6002280712127686,,0.0,,1576.4881591796875,,,,,,,,,,,
8,114199,,59019.734375,,0.004609077703207731,,57181.30859375,,0.48828125,,59019.734375,,0.61328125,,0.51171875,,256.0,,0.6241841316223145,,0.00390625,,1838.424560546875,,,,,,,,,,,
8,114249,,13385.7490234375,,0.00467694504186511,,11817.49609375,,0.44921875,,13385.7490234375,,0.578125,,0.55078125,,256.0,,0.5637890696525574,,0.0,,1568.253173828125,,,,,,,,,,,
8,114299,,12382.30859375,,0.004915028810501099,,10818.404296875,,0.45703125,,12382.30859375,,0.54296875,,0.54296875,,256.0,,0.523764967918396,,0.00390625,,1563.9044189453125,,,,,,,,,,,
8,114349,,48096.625,,0.004843670409172773,,46236.421875,,0.5,,48096.625,,0.5703125,,0.5,,256.0,,0.5558596849441528,,0.00390625,,1860.204345703125,,,,,,,,,,,
8,114399,,47352.7890625,,0.004758650436997414,,45600.7734375,,0.515625,,47352.7890625,,0.55078125,,0.484375,,256.0,,0.5058531165122986,,0.00390625,,1752.014892578125,,,,,,,,,,,
8,114449,,18776.9453125,,0.004608671180903912,,16998.875,,0.51171875,,18776.9453125,,0.6796875,,0.48828125,,256.0,,0.6510140895843506,,0.00390625,,1778.0706787109375,,,,,,,,,,,
8,114499,,69016.21875,,0.004771394655108452,,67238.2734375,,0.42578125,,69016.21875,,0.5234375,,0.57421875,,256.0,,0.5240273475646973,,0.00390625,,1777.947998046875,,,,,,,,,,,
8,114549,,12446.560546875,,0.004681482911109924,,10876.8408203125,,0.52734375,,12446.560546875,,0.61328125,,0.47265625,,256.0,,0.6130212545394897,,0.00390625,,1569.7193603515625,,,,,,,,,,,
8,114599,,52833.6875,,0.004996975883841515,,51019.41015625,,0.4921875,,52833.6875,,0.5625,,0.5078125,,256.0,,0.5609642267227173,,0.00390625,,1814.2786865234375,,,,,,,,,,,
8,114649,,15627.0048828125,,0.004950730130076408,,14044.0185546875,,0.5078125,,15627.0048828125,,0.470703125,,0.4921875,,256.0,,0.4613041877746582,,0.0,,1582.986572265625,,,,,,,,,,,
8,114699,,82206.3515625,,0.004589490592479706,,80183.8046875,,0.4921875,,82206.3515625,,0.51171875,,0.5078125,,256.0,,0.5023155212402344,,0.01171875,,2022.54638671875,,,,,,,,,,,
8,114749,,14942.9306640625,,0.004799666348844767,,13381.5234375,,0.484375,,14942.9306640625,,0.73046875,,0.515625,,256.0,,0.6953864097595215,,0.0,,1561.407470703125,,,,,,,,,,,
8,114799,,10647.666015625,,0.005203171633183956,,9062.4697265625,,0.47265625,,10647.666015625,,0.58203125,,0.52734375,,256.0,,0.5796982049942017,,0.0078125,,1585.196044921875,,,,,,,,,,,
8,114849,,57727.45703125,,0.005482658743858337,,55825.01953125,,0.52734375,,57727.45703125,,0.55078125,,0.47265625,,256.0,,0.5279185771942139,,0.0078125,,1902.43896484375,,,,,,,,,,,
8,114899,,73386.0859375,,0.0049707647413015366,,71526.078125,,0.4765625,,73386.0859375,,0.65625,,0.5234375,,256.0,,0.613619327545166,,0.0078125,,1860.006591796875,,,,,,,,,,,
8,114949,,35618.9609375,,0.0047801584005355835,,33821.3046875,,0.51171875,,35618.9609375,,0.55859375,,0.48828125,,256.0,,0.5476722717285156,,0.0078125,,1797.656005859375,,,,,,,,,,,
8,114999,,76725.640625,,0.004594259895384312,,74806.4921875,,0.4765625,,76725.640625,,0.58984375,,0.5234375,,256.0,,0.5572251081466675,,0.00390625,,1919.1514892578125,,,,,,,,,,,
8,115049,,16179.0126953125,,0.005160874221473932,,14367.2138671875,,0.515625,,16179.0126953125,,0.640625,,0.484375,,256.0,,0.6042551398277283,,0.00390625,,1811.7987060546875,,,,,,,,,,,
8,115099,,57100.53515625,,0.005284217651933432,,55177.26953125,,0.51171875,,57100.53515625,,0.640625,,0.48828125,,256.0,,0.6151413321495056,,0.0078125,,1923.266357421875,,,,,,,,,,,
8,115149,,14224.5966796875,,0.004504494834691286,,12484.3046875,,0.515625,,14224.5966796875,,0.640625,,0.484375,,256.0,,0.6140589118003845,,0.00390625,,1740.2921142578125,,,,,,,,,,,
8,115163,,,,,,,,,,,,,,,,,,,,,,,17637.541015625,0.004860734101384878,16043.681640625,0.4998077154159546,17637.541015625,0.6069861054420471,0.5001922845840454,255.98416137695312,0.5809985399246216,0.0010014981962740421,1593.8939208984375
8,115163,40850.58203125,,0.004850490018725395,,39042.71875,,0.5003052949905396,,40850.58203125,,0.5890428423881531,,0.49969473481178284,,256.0,,0.5708537697792053,,0.005049490369856358,,1807.843505859375,,,,,,,,,,,,
9,115199,,14831.4033203125,,0.0047567859292030334,,13230.2138671875,,0.55859375,,14831.4033203125,,0.59765625,,0.44140625,,256.0,,0.5666887760162354,,0.0,,1601.1890869140625,,,,,,,,,,,
9,115249,,75008.984375,,0.004885065834969282,,72935.5859375,,0.50390625,,75008.984375,,0.51953125,,0.49609375,,256.0,,0.4810177683830261,,0.00390625,,2073.3974609375,,,,,,,,,,,
9,115299,,102999.015625,,0.004430630709975958,,100835.6015625,,0.5,,102999.015625,,0.59375,,0.5,,256.0,,0.5591103434562683,,0.0078125,,2163.41015625,,,,,,,,,,,
9,115349,,17133.556640625,,0.004641578532755375,,15573.080078125,,0.5390625,,17133.556640625,,0.6015625,,0.4609375,,256.0,,0.6129252910614014,,0.0,,1560.476806640625,,,,,,,,,,,
9,115399,,13849.2626953125,,0.004571983590722084,,12338.921875,,0.4453125,,13849.2626953125,,0.6328125,,0.5546875,,256.0,,0.6113923192024231,,0.0,,1510.3408203125,,,,,,,,,,,
9,115449,,20907.0234375,,0.004826126620173454,,19058.279296875,,0.48046875,,20907.0234375,,0.59765625,,0.51953125,,256.0,,0.5862123966217041,,0.00390625,,1848.744873046875,,,,,,,,,,,
9,115499,,41985.30078125,,0.004978158976882696,,40080.28125,,0.48046875,,41985.30078125,,0.478515625,,0.51953125,,256.0,,0.45066961646080017,,0.0078125,,1905.0184326171875,,,,,,,,,,,
9,115549,,14741.3876953125,,0.004802986979484558,,13142.0595703125,,0.48828125,,14741.3876953125,,0.6484375,,0.51171875,,256.0,,0.6389537453651428,,0.0,,1599.328369140625,,,,,,,,,,,
9,115599,,11187.46484375,,0.00509396567940712,,9680.791015625,,0.51171875,,11187.46484375,,0.53515625,,0.48828125,,256.0,,0.5257386565208435,,0.0,,1506.67431640625,,,,,,,,,,,
9,115649,,41408.9453125,,0.00461694085970521,,39601.94140625,,0.546875,,41408.9453125,,0.67578125,,0.453125,,256.0,,0.6722102165222168,,0.0078125,,1807.005615234375,,,,,,,,,,,
9,115699,,12402.1455078125,,0.004525379277765751,,10896.072265625,,0.52734375,,12402.1455078125,,0.609375,,0.47265625,,256.0,,0.6132773160934448,,0.0,,1506.0732421875,,,,,,,,,,,
9,115749,,17370.7109375,,0.005090290680527687,,15735.3662109375,,0.46484375,,17370.7109375,,0.703125,,0.53515625,,256.0,,0.6772112846374512,,0.00390625,,1635.3441162109375,,,,,,,,,,,
9,115799,,101781.546875,,0.005054673179984093,,99507.3984375,,0.55078125,,101781.546875,,0.5703125,,0.44921875,,256.0,,0.5400626063346863,,0.01171875,,2274.145263671875,,,,,,,,,,,
9,115849,,19053.15234375,,0.005054866895079613,,17427.37890625,,0.55078125,,19053.15234375,,0.65234375,,0.44921875,,256.0,,0.623744547367096,,0.0,,1625.7744140625,,,,,,,,,,,
9,115899,,18227.0234375,,0.004918636754155159,,16528.271484375,,0.48046875,,18227.0234375,,0.57421875,,0.51953125,,256.0,,0.559409499168396,,0.00390625,,1698.751708984375,,,,,,,,,,,
9,115949,,53135.90625,,0.004611284006386995,,51148.25,,0.515625,,53135.90625,,0.7421875,,0.484375,,256.0,,0.725271463394165,,0.0078125,,1987.6580810546875,,,,,,,,,,,
9,115999,,63576.2109375,,0.005071783903986216,,61776.34765625,,0.4921875,,63576.2109375,,0.56640625,,0.5078125,,256.0,,0.5324079394340515,,0.00390625,,1799.86376953125,,,,,,,,,,,
9,116049,,54633.9296875,,0.005091893952339888,,52715.0546875,,0.51953125,,54633.9296875,,0.51171875,,0.48046875,,256.0,,0.5069247484207153,,0.0078125,,1918.8741455078125,,,,,,,,,,,
9,116099,,15830.017578125,,0.004770820494741201,,14151.3271484375,,0.5078125,,15830.017578125,,0.5859375,,0.4921875,,256.0,,0.564181923866272,,0.0,,1678.6905517578125,,,,,,,,,,,
9,116149,,66541.9453125,,0.004707961343228817,,64516.64453125,,0.453125,,66541.9453125,,0.5625,,0.546875,,256.0,,0.522274374961853,,0.0078125,,2025.29931640625,,,,,,,,,,,
9,116199,,77979.7109375,,0.0048336004838347435,,76169.1171875,,0.48046875,,77979.7109375,,0.56640625,,0.51953125,,256.0,,0.5479576587677002,,0.00390625,,1810.5972900390625,,,,,,,,,,,
9,116249,,15827.76953125,,0.004589014686644077,,14189.783203125,,0.5390625,,15827.76953125,,0.62890625,,0.4609375,,256.0,,0.6076540946960449,,0.0,,1637.9866943359375,,,,,,,,,,,
9,116299,,85709.5703125,,0.005024629645049572,,83767.375,,0.484375,,85709.5703125,,0.5390625,,0.515625,,256.0,,0.5044915080070496,,0.01171875,,1942.1986083984375,,,,,,,,,,,
9,116349,,14978.3740234375,,0.004830681718885899,,13290.30859375,,0.48828125,,14978.3740234375,,0.419921875,,0.51171875,,256.0,,0.4111832082271576,,0.00390625,,1688.0653076171875,,,,,,,,,,,
9,116399,,19346.765625,,0.004825762938708067,,17810.955078125,,0.46484375,,19346.765625,,0.59375,,0.53515625,,256.0,,0.5819141864776611,,0.0,,1535.8099365234375,,,,,,,,,,,
9,116449,,62363.6796875,,0.0047186072915792465,,60350.921875,,0.48828125,,62363.6796875,,0.68359375,,0.51171875,,256.0,,0.6412240862846375,,0.0078125,,2012.7584228515625,,,,,,,,,,,
9,116499,,18620.05859375,,0.0047371299006044865,,17012.580078125,,0.42578125,,18620.05859375,,0.478515625,,0.57421875,,256.0,,0.4638786315917969,,0.0,,1607.478515625,,,,,,,,,,,
9,116549,,15008.779296875,,0.004894869402050972,,13329.154296875,,0.5,,15008.779296875,,0.55078125,,0.5,,256.0,,0.5232433676719666,,0.0,,1679.62548828125,,,,,,,,,,,
9,116599,,13199.658203125,,0.004485864192247391,,11144.5185546875,,0.50390625,,13199.658203125,,0.5078125,,0.49609375,,256.0,,0.4761591851711273,,0.0078125,,2055.14013671875,,,,,,,,,,,
9,116649,,15153.462890625,,0.004874683916568756,,13427.4111328125,,0.4921875,,15153.462890625,,0.5078125,,0.5078125,,256.0,,0.4841369092464447,,0.0078125,,1726.052001953125,,,,,,,,,,,
9,116699,,73854.2421875,,0.004611843731254339,,71703.5859375,,0.4609375,,73854.2421875,,0.57421875,,0.5390625,,256.0,,0.5455218553543091,,0.01171875,,2150.6533203125,,,,,,,,,,,
9,116749,,12432.888671875,,0.004381239414215088,,10648.044921875,,0.47265625,,12432.888671875,,0.58203125,,0.52734375,,256.0,,0.5725943446159363,,0.0078125,,1784.843505859375,,,,,,,,,,,
9,116799,,11073.01171875,,0.005055808927863836,,9510.52734375,,0.48046875,,11073.01171875,,0.58984375,,0.51953125,,256.0,,0.5583794116973877,,0.0,,1562.48388671875,,,,,,,,,,,
9,116849,,92957.671875,,0.004679493606090546,,90937.296875,,0.51953125,,92957.671875,,0.59375,,0.48046875,,256.0,,0.5617403388023376,,0.0078125,,2020.376220703125,,,,,,,,,,,
9,116899,,68098.328125,,0.004862463101744652,,66052.8671875,,0.51953125,,68098.328125,,0.5234375,,0.48046875,,256.0,,0.5084353685379028,,0.00390625,,2045.457763671875,,,,,,,,,,,
9,116949,,62389.14453125,,0.004833582788705826,,60592.96484375,,0.49609375,,62389.14453125,,0.5234375,,0.50390625,,256.0,,0.49813112616539,,0.00390625,,1796.1810302734375,,,,,,,,,,,
9,116999,,52546.3671875,,0.004862719215452671,,50353.82421875,,0.51171875,,52546.3671875,,0.5859375,,0.48828125,,256.0,,0.5659393072128296,,0.015625,,2192.54345703125,,,,,,,,,,,
9,117049,,14659.7236328125,,0.005087015684694052,,13018.98046875,,0.5234375,,14659.7236328125,,0.5703125,,0.4765625,,256.0,,0.5400876998901367,,0.00390625,,1640.7427978515625,,,,,,,,,,,
9,117099,,11183.1806640625,,0.004762498661875725,,9540.5205078125,,0.47265625,,11183.1806640625,,0.56640625,,0.52734375,,256.0,,0.5529727339744568,,0.00390625,,1642.659912109375,,,,,,,,,,,
9,117149,,14583.2373046875,,0.004766453057527542,,13128.486328125,,0.55859375,,14583.2373046875,,0.5078125,,0.44140625,,256.0,,0.5047383308410645,,0.0,,1454.7509765625,,,,,,,,,,,
9,117199,,11746.0009765625,,0.00473125372081995,,9950.970703125,,0.4765625,,11746.0009765625,,0.69921875,,0.5234375,,256.0,,0.6803652048110962,,0.0078125,,1795.0299072265625,,,,,,,,,,,
9,117249,,13548.9208984375,,0.005117570050060749,,12011.765625,,0.4453125,,13548.9208984375,,0.65625,,0.5546875,,256.0,,0.6388189196586609,,0.0,,1537.155029296875,,,,,,,,,,,
9,117299,,67795.0546875,,0.005048113875091076,,65569.3828125,,0.5078125,,67795.0546875,,0.6015625,,0.4921875,,256.0,,0.5853860974311829,,0.01171875,,2225.67041015625,,,,,,,,,,,
9,117349,,99014.0859375,,0.004677946679294109,,96976.171875,,0.5,,99014.0859375,,0.466796875,,0.5,,256.0,,0.4546769857406616,,0.0078125,,2037.9105224609375,,,,,,,,,,,
9,117399,,16785.91015625,,0.0050249551422894,,15229.2412109375,,0.48828125,,16785.91015625,,0.65234375,,0.51171875,,256.0,,0.6599878072738647,,0.0,,1556.668701171875,,,,,,,,,,,
9,117449,,132627.546875,,0.0049850670620799065,,130297.671875,,0.51953125,,132627.546875,,0.61328125,,0.48046875,,256.0,,0.602357804775238,,0.01171875,,2329.869384765625,,,,,,,,,,,
9,117499,,11408.126953125,,0.004824240691959858,,10030.1474609375,,0.51171875,,11408.126953125,,0.52734375,,0.48828125,,256.0,,0.5211208462715149,,0.0,,1377.97998046875,,,,,,,,,,,
9,117549,,56945.16015625,,0.005053125321865082,,55148.39453125,,0.484375,,56945.16015625,,0.50390625,,0.515625,,256.0,,0.47322115302085876,,0.00390625,,1796.765380859375,,,,,,,,,,,
9,117599,,69239.15625,,0.004823743831366301,,67297.515625,,0.47265625,,69239.15625,,0.6328125,,0.52734375,,256.0,,0.6051027178764343,,0.00390625,,1941.63916015625,,,,,,,,,,,
9,117649,,18619.32421875,,0.005006810650229454,,16860.064453125,,0.5078125,,18619.32421875,,0.703125,,0.4921875,,256.0,,0.6598073244094849,,0.00390625,,1759.259521484375,,,,,,,,,,,
9,117699,,103510.21875,,0.004823691677302122,,101436.5078125,,0.48046875,,103510.21875,,0.498046875,,0.51953125,,256.0,,0.4445992112159729,,0.00390625,,2073.71435546875,,,,,,,,,,,
9,117749,,13450.9453125,,0.004553952720016241,,11742.8232421875,,0.546875,,13450.9453125,,0.55078125,,0.453125,,256.0,,0.5334340333938599,,0.0078125,,1708.122314453125,,,,,,,,,,,
9,117799,,53786.453125,,0.0044132801704108715,,51747.30859375,,0.5078125,,53786.453125,,0.50390625,,0.4921875,,256.0,,0.48425552248954773,,0.0078125,,2039.144775390625,,,,,,,,,,,
9,117849,,48958.46484375,,0.004525187890976667,,47084.296875,,0.48828125,,48958.46484375,,0.58984375,,0.51171875,,256.0,,0.5738955736160278,,0.00390625,,1874.1669921875,,,,,,,,,,,
9,117899,,14909.09765625,,0.004615559242665768,,13139.212890625,,0.484375,,14909.09765625,,0.7265625,,0.515625,,256.0,,0.6839412450790405,,0.00390625,,1769.88427734375,,,,,,,,,,,
9,117949,,14098.4208984375,,0.0049169110134243965,,12285.962890625,,0.49609375,,14098.4208984375,,0.61328125,,0.50390625,,256.0,,0.5806764960289001,,0.0078125,,1812.4580078125,,,,,,,,,,,
9,117999,,71063.125,,0.004702801816165447,,69168.53125,,0.4765625,,71063.125,,0.396484375,,0.5234375,,256.0,,0.39364635944366455,,0.00390625,,1894.5972900390625,,,,,,,,,,,
9,118049,,12988.5771484375,,0.004811938852071762,,11391.2841796875,,0.55078125,,12988.5771484375,,0.482421875,,0.44921875,,256.0,,0.4700969159603119,,0.0,,1597.292724609375,,,,,,,,,,,
9,118099,,16663.744140625,,0.005173767916858196,,15091.35546875,,0.4375,,16663.744140625,,0.51171875,,0.5625,,256.0,,0.49818509817123413,,0.0,,1572.38916015625,,,,,,,,,,,
9,118149,,15920.82421875,,0.00493399053812027,,14393.029296875,,0.5078125,,15920.82421875,,0.5859375,,0.4921875,,256.0,,0.5685378909111023,,0.0,,1527.794921875,,,,,,,,,,,
9,118199,,11969.8623046875,,0.004854235332459211,,10539.521484375,,0.5,,11969.8623046875,,0.76953125,,0.5,,256.0,,0.7549194693565369,,0.0,,1430.341064453125,,,,,,,,,,,
9,118249,,12560.3046875,,0.004484463948756456,,11006.2294921875,,0.484375,,12560.3046875,,0.57421875,,0.515625,,256.0,,0.5463246703147888,,0.0,,1554.074951171875,,,,,,,,,,,
9,118299,,52719.47265625,,0.0051743034273386,,50995.26953125,,0.55078125,,52719.47265625,,0.65625,,0.44921875,,256.0,,0.6136114597320557,,0.00390625,,1724.2032470703125,,,,,,,,,,,
9,118349,,15373.0595703125,,0.004754495806992054,,13787.98046875,,0.50390625,,15373.0595703125,,0.62890625,,0.49609375,,256.0,,0.6193870306015015,,0.00390625,,1585.079345703125,,,,,,,,,,,
9,118399,,61821.2421875,,0.00511186895892024,,59684.90625,,0.52734375,,61821.2421875,,0.5390625,,0.47265625,,256.0,,0.5116002559661865,,0.0078125,,2136.33447265625,,,,,,,,,,,
9,118449,,134383.015625,,0.004688603803515434,,131387.359375,,0.55859375,,134383.015625,,0.44921875,,0.44140625,,256.0,,0.4249516427516937,,0.02734375,,2995.649658203125,,,,,,,,,,,
9,118499,,14399.0537109375,,0.004223893862217665,,12795.373046875,,0.47265625,,14399.0537109375,,0.57421875,,0.52734375,,256.0,,0.5594229698181152,,0.00390625,,1603.6807861328125,,,,,,,,,,,
9,118549,,11412.392578125,,0.004698698874562979,,9715.6396484375,,0.48046875,,11412.392578125,,0.5859375,,0.51953125,,256.0,,0.5637144446372986,,0.0,,1696.752685546875,,,,,,,,,,,
9,118599,,16856.986328125,,0.004822765942662954,,15078.7900390625,,0.48046875,,16856.986328125,,0.69140625,,0.51953125,,256.0,,0.6613253951072693,,0.00390625,,1778.195556640625,,,,,,,,,,,
9,118649,,54572.1484375,,0.0050659640692174435,,52360.77734375,,0.453125,,54572.1484375,,0.65625,,0.546875,,256.0,,0.6311312913894653,,0.0078125,,2211.369140625,,,,,,,,,,,
9,118699,,16791.400390625,,0.004396328702569008,,15138.5380859375,,0.5078125,,16791.400390625,,0.53125,,0.4921875,,256.0,,0.5037403106689453,,0.00390625,,1652.86181640625,,,,,,,,,,,
9,118749,,138068.359375,,0.004967761691659689,,135601.484375,,0.48046875,,138068.359375,,0.5859375,,0.51953125,,256.0,,0.5619613528251648,,0.015625,,2466.87353515625,,,,,,,,,,,
9,118799,,78739.0703125,,0.004933623131364584,,76664.7421875,,0.515625,,78739.0703125,,0.65234375,,0.484375,,256.0,,0.6269553303718567,,0.01171875,,2074.32763671875,,,,,,,,,,,
9,118849,,82723.3984375,,0.004985733889043331,,80669.3828125,,0.5234375,,82723.3984375,,0.53125,,0.4765625,,256.0,,0.5286201238632202,,0.0078125,,2054.01806640625,,,,,,,,,,,
9,118899,,13975.474609375,,0.00476111052557826,,12361.9443359375,,0.46875,,13975.474609375,,0.60546875,,0.53125,,256.0,,0.5856637954711914,,0.0,,1613.52978515625,,,,,,,,,,,
9,118949,,12932.83203125,,0.0048655131831765175,,11237.1962890625,,0.5234375,,12932.83203125,,0.46875,,0.4765625,,256.0,,0.4526537358760834,,0.0078125,,1695.6357421875,,,,,,,,,,,
9,118999,,14624.9609375,,0.004819868132472038,,13092.109375,,0.5546875,,14624.9609375,,0.447265625,,0.4453125,,256.0,,0.4291355013847351,,0.0,,1532.851318359375,,,,,,,,,,,
9,119049,,15777.544921875,,0.005145847797393799,,14015.689453125,,0.47265625,,15777.544921875,,0.63671875,,0.52734375,,256.0,,0.6126633882522583,,0.00390625,,1761.85546875,,,,,,,,,,,
9,119099,,45320.69921875,,0.004616807214915752,,43751.53515625,,0.49609375,,45320.69921875,,0.72265625,,0.50390625,,256.0,,0.7084751129150391,,0.00390625,,1569.163330078125,,,,,,,,,,,
9,119149,,16063.8798828125,,0.0047644805163145065,,14255.888671875,,0.52734375,,16063.8798828125,,0.41796875,,0.47265625,,256.0,,0.3871402442455292,,0.0078125,,1807.990966796875,,,,,,,,,,,
9,119199,,11602.4794921875,,0.004682091064751148,,10072.310546875,,0.45703125,,11602.4794921875,,0.6171875,,0.54296875,,256.0,,0.5973354578018188,,0.0,,1530.169189453125,,,,,,,,,,,
9,119249,,14437.3515625,,0.004673398099839687,,12844.5869140625,,0.50390625,,14437.3515625,,0.60546875,,0.49609375,,256.0,,0.5711342096328735,,0.0,,1592.7642822265625,,,,,,,,,,,
9,119299,,93796.03125,,0.004835851490497589,,91765.03125,,0.50390625,,93796.03125,,0.69921875,,0.49609375,,256.0,,0.6714545488357544,,0.0078125,,2031.0009765625,,,,,,,,,,,
9,119349,,47588.1875,,0.004616157617419958,,45626.44921875,,0.484375,,47588.1875,,0.59765625,,0.515625,,256.0,,0.5785244703292847,,0.01171875,,1961.739990234375,,,,,,,,,,,
9,119399,,13760.1474609375,,0.004500535316765308,,12154.79296875,,0.54296875,,13760.1474609375,,0.5,,0.45703125,,256.0,,0.486970990896225,,0.0,,1605.354248046875,,,,,,,,,,,
9,119449,,60385.0078125,,0.004615826532244682,,58539.27734375,,0.5078125,,60385.0078125,,0.60546875,,0.4921875,,256.0,,0.5702484846115112,,0.00390625,,1845.7294921875,,,,,,,,,,,
9,119499,,40763.2109375,,0.005017035640776157,,39041.6640625,,0.55078125,,40763.2109375,,0.7578125,,0.44921875,,256.0,,0.7129220962524414,,0.00390625,,1721.54638671875,,,,,,,,,,,
9,119549,,118840.359375,,0.004917901009321213,,116653.8515625,,0.4609375,,118840.359375,,0.50390625,,0.5390625,,256.0,,0.4963122606277466,,0.01171875,,2186.50732421875,,,,,,,,,,,
9,119599,,13787.443359375,,0.004926455672830343,,12181.63671875,,0.48828125,,13787.443359375,,0.51953125,,0.51171875,,256.0,,0.5219493508338928,,0.0,,1605.80712890625,,,,,,,,,,,
9,119649,,14381.51953125,,0.005123616196215153,,12680.9814453125,,0.48046875,,14381.51953125,,0.55078125,,0.51953125,,256.0,,0.5540435314178467,,0.0,,1700.5382080078125,,,,,,,,,,,
9,119699,,200046.796875,,0.005117389373481274,,197114.34375,,0.52734375,,200046.796875,,0.49609375,,0.47265625,,256.0,,0.4736287593841553,,0.0234375,,2932.45263671875,,,,,,,,,,,
9,119749,,15136.9501953125,,0.004475890658795834,,13529.4521484375,,0.5234375,,15136.9501953125,,0.53125,,0.4765625,,256.0,,0.5127459764480591,,0.00390625,,1607.498291015625,,,,,,,,,,,
9,119799,,10927.02734375,,0.004673594143241644,,9375.4794921875,,0.5,,10927.02734375,,0.609375,,0.5,,256.0,,0.5969254374504089,,0.0,,1551.547607421875,,,,,,,,,,,
9,119849,,52352.2734375,,0.004737156443297863,,50586.35546875,,0.484375,,52352.2734375,,0.58203125,,0.515625,,256.0,,0.5456023216247559,,0.0078125,,1765.917236328125,,,,,,,,,,,
9,119899,,57325.86328125,,0.004787280224263668,,55605.453125,,0.4140625,,57325.86328125,,0.4765625,,0.5859375,,256.0,,0.4753560423851013,,0.00390625,,1720.4097900390625,,,,,,,,,,,
9,119949,,75094.8671875,,0.005081596784293652,,73088.2265625,,0.5078125,,75094.8671875,,0.3828125,,0.4921875,,256.0,,0.38576874136924744,,0.01171875,,2006.6431884765625,,,,,,,,,,,
9,119999,,47849.12890625,,0.005065825767815113,,46012.91796875,,0.48828125,,47849.12890625,,0.51953125,,0.51171875,,256.0,,0.5044612288475037,,0.0078125,,1836.209716796875,,,,,,,,,,,
9,120049,,44440.9296875,,0.00510796532034874,,42557.0078125,,0.49609375,,44440.9296875,,0.54296875,,0.50390625,,256.0,,0.5285715460777283,,0.0078125,,1883.9207763671875,,,,,,,,,,,
9,120099,,13553.6455078125,,0.004737009759992361,,11681.8173828125,,0.47265625,,13553.6455078125,,0.6484375,,0.52734375,,256.0,,0.6295503973960876,,0.00390625,,1871.828369140625,,,,,,,,,,,
9,120149,,14673.9228515625,,0.005115840584039688,,13093.8603515625,,0.51171875,,14673.9228515625,,0.515625,,0.48828125,,256.0,,0.4953932762145996,,0.0,,1580.062744140625,,,,,,,,,,,
9,120199,,15801.5234375,,0.00454853568226099,,14127.025390625,,0.53125,,15801.5234375,,0.59765625,,0.46875,,256.0,,0.5733558535575867,,0.0078125,,1674.49755859375,,,,,,,,,,,
9,120249,,48867.15234375,,0.0048989905044436455,,47061.73046875,,0.49609375,,48867.15234375,,0.6015625,,0.50390625,,256.0,,0.6027828454971313,,0.00390625,,1805.421875,,,,,,,,,,,
9,120299,,14183.4228515625,,0.004883822984993458,,12684.7509765625,,0.4609375,,14183.4228515625,,0.478515625,,0.5390625,,256.0,,0.48552608489990234,,0.0,,1498.671875,,,,,,,,,,,
9,120349,,145601.5,,0.005051515530794859,,143335.21875,,0.4921875,,145601.5,,0.6171875,,0.5078125,,256.0,,0.5840442180633545,,0.01171875,,2266.27685546875,,,,,,,,,,,
9,120399,,51270.41796875,,0.0048360396176576614,,49585.0,,0.453125,,51270.41796875,,0.578125,,0.546875,,256.0,,0.5699955224990845,,0.00390625,,1685.418212890625,,,,,,,,,,,
9,120449,,14128.978515625,,0.005080032162368298,,12674.2353515625,,0.50390625,,14128.978515625,,0.57421875,,0.49609375,,256.0,,0.5598544478416443,,0.0,,1454.743408203125,,,,,,,,,,,
9,120499,,59609.9375,,0.0045641446486115456,,57578.63671875,,0.44140625,,59609.9375,,0.5390625,,0.55859375,,256.0,,0.5195751190185547,,0.015625,,2031.301025390625,,,,,,,,,,,
9,120549,,12829.7255859375,,0.005188298411667347,,11209.31640625,,0.46484375,,12829.7255859375,,0.55078125,,0.53515625,,256.0,,0.5302955508232117,,0.00390625,,1620.408935546875,,,,,,,,,,,
9,120599,,68360.0078125,,0.004689371213316917,,66328.2890625,,0.453125,,68360.0078125,,0.6796875,,0.546875,,256.0,,0.6490427851676941,,0.0078125,,2031.71923828125,,,,,,,,,,,
9,120649,,55942.29296875,,0.004527452401816845,,54135.67578125,,0.48828125,,55942.29296875,,0.73046875,,0.51171875,,256.0,,0.7212094068527222,,0.00390625,,1806.61767578125,,,,,,,,,,,
9,120699,,14082.3515625,,0.00503289420157671,,12587.3095703125,,0.4921875,,14082.3515625,,0.5546875,,0.5078125,,256.0,,0.5555691719055176,,0.0,,1495.042236328125,,,,,,,,,,,
9,120749,,13608.6044921875,,0.005160249769687653,,11724.67578125,,0.49609375,,13608.6044921875,,0.494140625,,0.50390625,,256.0,,0.4963892698287964,,0.0078125,,1883.9285888671875,,,,,,,,,,,
9,120799,,18329.310546875,,0.0044952211901545525,,16860.63671875,,0.48046875,,18329.310546875,,0.58203125,,0.51953125,,256.0,,0.559320330619812,,0.0,,1468.674560546875,,,,,,,,,,,
9,120849,,10939.8828125,,0.004770232364535332,,9221.57421875,,0.48046875,,10939.8828125,,0.62109375,,0.51953125,,256.0,,0.6049375534057617,,0.00390625,,1718.3089599609375,,,,,,,,,,,
9,120899,,11587.8837890625,,0.004630470648407936,,10125.728515625,,0.48828125,,11587.8837890625,,0.625,,0.51171875,,256.0,,0.6061367392539978,,0.0,,1462.1553955078125,,,,,,,,,,,
9,120949,,50613.4296875,,0.004509345628321171,,48882.14453125,,0.49609375,,50613.4296875,,0.53125,,0.50390625,,256.0,,0.5051389932632446,,0.00390625,,1731.28369140625,,,,,,,,,,,
9,120999,,53706.25,,0.004790074657648802,,51618.83984375,,0.5234375,,53706.25,,0.66796875,,0.4765625,,256.0,,0.6629717350006104,,0.0078125,,2087.408203125,,,,,,,,,,,
9,121049,,13561.5859375,,0.004763632547110319,,11975.693359375,,0.50390625,,13561.5859375,,0.671875,,0.49609375,,256.0,,0.6464685201644897,,0.0,,1585.892333984375,,,,,,,,,,,
9,121099,,17211.484375,,0.004931007977575064,,15600.6474609375,,0.46484375,,17211.484375,,0.54296875,,0.53515625,,256.0,,0.5121029615402222,,0.0,,1610.837890625,,,,,,,,,,,
9,121149,,16475.80859375,,0.005258434917777777,,14954.64453125,,0.55078125,,16475.80859375,,0.625,,0.44921875,,256.0,,0.6262282133102417,,0.0,,1521.1639404296875,,,,,,,,,,,
9,121199,,15824.7216796875,,0.004891422111541033,,14159.2783203125,,0.53515625,,15824.7216796875,,0.58203125,,0.46484375,,256.0,,0.5665600299835205,,0.0,,1665.443115234375,,,,,,,,,,,
9,121249,,15237.544921875,,0.0050370111130177975,,13437.2861328125,,0.51953125,,15237.544921875,,0.56640625,,0.48046875,,256.0,,0.5516857504844666,,0.00390625,,1800.2584228515625,,,,,,,,,,,
9,121299,,17286.384765625,,0.004956557881087065,,15546.89453125,,0.4609375,,17286.384765625,,0.640625,,0.5390625,,256.0,,0.6287117004394531,,0.0078125,,1739.490478515625,,,,,,,,,,,
9,121349,,51987.46875,,0.005496234633028507,,50281.21484375,,0.51953125,,51987.46875,,0.68359375,,0.48046875,,256.0,,0.6588078737258911,,0.00390625,,1706.254150390625,,,,,,,,,,,
9,121399,,51445.92578125,,0.004769943654537201,,49616.3828125,,0.515625,,51445.92578125,,0.53515625,,0.484375,,256.0,,0.5187174677848816,,0.00390625,,1829.5413818359375,,,,,,,,,,,
9,121449,,11804.5146484375,,0.004754201974719763,,10442.921875,,0.55078125,,11804.5146484375,,0.50390625,,0.44921875,,256.0,,0.49758362770080566,,0.0,,1361.5927734375,,,,,,,,,,,
9,121499,,14437.6865234375,,0.004927554167807102,,12910.189453125,,0.48046875,,14437.6865234375,,0.58984375,,0.51953125,,256.0,,0.5614382028579712,,0.0,,1527.4970703125,,,,,,,,,,,
9,121549,,15276.986328125,,0.00490795960649848,,13554.041015625,,0.48046875,,15276.986328125,,0.64453125,,0.51953125,,256.0,,0.6282066106796265,,0.00390625,,1722.945556640625,,,,,,,,,,,
9,121599,,20029.203125,,0.004887481685727835,,18214.353515625,,0.49609375,,20029.203125,,0.55859375,,0.50390625,,256.0,,0.5542550683021545,,0.00390625,,1814.8505859375,,,,,,,,,,,
9,121649,,57730.125,,0.0051647815853357315,,55858.65625,,0.4765625,,57730.125,,0.5546875,,0.5234375,,256.0,,0.5511152148246765,,0.0078125,,1871.4691162109375,,,,,,,,,,,
9,121699,,15740.9541015625,,0.004888501018285751,,14115.6982421875,,0.51171875,,15740.9541015625,,0.6640625,,0.48828125,,256.0,,0.6588870882987976,,0.0,,1625.2562255859375,,,,,,,,,,,
9,121749,,59081.0,,0.005107160657644272,,57103.34765625,,0.51953125,,59081.0,,0.47265625,,0.48046875,,256.0,,0.4498734474182129,,0.0078125,,1977.650634765625,,,,,,,,,,,
9,121799,,100979.890625,,0.004881282802671194,,98915.3828125,,0.4453125,,100979.890625,,0.50390625,,0.5546875,,256.0,,0.47931790351867676,,0.01171875,,2064.50537109375,,,,,,,,,,,
9,121849,,80054.71875,,0.005223331972956657,,77797.6796875,,0.5078125,,80054.71875,,0.58984375,,0.4921875,,256.0,,0.5788620710372925,,0.015625,,2257.0380859375,,,,,,,,,,,
9,121899,,59692.69140625,,0.0049882191233336926,,57991.99609375,,0.46875,,59692.69140625,,0.41796875,,0.53125,,256.0,,0.4028089940547943,,0.00390625,,1700.6934814453125,,,,,,,,,,,
9,121949,,16096.642578125,,0.004832410253584385,,14350.1201171875,,0.54296875,,16096.642578125,,0.67578125,,0.45703125,,256.0,,0.6522344946861267,,0.00390625,,1746.52294921875,,,,,,,,,,,
9,121999,,79546.2578125,,0.0048073395155370235,,77741.171875,,0.47265625,,79546.2578125,,0.51953125,,0.52734375,,256.0,,0.4990686774253845,,0.00390625,,1805.0831298828125,,,,,,,,,,,
9,122049,,137101.25,,0.004647808149456978,,134960.9375,,0.48828125,,137101.25,,0.578125,,0.51171875,,256.0,,0.5481377840042114,,0.01171875,,2140.313720703125,,,,,,,,,,,
9,122099,,61925.83984375,,0.005098587833344936,,60166.20703125,,0.50390625,,61925.83984375,,0.62890625,,0.49609375,,256.0,,0.5985406637191772,,0.0078125,,1759.633544921875,,,,,,,,,,,
9,122149,,14095.091796875,,0.004890200681984425,,12126.3857421875,,0.4921875,,14095.091796875,,0.640625,,0.5078125,,256.0,,0.6255285143852234,,0.00390625,,1968.7061767578125,,,,,,,,,,,
9,122199,,15524.4873046875,,0.004767118953168392,,13693.5244140625,,0.4296875,,15524.4873046875,,0.5546875,,0.5703125,,256.0,,0.5126394033432007,,0.0078125,,1830.9632568359375,,,,,,,,,,,
9,122249,,12952.2255859375,,0.004971505608409643,,11547.5361328125,,0.46484375,,12952.2255859375,,0.62109375,,0.53515625,,256.0,,0.59589022397995,,0.0,,1404.6895751953125,,,,,,,,,,,
9,122299,,11992.654296875,,0.004453816916793585,,10554.65234375,,0.5078125,,11992.654296875,,0.5859375,,0.4921875,,256.0,,0.562842071056366,,0.0,,1438.002197265625,,,,,,,,,,,
9,122349,,84301.4375,,0.005032402463257313,,82194.21875,,0.4921875,,84301.4375,,0.486328125,,0.5078125,,256.0,,0.45893892645835876,,0.01171875,,2107.22265625,,,,,,,,,,,
9,122399,,13429.697265625,,0.004456196911633015,,11958.912109375,,0.5,,13429.697265625,,0.59765625,,0.5,,256.0,,0.5740850567817688,,0.0,,1470.78515625,,,,,,,,,,,
9,122449,,13793.998046875,,0.004979508928954601,,12297.16796875,,0.48046875,,13793.998046875,,0.51953125,,0.51953125,,256.0,,0.4897477626800537,,0.0,,1496.829833984375,,,,,,,,,,,
9,122499,,14121.5546875,,0.004718969576060772,,12623.328125,,0.49609375,,14121.5546875,,0.70703125,,0.50390625,,256.0,,0.6761459708213806,,0.0,,1498.2261962890625,,,,,,,,,,,
9,122549,,14197.140625,,0.004944571293890476,,12478.759765625,,0.5390625,,14197.140625,,0.70703125,,0.4609375,,256.0,,0.6869834661483765,,0.00390625,,1718.380859375,,,,,,,,,,,
9,122599,,50933.91015625,,0.00482771173119545,,48949.26953125,,0.5625,,50933.91015625,,0.54296875,,0.4375,,256.0,,0.5034763813018799,,0.00390625,,1984.6424560546875,,,,,,,,,,,
9,122649,,15027.74609375,,0.004880089312791824,,13362.0400390625,,0.48828125,,15027.74609375,,0.66796875,,0.51171875,,256.0,,0.644903302192688,,0.0,,1665.706298828125,,,,,,,,,,,
9,122699,,43310.1796875,,0.004788020625710487,,41587.94921875,,0.50390625,,43310.1796875,,0.546875,,0.49609375,,256.0,,0.54494309425354,,0.0078125,,1722.2320556640625,,,,,,,,,,,
9,122749,,46204.140625,,0.004936966113746166,,44273.52734375,,0.49609375,,46204.140625,,0.50390625,,0.50390625,,256.0,,0.47014278173446655,,0.0078125,,1930.61181640625,,,,,,,,,,,
9,122799,,16225.41015625,,0.00460809376090765,,14628.578125,,0.46484375,,16225.41015625,,0.63671875,,0.53515625,,256.0,,0.6386122703552246,,0.0,,1596.832275390625,,,,,,,,,,,
9,122849,,14457.3994140625,,0.004801932722330093,,12909.529296875,,0.5078125,,14457.3994140625,,0.58203125,,0.4921875,,256.0,,0.5589891672134399,,0.0,,1547.869873046875,,,,,,,,,,,
9,122899,,73130.4296875,,0.004796524997800589,,71349.3046875,,0.4765625,,73130.4296875,,0.46484375,,0.5234375,,256.0,,0.4401589334011078,,0.00390625,,1781.1256103515625,,,,,,,,,,,
9,122949,,14418.001953125,,0.0049789645709097385,,12658.734375,,0.46875,,14418.001953125,,0.53515625,,0.53125,,256.0,,0.5208515524864197,,0.00390625,,1759.267333984375,,,,,,,,,,,
9,122999,,58066.078125,,0.004804259166121483,,55910.73046875,,0.4765625,,58066.078125,,0.625,,0.5234375,,256.0,,0.6027083396911621,,0.01171875,,2155.34814453125,,,,,,,,,,,
9,123049,,59949.7734375,,0.00456212367862463,,57973.6796875,,0.57421875,,59949.7734375,,0.51953125,,0.42578125,,256.0,,0.5058625936508179,,0.0078125,,1976.092041015625,,,,,,,,,,,
9,123099,,11691.041015625,,0.005155850201845169,,9898.2666015625,,0.50390625,,11691.041015625,,0.6328125,,0.49609375,,256.0,,0.6063267588615417,,0.00390625,,1792.774169921875,,,,,,,,,,,
9,123149,,100246.1796875,,0.0048544565215706825,,98004.3125,,0.53125,,100246.1796875,,0.50390625,,0.46875,,256.0,,0.4647230803966522,,0.01171875,,2241.86474609375,,,,,,,,,,,
9,123199,,41858.87109375,,0.00486443005502224,,39832.6640625,,0.51171875,,41858.87109375,,0.6015625,,0.48828125,,256.0,,0.5814648866653442,,0.0078125,,2026.206298828125,,,,,,,,,,,
9,123249,,14674.1337890625,,0.00492489617317915,,12827.1533203125,,0.52734375,,14674.1337890625,,0.4921875,,0.47265625,,256.0,,0.44545310735702515,,0.0078125,,1846.980224609375,,,,,,,,,,,
9,123299,,13474.5859375,,0.005054820794612169,,11775.52734375,,0.44921875,,13474.5859375,,0.58984375,,0.55078125,,256.0,,0.5845785140991211,,0.00390625,,1699.05859375,,,,,,,,,,,
9,123349,,71274.484375,,0.005162990186363459,,69240.25,,0.51953125,,71274.484375,,0.6875,,0.48046875,,256.0,,0.6475828886032104,,0.01171875,,2034.23583984375,,,,,,,,,,,
9,123399,,47820.09375,,0.005575576331466436,,45752.31640625,,0.51953125,,47820.09375,,0.66796875,,0.48046875,,256.0,,0.6519802808761597,,0.0078125,,2067.777587890625,,,,,,,,,,,
9,123449,,46601.7890625,,0.00511667737737298,,44728.4453125,,0.53125,,46601.7890625,,0.6328125,,0.46875,,256.0,,0.6148978471755981,,0.0078125,,1873.345458984375,,,,,,,,,,,
9,123499,,103728.2265625,,0.004744342528283596,,101296.0625,,0.484375,,103728.2265625,,0.51953125,,0.515625,,256.0,,0.47838759422302246,,0.015625,,2432.160888671875,,,,,,,,,,,
9,123549,,103532.9140625,,0.004648822825402021,,101570.765625,,0.45703125,,103532.9140625,,0.70703125,,0.54296875,,256.0,,0.6806937456130981,,0.0078125,,1962.147216796875,,,,,,,,,,,
9,123599,,14104.1220703125,,0.004788181744515896,,12495.263671875,,0.51171875,,14104.1220703125,,0.52734375,,0.48828125,,256.0,,0.5291875600814819,,0.0078125,,1608.858642578125,,,,,,,,,,,
9,123649,,11388.1455078125,,0.004703456070274115,,9714.4931640625,,0.453125,,11388.1455078125,,0.578125,,0.546875,,256.0,,0.5683934092521667,,0.0,,1673.6524658203125,,,,,,,,,,,
9,123699,,13435.4716796875,,0.004786977544426918,,11482.3564453125,,0.40625,,13435.4716796875,,0.56640625,,0.59375,,256.0,,0.5269984602928162,,0.0078125,,1953.115478515625,,,,,,,,,,,
9,123749,,41816.796875,,0.004369532223790884,,40027.7265625,,0.5390625,,41816.796875,,0.64453125,,0.4609375,,256.0,,0.6244531869888306,,0.00390625,,1789.0711669921875,,,,,,,,,,,
9,123799,,51056.09375,,0.004936765413731337,,49185.99609375,,0.46875,,51056.09375,,0.64453125,,0.53125,,256.0,,0.6375263929367065,,0.00390625,,1870.096923828125,,,,,,,,,,,
9,123849,,51621.06640625,,0.0047971708700060844,,49774.2578125,,0.53515625,,51621.06640625,,0.435546875,,0.46484375,,256.0,,0.41321009397506714,,0.00390625,,1846.806884765625,,,,,,,,,,,
9,123899,,83465.1328125,,0.004581797402352095,,81516.1640625,,0.4609375,,83465.1328125,,0.49609375,,0.5390625,,256.0,,0.4769213795661926,,0.0078125,,1948.9666748046875,,,,,,,,,,,
9,123949,,15273.34375,,0.004467821680009365,,13688.5478515625,,0.45703125,,15273.34375,,0.5390625,,0.54296875,,256.0,,0.5276530981063843,,0.0,,1584.7958984375,,,,,,,,,,,
9,123999,,15948.0166015625,,0.004899968858808279,,14341.8310546875,,0.55078125,,15948.0166015625,,0.5625,,0.44921875,,256.0,,0.5524564981460571,,0.0,,1606.185302734375,,,,,,,,,,,
9,124049,,41688.23828125,,0.00474664056673646,,39656.03515625,,0.50390625,,41688.23828125,,0.56640625,,0.49609375,,256.0,,0.5419489145278931,,0.0078125,,2032.2030029296875,,,,,,,,,,,
9,124099,,104282.390625,,0.004623827524483204,,102074.9375,,0.48828125,,104282.390625,,0.55859375,,0.51171875,,256.0,,0.5351790189743042,,0.01171875,,2207.454833984375,,,,,,,,,,,
9,124149,,52367.55078125,,0.004773549269884825,,50470.9140625,,0.5078125,,52367.55078125,,0.51171875,,0.4921875,,256.0,,0.5084150433540344,,0.0078125,,1896.63818359375,,,,,,,,,,,
9,124199,,19456.50390625,,0.004994601011276245,,17836.76953125,,0.49609375,,19456.50390625,,0.61328125,,0.50390625,,256.0,,0.5967037677764893,,0.0,,1619.7352294921875,,,,,,,,,,,
9,124249,,15900.9326171875,,0.005490020848810673,,14177.23828125,,0.54296875,,15900.9326171875,,0.59765625,,0.45703125,,256.0,,0.5656878352165222,,0.00390625,,1723.6943359375,,,,,,,,,,,
9,124299,,15110.947265625,,0.0049197981134057045,,13532.0,,0.4765625,,15110.947265625,,0.6015625,,0.5234375,,256.0,,0.5779210329055786,,0.0,,1578.947021484375,,,,,,,,,,,
9,124349,,40074.4453125,,0.005080706439912319,,38191.80859375,,0.48828125,,40074.4453125,,0.5234375,,0.51171875,,256.0,,0.49670112133026123,,0.0078125,,1882.6357421875,,,,,,,,,,,
9,124399,,13874.388671875,,0.004543844610452652,,12345.0693359375,,0.4765625,,13874.388671875,,0.6015625,,0.5234375,,256.0,,0.5798038244247437,,0.0,,1529.3192138671875,,,,,,,,,,,
9,124449,,17387.275390625,,0.004825407173484564,,15845.552734375,,0.4921875,,17387.275390625,,0.63671875,,0.5078125,,256.0,,0.6162914037704468,,0.0,,1541.7230224609375,,,,,,,,,,,
9,124499,,22692.990234375,,0.004596843384206295,,21048.26171875,,0.46875,,22692.990234375,,0.5546875,,0.53125,,256.0,,0.5259737968444824,,0.00390625,,1644.729248046875,,,,,,,,,,,
9,124549,,13849.359375,,0.004833643324673176,,12026.34375,,0.52734375,,13849.359375,,0.44921875,,0.47265625,,256.0,,0.41874080896377563,,0.0078125,,1823.015625,,,,,,,,,,,
9,124599,,42919.44140625,,0.004913808312267065,,41224.35546875,,0.4921875,,42919.44140625,,0.62109375,,0.5078125,,256.0,,0.6014678478240967,,0.0078125,,1695.087158203125,,,,,,,,,,,
9,124649,,15382.35546875,,0.004650770220905542,,13525.103515625,,0.44921875,,15382.35546875,,0.5546875,,0.55078125,,256.0,,0.5246018171310425,,0.00390625,,1857.2520751953125,,,,,,,,,,,
9,124699,,14952.208984375,,0.005085350014269352,,13116.8017578125,,0.484375,,14952.208984375,,0.66015625,,0.515625,,256.0,,0.630687952041626,,0.00390625,,1835.40771484375,,,,,,,,,,,
9,124749,,14062.4619140625,,0.005200788378715515,,12475.861328125,,0.52734375,,14062.4619140625,,0.515625,,0.47265625,,256.0,,0.5192378759384155,,0.0,,1586.600830078125,,,,,,,,,,,
9,124799,,67837.703125,,0.004831434693187475,,65819.34375,,0.49609375,,67837.703125,,0.53515625,,0.50390625,,256.0,,0.4969629943370819,,0.0078125,,2018.359375,,,,,,,,,,,
9,124849,,16212.998046875,,0.004733836278319359,,14634.5400390625,,0.515625,,16212.998046875,,0.498046875,,0.484375,,256.0,,0.48261627554893494,,0.0,,1578.4576416015625,,,,,,,,,,,
9,124899,,74916.4296875,,0.0049589164555072784,,72902.4140625,,0.515625,,74916.4296875,,0.56640625,,0.484375,,256.0,,0.5419444441795349,,0.01171875,,2014.011962890625,,,,,,,,,,,
9,124949,,19190.33984375,,0.004988548345863819,,17382.744140625,,0.4765625,,19190.33984375,,0.64453125,,0.5234375,,256.0,,0.6177978515625,,0.00390625,,1807.5958251953125,,,,,,,,,,,
9,124999,,64144.77734375,,0.005517518147826195,,62055.19140625,,0.4921875,,64144.77734375,,0.671875,,0.5078125,,256.0,,0.6225401759147644,,0.0078125,,2089.5859375,,,,,,,,,,,
9,125049,,173618.96875,,0.0048255231231451035,,171155.234375,,0.4609375,,173618.96875,,0.56640625,,0.5390625,,256.0,,0.5350445508956909,,0.01171875,,2463.73681640625,,,,,,,,,,,
9,125099,,16326.140625,,0.004390685819089413,,14663.5146484375,,0.54296875,,16326.140625,,0.6171875,,0.45703125,,256.0,,0.5975930690765381,,0.00390625,,1662.625732421875,,,,,,,,,,,
9,125149,,46480.53515625,,0.004844944924116135,,44472.69140625,,0.5078125,,46480.53515625,,0.53515625,,0.4921875,,256.0,,0.5064858198165894,,0.0078125,,2007.843505859375,,,,,,,,,,,
9,125199,,18001.36328125,,0.00484430231153965,,16189.8134765625,,0.54296875,,18001.36328125,,0.68359375,,0.45703125,,256.0,,0.6790279150009155,,0.00390625,,1811.549560546875,,,,,,,,,,,
9,125249,,14694.7373046875,,0.0048151770606637,,13179.73828125,,0.5390625,,14694.7373046875,,0.515625,,0.4609375,,256.0,,0.4848499000072479,,0.0,,1514.9990234375,,,,,,,,,,,
9,125299,,11426.154296875,,0.00464168144389987,,9762.7626953125,,0.51171875,,11426.154296875,,0.5546875,,0.48828125,,256.0,,0.5568825602531433,,0.0,,1663.39111328125,,,,,,,,,,,
9,125349,,14441.8212890625,,0.004685826599597931,,12733.37890625,,0.515625,,14441.8212890625,,0.625,,0.484375,,256.0,,0.6122117042541504,,0.00390625,,1708.4422607421875,,,,,,,,,,,
9,125399,,17161.296875,,0.005057569593191147,,15306.0029296875,,0.48046875,,17161.296875,,0.5234375,,0.51953125,,256.0,,0.5058553814888,,0.01171875,,1855.293212890625,,,,,,,,,,,
9,125449,,14386.439453125,,0.004731491208076477,,12677.09765625,,0.48828125,,14386.439453125,,0.46484375,,0.51171875,,256.0,,0.4655190408229828,,0.0,,1709.341552734375,,,,,,,,,,,
9,125499,,47961.4140625,,0.0051905447617173195,,46156.24609375,,0.453125,,47961.4140625,,0.68359375,,0.546875,,256.0,,0.651174783706665,,0.00390625,,1805.169677734375,,,,,,,,,,,
9,125549,,59298.48046875,,0.004596461541950703,,57402.02734375,,0.4765625,,59298.48046875,,0.55859375,,0.5234375,,256.0,,0.5288142561912537,,0.00390625,,1896.4534912109375,,,,,,,,,,,
9,125599,,75492.625,,0.004876818507909775,,73619.2109375,,0.515625,,75492.625,,0.6875,,0.484375,,256.0,,0.6610978841781616,,0.0078125,,1873.412841796875,,,,,,,,,,,
9,125649,,17131.4921875,,0.005039587616920471,,15271.0595703125,,0.5546875,,17131.4921875,,0.7421875,,0.4453125,,256.0,,0.7179877161979675,,0.00390625,,1860.432373046875,,,,,,,,,,,
9,125699,,14118.271484375,,0.004777669906616211,,12175.05078125,,0.45703125,,14118.271484375,,0.625,,0.54296875,,256.0,,0.606512188911438,,0.0078125,,1943.22119140625,,,,,,,,,,,
9,125749,,74127.4375,,0.004353213589638472,,72288.5,,0.4921875,,74127.4375,,0.609375,,0.5078125,,256.0,,0.5757862329483032,,0.00390625,,1838.9346923828125,,,,,,,,,,,
9,125799,,14684.490234375,,0.004932615906000137,,12848.4521484375,,0.48046875,,14684.490234375,,0.78515625,,0.51953125,,256.0,,0.7487187385559082,,0.0078125,,1836.038330078125,,,,,,,,,,,
9,125849,,12210.337890625,,0.00451833289116621,,10619.0625,,0.515625,,12210.337890625,,0.54296875,,0.484375,,256.0,,0.5213792324066162,,0.0,,1591.275634765625,,,,,,,,,,,
9,125899,,14682.240234375,,0.004799745511263609,,12954.2197265625,,0.53515625,,14682.240234375,,0.63671875,,0.46484375,,256.0,,0.6026707887649536,,0.00390625,,1728.02001953125,,,,,,,,,,,
9,125949,,16008.591796875,,0.004464888013899326,,14536.9375,,0.47265625,,16008.591796875,,0.66015625,,0.52734375,,256.0,,0.623959481716156,,0.0,,1471.654541015625,,,,,,,,,,,
9,125999,,38131.44921875,,0.005170630291104317,,36278.640625,,0.51171875,,38131.44921875,,0.60546875,,0.48828125,,256.0,,0.5728470683097839,,0.0078125,,1852.80859375,,,,,,,,,,,
9,126049,,15848.5166015625,,0.004830788820981979,,14300.0009765625,,0.5078125,,15848.5166015625,,0.625,,0.4921875,,256.0,,0.596453070640564,,0.0,,1548.5152587890625,,,,,,,,,,,
9,126099,,77244.3125,,0.004748879466205835,,75242.484375,,0.52734375,,77244.3125,,0.70703125,,0.47265625,,256.0,,0.684232234954834,,0.0078125,,2001.8310546875,,,,,,,,,,,
9,126149,,15434.86328125,,0.005102119408547878,,13886.9013671875,,0.4921875,,15434.86328125,,0.60546875,,0.5078125,,256.0,,0.5936815738677979,,0.0,,1547.9620361328125,,,,,,,,,,,
9,126199,,16145.8037109375,,0.004894694313406944,,14552.6796875,,0.46484375,,16145.8037109375,,0.515625,,0.53515625,,256.0,,0.4819396138191223,,0.0,,1593.123779296875,,,,,,,,,,,
9,126249,,12203.7626953125,,0.0050195432268083096,,10709.826171875,,0.49609375,,12203.7626953125,,0.56640625,,0.50390625,,256.0,,0.5639383792877197,,0.0,,1493.9364013671875,,,,,,,,,,,
9,126299,,17875.318359375,,0.004937625955790281,,16116.4921875,,0.46875,,17875.318359375,,0.61328125,,0.53125,,256.0,,0.5748682618141174,,0.00390625,,1758.82666015625,,,,,,,,,,,
9,126349,,56474.34765625,,0.004930717404931784,,54645.62109375,,0.48046875,,56474.34765625,,0.5546875,,0.51953125,,256.0,,0.5335803031921387,,0.00390625,,1828.7254638671875,,,,,,,,,,,
9,126399,,12821.8271484375,,0.0053055803291499615,,11207.56640625,,0.51953125,,12821.8271484375,,0.6015625,,0.48046875,,256.0,,0.5965503454208374,,0.0,,1614.2607421875,,,,,,,,,,,
9,126449,,43495.43359375,,0.004557743668556213,,41732.31640625,,0.5078125,,43495.43359375,,0.66796875,,0.4921875,,256.0,,0.6524690389633179,,0.00390625,,1763.117431640625,,,,,,,,,,,
9,126499,,17109.13671875,,0.005105312913656235,,15267.4111328125,,0.5234375,,17109.13671875,,0.59375,,0.4765625,,256.0,,0.5760596990585327,,0.00390625,,1841.7264404296875,,,,,,,,,,,
9,126549,,12078.72265625,,0.004770585335791111,,10499.1298828125,,0.48046875,,12078.72265625,,0.43359375,,0.51953125,,256.0,,0.43719929456710815,,0.0,,1579.5927734375,,,,,,,,,,,
9,126599,,47669.89453125,,0.0045365518890321255,,45913.703125,,0.53125,,47669.89453125,,0.51953125,,0.46875,,256.0,,0.5078420639038086,,0.00390625,,1756.1900634765625,,,,,,,,,,,
9,126649,,10561.34765625,,0.004921746905893087,,8830.5,,0.4375,,10561.34765625,,0.5234375,,0.5625,,256.0,,0.49276408553123474,,0.01171875,,1730.84814453125,,,,,,,,,,,
9,126699,,52944.35546875,,0.004445408936589956,,51320.33203125,,0.5078125,,52944.35546875,,0.66015625,,0.4921875,,256.0,,0.6513733863830566,,0.0078125,,1624.02392578125,,,,,,,,,,,
9,126749,,10633.779296875,,0.00440149987116456,,9208.087890625,,0.515625,,10633.779296875,,0.59375,,0.484375,,256.0,,0.5820753574371338,,0.0,,1425.69189453125,,,,,,,,,,,
9,126799,,52766.56640625,,0.004734966438263655,,50736.328125,,0.4765625,,52766.56640625,,0.5859375,,0.5234375,,256.0,,0.5559382438659668,,0.0078125,,2030.23779296875,,,,,,,,,,,
9,126849,,57657.08984375,,0.004761242773383856,,55346.5625,,0.5,,57657.08984375,,0.66796875,,0.5,,256.0,,0.6578282117843628,,0.01171875,,2310.525634765625,,,,,,,,,,,
9,126899,,83209.8515625,,0.004832449834793806,,81128.9296875,,0.48828125,,83209.8515625,,0.53515625,,0.51171875,,256.0,,0.5107091665267944,,0.00390625,,2080.92041015625,,,,,,,,,,,
9,126949,,11759.1728515625,,0.0049002328887581825,,10234.841796875,,0.546875,,11759.1728515625,,0.5390625,,0.453125,,256.0,,0.5123913288116455,,0.0,,1524.331298828125,,,,,,,,,,,
9,126999,,11182.5732421875,,0.004581565968692303,,9618.0732421875,,0.51953125,,11182.5732421875,,0.55859375,,0.48046875,,256.0,,0.5392729640007019,,0.0,,1564.5,,,,,,,,,,,
9,127049,,12090.9833984375,,0.0049104089848697186,,10593.6669921875,,0.4453125,,12090.9833984375,,0.453125,,0.5546875,,256.0,,0.448763906955719,,0.00390625,,1497.31640625,,,,,,,,,,,
9,127099,,103638.9453125,,0.004784716293215752,,101531.140625,,0.4921875,,103638.9453125,,0.578125,,0.5078125,,256.0,,0.5898481607437134,,0.01171875,,2107.804931640625,,,,,,,,,,,
9,127149,,14231.6767578125,,0.00472627580165863,,12477.9775390625,,0.47265625,,14231.6767578125,,0.609375,,0.52734375,,256.0,,0.5738049149513245,,0.00390625,,1753.698974609375,,,,,,,,,,,
9,127199,,13260.2314453125,,0.005169957876205444,,11790.5556640625,,0.515625,,13260.2314453125,,0.54296875,,0.484375,,256.0,,0.539696455001831,,0.0,,1469.6754150390625,,,,,,,,,,,
9,127249,,16132.583984375,,0.0047277226112782955,,14496.1142578125,,0.4921875,,16132.583984375,,0.55859375,,0.5078125,,256.0,,0.5454527735710144,,0.0,,1636.469970703125,,,,,,,,,,,
9,127299,,60515.734375,,0.005276812240481377,,58733.0546875,,0.4765625,,60515.734375,,0.46875,,0.5234375,,256.0,,0.4482438564300537,,0.00390625,,1782.6790771484375,,,,,,,,,,,
9,127349,,97023.96875,,0.004536384716629982,,94971.2265625,,0.515625,,97023.96875,,0.59375,,0.484375,,256.0,,0.5705841779708862,,0.0078125,,2052.7412109375,,,,,,,,,,,
9,127399,,58811.1328125,,0.004962310194969177,,56832.4609375,,0.4921875,,58811.1328125,,0.57421875,,0.5078125,,256.0,,0.5441501140594482,,0.0078125,,1978.670654296875,,,,,,,,,,,
9,127449,,55976.79296875,,0.0045124865137040615,,54269.51953125,,0.484375,,55976.79296875,,0.490234375,,0.515625,,256.0,,0.4775843322277069,,0.00390625,,1707.272216796875,,,,,,,,,,,
9,127499,,79368.9765625,,0.004819167777895927,,77517.6640625,,0.3984375,,79368.9765625,,0.4453125,,0.6015625,,256.0,,0.43045109510421753,,0.0078125,,1851.313720703125,,,,,,,,,,,
9,127549,,12134.4404296875,,0.0053513846360147,,10531.931640625,,0.50390625,,12134.4404296875,,0.52734375,,0.49609375,,256.0,,0.5349547266960144,,0.0,,1602.5087890625,,,,,,,,,,,
9,127599,,14811.1982421875,,0.004925547633320093,,12971.1083984375,,0.4140625,,14811.1982421875,,0.54296875,,0.5859375,,256.0,,0.5330162048339844,,0.00390625,,1840.0897216796875,,,,,,,,,,,
9,127649,,15213.0625,,0.005111015401780605,,13338.599609375,,0.5390625,,15213.0625,,0.51953125,,0.4609375,,256.0,,0.48071664571762085,,0.00390625,,1874.46337890625,,,,,,,,,,,
9,127699,,16164.8984375,,0.004472536500543356,,14550.671875,,0.453125,,16164.8984375,,0.380859375,,0.546875,,256.0,,0.3542121350765228,,0.00390625,,1614.22607421875,,,,,,,,,,,
9,127749,,10592.51953125,,0.004748523235321045,,8917.396484375,,0.48828125,,10592.51953125,,0.63671875,,0.51171875,,256.0,,0.6284452676773071,,0.00390625,,1675.12353515625,,,,,,,,,,,
9,127799,,51546.16015625,,0.004506582394242287,,49831.8203125,,0.4921875,,51546.16015625,,0.68359375,,0.5078125,,256.0,,0.6437660455703735,,0.00390625,,1714.33935546875,,,,,,,,,,,
9,127849,,94944.25,,0.004811270162463188,,93008.7578125,,0.46875,,94944.25,,0.47265625,,0.53125,,256.0,,0.4591597020626068,,0.0078125,,1935.49609375,,,,,,,,,,,
9,127899,,12949.126953125,,0.005009073298424482,,11339.0302734375,,0.47265625,,12949.126953125,,0.5859375,,0.52734375,,256.0,,0.5651014447212219,,0.0,,1610.09716796875,,,,,,,,,,,
9,127949,,56896.16796875,,0.004709658212959766,,54874.1796875,,0.5390625,,56896.16796875,,0.609375,,0.4609375,,256.0,,0.5975079536437988,,0.0078125,,2021.98876953125,,,,,,,,,,,
9,127959,,,,,,,,,,,,,,,,,,,,,,,17652.912109375,0.004860734101384878,16062.431640625,0.4998077154159546,17652.912109375,0.6115673780441284,0.5001922845840454,255.98416137695312,0.5943132638931274,0.0010014981962740421,1590.506591796875
9,127959,40755.39453125,,0.004847855307161808,,38950.51171875,,0.49998870491981506,,40755.39453125,,0.5800440907478333,,0.5000112652778625,,256.0,,0.5611419677734375,,0.0050223213620483875,,1804.8216552734375,,,,,,,,,,,,
