epoch,step,train/action_embedding_mean_epoch,train/action_embedding_mean_step,train/base_td_loss_epoch,train/base_td_loss_step,train/c2_base_c_loss_epoch,train/c2_base_c_loss_step,train/first_q_alignment_examples_epoch,train/first_q_alignment_examples_step,train/first_q_alignment_loss_epoch,train/first_q_alignment_loss_step,train/first_q_alignment_top1_agreement_epoch,train/first_q_alignment_top1_agreement_step,train/first_q_alignment_weighted_loss_epoch,train/first_q_alignment_weighted_loss_step,train/first_q_student_score_mean_epoch,train/first_q_student_score_mean_step,train/first_q_student_score_std_epoch,train/first_q_student_score_std_step,train/first_q_teacher_cost_mean_epoch,train/first_q_teacher_cost_mean_step,train/first_q_teacher_cost_std_epoch,train/first_q_teacher_cost_std_step,train/goal_projection_loss_epoch,train/goal_projection_loss_step,train/goal_score_residual_mean_epoch,train/goal_score_residual_mean_step,train/goal_task_fraction_epoch,train/goal_task_fraction_step,train/loss_epoch,train/loss_step,train/method_td_loss_epoch,train/method_td_loss_step,train/random_task_fraction_epoch,train/random_task_fraction_step,train/td_pairs_epoch,train/td_pairs_step,train/td_prediction_mean_epoch,train/td_prediction_mean_step,train/td_target_mean_epoch,train/td_target_mean_step,train/terminal_fraction_epoch,train/terminal_fraction_step,validation/action_embedding_mean,validation/base_td_loss,validation/c2_base_c_loss,validation/first_q_alignment_evaluated,validation/goal_projection_loss,validation/goal_score_residual_mean,validation/goal_task_fraction,validation/loss,validation/method_td_loss,validation/random_task_fraction,validation/td_pairs,validation/td_prediction_mean,validation/td_target_mean,validation/terminal_fraction
0,49,,-0.25230535864830017,,1118.9202880859375,,40780.84765625,,8.0,,3.2503280639648438,,0.0,,3.2503280639648438,,2317.37451171875,,576.7600708007812,,203.9989471435547,,135.39059448242188,,39661.92578125,,18.47289276123047,,0.46484375,,40784.09765625,,40784.09765625,,0.53515625,,256.0,,0.3203125,,0.31054556369781494,,0.0078125,,,,,,,,,,,,,,
0,99,,-0.25955265760421753,,1002.6080322265625,,2356.99951171875,,8.0,,3.1523964405059814,,0.125,,3.1523964405059814,,2113.713134765625,,486.48779296875,,240.128662109375,,123.4767837524414,,1354.391357421875,,-0.9833166003227234,,0.45703125,,2360.15185546875,,2360.15185546875,,0.54296875,,256.0,,0.298828125,,0.2848464250564575,,0.00390625,,,,,,,,,,,,,,
0,149,,-0.2666933834552765,,1099.742431640625,,2841.3134765625,,8.0,,3.233513116836548,,0.0,,3.233513116836548,,2203.44384765625,,418.2213439941406,,255.28897094726562,,119.14439392089844,,1741.5709228515625,,-1.147367238998413,,0.49609375,,2844.546875,,2844.546875,,0.50390625,,256.0,,0.271484375,,0.2978171110153198,,0.01171875,,,,,,,,,,,,,,
0,199,,-0.2575645446777344,,1048.68994140625,,2443.970703125,,8.0,,3.0651464462280273,,0.25,,3.0651464462280273,,2227.301025390625,,554.6220703125,,170.4465789794922,,97.91002655029297,,1395.2808837890625,,-3.3065459728240967,,0.49609375,,2447.035888671875,,2447.035888671875,,0.50390625,,256.0,,0.09375,,0.08772628009319305,,0.0078125,,,,,,,,,,,,,,
0,249,,-0.2623262405395508,,843.22412109375,,2246.6396484375,,8.0,,3.1399455070495605,,0.0,,3.1399455070495605,,2142.05517578125,,621.3449096679688,,281.8176574707031,,120.9745101928711,,1403.4154052734375,,-6.76865816116333,,0.42578125,,2249.779541015625,,2249.779541015625,,0.57421875,,256.0,,0.2216796875,,0.22022601962089539,,0.0,,,,,,,,,,,,,,
0,299,,-0.271822065114975,,1089.8189697265625,,2518.465576171875,,8.0,,3.015054941177368,,0.0,,3.015054941177368,,2193.98681640625,,601.8818969726562,,251.11349487304688,,104.70693969726562,,1428.6466064453125,,-1.9197689294815063,,0.47265625,,2521.480712890625,,2521.480712890625,,0.52734375,,256.0,,0.31640625,,0.28194934129714966,,0.0078125,,,,,,,,,,,,,,
0,349,,-0.25905758142471313,,1050.285400390625,,2582.51318359375,,8.0,,3.104825019836426,,0.125,,3.104825019836426,,2231.89013671875,,578.6834716796875,,282.4620361328125,,137.01126098632812,,1532.227783203125,,6.064481258392334,,0.4375,,2585.617919921875,,2585.617919921875,,0.5625,,256.0,,0.283203125,,0.2557469308376312,,0.0078125,,,,,,,,,,,,,,
0,399,,-0.2535937428474426,,975.75048828125,,2545.87060546875,,8.0,,3.099419593811035,,0.125,,3.099419593811035,,1702.99755859375,,554.435302734375,,266.31585693359375,,110.78841400146484,,1570.1199951171875,,-9.463557243347168,,0.49609375,,2548.969970703125,,2548.969970703125,,0.50390625,,256.0,,0.2109375,,0.18997667729854584,,0.0,,,,,,,,,,,,,,
0,449,,-0.2621377408504486,,1378.468505859375,,83565.4921875,,8.0,,2.918454647064209,,0.125,,2.918454647064209,,2255.291748046875,,672.5901489257812,,221.08810424804688,,127.88919830322266,,82187.0234375,,33.32210922241211,,0.5078125,,83568.4140625,,83568.4140625,,0.4921875,,256.0,,0.259765625,,0.2572368383407593,,0.01171875,,,,,,,,,,,,,,
0,499,,-0.27075618505477905,,1178.92529296875,,46647.07421875,,8.0,,3.1176915168762207,,0.125,,3.1176915168762207,,2490.949951171875,,331.7679138183594,,254.9635009765625,,127.53543090820312,,45468.1484375,,21.68366813659668,,0.45703125,,46650.19140625,,46650.19140625,,0.54296875,,256.0,,0.2138671875,,0.2106056809425354,,0.0078125,,,,,,,,,,,,,,
0,549,,-0.26503270864486694,,1064.966064453125,,2723.380859375,,8.0,,3.1626243591308594,,0.125,,3.1626243591308594,,1958.50537109375,,515.8797607421875,,270.1099853515625,,109.34452819824219,,1658.4149169921875,,-11.31847095489502,,0.44921875,,2726.54345703125,,2726.54345703125,,0.55078125,,256.0,,0.265625,,0.2686101198196411,,0.0078125,,,,,,,,,,,,,,
0,599,,-0.2479703426361084,,1328.6234130859375,,82802.3359375,,8.0,,3.1403470039367676,,0.0,,3.1403470039367676,,2427.15234375,,545.1205444335938,,238.921630859375,,139.31150817871094,,81473.7109375,,27.683956146240234,,0.4375,,82805.4765625,,82805.4765625,,0.5625,,256.0,,0.134765625,,0.14982962608337402,,0.01171875,,,,,,,,,,,,,,
0,649,,-0.270279198884964,,971.45068359375,,2651.06591796875,,8.0,,3.123703718185425,,0.0,,3.123703718185425,,2313.7353515625,,325.9911804199219,,219.2239990234375,,112.05827331542969,,1679.615234375,,-6.178974151611328,,0.4609375,,2654.189697265625,,2654.189697265625,,0.5390625,,256.0,,0.283203125,,0.23630158603191376,,0.0,,,,,,,,,,,,,,
0,699,,-0.2624269425868988,,886.5089111328125,,3159.68701171875,,8.0,,3.2744979858398438,,0.0,,3.2744979858398438,,2185.12255859375,,370.4587707519531,,260.784912109375,,139.34718322753906,,2273.177978515625,,-18.03020668029785,,0.4609375,,3162.96142578125,,3162.96142578125,,0.5390625,,256.0,,0.1826171875,,0.18725261092185974,,0.00390625,,,,,,,,,,,,,,
0,749,,-0.26962345838546753,,1251.318115234375,,34808.44921875,,8.0,,3.176090717315674,,0.0,,3.176090717315674,,2635.330810546875,,173.65936279296875,,191.35064697265625,,112.20714569091797,,33557.1328125,,12.516511917114258,,0.59375,,34811.625,,34811.625,,0.40625,,256.0,,0.333984375,,0.3097105324268341,,0.0078125,,,,,,,,,,,,,,
0,799,,-0.25410354137420654,,923.1070556640625,,2722.1728515625,,8.0,,3.197110652923584,,0.0,,3.197110652923584,,2370.39892578125,,411.8473205566406,,279.0006103515625,,136.6164093017578,,1799.065673828125,,-5.812589168548584,,0.515625,,2725.369873046875,,2725.369873046875,,0.484375,,256.0,,0.296875,,0.301544189453125,,0.0,,,,,,,,,,,,,,
0,849,,-0.26835015416145325,,1131.04931640625,,41840.3828125,,8.0,,3.2751688957214355,,0.0,,3.2751688957214355,,2483.489501953125,,228.99803161621094,,237.4322509765625,,112.68852996826172,,40709.33203125,,14.635984420776367,,0.5390625,,41843.65625,,41843.65625,,0.4609375,,256.0,,0.2392578125,,0.2445031851530075,,0.00390625,,,,,,,,,,,,,,
0,899,,-0.24600207805633545,,1177.9288330078125,,33747.2890625,,8.0,,3.060466766357422,,0.0,,3.060466766357422,,2268.35302734375,,384.1983947753906,,275.7804260253906,,120.12970733642578,,32569.359375,,5.358282566070557,,0.44921875,,33750.34765625,,33750.34765625,,0.55078125,,256.0,,0.2275390625,,0.21321925520896912,,0.01171875,,,,,,,,,,,,,,
0,949,,-0.2569502294063568,,990.4876098632812,,2373.11083984375,,8.0,,2.9800827503204346,,0.0,,2.9800827503204346,,2404.57177734375,,196.73780822753906,,228.56394958496094,,104.17088317871094,,1382.6231689453125,,-6.189651966094971,,0.54296875,,2376.0908203125,,2376.0908203125,,0.45703125,,256.0,,0.1748046875,,0.1870187520980835,,0.00390625,,,,,,,,,,,,,,
0,999,,-0.25933682918548584,,1157.759521484375,,34568.9296875,,8.0,,3.207845687866211,,0.0,,3.207845687866211,,2252.317138671875,,486.9382629394531,,251.18634033203125,,118.12996673583984,,33411.171875,,16.289220809936523,,0.48828125,,34572.13671875,,34572.13671875,,0.51171875,,256.0,,0.265625,,0.26711222529411316,,0.0078125,,,,,,,,,,,,,,
0,1049,,-0.25880441069602966,,874.332763671875,,2407.49560546875,,8.0,,3.403665542602539,,0.0,,3.403665542602539,,2332.900390625,,243.14747619628906,,301.2510986328125,,127.51518249511719,,1533.162841796875,,-4.508523941040039,,0.50390625,,2410.899169921875,,2410.899169921875,,0.49609375,,256.0,,0.298828125,,0.30869191884994507,,0.0,,,,,,,,,,,,,,
0,1099,,-0.25815194845199585,,1320.2373046875,,49249.8984375,,8.0,,3.0526342391967773,,0.125,,3.0526342391967773,,1859.6517333984375,,502.50927734375,,299.2821044921875,,114.05012512207031,,47929.66015625,,16.735185623168945,,0.48046875,,49252.94921875,,49252.94921875,,0.51953125,,256.0,,0.29296875,,0.28271687030792236,,0.01171875,,,,,,,,,,,,,,
0,1149,,-0.2773846387863159,,1195.931640625,,42871.3828125,,8.0,,3.041867971420288,,0.0,,3.041867971420288,,2340.677734375,,228.40882873535156,,231.14112854003906,,112.51897430419922,,41675.453125,,4.782939910888672,,0.5,,42874.42578125,,42874.42578125,,0.5,,256.0,,0.287109375,,0.3299199342727661,,0.01171875,,,,,,,,,,,,,,
0,1199,,-0.26204997301101685,,971.905517578125,,3125.47802734375,,8.0,,3.0499026775360107,,0.125,,3.0499026775360107,,2235.64794921875,,406.5113830566406,,221.24708557128906,,112.74581146240234,,2153.572509765625,,-3.4198358058929443,,0.49609375,,3128.52783203125,,3128.52783203125,,0.50390625,,256.0,,0.2041015625,,0.22452110052108765,,0.0,,,,,,,,,,,,,,
0,1249,,-0.2561602294445038,,847.4525756835938,,3262.776123046875,,8.0,,3.0475523471832275,,0.0,,3.0475523471832275,,2191.42724609375,,407.86962890625,,284.36285400390625,,124.83598327636719,,2415.323486328125,,-15.436100959777832,,0.48046875,,3265.82373046875,,3265.82373046875,,0.51953125,,256.0,,0.359375,,0.34207063913345337,,0.0,,,,,,,,,,,,,,
0,1299,,-0.2451716661453247,,1168.77783203125,,40954.265625,,8.0,,3.160508155822754,,0.0,,3.160508155822754,,2459.4921875,,173.4180908203125,,242.0361785888672,,137.95230102539062,,39785.48828125,,18.11888885498047,,0.51953125,,40957.42578125,,40957.42578125,,0.48046875,,256.0,,0.20703125,,0.21452224254608154,,0.0078125,,,,,,,,,,,,,,
0,1349,,-0.2750307023525238,,1134.6024169921875,,30831.478515625,,8.0,,3.254667282104492,,0.0,,3.254667282104492,,2294.6455078125,,390.1883850097656,,214.80715942382812,,109.73210906982422,,29696.876953125,,22.94274139404297,,0.49609375,,30834.732421875,,30834.732421875,,0.50390625,,256.0,,0.25390625,,0.2679399251937866,,0.00390625,,,,,,,,,,,,,,
0,1399,,-0.2629467844963074,,1123.2198486328125,,41338.1796875,,8.0,,3.062992572784424,,0.0,,3.062992572784424,,1887.2852783203125,,697.2243041992188,,263.38616943359375,,104.52577209472656,,40214.9609375,,17.608112335205078,,0.52734375,,41341.2421875,,41341.2421875,,0.47265625,,256.0,,0.330078125,,0.30060040950775146,,0.00390625,,,,,,,,,,,,,,
0,1449,,-0.24996358156204224,,872.0833740234375,,3207.62646484375,,8.0,,3.138322353363037,,0.25,,3.138322353363037,,2131.18115234375,,410.7867736816406,,203.04873657226562,,91.10687255859375,,2335.543212890625,,-10.745503425598145,,0.4921875,,3210.764892578125,,3210.764892578125,,0.5078125,,256.0,,0.25390625,,0.27476903796195984,,0.0,,,,,,,,,,,,,,
0,1499,,-0.26107391715049744,,960.5301513671875,,3116.787109375,,8.0,,3.128861904144287,,0.125,,3.128861904144287,,2216.9873046875,,691.540283203125,,224.3824920654297,,141.1992950439453,,2156.257080078125,,-2.9294047355651855,,0.53125,,3119.916015625,,3119.916015625,,0.46875,,256.0,,0.259765625,,0.2047632932662964,,0.0,,,,,,,,,,,,,,
0,1549,,-0.251409649848938,,917.1812744140625,,3638.9248046875,,8.0,,3.141862392425537,,0.0,,3.141862392425537,,2005.525634765625,,522.5419921875,,247.51239013671875,,124.66557312011719,,2721.74365234375,,-11.626875877380371,,0.4921875,,3642.066650390625,,3642.066650390625,,0.5078125,,256.0,,0.39453125,,0.3288046419620514,,0.0,,,,,,,,,,,,,,
0,1599,,-0.269866943359375,,1113.271484375,,3371.777587890625,,8.0,,3.2654409408569336,,0.0,,3.2654409408569336,,2082.23291015625,,496.8948059082031,,291.4493713378906,,111.57775115966797,,2258.506103515625,,-12.01766300201416,,0.49609375,,3375.04296875,,3375.04296875,,0.50390625,,256.0,,0.28125,,0.26601237058639526,,0.0078125,,,,,,,,,,,,,,
0,1649,,-0.257523775100708,,1129.5452880859375,,3617.76025390625,,8.0,,3.2997357845306396,,0.0,,3.2997357845306396,,2383.389892578125,,318.3243713378906,,230.800537109375,,119.78663635253906,,2488.215087890625,,-6.274075031280518,,0.5625,,3621.06005859375,,3621.06005859375,,0.4375,,256.0,,0.310546875,,0.3158590793609619,,0.0078125,,,,,,,,,,,,,,
0,1699,,-0.2707260549068451,,999.1693115234375,,2919.7255859375,,8.0,,3.2131171226501465,,0.0,,3.2131171226501465,,2291.9853515625,,320.0570983886719,,219.14317321777344,,113.13166046142578,,1920.55615234375,,-10.869768142700195,,0.51953125,,2922.938720703125,,2922.938720703125,,0.48046875,,256.0,,0.169921875,,0.2440759390592575,,0.00390625,,,,,,,,,,,,,,
0,1749,,-0.2529289126396179,,1215.625732421875,,43819.69921875,,8.0,,3.1633501052856445,,0.25,,3.1633501052856445,,2213.2001953125,,444.2545166015625,,264.3218688964844,,115.42007446289062,,42604.07421875,,7.863330364227295,,0.4921875,,43822.86328125,,43822.86328125,,0.5078125,,256.0,,0.2578125,,0.19579002261161804,,0.0078125,,,,,,,,,,,,,,
0,1799,,-0.26600387692451477,,856.7445068359375,,3197.14111328125,,8.0,,3.03015398979187,,0.375,,3.03015398979187,,1977.64794921875,,406.81683349609375,,224.15084838867188,,112.0823745727539,,2340.396484375,,-16.662189483642578,,0.45703125,,3200.17138671875,,3200.17138671875,,0.54296875,,256.0,,0.27734375,,0.2677263915538788,,0.00390625,,,,,,,,,,,,,,
0,1849,,-0.26321718096733093,,920.1434936523438,,3827.275146484375,,8.0,,2.9196863174438477,,0.375,,2.9196863174438477,,2394.28857421875,,271.90679931640625,,217.7008514404297,,118.91100311279297,,2907.131591796875,,0.09486010670661926,,0.51953125,,3830.19482421875,,3830.19482421875,,0.48046875,,256.0,,0.322265625,,0.33105558156967163,,0.0,,,,,,,,,,,,,,
0,1899,,-0.25488874316215515,,1162.3614501953125,,3778.49853515625,,8.0,,3.084826946258545,,0.125,,3.084826946258545,,2034.621337890625,,298.96990966796875,,303.39361572265625,,101.61729431152344,,2616.13720703125,,0.9074870347976685,,0.51171875,,3781.583251953125,,3781.583251953125,,0.48828125,,256.0,,0.1923828125,,0.24467864632606506,,0.0078125,,,,,,,,,,,,,,
0,1949,,-0.2594020366668701,,1052.199462890625,,3944.2109375,,8.0,,3.035332679748535,,0.25,,3.035332679748535,,2547.270263671875,,184.86106872558594,,246.578125,,128.49502563476562,,2892.011474609375,,-17.173736572265625,,0.46484375,,3947.246337890625,,3947.246337890625,,0.53515625,,256.0,,0.29296875,,0.2749297618865967,,0.00390625,,,,,,,,,,,,,,
0,1999,,-0.2778029143810272,,960.5178833007812,,4507.20556640625,,8.0,,2.9719886779785156,,0.125,,2.9719886779785156,,2175.275634765625,,381.12115478515625,,230.41668701171875,,115.94554901123047,,3546.6875,,-0.12033887207508087,,0.48828125,,4510.177734375,,4510.177734375,,0.51171875,,256.0,,0.2890625,,0.2686808109283447,,0.0,,,,,,,,,,,,,,
0,2049,,-0.27332091331481934,,1126.309326171875,,37044.25390625,,8.0,,3.071808338165283,,0.125,,3.071808338165283,,2554.43701171875,,237.93516540527344,,144.5835418701172,,97.47156524658203,,35917.9453125,,17.750150680541992,,0.50390625,,37047.32421875,,37047.32421875,,0.49609375,,256.0,,0.34375,,0.3115179240703583,,0.00390625,,,,,,,,,,,,,,
0,2099,,-0.2607523798942566,,977.3994750976562,,2546.247314453125,,8.0,,3.281874656677246,,0.0,,3.281874656677246,,2222.16650390625,,491.9233703613281,,269.906982421875,,120.15119934082031,,1568.8477783203125,,2.813133478164673,,0.47265625,,2549.529296875,,2549.529296875,,0.52734375,,256.0,,0.31640625,,0.3235134780406952,,0.0,,,,,,,,,,,,,,
0,2149,,-0.2524651885032654,,919.039794921875,,2439.486328125,,8.0,,3.016392946243286,,0.25,,3.016392946243286,,2328.73779296875,,400.34765625,,210.673095703125,,106.86561584472656,,1520.4464111328125,,-3.480727195739746,,0.49609375,,2442.502685546875,,2442.502685546875,,0.50390625,,256.0,,0.326171875,,0.3196670413017273,,0.0,,,,,,,,,,,,,,
0,2199,,-0.25511035323143005,,980.1724853515625,,3837.78564453125,,8.0,,3.1528196334838867,,0.125,,3.1528196334838867,,2384.37646484375,,252.4132080078125,,183.4364013671875,,103.9211196899414,,2857.613037109375,,-14.38755989074707,,0.48046875,,3840.9384765625,,3840.9384765625,,0.51953125,,256.0,,0.36328125,,0.31117135286331177,,0.0,,,,,,,,,,,,,,
0,2249,,-0.2594754099845886,,1037.7158203125,,29282.015625,,8.0,,3.2330169677734375,,0.0,,3.2330169677734375,,2421.630126953125,,265.9950256347656,,226.2220458984375,,109.1255111694336,,28244.298828125,,5.937958240509033,,0.46875,,29285.248046875,,29285.248046875,,0.53125,,256.0,,0.25390625,,0.32597869634628296,,0.0078125,,,,,,,,,,,,,,
0,2299,,-0.2736032009124756,,972.8845825195312,,3244.11328125,,8.0,,3.204585075378418,,0.0,,3.204585075378418,,2051.4150390625,,673.1256103515625,,250.88442993164062,,130.39637756347656,,2271.228759765625,,-2.9335098266601562,,0.47265625,,3247.31787109375,,3247.31787109375,,0.52734375,,256.0,,0.2255859375,,0.22298578917980194,,0.0,,,,,,,,,,,,,,
0,2349,,-0.2537100911140442,,980.0784912109375,,2967.513671875,,8.0,,3.091360092163086,,0.0,,3.091360092163086,,2382.609375,,342.3421936035156,,219.9588623046875,,121.0299072265625,,1987.4351806640625,,-0.8190647959709167,,0.51171875,,2970.60498046875,,2970.60498046875,,0.48828125,,256.0,,0.2275390625,,0.19645968079566956,,0.00390625,,,,,,,,,,,,,,
0,2399,,-0.26291388273239136,,915.2103271484375,,3431.49951171875,,8.0,,3.1136765480041504,,0.0,,3.1136765480041504,,2210.0703125,,367.7374572753906,,257.9425048828125,,119.36026000976562,,2516.289306640625,,-5.108116149902344,,0.51171875,,3434.61328125,,3434.61328125,,0.48828125,,256.0,,0.30859375,,0.29175424575805664,,0.0,,,,,,,,,,,,,,
0,2449,,-0.2700604796409607,,1447.620849609375,,48458.9296875,,8.0,,3.1573634147644043,,0.0,,3.1573634147644043,,2263.3662109375,,495.56109619140625,,240.36672973632812,,119.400146484375,,47011.30859375,,21.048561096191406,,0.484375,,48462.0859375,,48462.0859375,,0.515625,,256.0,,0.337890625,,0.28897595405578613,,0.01171875,,,,,,,,,,,,,,
0,2499,,-0.2734123468399048,,1474.8792724609375,,89795.5078125,,8.0,,3.0201590061187744,,0.125,,3.0201590061187744,,2054.29931640625,,337.23980712890625,,353.2357177734375,,65.5694808959961,,88320.625,,41.26008224487305,,0.44921875,,89798.53125,,89798.53125,,0.55078125,,256.0,,0.326171875,,0.3121221959590912,,0.01171875,,,,,,,,,,,,,,
0,2549,,-0.24770498275756836,,1671.23681640625,,134652.6875,,8.0,,3.2149558067321777,,0.0,,3.2149558067321777,,2336.171630859375,,171.84890747070312,,241.471435546875,,138.74581909179688,,132981.453125,,40.77641296386719,,0.5078125,,134655.90625,,134655.90625,,0.4921875,,256.0,,0.373046875,,0.3403674066066742,,0.01171875,,,,,,,,,,,,,,
0,2599,,-0.26353251934051514,,1731.362060546875,,116742.703125,,8.0,,3.1658496856689453,,0.0,,3.1658496856689453,,2180.021484375,,187.25723266601562,,253.67654418945312,,119.44294738769531,,115011.34375,,50.84695053100586,,0.52734375,,116745.8671875,,116745.8671875,,0.47265625,,256.0,,0.314453125,,0.3194541037082672,,0.01171875,,,,,,,,,,,,,,
0,2649,,-0.2634647488594055,,950.1932983398438,,3383.5087890625,,8.0,,2.955470085144043,,0.0,,2.955470085144043,,2367.032958984375,,624.619384765625,,223.9468994140625,,136.20814514160156,,2433.3154296875,,-2.574822425842285,,0.5,,3386.46435546875,,3386.46435546875,,0.5,,256.0,,0.189453125,,0.20248810946941376,,0.0,,,,,,,,,,,,,,
0,2699,,-0.25269660353660583,,1134.12841796875,,39314.3671875,,8.0,,3.116837739944458,,0.125,,3.116837739944458,,2261.51025390625,,545.441650390625,,236.89471435546875,,107.67960357666016,,38180.23828125,,16.679719924926758,,0.4609375,,39317.484375,,39317.484375,,0.5390625,,256.0,,0.294921875,,0.2680443227291107,,0.00390625,,,,,,,,,,,,,,
0,2749,,-0.2690165936946869,,1080.082763671875,,29964.41015625,,8.0,,3.281867027282715,,0.0,,3.281867027282715,,2298.4970703125,,442.99139404296875,,241.23458862304688,,133.0101776123047,,28884.328125,,10.323003768920898,,0.5,,29967.69140625,,29967.69140625,,0.5,,256.0,,0.158203125,,0.22125642001628876,,0.00390625,,,,,,,,,,,,,,
0,2799,,-0.2568179965019226,,990.0305786132812,,3008.710693359375,,8.0,,3.195754051208496,,0.25,,3.195754051208496,,2286.86962890625,,336.8078918457031,,250.48866271972656,,133.57907104492188,,2018.6800537109375,,-5.112231254577637,,0.49609375,,3011.906494140625,,3011.906494140625,,0.50390625,,256.0,,0.25390625,,0.23247306048870087,,0.00390625,,,,,,,,,,,,,,
0,2849,,-0.25787004828453064,,1064.6859130859375,,2961.734619140625,,8.0,,3.2578132152557373,,0.0,,3.2578132152557373,,2279.8916015625,,546.0694580078125,,235.3433837890625,,140.97579956054688,,1897.0487060546875,,-1.8640233278274536,,0.51953125,,2964.992431640625,,2964.992431640625,,0.48046875,,256.0,,0.2451171875,,0.2234581708908081,,0.00390625,,,,,,,,,,,,,,
0,2899,,-0.2661842107772827,,992.8882446289062,,3330.638916015625,,8.0,,3.273965835571289,,0.0,,3.273965835571289,,2224.69580078125,,482.099365234375,,219.35308837890625,,131.79061889648438,,2337.750732421875,,-3.019352912902832,,0.49609375,,3333.912841796875,,3333.912841796875,,0.50390625,,256.0,,0.2294921875,,0.283258855342865,,0.00390625,,,,,,,,,,,,,,
0,2949,,-0.25294625759124756,,1302.412109375,,66728.1640625,,8.0,,3.033140182495117,,0.0,,3.033140182495117,,2247.21875,,346.6927795410156,,255.13502502441406,,112.29059600830078,,65425.75390625,,22.963533401489258,,0.5,,66731.1953125,,66731.1953125,,0.5,,256.0,,0.2177734375,,0.19484341144561768,,0.0078125,,,,,,,,,,,,,,
0,2999,,-0.26737773418426514,,929.8682250976562,,2977.8330078125,,8.0,,3.3366241455078125,,0.0,,3.3366241455078125,,1925.8602294921875,,517.6035766601562,,288.7915344238281,,102.01454162597656,,2047.9647216796875,,-5.06906270980835,,0.54296875,,2981.169677734375,,2981.169677734375,,0.45703125,,256.0,,0.2431640625,,0.19952741265296936,,0.0,,,,,,,,,,,,,,
0,3049,,-0.256752610206604,,1104.2607421875,,40851.40234375,,8.0,,3.0954198837280273,,0.25,,3.0954198837280273,,2297.328125,,531.9872436523438,,225.0206298828125,,110.09821319580078,,39747.140625,,14.570512771606445,,0.48046875,,40854.49609375,,40854.49609375,,0.51953125,,256.0,,0.2314453125,,0.2491339147090912,,0.00390625,,,,,,,,,,,,,,
0,3099,,-0.27044305205345154,,1153.8194580078125,,2940.498046875,,8.0,,3.1874003410339355,,0.25,,3.1874003410339355,,1904.9271240234375,,474.969970703125,,305.6063537597656,,119.2159423828125,,1786.678466796875,,2.0723910331726074,,0.484375,,2943.685546875,,2943.685546875,,0.515625,,256.0,,0.3515625,,0.30103492736816406,,0.0078125,,,,,,,,,,,,,,
0,3149,,-0.26275572180747986,,1108.1038818359375,,35145.91015625,,8.0,,3.2724273204803467,,0.0,,3.2724273204803467,,2216.003173828125,,323.43951416015625,,248.7431640625,,145.02479553222656,,34037.8046875,,15.330233573913574,,0.515625,,35149.18359375,,35149.18359375,,0.484375,,256.0,,0.3125,,0.27429458498954773,,0.0078125,,,,,,,,,,,,,,
0,3199,,-0.26494908332824707,,985.3848266601562,,3615.416748046875,,8.0,,3.116708755493164,,0.25,,3.116708755493164,,2335.952392578125,,388.6723937988281,,253.70407104492188,,110.92992401123047,,2630.031982421875,,-10.558656692504883,,0.51171875,,3618.533447265625,,3618.533447265625,,0.48828125,,256.0,,0.287109375,,0.25909653306007385,,0.00390625,,,,,,,,,,,,,,
0,3249,,-0.25623053312301636,,1588.796142578125,,123005.40625,,8.0,,3.1081910133361816,,0.25,,3.1081910133361816,,2340.672119140625,,381.0796203613281,,264.2781982421875,,89.31094360351562,,121416.609375,,48.35911560058594,,0.515625,,123008.515625,,123008.515625,,0.484375,,256.0,,0.2578125,,0.24114148318767548,,0.015625,,,,,,,,,,,,,,
0,3299,,-0.25010401010513306,,1138.1103515625,,27308.6328125,,8.0,,3.0140480995178223,,0.125,,3.0140480995178223,,2422.6279296875,,208.5157012939453,,246.23468017578125,,127.62651824951172,,26170.521484375,,7.09022855758667,,0.5546875,,27311.646484375,,27311.646484375,,0.4453125,,256.0,,0.2412109375,,0.25748178362846375,,0.00390625,,,,,,,,,,,,,,
0,3349,,-0.25674402713775635,,967.39404296875,,3678.073974609375,,8.0,,3.1750240325927734,,0.0,,3.1750240325927734,,2277.11328125,,467.1272888183594,,188.18914794921875,,114.99282836914062,,2710.679931640625,,-7.874200344085693,,0.484375,,3681.2490234375,,3681.2490234375,,0.515625,,256.0,,0.2314453125,,0.232749342918396,,0.00390625,,,,,,,,,,,,,,
0,3399,,-0.25570622086524963,,1204.9866943359375,,53426.17578125,,8.0,,3.1488184928894043,,0.25,,3.1488184928894043,,2032.1591796875,,724.2766723632812,,226.05824279785156,,109.92687225341797,,52221.1875,,16.829750061035156,,0.47265625,,53429.32421875,,53429.32421875,,0.52734375,,256.0,,0.27734375,,0.3457014560699463,,0.0078125,,,,,,,,,,,,,,
0,3449,,-0.24971894919872284,,887.698486328125,,2740.82275390625,,8.0,,3.3150992393493652,,0.125,,3.3150992393493652,,2164.179443359375,,384.1443786621094,,258.4844665527344,,129.79803466796875,,1853.124267578125,,8.344378471374512,,0.5078125,,2744.137939453125,,2744.137939453125,,0.4921875,,256.0,,0.2275390625,,0.2907246947288513,,0.0,,,,,,,,,,,,,,
0,3499,,-0.24194297194480896,,858.2221069335938,,2720.989501953125,,8.0,,3.0658514499664307,,0.0,,3.0658514499664307,,2502.32470703125,,221.11007690429688,,234.55189514160156,,125.10546112060547,,1862.7674560546875,,-7.1798930168151855,,0.47265625,,2724.055419921875,,2724.055419921875,,0.52734375,,256.0,,0.16796875,,0.2150765061378479,,0.0,,,,,,,,,,,,,,
0,3549,,-0.25510191917419434,,1059.3748779296875,,3183.453125,,8.0,,3.200538158416748,,0.125,,3.200538158416748,,2216.317626953125,,274.9892883300781,,322.44085693359375,,113.97453308105469,,2124.078125,,-10.586568832397461,,0.49609375,,3186.653564453125,,3186.653564453125,,0.50390625,,256.0,,0.33203125,,0.3130580186843872,,0.0078125,,,,,,,,,,,,,,
0,3599,,-0.2605292499065399,,1278.9661865234375,,47367.36328125,,8.0,,3.004227638244629,,0.0,,3.004227638244629,,2398.763427734375,,569.00244140625,,212.86170959472656,,130.39280700683594,,46088.3984375,,25.194623947143555,,0.4375,,47370.3671875,,47370.3671875,,0.5625,,256.0,,0.32421875,,0.2401830554008484,,0.00390625,,,,,,,,,,,,,,
0,3649,,-0.24772846698760986,,926.9539794921875,,2570.28857421875,,8.0,,3.067880392074585,,0.125,,3.067880392074585,,2208.3115234375,,271.2347412109375,,296.9325256347656,,107.53350830078125,,1643.3345947265625,,-1.0522334575653076,,0.5078125,,2573.3564453125,,2573.3564453125,,0.4921875,,256.0,,0.31640625,,0.2954774498939514,,0.0,,,,,,,,,,,,,,
0,3699,,-0.2715681791305542,,1021.9111938476562,,3230.22802734375,,8.0,,3.1637115478515625,,0.0,,3.1637115478515625,,2135.096923828125,,466.2560119628906,,303.38458251953125,,116.69097900390625,,2208.31689453125,,1.8546357154846191,,0.4765625,,3233.391845703125,,3233.391845703125,,0.5234375,,256.0,,0.201171875,,0.1984339952468872,,0.00390625,,,,,,,,,,,,,,
0,3749,,-0.25817590951919556,,930.722900390625,,2810.16357421875,,8.0,,3.1082913875579834,,0.25,,3.1082913875579834,,2181.85107421875,,420.8090515136719,,231.81341552734375,,80.9880599975586,,1879.440673828125,,-0.5608226656913757,,0.51953125,,2813.27197265625,,2813.27197265625,,0.48046875,,256.0,,0.373046875,,0.34838181734085083,,0.0,,,,,,,,,,,,,,
0,3799,,-0.2684236466884613,,917.5423583984375,,3483.76123046875,,8.0,,3.1530556678771973,,0.125,,3.1530556678771973,,2177.50830078125,,213.0162811279297,,209.78382873535156,,125.71157836914062,,2566.21875,,-5.848423957824707,,0.4921875,,3486.914306640625,,3486.914306640625,,0.5078125,,256.0,,0.22265625,,0.23034611344337463,,0.0,,,,,,,,,,,,,,
0,3849,,-0.2643224596977234,,919.770751953125,,2581.987060546875,,8.0,,3.2507755756378174,,0.25,,3.2507755756378174,,2218.737548828125,,300.8489990234375,,264.2642822265625,,119.79505157470703,,1662.21630859375,,-10.247549057006836,,0.47265625,,2585.23779296875,,2585.23779296875,,0.52734375,,256.0,,0.2080078125,,0.2582377791404724,,0.0,,,,,,,,,,,,,,
0,3899,,-0.24090537428855896,,902.33349609375,,2702.20263671875,,8.0,,3.111631155014038,,0.0,,3.111631155014038,,2376.68994140625,,576.879150390625,,207.1737060546875,,147.90333557128906,,1799.8692626953125,,-7.754897117614746,,0.49609375,,2705.314208984375,,2705.314208984375,,0.50390625,,256.0,,0.193359375,,0.2230236977338791,,0.00390625,,,,,,,,,,,,,,
0,3949,,-0.25263088941574097,,943.3634033203125,,2897.079345703125,,8.0,,3.08121919631958,,0.0,,3.08121919631958,,1996.048583984375,,542.2686157226562,,310.7525634765625,,111.30055236816406,,1953.7159423828125,,1.068293809890747,,0.46484375,,2900.16064453125,,2900.16064453125,,0.53515625,,256.0,,0.205078125,,0.2167585790157318,,0.0,,,,,,,,,,,,,,
0,3999,,-0.26509150862693787,,1177.40771484375,,30031.71875,,8.0,,3.0963473320007324,,0.0,,3.0963473320007324,,2032.5914306640625,,512.0523071289062,,250.74172973632812,,108.40038299560547,,28854.310546875,,7.171435356140137,,0.53125,,30034.814453125,,30034.814453125,,0.46875,,256.0,,0.365234375,,0.30384427309036255,,0.00390625,,,,,,,,,,,,,,
0,4049,,-0.25796979665756226,,993.28369140625,,4372.279296875,,8.0,,3.2350971698760986,,0.0,,3.2350971698760986,,2388.121826171875,,493.297607421875,,215.3650665283203,,111.45479583740234,,3378.995849609375,,-17.98918914794922,,0.45703125,,4375.51416015625,,4375.51416015625,,0.54296875,,256.0,,0.203125,,0.16110582649707794,,0.0,,,,,,,,,,,,,,
0,4099,,-0.2487882822751999,,962.855224609375,,2797.68896484375,,8.0,,2.979902505874634,,0.0,,2.979902505874634,,2293.43310546875,,328.08758544921875,,230.3285369873047,,112.17900085449219,,1834.833740234375,,-2.180474042892456,,0.54296875,,2800.6689453125,,2800.6689453125,,0.45703125,,256.0,,0.373046875,,0.3407174050807953,,0.0,,,,,,,,,,,,,,
0,4149,,-0.262226402759552,,954.0743408203125,,3151.85302734375,,8.0,,3.286594867706299,,0.0,,3.286594867706299,,2340.673828125,,147.34075927734375,,238.92771911621094,,121.65460205078125,,2197.778564453125,,-10.51541519165039,,0.48828125,,3155.1396484375,,3155.1396484375,,0.51171875,,256.0,,0.2021484375,,0.2229200303554535,,0.0,,,,,,,,,,,,,,
0,4199,,-0.2568635642528534,,1082.0228271484375,,35639.96484375,,8.0,,2.770169258117676,,0.25,,2.770169258117676,,2431.638916015625,,254.9005889892578,,329.59698486328125,,106.4334945678711,,34557.94140625,,7.860697269439697,,0.484375,,35642.734375,,35642.734375,,0.515625,,256.0,,0.23046875,,0.19004198908805847,,0.0078125,,,,,,,,,,,,,,
0,4249,,-0.26931220293045044,,984.1077880859375,,2858.546875,,8.0,,3.05263090133667,,0.0,,3.05263090133667,,2169.6376953125,,395.8173828125,,272.61279296875,,132.8203125,,1874.4390869140625,,-7.428302764892578,,0.48828125,,2861.599609375,,2861.599609375,,0.51171875,,256.0,,0.1455078125,,0.19013667106628418,,0.0,,,,,,,,,,,,,,
0,4299,,-0.26354286074638367,,950.111083984375,,3092.042236328125,,8.0,,3.2343006134033203,,0.125,,3.2343006134033203,,2196.682861328125,,209.01168823242188,,227.50021362304688,,127.37088775634766,,2141.93115234375,,-1.0456076860427856,,0.49609375,,3095.276611328125,,3095.276611328125,,0.50390625,,256.0,,0.33984375,,0.2818782329559326,,0.0,,,,,,,,,,,,,,
0,4349,,-0.26748812198638916,,1237.285400390625,,4018.86865234375,,8.0,,3.0448484420776367,,0.125,,3.0448484420776367,,1777.803466796875,,579.5961303710938,,276.42913818359375,,107.78694915771484,,2781.583251953125,,0.9612754583358765,,0.48828125,,4021.91357421875,,4021.91357421875,,0.51171875,,256.0,,0.279296875,,0.2614291310310364,,0.01953125,,,,,,,,,,,,,,
0,4399,,-0.2546265125274658,,874.93359375,,3536.235107421875,,8.0,,3.2037429809570312,,0.0,,3.2037429809570312,,2116.229248046875,,488.5913391113281,,265.75433349609375,,123.77462768554688,,2661.301513671875,,-6.847024440765381,,0.515625,,3539.43896484375,,3539.43896484375,,0.484375,,256.0,,0.322265625,,0.30876022577285767,,0.0,,,,,,,,,,,,,,
0,4449,,-0.2778399586677551,,1111.5076904296875,,3545.13916015625,,8.0,,3.008629560470581,,0.0,,3.008629560470581,,2360.20849609375,,297.8393249511719,,221.32711791992188,,121.30467224121094,,2433.63134765625,,-3.661625862121582,,0.48046875,,3548.147705078125,,3548.147705078125,,0.51953125,,256.0,,0.14453125,,0.18076899647712708,,0.00390625,,,,,,,,,,,,,,
0,4499,,-0.2590615749359131,,1106.9638671875,,27060.01171875,,8.0,,3.19221568107605,,0.125,,3.19221568107605,,2400.6171875,,488.6848449707031,,221.815185546875,,127.18131256103516,,25953.048828125,,5.464820861816406,,0.51953125,,27063.203125,,27063.203125,,0.48046875,,256.0,,0.279296875,,0.27283185720443726,,0.00390625,,,,,,,,,,,,,,
0,4549,,-0.27776962518692017,,974.955810546875,,2781.7333984375,,8.0,,3.30666446685791,,0.0,,3.30666446685791,,2495.39697265625,,323.4261779785156,,203.7716064453125,,117.36328887939453,,1806.7774658203125,,3.222783088684082,,0.55859375,,2785.0400390625,,2785.0400390625,,0.44140625,,256.0,,0.345703125,,0.34110134840011597,,0.0,,,,,,,,,,,,,,
0,4599,,-0.2590520679950714,,864.6666870117188,,2644.7802734375,,8.0,,3.270529270172119,,0.0,,3.270529270172119,,2351.3193359375,,223.1795654296875,,217.93490600585938,,111.71658325195312,,1780.1136474609375,,-1.9630067348480225,,0.52734375,,2648.05078125,,2648.05078125,,0.47265625,,256.0,,0.31640625,,0.2916547954082489,,0.0,,,,,,,,,,,,,,
0,4649,,-0.25711560249328613,,956.2789916992188,,3749.03076171875,,8.0,,3.2267003059387207,,0.0,,3.2267003059387207,,2149.52197265625,,559.2705078125,,312.6797790527344,,103.44591522216797,,2792.751708984375,,-15.840129852294922,,0.49609375,,3752.257568359375,,3752.257568359375,,0.50390625,,256.0,,0.29296875,,0.2768394649028778,,0.0,,,,,,,,,,,,,,
0,4699,,-0.269037663936615,,1177.494873046875,,44680.42578125,,8.0,,3.2747790813446045,,0.0,,3.2747790813446045,,2339.18505859375,,338.0024719238281,,295.24822998046875,,144.0206756591797,,43502.9296875,,15.732464790344238,,0.5078125,,44683.69921875,,44683.69921875,,0.4921875,,256.0,,0.2099609375,,0.20518533885478973,,0.00390625,,,,,,,,,,,,,,
0,4749,,-0.25388848781585693,,931.2403564453125,,3338.923828125,,8.0,,3.2253470420837402,,0.25,,3.2253470420837402,,2161.9716796875,,633.4122924804688,,294.1747131347656,,102.6583251953125,,2407.683349609375,,-10.086395263671875,,0.55078125,,3342.149169921875,,3342.149169921875,,0.44921875,,256.0,,0.26953125,,0.3091024160385132,,0.0,,,,,,,,,,,,,,
0,4799,,-0.25910499691963196,,953.9722900390625,,3192.20068359375,,8.0,,3.2095351219177246,,0.0,,3.2095351219177246,,2219.267578125,,295.55438232421875,,185.37120056152344,,105.04878997802734,,2238.228515625,,-4.606685161590576,,0.51953125,,3195.41015625,,3195.41015625,,0.48046875,,256.0,,0.294921875,,0.2480335533618927,,0.0,,,,,,,,,,,,,,
0,4849,,-0.2639073431491852,,914.8692626953125,,2427.54833984375,,8.0,,3.152468204498291,,0.0,,3.152468204498291,,2310.736328125,,405.1354675292969,,217.7782745361328,,120.99468231201172,,1512.678955078125,,4.9466118812561035,,0.52734375,,2430.700927734375,,2430.700927734375,,0.47265625,,256.0,,0.306640625,,0.27231383323669434,,0.0,,,,,,,,,,,,,,
0,4899,,-0.2558196187019348,,929.4384765625,,3124.04150390625,,8.0,,3.0574796199798584,,0.0,,3.0574796199798584,,2300.3017578125,,289.9216003417969,,266.3607482910156,,119.89036560058594,,2194.60302734375,,-12.382490158081055,,0.51953125,,3127.098876953125,,3127.098876953125,,0.48046875,,256.0,,0.33203125,,0.29653674364089966,,0.0,,,,,,,,,,,,,,
0,4949,,-0.2549421191215515,,1225.947021484375,,61608.33984375,,8.0,,3.120239734649658,,0.25,,3.120239734649658,,2320.029296875,,631.7894287109375,,256.4942626953125,,124.7349853515625,,60382.39453125,,16.680500030517578,,0.546875,,61611.4609375,,61611.4609375,,0.453125,,256.0,,0.1962890625,,0.2193913459777832,,0.0078125,,,,,,,,,,,,,,
0,4999,,-0.26532313227653503,,986.194580078125,,3110.790283203125,,8.0,,3.0664010047912598,,0.0,,3.0664010047912598,,2150.22314453125,,508.7105712890625,,254.72564697265625,,118.48448181152344,,2124.595703125,,0.2602229118347168,,0.5078125,,3113.856689453125,,3113.856689453125,,0.4921875,,256.0,,0.35546875,,0.2777012288570404,,0.00390625,,,,,,,,,,,,,,
0,5049,,-0.262274831533432,,1220.274658203125,,43129.80859375,,8.0,,3.123922348022461,,0.0,,3.123922348022461,,2053.973876953125,,379.5943298339844,,237.88470458984375,,117.21479034423828,,41909.53515625,,22.874847412109375,,0.4609375,,43132.93359375,,43132.93359375,,0.5390625,,256.0,,0.302734375,,0.26108652353286743,,0.00390625,,,,,,,,,,,,,,
0,5099,,-0.2543586194515228,,923.0986938476562,,2668.223388671875,,8.0,,3.232065200805664,,0.125,,3.232065200805664,,2162.46484375,,423.23394775390625,,236.31292724609375,,113.83133697509766,,1745.124755859375,,-13.087514877319336,,0.51171875,,2671.45556640625,,2671.45556640625,,0.48828125,,256.0,,0.2099609375,,0.23165015876293182,,0.0,,,,,,,,,,,,,,
0,5149,,-0.24646398425102234,,1166.870361328125,,37937.58984375,,8.0,,3.065727949142456,,0.0,,3.065727949142456,,2068.0263671875,,179.58338928222656,,254.45425415039062,,125.16458892822266,,36770.71875,,11.085906028747559,,0.49609375,,37940.65625,,37940.65625,,0.50390625,,256.0,,0.2451171875,,0.3050893247127533,,0.00390625,,,,,,,,,,,,,,
0,5199,,-0.2548084855079651,,1270.0350341796875,,32460.333984375,,8.0,,3.010040521621704,,0.5,,3.010040521621704,,2110.2548828125,,511.7370300292969,,331.99468994140625,,101.41429138183594,,31190.298828125,,20.258724212646484,,0.44921875,,32463.34375,,32463.34375,,0.55078125,,256.0,,0.228515625,,0.2166389673948288,,0.0078125,,,,,,,,,,,,,,
0,5249,,-0.2550412118434906,,1311.1864013671875,,34557.140625,,8.0,,3.100358724594116,,0.25,,3.100358724594116,,2138.996826171875,,375.2898254394531,,286.3076171875,,139.38746643066406,,33245.953125,,5.057476997375488,,0.54296875,,34560.2421875,,34560.2421875,,0.45703125,,256.0,,0.349609375,,0.3174935579299927,,0.01171875,,,,,,,,,,,,,,
0,5299,,-0.26153048872947693,,1365.0687255859375,,73946.1171875,,8.0,,3.0635507106781006,,0.0,,3.0635507106781006,,2482.088623046875,,226.66293334960938,,252.5628662109375,,122.96382141113281,,72581.046875,,38.18109893798828,,0.50390625,,73949.1796875,,73949.1796875,,0.49609375,,256.0,,0.19140625,,0.218077152967453,,0.0078125,,,,,,,,,,,,,,
0,5349,,-0.26869046688079834,,890.176513671875,,3828.154296875,,8.0,,3.1952133178710938,,0.125,,3.1952133178710938,,2180.5732421875,,238.16860961914062,,262.9989013671875,,111.37932586669922,,2937.977783203125,,-6.010259628295898,,0.46875,,3831.349609375,,3831.349609375,,0.53125,,256.0,,0.26171875,,0.2586473822593689,,0.0,,,,,,,,,,,,,,
0,5399,,-0.26547402143478394,,1068.6519775390625,,3366.025390625,,8.0,,3.0586493015289307,,0.125,,3.0586493015289307,,2025.70458984375,,626.125732421875,,274.3815612792969,,119.75623321533203,,2297.37353515625,,1.2501972913742065,,0.48828125,,3369.083984375,,3369.083984375,,0.51171875,,256.0,,0.349609375,,0.298603355884552,,0.00390625,,,,,,,,,,,,,,
0,5449,,-0.26442575454711914,,1130.10595703125,,28193.419921875,,8.0,,3.0730416774749756,,0.125,,3.0730416774749756,,2372.600830078125,,459.17645263671875,,249.58888244628906,,126.28880310058594,,27063.314453125,,7.821371078491211,,0.4921875,,28196.4921875,,28196.4921875,,0.5078125,,256.0,,0.3359375,,0.30247753858566284,,0.00390625,,,,,,,,,,,,,,
0,5499,,-0.26924142241477966,,884.2735595703125,,3152.58935546875,,8.0,,3.232072353363037,,0.0,,3.232072353363037,,1873.0443115234375,,597.8806762695312,,286.73822021484375,,117.35394287109375,,2268.315673828125,,-2.143446445465088,,0.53515625,,3155.821533203125,,3155.821533203125,,0.46484375,,256.0,,0.32421875,,0.35159605741500854,,0.0,,,,,,,,,,,,,,
0,5549,,-0.2657935321331024,,1070.0054931640625,,2612.95166015625,,8.0,,3.173023223876953,,0.0,,3.173023223876953,,2300.6806640625,,269.4052734375,,225.3164825439453,,130.90365600585938,,1542.9461669921875,,-1.5343122482299805,,0.46875,,2616.124755859375,,2616.124755859375,,0.53125,,256.0,,0.2138671875,,0.19412824511528015,,0.00390625,,,,,,,,,,,,,,
0,5599,,-0.24956941604614258,,1133.4666748046875,,3029.706787109375,,8.0,,3.2833545207977295,,0.125,,3.2833545207977295,,2053.56884765625,,594.0217895507812,,288.5592956542969,,122.58311462402344,,1896.2401123046875,,-8.54543399810791,,0.47265625,,3032.990234375,,3032.990234375,,0.52734375,,256.0,,0.2158203125,,0.20456568896770477,,0.0078125,,,,,,,,,,,,,,
0,5649,,-0.25405246019363403,,1120.22607421875,,29112.837890625,,8.0,,3.223806858062744,,0.125,,3.223806858062744,,2356.8671875,,254.47393798828125,,215.97097778320312,,126.5792465209961,,27992.611328125,,3.4557108879089355,,0.54296875,,29116.0625,,29116.0625,,0.45703125,,256.0,,0.220703125,,0.2765777111053467,,0.00390625,,,,,,,,,,,,,,
0,5699,,-0.2536926865577698,,1000.18359375,,2740.590087890625,,8.0,,3.054004669189453,,0.0,,3.054004669189453,,2439.20556640625,,227.5462188720703,,295.98760986328125,,106.40190124511719,,1740.406494140625,,-7.0356855392456055,,0.5078125,,2743.64404296875,,2743.64404296875,,0.4921875,,256.0,,0.3046875,,0.33159440755844116,,0.0,,,,,,,,,,,,,,
0,5749,,-0.2691490054130554,,1094.710205078125,,38187.9609375,,8.0,,3.2929773330688477,,0.0,,3.2929773330688477,,2186.173095703125,,530.1029052734375,,201.10479736328125,,117.14459228515625,,37093.25,,8.306432723999023,,0.49609375,,38191.25390625,,38191.25390625,,0.50390625,,256.0,,0.267578125,,0.22985124588012695,,0.00390625,,,,,,,,,,,,,,
0,5799,,-0.254660964012146,,1397.1192626953125,,86179.9375,,8.0,,3.1570563316345215,,0.0,,3.1570563316345215,,2514.74365234375,,292.1636657714844,,201.3995361328125,,125.72551727294922,,84782.8203125,,34.00199508666992,,0.50390625,,86183.09375,,86183.09375,,0.49609375,,256.0,,0.2451171875,,0.24301666021347046,,0.01171875,,,,,,,,,,,,,,
0,5849,,-0.25567111372947693,,1038.8555908203125,,3535.86328125,,8.0,,3.1760778427124023,,0.0,,3.1760778427124023,,2280.891357421875,,694.50048828125,,222.60150146484375,,148.5419921875,,2497.0078125,,-6.363673686981201,,0.49609375,,3539.039306640625,,3539.039306640625,,0.50390625,,256.0,,0.2197265625,,0.3193286061286926,,0.00390625,,,,,,,,,,,,,,
0,5899,,-0.2532906234264374,,944.760498046875,,2704.14892578125,,8.0,,3.08585262298584,,0.0,,3.08585262298584,,2244.64501953125,,643.1342163085938,,271.75665283203125,,110.33519744873047,,1759.388427734375,,-6.127396583557129,,0.546875,,2707.23486328125,,2707.23486328125,,0.453125,,256.0,,0.20703125,,0.20555876195430756,,0.00390625,,,,,,,,,,,,,,
0,5949,,-0.2669640779495239,,1187.62255859375,,31703.572265625,,8.0,,3.187788963317871,,0.0,,3.187788963317871,,2236.857421875,,206.8097686767578,,245.79000854492188,,117.241943359375,,30515.94921875,,19.722604751586914,,0.53515625,,31706.759765625,,31706.759765625,,0.46484375,,256.0,,0.27734375,,0.30885469913482666,,0.00390625,,,,,,,,,,,,,,
0,5999,,-0.2592846155166626,,975.9751586914062,,3012.11572265625,,8.0,,3.0639243125915527,,0.25,,3.0639243125915527,,2340.261962890625,,393.5380859375,,170.32952880859375,,112.90940856933594,,2036.140625,,-4.185117721557617,,0.484375,,3015.1796875,,3015.1796875,,0.515625,,256.0,,0.337890625,,0.30026572942733765,,0.0,,,,,,,,,,,,,,
0,6049,,-0.25495097041130066,,921.4535522460938,,3285.5283203125,,8.0,,3.0409414768218994,,0.25,,3.0409414768218994,,2293.6669921875,,307.72442626953125,,270.01190185546875,,109.59202575683594,,2364.07470703125,,-0.5721675157546997,,0.5078125,,3288.5693359375,,3288.5693359375,,0.4921875,,256.0,,0.265625,,0.24177491664886475,,0.0,,,,,,,,,,,,,,
0,6099,,-0.2695716619491577,,900.29931640625,,3164.181396484375,,8.0,,3.206228017807007,,0.25,,3.206228017807007,,2227.46484375,,364.44024658203125,,296.30859375,,112.55375671386719,,2263.882080078125,,-4.252635955810547,,0.51171875,,3167.3876953125,,3167.3876953125,,0.48828125,,256.0,,0.29296875,,0.2669998109340668,,0.0,,,,,,,,,,,,,,
0,6149,,-0.25195905566215515,,1039.9659423828125,,2648.37255859375,,8.0,,3.1671290397644043,,0.0,,3.1671290397644043,,2581.14990234375,,227.66189575195312,,160.7696533203125,,104.14103698730469,,1608.40673828125,,0.4502241611480713,,0.5,,2651.539794921875,,2651.539794921875,,0.5,,256.0,,0.28125,,0.28215521574020386,,0.0078125,,,,,,,,,,,,,,
0,6199,,-0.24476417899131775,,1644.339599609375,,165507.484375,,8.0,,3.104104995727539,,0.25,,3.104104995727539,,2189.429443359375,,541.6774291992188,,207.8759765625,,121.41637420654297,,163863.140625,,51.55302429199219,,0.46484375,,165510.59375,,165510.59375,,0.53515625,,256.0,,0.2353515625,,0.20240508019924164,,0.01171875,,,,,,,,,,,,,,
0,6249,,-0.2591663599014282,,1264.7880859375,,43217.41796875,,8.0,,3.081162929534912,,0.0,,3.081162929534912,,2491.02099609375,,321.817626953125,,242.20257568359375,,128.1833038330078,,41952.62890625,,18.751941680908203,,0.46484375,,43220.5,,43220.5,,0.53515625,,256.0,,0.2373046875,,0.24220973253250122,,0.015625,,,,,,,,,,,,,,
0,6299,,-0.26637977361679077,,1278.627685546875,,59066.74609375,,8.0,,3.0346102714538574,,0.0,,3.0346102714538574,,2313.1748046875,,325.8536071777344,,215.13912963867188,,104.0699234008789,,57788.1171875,,24.596858978271484,,0.5234375,,59069.78125,,59069.78125,,0.4765625,,256.0,,0.11279296875,,0.13976605236530304,,0.015625,,,,,,,,,,,,,,
0,6349,,-0.2550378441810608,,934.7942504882812,,2744.318359375,,8.0,,3.0084328651428223,,0.0,,3.0084328651428223,,2162.95556640625,,411.6506652832031,,283.79833984375,,140.6074981689453,,1809.524169921875,,-11.091373443603516,,0.48046875,,2747.326904296875,,2747.326904296875,,0.51953125,,256.0,,0.2421875,,0.2701953649520874,,0.0,,,,,,,,,,,,,,
0,6399,,-0.2661271393299103,,937.2554321289062,,3111.23974609375,,8.0,,3.0875210762023926,,0.0,,3.0875210762023926,,2091.03076171875,,652.4789428710938,,246.0438232421875,,122.93085479736328,,2173.984375,,0.44860363006591797,,0.5,,3114.3271484375,,3114.3271484375,,0.5,,256.0,,0.283203125,,0.31574150919914246,,0.00390625,,,,,,,,,,,,,,
0,6449,,-0.2488476037979126,,985.2774047851562,,4474.84619140625,,8.0,,3.068277359008789,,0.0,,3.068277359008789,,2449.642578125,,156.1040496826172,,216.87489318847656,,117.29420471191406,,3489.56884765625,,-19.365619659423828,,0.49609375,,4477.91455078125,,4477.91455078125,,0.50390625,,256.0,,0.271484375,,0.27994853258132935,,0.00390625,,,,,,,,,,,,,,
0,6499,,-0.26720482110977173,,924.2319946289062,,3254.29638671875,,8.0,,3.07946515083313,,0.25,,3.07946515083313,,2477.1689453125,,237.90423583984375,,260.45794677734375,,105.47877502441406,,2330.064453125,,-0.5689619183540344,,0.51953125,,3257.375732421875,,3257.375732421875,,0.48046875,,256.0,,0.2041015625,,0.21755048632621765,,0.00390625,,,,,,,,,,,,,,
0,6549,,-0.2592643201351166,,922.6807861328125,,4020.98974609375,,8.0,,3.2041139602661133,,0.0,,3.2041139602661133,,2525.234375,,288.7632141113281,,188.6212921142578,,119.19281005859375,,3098.308837890625,,-9.390628814697266,,0.546875,,4024.19384765625,,4024.19384765625,,0.453125,,256.0,,0.2890625,,0.26178377866744995,,0.0,,,,,,,,,,,,,,
0,6599,,-0.2637300193309784,,1496.4224853515625,,107972.1484375,,8.0,,3.3705759048461914,,0.0,,3.3705759048461914,,2266.6396484375,,267.2770690917969,,332.23284912109375,,74.70455932617188,,106475.7265625,,47.71199417114258,,0.46484375,,107975.515625,,107975.515625,,0.53515625,,256.0,,0.2060546875,,0.20504608750343323,,0.01171875,,,,,,,,,,,,,,
0,6649,,-0.2602648138999939,,1008.8145141601562,,2865.41259765625,,8.0,,3.2296512126922607,,0.0,,3.2296512126922607,,2207.66845703125,,362.2698974609375,,260.9091491699219,,102.87916564941406,,1856.59814453125,,-5.998565196990967,,0.53515625,,2868.642333984375,,2868.642333984375,,0.46484375,,256.0,,0.2021484375,,0.23609213531017303,,0.0078125,,,,,,,,,,,,,,
0,6699,,-0.2630520462989807,,827.0230712890625,,3628.1982421875,,8.0,,3.091184377670288,,0.0,,3.091184377670288,,2343.66552734375,,193.40509033203125,,157.92958068847656,,131.41802978515625,,2801.17529296875,,-9.258729934692383,,0.50390625,,3631.289306640625,,3631.289306640625,,0.49609375,,256.0,,0.3359375,,0.3187079429626465,,0.0,,,,,,,,,,,,,,
0,6749,,-0.26088541746139526,,829.3427734375,,2493.31787109375,,8.0,,3.065037727355957,,0.375,,3.065037727355957,,2242.122802734375,,469.39404296875,,280.802734375,,126.13460540771484,,1663.9749755859375,,-7.730157375335693,,0.52734375,,2496.3828125,,2496.3828125,,0.47265625,,256.0,,0.3046875,,0.32233262062072754,,0.0,,,,,,,,,,,,,,
0,6799,,-0.270688533782959,,1185.2117919921875,,33785.88671875,,8.0,,3.158545970916748,,0.125,,3.158545970916748,,2409.621826171875,,306.46783447265625,,240.63101196289062,,119.0246810913086,,32600.673828125,,7.700721740722656,,0.46484375,,33789.046875,,33789.046875,,0.53515625,,256.0,,0.1337890625,,0.19002389907836914,,0.0078125,,,,,,,,,,,,,,
0,6849,,-0.26551756262779236,,961.7843017578125,,3488.50146484375,,8.0,,2.9501395225524902,,0.0,,2.9501395225524902,,2363.357421875,,181.6553192138672,,254.1600341796875,,120.01834106445312,,2526.71728515625,,-2.5472164154052734,,0.51171875,,3491.45166015625,,3491.45166015625,,0.48828125,,256.0,,0.3515625,,0.29553550481796265,,0.0,,,,,,,,,,,,,,
0,6899,,-0.261307954788208,,998.3433837890625,,25224.8203125,,8.0,,3.210939884185791,,0.125,,3.210939884185791,,1787.2239990234375,,559.3291625976562,,369.3150939941406,,81.89710235595703,,24226.4765625,,4.457761764526367,,0.515625,,25228.03125,,25228.03125,,0.484375,,256.0,,0.265625,,0.27978020906448364,,0.00390625,,,,,,,,,,,,,,
0,6949,,-0.24990658462047577,,1335.916015625,,53134.2265625,,8.0,,3.2090280055999756,,0.125,,3.2090280055999756,,2144.374267578125,,622.6356201171875,,287.3286437988281,,121.80003356933594,,51798.3125,,18.504789352416992,,0.58203125,,53137.4375,,53137.4375,,0.41796875,,256.0,,0.1806640625,,0.18750064074993134,,0.01171875,,,,,,,,,,,,,,
0,6999,,-0.25749605894088745,,917.9852294921875,,3321.4228515625,,8.0,,3.056705951690674,,0.125,,3.056705951690674,,2228.488037109375,,266.6952209472656,,286.56591796875,,119.68000793457031,,2403.437744140625,,12.66793155670166,,0.51171875,,3324.4794921875,,3324.4794921875,,0.48828125,,256.0,,0.3125,,0.30419713258743286,,0.0,,,,,,,,,,,,,,
0,7049,,-0.25922513008117676,,1219.09326171875,,36130.703125,,8.0,,3.184020519256592,,0.0,,3.184020519256592,,2505.21337890625,,274.39788818359375,,223.46347045898438,,106.64578247070312,,34911.609375,,15.950825691223145,,0.5234375,,36133.88671875,,36133.88671875,,0.4765625,,256.0,,0.2890625,,0.2981979548931122,,0.0078125,,,,,,,,,,,,,,
0,7099,,-0.26124662160873413,,1233.1268310546875,,66966.65625,,8.0,,3.0738062858581543,,0.125,,3.0738062858581543,,2299.446044921875,,594.2789306640625,,236.9927978515625,,117.66972351074219,,65733.53125,,22.746273040771484,,0.46484375,,66969.7265625,,66969.7265625,,0.53515625,,256.0,,0.1796875,,0.21187721192836761,,0.00390625,,,,,,,,,,,,,,
0,7149,,-0.2513419985771179,,1186.2618408203125,,40894.64453125,,8.0,,3.065162181854248,,0.25,,3.065162181854248,,2279.5595703125,,680.3378295898438,,196.24794006347656,,120.31315612792969,,39708.3828125,,19.07474708557129,,0.46875,,40897.7109375,,40897.7109375,,0.53125,,256.0,,0.330078125,,0.2370680868625641,,0.01171875,,,,,,,,,,,,,,
0,7199,,-0.26585012674331665,,1014.6512451171875,,2804.57373046875,,8.0,,3.2182462215423584,,0.125,,3.2182462215423584,,1946.54296875,,494.51617431640625,,298.2799377441406,,115.6147232055664,,1789.922607421875,,4.6538825035095215,,0.51953125,,2807.7919921875,,2807.7919921875,,0.48046875,,256.0,,0.236328125,,0.1987919807434082,,0.0,,,,,,,,,,,,,,
0,7249,,-0.250821590423584,,881.8759765625,,2742.273193359375,,8.0,,3.119741201400757,,0.125,,3.119741201400757,,2167.306640625,,364.8489074707031,,324.9296875,,82.00770568847656,,1860.397216796875,,-7.7197675704956055,,0.5703125,,2745.392822265625,,2745.392822265625,,0.4296875,,256.0,,0.341796875,,0.32515525817871094,,0.0,,,,,,,,,,,,,,
0,7299,,-0.2393556535243988,,967.132080078125,,2545.404296875,,8.0,,3.0480895042419434,,0.0,,3.0480895042419434,,2308.97021484375,,232.25796508789062,,266.909912109375,,136.24378967285156,,1578.2720947265625,,-6.212296009063721,,0.48828125,,2548.452392578125,,2548.452392578125,,0.51171875,,256.0,,0.1240234375,,0.12315134704113007,,0.00390625,,,,,,,,,,,,,,
0,7349,,-0.2683425545692444,,958.0025634765625,,3140.4814453125,,8.0,,3.100776195526123,,0.125,,3.100776195526123,,2171.901123046875,,380.74591064453125,,260.6823425292969,,84.41068267822266,,2182.47900390625,,-6.45596170425415,,0.4375,,3143.582275390625,,3143.582275390625,,0.5625,,256.0,,0.263671875,,0.22914008796215057,,0.00390625,,,,,,,,,,,,,,
0,7399,,-0.27423354983329773,,1196.390625,,45762.12109375,,8.0,,3.196502685546875,,0.0,,3.196502685546875,,2399.66259765625,,303.141845703125,,272.0430908203125,,115.54593658447266,,44565.73046875,,20.325138092041016,,0.48046875,,45765.31640625,,45765.31640625,,0.51953125,,256.0,,0.0830078125,,0.11101335287094116,,0.01171875,,,,,,,,,,,,,,
0,7449,,-0.25400570034980774,,972.84765625,,3262.303955078125,,8.0,,3.2874906063079834,,0.125,,3.2874906063079834,,2362.05126953125,,403.5594482421875,,213.51939392089844,,115.7457046508789,,2289.456298828125,,0.8308548927307129,,0.5,,3265.591552734375,,3265.591552734375,,0.5,,256.0,,0.328125,,0.24796372652053833,,0.0,,,,,,,,,,,,,,
0,7499,,-0.2553676962852478,,1065.816650390625,,34543.640625,,8.0,,3.1463756561279297,,0.125,,3.1463756561279297,,2325.4541015625,,365.411376953125,,260.6650085449219,,122.81069946289062,,33477.82421875,,3.11100172996521,,0.46875,,34546.78515625,,34546.78515625,,0.53125,,256.0,,0.189453125,,0.20345327258110046,,0.00390625,,,,,,,,,,,,,,
0,7549,,-0.2713150084018707,,968.7376098632812,,2565.0390625,,8.0,,3.1900362968444824,,0.0,,3.1900362968444824,,2382.368896484375,,239.37623596191406,,217.12911987304688,,111.9446029663086,,1596.301513671875,,0.058653831481933594,,0.5,,2568.22900390625,,2568.22900390625,,0.5,,256.0,,0.2421875,,0.23539841175079346,,0.0,,,,,,,,,,,,,,
0,7599,,-0.24586376547813416,,891.02099609375,,2594.95703125,,8.0,,3.1616172790527344,,0.0,,3.1616172790527344,,2310.03857421875,,289.5018310546875,,315.1580810546875,,122.35590362548828,,1703.9361572265625,,-3.6306569576263428,,0.53125,,2598.11865234375,,2598.11865234375,,0.46875,,256.0,,0.2294921875,,0.24060432612895966,,0.00390625,,,,,,,,,,,,,,
0,7649,,-0.27082350850105286,,1327.78076171875,,56434.4140625,,8.0,,3.02691912651062,,0.25,,3.02691912651062,,1870.369384765625,,725.4999389648438,,283.33721923828125,,108.17635345458984,,55106.6328125,,12.909097671508789,,0.48046875,,56437.44140625,,56437.44140625,,0.51953125,,256.0,,0.19921875,,0.18471285700798035,,0.01171875,,,,,,,,,,,,,,
0,7699,,-0.2598778009414673,,950.8609619140625,,3189.1328125,,8.0,,3.0315091609954834,,0.25,,3.0315091609954834,,2278.301025390625,,498.2420654296875,,221.76141357421875,,141.2886199951172,,2238.271728515625,,-9.099154472351074,,0.58203125,,3192.164306640625,,3192.164306640625,,0.41796875,,256.0,,0.27734375,,0.290069043636322,,0.0,,,,,,,,,,,,,,
0,7749,,-0.26922982931137085,,921.1160888671875,,2890.2021484375,,8.0,,3.177090644836426,,0.25,,3.177090644836426,,2161.15185546875,,482.32879638671875,,282.97308349609375,,117.94792938232422,,1969.0859375,,-8.159308433532715,,0.515625,,2893.379150390625,,2893.379150390625,,0.484375,,256.0,,0.29296875,,0.34213370084762573,,0.0,,,,,,,,,,,,,,
0,7799,,-0.2612873911857605,,1102.63671875,,36750.37890625,,8.0,,3.272298574447632,,0.0,,3.272298574447632,,2374.22314453125,,526.1495971679688,,229.31536865234375,,122.44026184082031,,35647.7421875,,12.64024543762207,,0.44921875,,36753.65234375,,36753.65234375,,0.55078125,,256.0,,0.205078125,,0.21463334560394287,,0.00390625,,,,,,,,,,,,,,
0,7849,,-0.2611626982688904,,1133.41845703125,,37994.33984375,,8.0,,3.171790361404419,,0.25,,3.171790361404419,,2262.935791015625,,616.1795654296875,,191.6096954345703,,136.5330352783203,,36860.921875,,13.779969215393066,,0.4296875,,37997.51171875,,37997.51171875,,0.5703125,,256.0,,0.25390625,,0.2711336016654968,,0.0078125,,,,,,,,,,,,,,
0,7899,,-0.24911491572856903,,834.489990234375,,2682.7568359375,,8.0,,3.2160913944244385,,0.0,,3.2160913944244385,,1965.76171875,,594.0968017578125,,290.6089782714844,,130.39772033691406,,1848.2667236328125,,-7.159975528717041,,0.51171875,,2685.972900390625,,2685.972900390625,,0.48828125,,256.0,,0.138671875,,0.10712745785713196,,0.0,,,,,,,,,,,,,,
0,7949,,-0.26395848393440247,,916.2724609375,,2815.259765625,,8.0,,3.145364284515381,,0.0,,3.145364284515381,,2281.931884765625,,409.1468505859375,,215.81253051757812,,123.69269561767578,,1898.9874267578125,,2.42427921295166,,0.4921875,,2818.405029296875,,2818.405029296875,,0.5078125,,256.0,,0.2158203125,,0.18523293733596802,,0.0,,,,,,,,,,,,,,
0,7999,,-0.26892879605293274,,1107.084716796875,,3226.500732421875,,8.0,,3.24403977394104,,0.0,,3.24403977394104,,2100.81494140625,,623.1060791015625,,219.73056030273438,,131.49620056152344,,2119.416015625,,-7.764826774597168,,0.46484375,,3229.744873046875,,3229.744873046875,,0.53515625,,256.0,,0.22265625,,0.25128796696662903,,0.0078125,,,,,,,,,,,,,,
0,8049,,-0.25502490997314453,,904.9202270507812,,3036.423583984375,,8.0,,3.163167953491211,,0.0,,3.163167953491211,,2204.26806640625,,480.5288391113281,,206.60247802734375,,96.32441711425781,,2131.50341796875,,7.241456985473633,,0.52734375,,3039.586669921875,,3039.586669921875,,0.47265625,,256.0,,0.25390625,,0.24654828011989594,,0.0,,,,,,,,,,,,,,
0,8099,,-0.25385433435440063,,1211.5316162109375,,35090.18359375,,8.0,,3.1070468425750732,,0.125,,3.1070468425750732,,2162.931396484375,,222.3696746826172,,266.28192138671875,,119.16905212402344,,33878.65234375,,13.646991729736328,,0.53515625,,35093.2890625,,35093.2890625,,0.46484375,,256.0,,0.2080078125,,0.2045963704586029,,0.01171875,,,,,,,,,,,,,,
0,8149,,-0.26104795932769775,,950.2279052734375,,3238.92919921875,,8.0,,3.009265899658203,,0.125,,3.009265899658203,,2260.539306640625,,267.9971008300781,,333.2938537597656,,87.65493774414062,,2288.701171875,,-9.02639389038086,,0.50390625,,3241.9384765625,,3241.9384765625,,0.49609375,,256.0,,0.18359375,,0.19075147807598114,,0.00390625,,,,,,,,,,,,,,
0,8199,,-0.26894915103912354,,1104.48681640625,,33681.49609375,,8.0,,3.2369611263275146,,0.125,,3.2369611263275146,,1811.9954833984375,,697.7203979492188,,274.2998352050781,,122.9387435913086,,32577.0078125,,18.551044464111328,,0.53515625,,33684.734375,,33684.734375,,0.46484375,,256.0,,0.443359375,,0.3644068241119385,,0.00390625,,,,,,,,,,,,,,
0,8249,,-0.26180946826934814,,1423.574462890625,,44761.03125,,8.0,,3.178738832473755,,0.0,,3.178738832473755,,2004.1368408203125,,717.4459838867188,,266.7359619140625,,111.65363311767578,,43337.45703125,,17.685806274414062,,0.4375,,44764.2109375,,44764.2109375,,0.5625,,256.0,,0.2255859375,,0.22438856959342957,,0.01953125,,,,,,,,,,,,,,
0,8299,,-0.27707651257514954,,1096.2216796875,,29682.82421875,,8.0,,3.245819330215454,,0.0,,3.245819330215454,,2278.236572265625,,226.24610900878906,,232.7565460205078,,134.98513793945312,,28586.6015625,,16.10042953491211,,0.57421875,,29686.0703125,,29686.0703125,,0.42578125,,256.0,,0.1787109375,,0.2261773645877838,,0.00390625,,,,,,,,,,,,,,
0,8349,,-0.2599940896034241,,949.413330078125,,2910.324951171875,,8.0,,3.3649611473083496,,0.0,,3.3649611473083496,,2287.485107421875,,261.13909912109375,,276.207275390625,,134.4950714111328,,1960.91162109375,,-7.208591938018799,,0.4921875,,2913.68994140625,,2913.68994140625,,0.5078125,,256.0,,0.341796875,,0.3272908926010132,,0.0,,,,,,,,,,,,,,
0,8399,,-0.25719621777534485,,908.2567138671875,,2769.60302734375,,8.0,,3.1156249046325684,,0.0,,3.1156249046325684,,2295.963134765625,,620.6249389648438,,201.28115844726562,,106.74484252929688,,1861.346435546875,,-4.203598976135254,,0.51171875,,2772.71875,,2772.71875,,0.48828125,,256.0,,0.208984375,,0.1927489936351776,,0.0,,,,,,,,,,,,,,
0,8449,,-0.2580820620059967,,1158.955078125,,43497.796875,,8.0,,2.9839577674865723,,0.375,,2.9839577674865723,,2124.20068359375,,298.28594970703125,,282.79833984375,,100.99331665039062,,42338.84375,,5.610994815826416,,0.4609375,,43500.78125,,43500.78125,,0.5390625,,256.0,,0.251953125,,0.25539225339889526,,0.00390625,,,,,,,,,,,,,,
0,8499,,-0.2862527370452881,,1005.299560546875,,2621.060302734375,,8.0,,2.9393558502197266,,0.0,,2.9393558502197266,,1962.6375732421875,,545.3975219726562,,244.7388153076172,,128.50344848632812,,1615.7607421875,,-1.4554693698883057,,0.49609375,,2623.999755859375,,2623.999755859375,,0.50390625,,256.0,,0.1826171875,,0.26427191495895386,,0.00390625,,,,,,,,,,,,,,
0,8549,,-0.2627637982368469,,1151.16015625,,54802.12890625,,8.0,,3.0768678188323975,,0.125,,3.0768678188323975,,2072.8662109375,,521.2223510742188,,309.67425537109375,,110.74436950683594,,53650.96875,,24.107898712158203,,0.50390625,,54805.20703125,,54805.20703125,,0.49609375,,256.0,,0.287109375,,0.29052263498306274,,0.00390625,,,,,,,,,,,,,,
0,8599,,-0.25809940695762634,,824.9594116210938,,2379.012451171875,,8.0,,3.1830930709838867,,0.125,,3.1830930709838867,,2175.6572265625,,291.2674560546875,,313.5965270996094,,86.08658599853516,,1554.0531005859375,,-3.548511028289795,,0.515625,,2382.195556640625,,2382.195556640625,,0.484375,,256.0,,0.294921875,,0.22419659793376923,,0.0,,,,,,,,,,,,,,
0,8649,,-0.2579345107078552,,1007.119873046875,,2997.630126953125,,8.0,,3.129800319671631,,0.25,,3.129800319671631,,2128.19384765625,,433.4143981933594,,205.35516357421875,,96.02696228027344,,1990.51025390625,,-2.8277406692504883,,0.5546875,,3000.760009765625,,3000.760009765625,,0.4453125,,256.0,,0.314453125,,0.3212426006793976,,0.0078125,,,,,,,,,,,,,,
0,8699,,-0.2515326738357544,,1171.138916015625,,40140.03125,,8.0,,3.0808069705963135,,0.0,,3.0808069705963135,,2468.196533203125,,319.1398620605469,,227.21058654785156,,117.06287384033203,,38968.890625,,10.970005989074707,,0.5078125,,40143.11328125,,40143.11328125,,0.4921875,,256.0,,0.306640625,,0.29957225918769836,,0.0078125,,,,,,,,,,,,,,
0,8749,,-0.2647237479686737,,1139.676513671875,,29024.712890625,,8.0,,3.1231038570404053,,0.125,,3.1231038570404053,,2137.979248046875,,431.16729736328125,,229.44525146484375,,116.66280364990234,,27885.037109375,,-1.7547554969787598,,0.49609375,,29027.8359375,,29027.8359375,,0.50390625,,256.0,,0.369140625,,0.31250178813934326,,0.0078125,,,,,,,,,,,,,,
0,8799,,-0.26027339696884155,,1311.35009765625,,69829.5078125,,8.0,,3.003416061401367,,0.0,,3.003416061401367,,2475.05712890625,,284.3496398925781,,217.60501098632812,,115.4762191772461,,68518.15625,,17.38340187072754,,0.484375,,69832.5078125,,69832.5078125,,0.515625,,256.0,,0.330078125,,0.3399220108985901,,0.0078125,,,,,,,,,,,,,,
0,8849,,-0.26229435205459595,,960.0322265625,,2751.9892578125,,8.0,,3.0575125217437744,,0.125,,3.0575125217437744,,1957.4232177734375,,553.773193359375,,275.3696594238281,,113.48760223388672,,1791.9571533203125,,-0.6694511771202087,,0.5546875,,2755.046875,,2755.046875,,0.4453125,,256.0,,0.232421875,,0.2240733802318573,,0.0,,,,,,,,,,,,,,
0,8899,,-0.2549872100353241,,1117.0615234375,,39678.45703125,,8.0,,3.1534104347229004,,0.0,,3.1534104347229004,,1824.4395751953125,,790.195068359375,,276.6888122558594,,96.12659454345703,,38561.39453125,,12.615691184997559,,0.4296875,,39681.609375,,39681.609375,,0.5703125,,256.0,,0.271484375,,0.24687425792217255,,0.0078125,,,,,,,,,,,,,,
0,8949,,-0.2583077847957611,,899.2472534179688,,3206.95654296875,,8.0,,3.2415084838867188,,0.125,,3.2415084838867188,,2282.09814453125,,460.1045837402344,,227.4314727783203,,127.5020751953125,,2307.709228515625,,-6.819134712219238,,0.45703125,,3210.197998046875,,3210.197998046875,,0.54296875,,256.0,,0.26953125,,0.25232845544815063,,0.0,,,,,,,,,,,,,,
0,8999,,-0.2652972340583801,,1215.89892578125,,32069.982421875,,8.0,,3.1783595085144043,,0.0,,3.1783595085144043,,2302.103515625,,311.58917236328125,,231.05691528320312,,112.5623550415039,,30854.083984375,,16.485843658447266,,0.48828125,,32073.16015625,,32073.16015625,,0.51171875,,256.0,,0.267578125,,0.3102027177810669,,0.0078125,,,,,,,,,,,,,,
0,9049,,-0.2606316804885864,,838.7898559570312,,2831.400634765625,,8.0,,3.072140693664551,,0.125,,3.072140693664551,,2353.22021484375,,407.4027404785156,,199.18490600585938,,138.08680725097656,,1992.61083984375,,5.006893634796143,,0.5546875,,2834.47265625,,2834.47265625,,0.4453125,,256.0,,0.2353515625,,0.2605399489402771,,0.0,,,,,,,,,,,,,,
0,9099,,-0.26958686113357544,,980.8094482421875,,2861.09912109375,,8.0,,3.1668858528137207,,0.0,,3.1668858528137207,,2095.736328125,,463.52545166015625,,260.8402099609375,,127.74444580078125,,1880.2896728515625,,-6.010187149047852,,0.48828125,,2864.26611328125,,2864.26611328125,,0.51171875,,256.0,,0.1796875,,0.1986882984638214,,0.00390625,,,,,,,,,,,,,,
0,9149,,-0.2564152181148529,,1168.187744140625,,46217.71875,,8.0,,3.2192487716674805,,0.0,,3.2192487716674805,,2033.7960205078125,,577.3933715820312,,263.1239013671875,,108.93809509277344,,45049.53125,,6.38237190246582,,0.51953125,,46220.9375,,46220.9375,,0.48046875,,256.0,,0.265625,,0.24609166383743286,,0.0078125,,,,,,,,,,,,,,
0,9199,,-0.268280953168869,,1284.1156005859375,,48242.99609375,,8.0,,3.099534034729004,,0.125,,3.099534034729004,,1846.825439453125,,595.6041259765625,,334.79736328125,,105.97725677490234,,46958.87890625,,16.17599105834961,,0.47265625,,48246.09375,,48246.09375,,0.52734375,,256.0,,0.287109375,,0.2769019305706024,,0.0078125,,,,,,,,,,,,,,
0,9249,,-0.25617310404777527,,1296.1243896484375,,3919.11181640625,,8.0,,3.257436752319336,,0.0,,3.257436752319336,,2266.522705078125,,415.0460205078125,,237.14361572265625,,116.63456726074219,,2622.9873046875,,-19.02853775024414,,0.5078125,,3922.369140625,,3922.369140625,,0.4921875,,256.0,,0.310546875,,0.24859879910945892,,0.01171875,,,,,,,,,,,,,,
0,9299,,-0.24788033962249756,,1345.318603515625,,92867.796875,,8.0,,3.3436505794525146,,0.0,,3.3436505794525146,,2369.557861328125,,146.9484100341797,,240.58778381347656,,100.87418365478516,,91522.4765625,,27.199377059936523,,0.55078125,,92871.140625,,92871.140625,,0.44921875,,256.0,,0.2890625,,0.26900359988212585,,0.015625,,,,,,,,,,,,,,
0,9349,,-0.2669036090373993,,963.0882568359375,,2929.32958984375,,8.0,,3.0142860412597656,,0.0,,3.0142860412597656,,2376.88427734375,,168.1522216796875,,261.82916259765625,,115.50389099121094,,1966.2412109375,,-1.2906286716461182,,0.4921875,,2932.343994140625,,2932.343994140625,,0.5078125,,256.0,,0.26953125,,0.26212844252586365,,0.00390625,,,,,,,,,,,,,,
0,9399,,-0.26283395290374756,,952.753662109375,,3692.14306640625,,8.0,,3.2054224014282227,,0.125,,3.2054224014282227,,2234.850830078125,,320.0899353027344,,259.0827331542969,,129.8148193359375,,2739.389404296875,,-3.0339980125427246,,0.51171875,,3695.348388671875,,3695.348388671875,,0.48828125,,256.0,,0.2080078125,,0.24928316473960876,,0.00390625,,,,,,,,,,,,,,
0,9449,,-0.26351994276046753,,955.6368408203125,,3566.3203125,,8.0,,3.1137776374816895,,0.0,,3.1137776374816895,,2321.05029296875,,309.493408203125,,238.52598571777344,,139.1419677734375,,2610.683349609375,,-11.694891929626465,,0.515625,,3569.43408203125,,3569.43408203125,,0.484375,,256.0,,0.357421875,,0.3499775528907776,,0.0078125,,,,,,,,,,,,,,
0,9499,,-0.26495829224586487,,1248.512939453125,,49616.94921875,,8.0,,3.16035795211792,,0.0,,3.16035795211792,,2375.49560546875,,360.5936279296875,,213.0699462890625,,136.54006958007812,,48368.4375,,14.810506820678711,,0.46875,,49620.109375,,49620.109375,,0.53125,,256.0,,0.302734375,,0.23993927240371704,,0.0078125,,,,,,,,,,,,,,
0,9549,,-0.2554875314235687,,1145.843994140625,,41572.125,,8.0,,3.3327903747558594,,0.125,,3.3327903747558594,,2140.3056640625,,452.53851318359375,,229.29074096679688,,140.49485778808594,,40426.28125,,7.384477138519287,,0.546875,,41575.45703125,,41575.45703125,,0.453125,,256.0,,0.265625,,0.21419763565063477,,0.0078125,,,,,,,,,,,,,,
0,9599,,-0.24580740928649902,,966.0035400390625,,2502.2353515625,,8.0,,3.2384109497070312,,0.125,,3.2384109497070312,,2383.385498046875,,409.1607971191406,,251.2406005859375,,127.0084457397461,,1536.2318115234375,,-0.3219624161720276,,0.48828125,,2505.473876953125,,2505.473876953125,,0.51171875,,256.0,,0.27734375,,0.2531355321407318,,0.00390625,,,,,,,,,,,,,,
0,9649,,-0.2714787423610687,,1155.6090087890625,,38641.37109375,,8.0,,2.989574432373047,,0.0,,2.989574432373047,,2339.9833984375,,665.3806762695312,,226.3473358154297,,116.63859558105469,,37485.76171875,,11.08446216583252,,0.5078125,,38644.359375,,38644.359375,,0.4921875,,256.0,,0.2333984375,,0.23268091678619385,,0.00390625,,,,,,,,,,,,,,
0,9699,,-0.257021963596344,,1082.4713134765625,,3145.41259765625,,8.0,,2.9554805755615234,,0.125,,2.9554805755615234,,2427.27734375,,478.2927551269531,,178.38534545898438,,99.1813735961914,,2062.941162109375,,-3.760230541229248,,0.5,,3148.3681640625,,3148.3681640625,,0.5,,256.0,,0.291015625,,0.2752895951271057,,0.0078125,,,,,,,,,,,,,,
0,9749,,-0.2589308023452759,,1121.13525390625,,3867.12646484375,,8.0,,3.0436606407165527,,0.125,,3.0436606407165527,,1675.0958251953125,,679.0257568359375,,338.86944580078125,,105.41422271728516,,2745.9912109375,,-14.583218574523926,,0.48046875,,3870.170166015625,,3870.170166015625,,0.51953125,,256.0,,0.330078125,,0.3270237445831299,,0.01171875,,,,,,,,,,,,,,
0,9799,,-0.2516314685344696,,1012.6104736328125,,3107.61962890625,,8.0,,3.059373378753662,,0.375,,3.059373378753662,,1964.3438720703125,,566.05810546875,,292.485107421875,,98.83743286132812,,2095.009033203125,,-12.137016296386719,,0.4609375,,3110.678955078125,,3110.678955078125,,0.5390625,,256.0,,0.1357421875,,0.18429243564605713,,0.0078125,,,,,,,,,,,,,,
0,9849,,-0.25928500294685364,,1144.034423828125,,30748.375,,8.0,,3.3169987201690674,,0.0,,3.3169987201690674,,2228.095703125,,662.6231689453125,,218.1134490966797,,127.24566650390625,,29604.33984375,,2.2172021865844727,,0.53515625,,30751.69140625,,30751.69140625,,0.46484375,,256.0,,0.337890625,,0.34319227933883667,,0.0078125,,,,,,,,,,,,,,
0,9899,,-0.24490664899349213,,906.8970947265625,,3452.208984375,,8.0,,2.9595837593078613,,0.0,,2.9595837593078613,,2047.36376953125,,530.8562622070312,,276.51080322265625,,132.44615173339844,,2545.31201171875,,-7.096055507659912,,0.46484375,,3455.16845703125,,3455.16845703125,,0.53515625,,256.0,,0.16796875,,0.17805436253547668,,0.00390625,,,,,,,,,,,,,,
0,9949,,-0.25223660469055176,,1334.0732421875,,55356.1171875,,8.0,,3.2101893424987793,,0.0,,3.2101893424987793,,1967.86767578125,,438.18304443359375,,274.8200378417969,,113.77464294433594,,54022.04296875,,29.83131217956543,,0.5546875,,55359.328125,,55359.328125,,0.4453125,,256.0,,0.1865234375,,0.2154129445552826,,0.015625,,,,,,,,,,,,,,
0,9999,,-0.26010438799858093,,1074.712890625,,38603.6875,,8.0,,3.0802230834960938,,0.0,,3.0802230834960938,,2255.47705078125,,417.2831115722656,,292.7338562011719,,126.54557037353516,,37528.97265625,,4.934804439544678,,0.52734375,,38606.76953125,,38606.76953125,,0.47265625,,256.0,,0.30078125,,0.32971805334091187,,0.00390625,,,,,,,,,,,,,,
0,10049,,-0.26849937438964844,,860.5745849609375,,2925.4501953125,,8.0,,3.0720009803771973,,0.0,,3.0720009803771973,,2192.7158203125,,537.7203369140625,,227.83932495117188,,121.20236206054688,,2064.87548828125,,-0.6779924035072327,,0.48046875,,2928.522216796875,,2928.522216796875,,0.51953125,,256.0,,0.265625,,0.2637874484062195,,0.0,,,,,,,,,,,,,,
0,10099,,-0.2517314553260803,,1189.951904296875,,57970.49609375,,8.0,,3.217158317565918,,0.0,,3.217158317565918,,2339.237548828125,,560.476806640625,,211.51246643066406,,117.26860809326172,,56780.54296875,,12.787286758422852,,0.453125,,57973.71484375,,57973.71484375,,0.546875,,256.0,,0.216796875,,0.21614031493663788,,0.00390625,,,,,,,,,,,,,,
0,10149,,-0.25040873885154724,,949.1906127929688,,3172.744384765625,,8.0,,3.061035633087158,,0.125,,3.061035633087158,,2341.087646484375,,404.46563720703125,,220.99411010742188,,113.78643035888672,,2223.5537109375,,-5.722433567047119,,0.46875,,3175.805419921875,,3175.805419921875,,0.53125,,256.0,,0.294921875,,0.2483944594860077,,0.0078125,,,,,,,,,,,,,,
0,10199,,-0.25017377734184265,,922.38427734375,,2635.86669921875,,8.0,,3.1283884048461914,,0.25,,3.1283884048461914,,2403.30810546875,,210.59934997558594,,278.14459228515625,,116.49366760253906,,1713.4822998046875,,-7.249661922454834,,0.49609375,,2638.9951171875,,2638.9951171875,,0.50390625,,256.0,,0.224609375,,0.2434423267841339,,0.0,,,,,,,,,,,,,,
0,10249,,-0.25565361976623535,,1368.003662109375,,73664.40625,,8.0,,3.156301498413086,,0.0,,3.156301498413086,,2134.470703125,,345.76495361328125,,220.15341186523438,,134.4435577392578,,72296.40625,,16.86264419555664,,0.55078125,,73667.5625,,73667.5625,,0.44921875,,256.0,,0.267578125,,0.2914019227027893,,0.0078125,,,,,,,,,,,,,,
0,10299,,-0.2706241011619568,,1072.1392822265625,,34220.09375,,8.0,,3.256720542907715,,0.0,,3.256720542907715,,2216.980224609375,,535.4251098632812,,176.90310668945312,,118.82933044433594,,33147.953125,,11.96478271484375,,0.46484375,,34223.3515625,,34223.3515625,,0.53515625,,256.0,,0.2373046875,,0.2561272084712982,,0.0078125,,,,,,,,,,,,,,
0,10349,,-0.24546568095684052,,1005.76123046875,,31611.80859375,,8.0,,3.0441713333129883,,0.125,,3.0441713333129883,,2111.146240234375,,404.2035217285156,,268.9501037597656,,127.43115234375,,30606.046875,,3.9002015590667725,,0.484375,,31614.853515625,,31614.853515625,,0.515625,,256.0,,0.193359375,,0.27144336700439453,,0.00390625,,,,,,,,,,,,,,
0,10399,,-0.28729483485221863,,936.1573486328125,,2535.74951171875,,8.0,,3.1143012046813965,,0.25,,3.1143012046813965,,2119.0185546875,,224.44805908203125,,271.870849609375,,108.1386489868164,,1599.59228515625,,-7.03743839263916,,0.45703125,,2538.86376953125,,2538.86376953125,,0.54296875,,256.0,,0.23046875,,0.23687100410461426,,0.0,,,,,,,,,,,,,,
0,10449,,-0.271769642829895,,854.0860595703125,,2543.65234375,,8.0,,3.019786834716797,,0.125,,3.019786834716797,,2234.05322265625,,506.6153259277344,,239.51806640625,,130.00486755371094,,1689.566162109375,,0.6271213293075562,,0.52734375,,2546.672119140625,,2546.672119140625,,0.47265625,,256.0,,0.28125,,0.25863850116729736,,0.0,,,,,,,,,,,,,,
0,10499,,-0.2581367492675781,,1346.636962890625,,67338.3046875,,8.0,,3.076591730117798,,0.25,,3.076591730117798,,2494.74560546875,,321.3062744140625,,216.1566162109375,,126.52304077148438,,65991.6640625,,21.40155029296875,,0.5625,,67341.3828125,,67341.3828125,,0.4375,,256.0,,0.2197265625,,0.17124712467193604,,0.0078125,,,,,,,,,,,,,,
0,10549,,-0.2638963758945465,,951.863525390625,,3942.119384765625,,8.0,,2.9589314460754395,,0.125,,2.9589314460754395,,2308.176513671875,,317.4230041503906,,237.9854278564453,,116.83987426757812,,2990.255859375,,-11.129018783569336,,0.46484375,,3945.078369140625,,3945.078369140625,,0.53515625,,256.0,,0.251953125,,0.22261309623718262,,0.00390625,,,,,,,,,,,,,,
0,10599,,-0.2579212188720703,,928.8250122070312,,2892.271240234375,,8.0,,3.171818256378174,,0.125,,3.171818256378174,,2118.19921875,,418.09051513671875,,226.39599609375,,108.95258331298828,,1963.4461669921875,,-11.993524551391602,,0.453125,,2895.443115234375,,2895.443115234375,,0.546875,,256.0,,0.1630859375,,0.22277598083019257,,0.00390625,,,,,,,,,,,,,,
0,10649,,-0.2595016658306122,,903.9782104492188,,2975.040771484375,,8.0,,3.10579252243042,,0.0,,3.10579252243042,,2208.123291015625,,283.4053649902344,,221.01095581054688,,103.14460754394531,,2071.0625,,-5.81461238861084,,0.46484375,,2978.146484375,,2978.146484375,,0.53515625,,256.0,,0.31640625,,0.2770185172557831,,0.0,,,,,,,,,,,,,,
0,10699,,-0.2528141736984253,,1053.3603515625,,40148.44921875,,8.0,,3.118976354598999,,0.0,,3.118976354598999,,2046.2447509765625,,531.902099609375,,283.44415283203125,,120.62374877929688,,39095.08984375,,19.160377502441406,,0.45703125,,40151.56640625,,40151.56640625,,0.54296875,,256.0,,0.322265625,,0.2771100699901581,,0.00390625,,,,,,,,,,,,,,
0,10749,,-0.2487679421901703,,1173.298095703125,,69733.7265625,,8.0,,3.0805280208587646,,0.125,,3.0805280208587646,,2375.66796875,,464.3919372558594,,233.80665588378906,,110.77605438232422,,68560.4296875,,28.37421226501465,,0.46875,,69736.8046875,,69736.8046875,,0.53125,,256.0,,0.2578125,,0.28839966654777527,,0.0078125,,,,,,,,,,,,,,
0,10799,,-0.2510870397090912,,870.1038818359375,,2708.82861328125,,8.0,,3.0611207485198975,,0.25,,3.0611207485198975,,2324.124267578125,,255.3342742919922,,330.71783447265625,,107.87598419189453,,1838.724853515625,,-2.1922035217285156,,0.5859375,,2711.8896484375,,2711.8896484375,,0.4140625,,256.0,,0.298828125,,0.24242755770683289,,0.0,,,,,,,,,,,,,,
0,10849,,-0.2545481324195862,,929.4878540039062,,3257.306884765625,,8.0,,3.203615188598633,,0.0,,3.203615188598633,,2271.983642578125,,368.9479064941406,,220.7598876953125,,120.02379608154297,,2327.819091796875,,-7.02659273147583,,0.48828125,,3260.510498046875,,3260.510498046875,,0.51171875,,256.0,,0.1962890625,,0.20700764656066895,,0.00390625,,,,,,,,,,,,,,
0,10899,,-0.27351808547973633,,1357.102783203125,,90530.5234375,,8.0,,3.2179441452026367,,0.0,,3.2179441452026367,,2308.01953125,,395.6338806152344,,276.2729187011719,,129.35321044921875,,89173.421875,,30.3392391204834,,0.46875,,90533.7421875,,90533.7421875,,0.53125,,256.0,,0.30078125,,0.2619535028934479,,0.0078125,,,,,,,,,,,,,,
0,10949,,-0.25534316897392273,,922.2223510742188,,3104.056884765625,,8.0,,3.1669864654541016,,0.0,,3.1669864654541016,,2337.46044921875,,621.8238525390625,,175.10256958007812,,113.49024200439453,,2181.83447265625,,-7.484861850738525,,0.51171875,,3107.223876953125,,3107.223876953125,,0.48828125,,256.0,,0.2138671875,,0.1789085566997528,,0.0,,,,,,,,,,,,,,
0,10999,,-0.2621028423309326,,1201.5771484375,,67197.546875,,8.0,,2.946295738220215,,0.25,,2.946295738220215,,2299.7236328125,,208.3720245361328,,222.54385375976562,,122.55228424072266,,65995.96875,,22.498031616210938,,0.5,,67200.4921875,,67200.4921875,,0.5,,256.0,,0.357421875,,0.3134055733680725,,0.00390625,,,,,,,,,,,,,,
0,11049,,-0.256564736366272,,989.173583984375,,30812.470703125,,8.0,,3.0812206268310547,,0.0,,3.0812206268310547,,2423.11181640625,,456.7086181640625,,236.30105590820312,,122.22149658203125,,29823.296875,,0.2810552716255188,,0.4921875,,30815.552734375,,30815.552734375,,0.5078125,,256.0,,0.2470703125,,0.23355041444301605,,0.00390625,,,,,,,,,,,,,,
0,11099,,-0.25414812564849854,,1071.4267578125,,30820.69140625,,8.0,,3.176212787628174,,0.0,,3.176212787628174,,2128.72607421875,,605.5009155273438,,263.6009826660156,,115.29338073730469,,29749.263671875,,9.079459190368652,,0.48828125,,30823.8671875,,30823.8671875,,0.51171875,,256.0,,0.17578125,,0.16986894607543945,,0.01171875,,,,,,,,,,,,,,
0,11149,,-0.2518141269683838,,1191.130615234375,,48500.65625,,8.0,,3.245732307434082,,0.0,,3.245732307434082,,2280.7451171875,,340.78668212890625,,240.6693878173828,,122.65264892578125,,47309.52734375,,-2.5383760929107666,,0.4453125,,48503.90234375,,48503.90234375,,0.5546875,,256.0,,0.2041015625,,0.20246092975139618,,0.0078125,,,,,,,,,,,,,,
0,11199,,-0.26561662554740906,,925.1817626953125,,3401.17919921875,,8.0,,3.0766167640686035,,0.0,,3.0766167640686035,,2323.197021484375,,244.38052368164062,,253.90704345703125,,104.60491943359375,,2475.997314453125,,-0.8155826926231384,,0.546875,,3404.255859375,,3404.255859375,,0.453125,,256.0,,0.3203125,,0.29394447803497314,,0.00390625,,,,,,,,,,,,,,
0,11249,,-0.26584887504577637,,993.3851318359375,,2587.022216796875,,8.0,,3.2669997215270996,,0.0,,3.2669997215270996,,2260.19091796875,,340.1485900878906,,275.19189453125,,123.15230560302734,,1593.6370849609375,,-6.118371486663818,,0.484375,,2590.289306640625,,2590.289306640625,,0.515625,,256.0,,0.2265625,,0.2237253487110138,,0.00390625,,,,,,,,,,,,,,
0,11299,,-0.24563108384609222,,1273.468505859375,,76016.609375,,8.0,,3.2903037071228027,,0.125,,3.2903037071228027,,2246.3994140625,,391.8952331542969,,244.30557250976562,,116.51577758789062,,74743.140625,,34.32373809814453,,0.4921875,,76019.8984375,,76019.8984375,,0.5078125,,256.0,,0.1611328125,,0.17139172554016113,,0.0078125,,,,,,,,,,,,,,
0,11349,,-0.2582470178604126,,866.5882568359375,,2862.11572265625,,8.0,,3.142732620239258,,0.125,,3.142732620239258,,2017.181640625,,527.1973266601562,,274.166259765625,,138.1995086669922,,1995.5274658203125,,-6.861961841583252,,0.47265625,,2865.258544921875,,2865.258544921875,,0.52734375,,256.0,,0.306640625,,0.24802041053771973,,0.0,,,,,,,,,,,,,,
0,11399,,-0.2793700098991394,,1376.23046875,,87103.578125,,8.0,,3.0894627571105957,,0.0,,3.0894627571105957,,2412.044677734375,,239.1721954345703,,197.58523559570312,,117.17585754394531,,85727.3515625,,32.37580108642578,,0.46875,,87106.6640625,,87106.6640625,,0.53125,,256.0,,0.3984375,,0.3817233741283417,,0.0078125,,,,,,,,,,,,,,
0,11449,,-0.26632779836654663,,961.4630126953125,,3260.626953125,,8.0,,3.0016472339630127,,0.25,,3.0016472339630127,,2230.505615234375,,216.31008911132812,,186.30361938476562,,113.7635498046875,,2299.1640625,,-8.453207969665527,,0.5078125,,3263.628662109375,,3263.628662109375,,0.4921875,,256.0,,0.322265625,,0.3341079652309418,,0.00390625,,,,,,,,,,,,,,
0,11499,,-0.27510589361190796,,921.9161987304688,,3538.559326171875,,8.0,,3.0900206565856934,,0.125,,3.0900206565856934,,2239.8916015625,,156.4735870361328,,249.96424865722656,,122.54285430908203,,2616.64306640625,,-14.23475170135498,,0.47265625,,3541.6494140625,,3541.6494140625,,0.52734375,,256.0,,0.244140625,,0.31466975808143616,,0.00390625,,,,,,,,,,,,,,
0,11549,,-0.25342151522636414,,1307.96484375,,72146.046875,,8.0,,3.163539409637451,,0.125,,3.163539409637451,,2447.6513671875,,471.5437927246094,,265.6459045410156,,119.53079223632812,,70838.0859375,,42.14663314819336,,0.46484375,,72149.2109375,,72149.2109375,,0.53515625,,256.0,,0.353515625,,0.3207206428050995,,0.0078125,,,,,,,,,,,,,,
0,11599,,-0.27064770460128784,,1474.287109375,,113822.71875,,8.0,,3.207181930541992,,0.0,,3.207181930541992,,2075.61572265625,,626.1802368164062,,300.55816650390625,,118.31378936767578,,112348.4296875,,51.85519790649414,,0.453125,,113825.9296875,,113825.9296875,,0.546875,,256.0,,0.2197265625,,0.22569803893566132,,0.015625,,,,,,,,,,,,,,
0,11649,,-0.27197909355163574,,1006.7460327148438,,4017.69091796875,,8.0,,3.3024184703826904,,0.0,,3.3024184703826904,,1939.2901611328125,,503.4289245605469,,259.8486328125,,144.17530822753906,,3010.94482421875,,-4.321488857269287,,0.50390625,,4020.993408203125,,4020.993408203125,,0.49609375,,256.0,,0.224609375,,0.22960416972637177,,0.00390625,,,,,,,,,,,,,,
0,11699,,-0.26328331232070923,,1069.6209716796875,,38808.37109375,,8.0,,3.1816816329956055,,0.125,,3.1816816329956055,,2401.501953125,,226.99722290039062,,200.39852905273438,,102.18540954589844,,37738.75,,1.7457284927368164,,0.51171875,,38811.5546875,,38811.5546875,,0.48828125,,256.0,,0.291015625,,0.23753564059734344,,0.00390625,,,,,,,,,,,,,,
0,11749,,-0.25355589389801025,,1038.0780029296875,,2681.64892578125,,8.0,,3.1682209968566895,,0.125,,3.1682209968566895,,2262.14013671875,,443.1670227050781,,264.7875061035156,,107.18822479248047,,1643.571044921875,,-2.460667848587036,,0.5234375,,2684.817138671875,,2684.817138671875,,0.4765625,,256.0,,0.2578125,,0.3000606894493103,,0.0078125,,,,,,,,,,,,,,
0,11799,,-0.2546318769454956,,1327.2939453125,,68339.7890625,,8.0,,3.097843885421753,,0.0,,3.097843885421753,,2316.0859375,,353.1034240722656,,185.51412963867188,,110.66447448730469,,67012.4921875,,31.521133422851562,,0.48046875,,68342.890625,,68342.890625,,0.51953125,,256.0,,0.228515625,,0.16512295603752136,,0.01171875,,,,,,,,,,,,,,
0,11849,,-0.2596415877342224,,911.716552734375,,3551.467529296875,,8.0,,3.2279305458068848,,0.0,,3.2279305458068848,,2362.33056640625,,358.06781005859375,,300.03411865234375,,125.53470611572266,,2639.7509765625,,-5.24858283996582,,0.51171875,,3554.695556640625,,3554.695556640625,,0.48828125,,256.0,,0.369140625,,0.34158217906951904,,0.0,,,,,,,,,,,,,,
0,11899,,-0.2618629038333893,,956.2188110351562,,2851.573486328125,,8.0,,3.0819201469421387,,0.25,,3.0819201469421387,,2180.840576171875,,332.3460388183594,,209.27438354492188,,115.87263488769531,,1895.354736328125,,-4.856927871704102,,0.46875,,2854.655517578125,,2854.655517578125,,0.53125,,256.0,,0.236328125,,0.24639205634593964,,0.0,,,,,,,,,,,,,,
0,11949,,-0.2617717683315277,,1262.1138916015625,,58114.3359375,,8.0,,2.929203748703003,,0.25,,2.929203748703003,,2048.938232421875,,419.2177734375,,249.74630737304688,,110.320556640625,,56852.22265625,,15.488893508911133,,0.5390625,,58117.265625,,58117.265625,,0.4609375,,256.0,,0.375,,0.31553441286087036,,0.00390625,,,,,,,,,,,,,,
0,11999,,-0.25140082836151123,,1550.504638671875,,99593.03125,,8.0,,3.0682759284973145,,0.25,,3.0682759284973145,,2017.63916015625,,542.0827026367188,,237.4393768310547,,120.96137237548828,,98042.5234375,,34.40521240234375,,0.4609375,,99596.1015625,,99596.1015625,,0.5390625,,256.0,,0.28125,,0.31501632928848267,,0.015625,,,,,,,,,,,,,,
0,12049,,-0.2713790535926819,,968.137451171875,,3189.71728515625,,8.0,,3.2946295738220215,,0.125,,3.2946295738220215,,1903.398681640625,,428.3065185546875,,283.84735107421875,,102.48628997802734,,2221.579833984375,,-4.670297622680664,,0.44921875,,3193.011962890625,,3193.011962890625,,0.55078125,,256.0,,0.23046875,,0.2359754741191864,,0.0,,,,,,,,,,,,,,
0,12099,,-0.2601671516895294,,1075.9539794921875,,35840.10546875,,8.0,,3.1054863929748535,,0.0,,3.1054863929748535,,2350.90234375,,160.11709594726562,,314.57366943359375,,131.426513671875,,34764.15234375,,9.354537963867188,,0.48046875,,35843.2109375,,35843.2109375,,0.51953125,,256.0,,0.279296875,,0.2195795774459839,,0.0078125,,,,,,,,,,,,,,
0,12149,,-0.276188462972641,,856.4422607421875,,3121.4521484375,,8.0,,3.148947238922119,,0.125,,3.148947238922119,,2295.565673828125,,153.15692138671875,,222.23500061035156,,111.37910461425781,,2265.010009765625,,1.414020299911499,,0.5078125,,3124.60107421875,,3124.60107421875,,0.4921875,,256.0,,0.326171875,,0.3363673686981201,,0.0,,,,,,,,,,,,,,
0,12199,,-0.2603083550930023,,1236.713134765625,,52106.72265625,,8.0,,2.97499680519104,,0.125,,2.97499680519104,,2522.57470703125,,279.1215515136719,,157.59046936035156,,85.7230453491211,,50870.0078125,,19.492488861083984,,0.49609375,,52109.69921875,,52109.69921875,,0.50390625,,256.0,,0.10400390625,,0.16147544980049133,,0.00390625,,,,,,,,,,,,,,
0,12249,,-0.26018285751342773,,1140.500732421875,,44782.02734375,,8.0,,3.083159923553467,,0.0,,3.083159923553467,,2407.76171875,,264.2331237792969,,242.98159790039062,,117.06083679199219,,43641.52734375,,13.002297401428223,,0.47265625,,44785.109375,,44785.109375,,0.52734375,,256.0,,0.234375,,0.21035155653953552,,0.00390625,,,,,,,,,,,,,,
0,12299,,-0.2541285753250122,,890.7246704101562,,2576.491943359375,,8.0,,3.052424907684326,,0.125,,3.052424907684326,,1963.84521484375,,581.5772094726562,,298.2977600097656,,119.285400390625,,1685.7672119140625,,-7.462588787078857,,0.44921875,,2579.54443359375,,2579.54443359375,,0.55078125,,256.0,,0.205078125,,0.23590855300426483,,0.00390625,,,,,,,,,,,,,,
0,12349,,-0.26740992069244385,,1140.2900390625,,2959.86474609375,,8.0,,3.0782413482666016,,0.0,,3.0782413482666016,,2070.212646484375,,276.2796630859375,,299.5342712402344,,145.10836791992188,,1819.57470703125,,-3.677327871322632,,0.5078125,,2962.94287109375,,2962.94287109375,,0.4921875,,256.0,,0.271484375,,0.2532994747161865,,0.015625,,,,,,,,,,,,,,
0,12399,,-0.2596621513366699,,1130.9053955078125,,34556.375,,8.0,,3.0928354263305664,,0.0,,3.0928354263305664,,2270.7900390625,,300.13909912109375,,238.11865234375,,101.52046203613281,,33425.46875,,1.5668147802352905,,0.49609375,,34559.46875,,34559.46875,,0.50390625,,256.0,,0.25,,0.2924731373786926,,0.00390625,,,,,,,,,,,,,,
0,12449,,-0.24887120723724365,,1290.3699951171875,,58947.1796875,,8.0,,3.281014919281006,,0.125,,3.281014919281006,,2206.687744140625,,486.5765075683594,,306.02423095703125,,131.01773071289062,,57656.80859375,,17.388246536254883,,0.5078125,,58950.4609375,,58950.4609375,,0.4921875,,256.0,,0.33203125,,0.2964002788066864,,0.0078125,,,,,,,,,,,,,,
0,12499,,-0.24209687113761902,,1028.1795654296875,,33995.16796875,,8.0,,3.2222280502319336,,0.375,,3.2222280502319336,,2202.6865234375,,407.1415100097656,,251.48019409179688,,108.38033294677734,,32966.98828125,,-2.5719189643859863,,0.48828125,,33998.390625,,33998.390625,,0.51171875,,256.0,,0.26171875,,0.21732930839061737,,0.00390625,,,,,,,,,,,,,,
0,12549,,-0.256000816822052,,1240.93310546875,,66236.7578125,,8.0,,3.174842596054077,,0.25,,3.174842596054077,,2239.922119140625,,368.3190002441406,,250.47122192382812,,111.31951141357422,,64995.828125,,31.99382781982422,,0.54296875,,66239.9296875,,66239.9296875,,0.45703125,,256.0,,0.345703125,,0.334646075963974,,0.0078125,,,,,,,,,,,,,,
0,12599,,-0.25466662645339966,,1039.4173583984375,,3863.859375,,8.0,,3.009133815765381,,0.375,,3.009133815765381,,2161.8740234375,,849.8539428710938,,202.54998779296875,,126.23790740966797,,2824.442138671875,,-7.196978569030762,,0.484375,,3866.868408203125,,3866.868408203125,,0.515625,,256.0,,0.275390625,,0.25741907954216003,,0.00390625,,,,,,,,,,,,,,
0,12649,,-0.2739599645137787,,893.241455078125,,2570.81689453125,,8.0,,2.965777635574341,,0.25,,2.965777635574341,,2037.53125,,510.84112548828125,,247.67626953125,,126.3025894165039,,1677.5753173828125,,-6.1187028884887695,,0.47265625,,2573.78271484375,,2573.78271484375,,0.52734375,,256.0,,0.2451171875,,0.233929842710495,,0.0,,,,,,,,,,,,,,
0,12699,,-0.2702803611755371,,1221.733642578125,,40183.25,,8.0,,3.2309656143188477,,0.0,,3.2309656143188477,,2142.6416015625,,355.65533447265625,,241.3604736328125,,149.47073364257812,,38961.515625,,11.119148254394531,,0.5,,40186.48046875,,40186.48046875,,0.5,,256.0,,0.26953125,,0.25765037536621094,,0.0078125,,,,,,,,,,,,,,
0,12749,,-0.26792144775390625,,1004.1463623046875,,27192.732421875,,8.0,,3.2043302059173584,,0.0,,3.2043302059173584,,2325.242919921875,,324.02911376953125,,234.57359313964844,,114.35614013671875,,26188.5859375,,8.022789001464844,,0.55078125,,27195.9375,,27195.9375,,0.44921875,,256.0,,0.3046875,,0.3390139937400818,,0.00390625,,,,,,,,,,,,,,
0,12795,,,,,,,,,,,,,,,,,,,,,,,,,,,,,,,,,,,,,,,,,,,-0.2606545090675354,965.2982788085938,7342.88671875,0.0,6377.59326171875,3.2340641021728516,0.4998077154159546,965.2982788085938,7342.88671875,0.5001922845840454,255.98416137695312,0.30013418197631836,0.277219295501709,0.0010014981962740421
0,12795,-0.2607964277267456,,1095.0274658203125,,26030.6328125,,8.0,,3.134321451187134,,0.09089754521846771,,3.134321451187134,,2235.07568359375,,408.1142272949219,,248.70631408691406,,118.41859436035156,,24935.623046875,,6.0547709465026855,,0.4997701346874237,,26033.767578125,,26033.767578125,,0.5002298951148987,,256.0,,0.26525217294692993,,0.259177565574646,,0.0050531537272036076,,,,,,,,,,,,,,,
1,12799,,-0.26700812578201294,,903.7022705078125,,2479.3203125,,8.0,,2.939267158508301,,0.125,,2.939267158508301,,2276.07177734375,,338.0439147949219,,342.0289001464844,,100.38591766357422,,1575.6180419921875,,0.2971300780773163,,0.56640625,,2482.259521484375,,2482.259521484375,,0.43359375,,256.0,,0.359375,,0.3402286171913147,,0.0,,,,,,,,,,,,,,
1,12849,,-0.26879626512527466,,1409.5589599609375,,78495.1796875,,8.0,,3.1655869483947754,,0.0,,3.1655869483947754,,2084.8740234375,,455.32769775390625,,262.4097900390625,,124.45536804199219,,77085.6171875,,24.08815574645996,,0.49609375,,78498.34375,,78498.34375,,0.50390625,,256.0,,0.28515625,,0.273528516292572,,0.01171875,,,,,,,,,,,,,,
1,12899,,-0.2647794783115387,,880.1822509765625,,2591.05859375,,8.0,,3.145604133605957,,0.5,,3.145604133605957,,2463.3115234375,,153.96212768554688,,187.15036010742188,,112.45891571044922,,1710.876220703125,,-5.682594299316406,,0.5234375,,2594.2041015625,,2594.2041015625,,0.4765625,,256.0,,0.259765625,,0.30217215418815613,,0.0,,,,,,,,,,,,,,
1,12949,,-0.2680125832557678,,905.4690551757812,,2622.35107421875,,8.0,,3.160944700241089,,0.0,,3.160944700241089,,2104.09326171875,,181.77301025390625,,331.72027587890625,,90.41434478759766,,1716.8819580078125,,-2.1833691596984863,,0.515625,,2625.511962890625,,2625.511962890625,,0.484375,,256.0,,0.32421875,,0.32166481018066406,,0.0,,,,,,,,,,,,,,
1,12999,,-0.23890003561973572,,1262.499267578125,,67303.8203125,,8.0,,2.85439395904541,,0.125,,2.85439395904541,,2366.51513671875,,260.1717224121094,,212.68829345703125,,100.3434066772461,,66041.3203125,,24.01131820678711,,0.50390625,,67306.671875,,67306.671875,,0.49609375,,256.0,,0.32421875,,0.32508158683776855,,0.0078125,,,,,,,,,,,,,,
1,13049,,-0.26873353123664856,,938.676025390625,,3725.119384765625,,8.0,,3.045926809310913,,0.0,,3.045926809310913,,2523.153076171875,,212.35804748535156,,186.20396423339844,,117.19567108154297,,2786.443359375,,1.498996615409851,,0.515625,,3728.165283203125,,3728.165283203125,,0.484375,,256.0,,0.369140625,,0.3436085879802704,,0.0078125,,,,,,,,,,,,,,
1,13099,,-0.26177549362182617,,1001.40576171875,,2521.919921875,,8.0,,3.054281234741211,,0.125,,3.054281234741211,,2152.140625,,515.557861328125,,245.66012573242188,,119.87071990966797,,1520.51416015625,,-8.843891143798828,,0.5078125,,2524.97412109375,,2524.97412109375,,0.4921875,,256.0,,0.1953125,,0.22263477742671967,,0.00390625,,,,,,,,,,,,,,
1,13149,,-0.2721588611602783,,1041.341064453125,,34091.20703125,,8.0,,3.0893940925598145,,0.25,,3.0893940925598145,,2272.2666015625,,532.2164306640625,,151.1944122314453,,98.79281616210938,,33049.8671875,,17.059070587158203,,0.515625,,34094.296875,,34094.296875,,0.484375,,256.0,,0.171875,,0.1997939795255661,,0.0078125,,,,,,,,,,,,,,
1,13199,,-0.28381621837615967,,907.0067138671875,,3043.357421875,,8.0,,3.1471121311187744,,0.0,,3.1471121311187744,,2281.841796875,,292.24212646484375,,275.34796142578125,,134.029541015625,,2136.3505859375,,3.096693515777588,,0.50390625,,3046.504638671875,,3046.504638671875,,0.49609375,,256.0,,0.275390625,,0.24086230993270874,,0.0,,,,,,,,,,,,,,
1,13249,,-0.25793588161468506,,1106.643798828125,,33219.421875,,8.0,,3.1426355838775635,,0.25,,3.1426355838775635,,1809.213623046875,,429.608154296875,,339.7420654296875,,91.02645874023438,,32112.77734375,,13.155791282653809,,0.53515625,,33222.56640625,,33222.56640625,,0.46484375,,256.0,,0.34765625,,0.30786818265914917,,0.00390625,,,,,,,,,,,,,,
1,13299,,-0.2650146484375,,891.6824951171875,,2603.62841796875,,8.0,,3.061056613922119,,0.25,,3.061056613922119,,2041.5928955078125,,277.8432312011719,,276.55523681640625,,138.55516052246094,,1711.94580078125,,-2.6979801654815674,,0.515625,,2606.689453125,,2606.689453125,,0.484375,,256.0,,0.275390625,,0.25624942779541016,,0.0,,,,,,,,,,,,,,
1,13349,,-0.2465100884437561,,1302.0911865234375,,44144.44140625,,8.0,,3.0504307746887207,,0.25,,3.0504307746887207,,2311.837158203125,,337.0422668457031,,246.4072265625,,105.31049346923828,,42842.3515625,,16.337116241455078,,0.5,,44147.4921875,,44147.4921875,,0.5,,256.0,,0.2890625,,0.290138840675354,,0.01171875,,,,,,,,,,,,,,
1,13399,,-0.25437304377555847,,1235.9063720703125,,50970.03515625,,8.0,,3.332085609436035,,0.125,,3.332085609436035,,2005.6810302734375,,445.8581237792969,,281.15753173828125,,115.22785949707031,,49734.12890625,,19.355684280395508,,0.484375,,50973.3671875,,50973.3671875,,0.515625,,256.0,,0.2890625,,0.2704416513442993,,0.01171875,,,,,,,,,,,,,,
1,13449,,-0.2632463276386261,,912.067138671875,,3142.548095703125,,8.0,,2.9388351440429688,,0.125,,2.9388351440429688,,2597.780517578125,,265.40936279296875,,162.4577178955078,,104.26274871826172,,2230.48095703125,,-8.915079116821289,,0.50390625,,3145.48681640625,,3145.48681640625,,0.49609375,,256.0,,0.2265625,,0.19759875535964966,,0.0,,,,,,,,,,,,,,
1,13499,,-0.2552461624145508,,1046.444580078125,,43327.78125,,8.0,,3.1714420318603516,,0.0,,3.1714420318603516,,2256.054443359375,,334.7000732421875,,269.7164306640625,,117.29269409179688,,42281.3359375,,6.855151653289795,,0.50390625,,43330.953125,,43330.953125,,0.49609375,,256.0,,0.322265625,,0.2983439266681671,,0.0078125,,,,,,,,,,,,,,
1,13549,,-0.26189377903938293,,893.042724609375,,2605.680908203125,,8.0,,3.1637144088745117,,0.0,,3.1637144088745117,,2347.5107421875,,238.0706329345703,,249.11480712890625,,125.53023529052734,,1712.63818359375,,-8.269207000732422,,0.484375,,2608.8447265625,,2608.8447265625,,0.515625,,256.0,,0.345703125,,0.35447949171066284,,0.0,,,,,,,,,,,,,,
1,13599,,-0.25638094544410706,,979.1046752929688,,2918.238037109375,,8.0,,3.157410144805908,,0.125,,3.157410144805908,,1965.928466796875,,569.5430297851562,,280.9212646484375,,124.29248809814453,,1939.1334228515625,,-7.136513710021973,,0.45703125,,2921.3955078125,,2921.3955078125,,0.54296875,,256.0,,0.173828125,,0.2149275243282318,,0.0,,,,,,,,,,,,,,
1,13649,,-0.25915369391441345,,1178.391357421875,,38990.08984375,,8.0,,3.205289840698242,,0.0,,3.205289840698242,,2041.5643310546875,,484.6650390625,,248.24911499023438,,129.9272003173828,,37811.69921875,,11.394421577453613,,0.55078125,,38993.296875,,38993.296875,,0.44921875,,256.0,,0.330078125,,0.27079522609710693,,0.01171875,,,,,,,,,,,,,,
1,13699,,-0.25755155086517334,,918.612548828125,,3606.75,,8.0,,3.031527042388916,,0.125,,3.031527042388916,,2258.408935546875,,295.6584167480469,,245.48370361328125,,111.73290252685547,,2688.137451171875,,-10.794783592224121,,0.54296875,,3609.781494140625,,3609.781494140625,,0.45703125,,256.0,,0.23828125,,0.26888734102249146,,0.0,,,,,,,,,,,,,,
1,13749,,-0.26252490282058716,,1038.943115234375,,3757.892578125,,8.0,,3.183664083480835,,0.25,,3.183664083480835,,2101.41845703125,,363.89764404296875,,212.16928100585938,,141.8890838623047,,2718.949462890625,,-1.226914882659912,,0.515625,,3761.076171875,,3761.076171875,,0.484375,,256.0,,0.1640625,,0.18321344256401062,,0.00390625,,,,,,,,,,,,,,
1,13799,,-0.2553126811981201,,844.7176513671875,,2812.35693359375,,8.0,,3.0417892932891846,,0.125,,3.0417892932891846,,2185.62646484375,,547.0001220703125,,214.7012481689453,,118.15928649902344,,1967.6392822265625,,-1.9321165084838867,,0.45703125,,2815.398681640625,,2815.398681640625,,0.54296875,,256.0,,0.2451171875,,0.2475886344909668,,0.0,,,,,,,,,,,,,,
1,13849,,-0.25815385580062866,,844.9991455078125,,3158.48046875,,8.0,,3.245121955871582,,0.0,,3.245121955871582,,2099.11376953125,,641.1931762695312,,240.8138427734375,,109.19507598876953,,2313.4814453125,,-13.858196258544922,,0.46484375,,3161.7255859375,,3161.7255859375,,0.53515625,,256.0,,0.2265625,,0.2636098563671112,,0.0,,,,,,,,,,,,,,
1,13899,,-0.26198065280914307,,918.4805297851562,,2643.6845703125,,8.0,,3.123929500579834,,0.125,,3.123929500579834,,2224.0947265625,,597.4232788085938,,275.60906982421875,,126.6243667602539,,1725.2041015625,,-4.871153354644775,,0.484375,,2646.80859375,,2646.80859375,,0.515625,,256.0,,0.30078125,,0.29173582792282104,,0.0,,,,,,,,,,,,,,
1,13949,,-0.2692486047744751,,899.508056640625,,3049.570068359375,,8.0,,3.112186908721924,,0.25,,3.112186908721924,,2414.7705078125,,213.77157592773438,,225.5186767578125,,114.95614624023438,,2150.06201171875,,-3.3094096183776855,,0.5,,3052.682373046875,,3052.682373046875,,0.5,,256.0,,0.330078125,,0.28925564885139465,,0.0,,,,,,,,,,,,,,
1,13999,,-0.2735639214515686,,1160.1954345703125,,43096.51171875,,8.0,,3.1642045974731445,,0.0,,3.1642045974731445,,2366.02294921875,,426.99493408203125,,233.97447204589844,,131.9157257080078,,41936.31640625,,10.644224166870117,,0.4921875,,43099.67578125,,43099.67578125,,0.5078125,,256.0,,0.37890625,,0.3738315999507904,,0.00390625,,,,,,,,,,,,,,
1,14049,,-0.27272331714630127,,1095.0611572265625,,36987.94921875,,8.0,,3.18739652633667,,0.0,,3.18739652633667,,2196.096435546875,,548.2862548828125,,283.5626525878906,,106.04255676269531,,35892.88671875,,11.149697303771973,,0.55078125,,36991.13671875,,36991.13671875,,0.44921875,,256.0,,0.298828125,,0.3481377065181732,,0.00390625,,,,,,,,,,,,,,
1,14099,,-0.26430827379226685,,1070.862060546875,,2699.4482421875,,8.0,,3.239683151245117,,0.0,,3.239683151245117,,2054.345703125,,410.0725402832031,,260.5527648925781,,128.2226104736328,,1628.5863037109375,,-1.898911476135254,,0.46484375,,2702.68798828125,,2702.68798828125,,0.53515625,,256.0,,0.326171875,,0.2872108519077301,,0.00390625,,,,,,,,,,,,,,
1,14149,,-0.2686976194381714,,1961.0177001953125,,207472.859375,,8.0,,2.9998111724853516,,0.375,,2.9998111724853516,,1845.37841796875,,653.5942993164062,,272.298828125,,106.78070831298828,,205511.84375,,84.8312759399414,,0.4453125,,207475.859375,,207475.859375,,0.5546875,,256.0,,0.173828125,,0.20268505811691284,,0.02734375,,,,,,,,,,,,,,
1,14199,,-0.2627505660057068,,1524.125732421875,,83380.0078125,,8.0,,3.1754250526428223,,0.125,,3.1754250526428223,,2219.903564453125,,353.0228576660156,,263.81463623046875,,107.3629150390625,,81855.8828125,,40.2712287902832,,0.4609375,,83383.1796875,,83383.1796875,,0.5390625,,256.0,,0.291015625,,0.26113516092300415,,0.01953125,,,,,,,,,,,,,,
1,14249,,-0.2766139507293701,,1127.1561279296875,,41469.87890625,,8.0,,3.039372205734253,,0.0,,3.039372205734253,,2374.0927734375,,261.8031921386719,,216.6912841796875,,89.68846130371094,,40342.72265625,,14.805612564086914,,0.47265625,,41472.91796875,,41472.91796875,,0.52734375,,256.0,,0.185546875,,0.16226957738399506,,0.0078125,,,,,,,,,,,,,,
1,14299,,-0.25928443670272827,,897.7618408203125,,3262.146484375,,8.0,,3.0843729972839355,,0.0,,3.0843729972839355,,2363.4775390625,,166.6403045654297,,227.68173217773438,,122.23355865478516,,2364.384521484375,,-0.1092524304986,,0.484375,,3265.23095703125,,3265.23095703125,,0.515625,,256.0,,0.228515625,,0.25103527307510376,,0.0,,,,,,,,,,,,,,
1,14349,,-0.2579253315925598,,919.4344482421875,,3139.91015625,,8.0,,3.1744959354400635,,0.125,,3.1744959354400635,,2304.659912109375,,270.29193115234375,,254.7366943359375,,118.33979797363281,,2220.4755859375,,-12.983510971069336,,0.5234375,,3143.084716796875,,3143.084716796875,,0.4765625,,256.0,,0.138671875,,0.20279309153556824,,0.0,,,,,,,,,,,,,,
1,14399,,-0.25097429752349854,,1507.75048828125,,109815.203125,,8.0,,3.1046667098999023,,0.125,,3.1046667098999023,,2377.658203125,,331.42279052734375,,286.26593017578125,,110.78422546386719,,108307.453125,,30.518552780151367,,0.50390625,,109818.3046875,,109818.3046875,,0.49609375,,256.0,,0.1875,,0.22427105903625488,,0.01171875,,,,,,,,,,,,,,
1,14449,,-0.25741174817085266,,855.9315185546875,,3955.94921875,,8.0,,3.076209306716919,,0.125,,3.076209306716919,,2394.763671875,,265.0941162109375,,252.56484985351562,,110.13159942626953,,3100.017822265625,,-7.98740816116333,,0.5,,3959.025390625,,3959.025390625,,0.5,,256.0,,0.224609375,,0.2538958787918091,,0.0,,,,,,,,,,,,,,
1,14499,,-0.2578870952129364,,890.2542114257812,,2577.463623046875,,8.0,,2.973942279815674,,0.125,,2.973942279815674,,2419.272216796875,,271.7137451171875,,188.70639038085938,,118.10958099365234,,1687.2093505859375,,-16.88773536682129,,0.5546875,,2580.4375,,2580.4375,,0.4453125,,256.0,,0.2734375,,0.2467174530029297,,0.0,,,,,,,,,,,,,,
1,14549,,-0.2497086375951767,,1097.11181640625,,43318.54296875,,8.0,,3.125868797302246,,0.0,,3.125868797302246,,2312.643310546875,,195.8319549560547,,244.58932495117188,,136.36083984375,,42221.4296875,,21.30177879333496,,0.48046875,,43321.66796875,,43321.66796875,,0.51953125,,256.0,,0.279296875,,0.2817014157772064,,0.0078125,,,,,,,,,,,,,,
1,14599,,-0.2654547393321991,,979.1376953125,,2728.74755859375,,8.0,,3.3571853637695312,,0.0,,3.3571853637695312,,2369.2490234375,,315.1419677734375,,305.7383117675781,,116.41500854492188,,1749.6097412109375,,6.554917335510254,,0.52734375,,2732.104736328125,,2732.104736328125,,0.47265625,,256.0,,0.349609375,,0.2640652060508728,,0.00390625,,,,,,,,,,,,,,
1,14649,,-0.2434404492378235,,835.2081909179688,,2806.990234375,,8.0,,3.007814884185791,,0.375,,3.007814884185791,,2503.79638671875,,199.90982055664062,,212.19918823242188,,116.14300537109375,,1971.7821044921875,,-14.156800270080566,,0.515625,,2809.998046875,,2809.998046875,,0.484375,,256.0,,0.349609375,,0.3409098982810974,,0.0,,,,,,,,,,,,,,
1,14699,,-0.2660030722618103,,1329.209228515625,,69445.75,,8.0,,3.2460808753967285,,0.0,,3.2460808753967285,,2505.93505859375,,349.1788024902344,,163.96267700195312,,122.84786224365234,,68116.5390625,,22.419092178344727,,0.51171875,,69448.9921875,,69448.9921875,,0.48828125,,256.0,,0.205078125,,0.20456723868846893,,0.015625,,,,,,,,,,,,,,
1,14749,,-0.261954128742218,,977.5040283203125,,21654.189453125,,8.0,,3.1366958618164062,,0.375,,3.1366958618164062,,1975.747314453125,,571.3349609375,,249.364501953125,,109.68403625488281,,20676.685546875,,6.76230001449585,,0.4921875,,21657.326171875,,21657.326171875,,0.5078125,,256.0,,0.1572265625,,0.17266413569450378,,0.00390625,,,,,,,,,,,,,,
1,14799,,-0.24434831738471985,,901.3963012695312,,3034.587890625,,8.0,,3.1441962718963623,,0.0,,3.1441962718963623,,2152.496826171875,,140.88380432128906,,265.54559326171875,,111.65567779541016,,2133.191650390625,,-7.256855487823486,,0.5078125,,3037.732177734375,,3037.732177734375,,0.4921875,,256.0,,0.2734375,,0.29453814029693604,,0.0,,,,,,,,,,,,,,
1,14849,,-0.2620362639427185,,940.1397705078125,,4129.5009765625,,8.0,,3.126192092895508,,0.125,,3.126192092895508,,2416.4033203125,,302.8035583496094,,235.8589324951172,,99.300048828125,,3189.361083984375,,1.1064302921295166,,0.4765625,,4132.626953125,,4132.626953125,,0.5234375,,256.0,,0.2353515625,,0.1915339231491089,,0.0,,,,,,,,,,,,,,
1,14899,,-0.259625107049942,,1591.4346923828125,,129183.453125,,8.0,,2.9872732162475586,,0.25,,2.9872732162475586,,2133.4619140625,,597.676513671875,,320.2558898925781,,99.51441955566406,,127592.015625,,47.26770782470703,,0.4765625,,129186.4375,,129186.4375,,0.5234375,,256.0,,0.2255859375,,0.1846299022436142,,0.015625,,,,,,,,,,,,,,
1,14949,,-0.2557334303855896,,950.6692504882812,,4578.037109375,,8.0,,3.1881771087646484,,0.0,,3.1881771087646484,,2311.58154296875,,674.7344360351562,,201.47103881835938,,112.1341781616211,,3627.36767578125,,-18.716228485107422,,0.4921875,,4581.22509765625,,4581.22509765625,,0.5078125,,256.0,,0.283203125,,0.29809361696243286,,0.0078125,,,,,,,,,,,,,,
1,14999,,-0.25449538230895996,,949.776123046875,,2933.6435546875,,8.0,,3.015800952911377,,0.0,,3.015800952911377,,2215.345703125,,310.3029479980469,,279.306396484375,,117.8431167602539,,1983.8673095703125,,-2.6636319160461426,,0.48828125,,2936.659423828125,,2936.659423828125,,0.51171875,,256.0,,0.423828125,,0.3885208070278168,,0.0078125,,,,,,,,,,,,,,
1,15049,,-0.2589194178581238,,1129.6181640625,,35133.70703125,,8.0,,3.023913621902466,,0.25,,3.023913621902466,,2249.4345703125,,275.8041687011719,,224.460693359375,,125.99002075195312,,34004.08984375,,10.253851890563965,,0.51171875,,35136.73046875,,35136.73046875,,0.48828125,,256.0,,0.28125,,0.27329277992248535,,0.0078125,,,,,,,,,,,,,,
1,15099,,-0.26627373695373535,,916.4566650390625,,3626.9990234375,,8.0,,3.1341052055358887,,0.0,,3.1341052055358887,,1998.5076904296875,,389.9826965332031,,318.2792053222656,,73.66056060791016,,2710.542236328125,,-8.815529823303223,,0.5078125,,3630.133056640625,,3630.133056640625,,0.4921875,,256.0,,0.318359375,,0.2773321270942688,,0.0,,,,,,,,,,,,,,
1,15149,,-0.2605425715446472,,966.494384765625,,2697.24365234375,,8.0,,3.136979341506958,,0.125,,3.136979341506958,,2087.933837890625,,493.8197937011719,,275.8868408203125,,149.9196014404297,,1730.7491455078125,,-0.3050817549228668,,0.484375,,2700.380615234375,,2700.380615234375,,0.515625,,256.0,,0.181640625,,0.13825859129428864,,0.0,,,,,,,,,,,,,,
1,15199,,-0.2614259421825409,,1029.47216796875,,35890.28515625,,8.0,,3.244391441345215,,0.0,,3.244391441345215,,2289.443603515625,,485.91845703125,,231.46328735351562,,128.42996215820312,,34860.8125,,1.8015326261520386,,0.50390625,,35893.53125,,35893.53125,,0.49609375,,256.0,,0.203125,,0.2083491086959839,,0.00390625,,,,,,,,,,,,,,
1,15249,,-0.2558002471923828,,1109.2247314453125,,42444.921875,,8.0,,3.315563917160034,,0.0,,3.315563917160034,,2037.5029296875,,508.7452697753906,,255.7120361328125,,115.1201171875,,41335.6953125,,3.0649194717407227,,0.48046875,,42448.23828125,,42448.23828125,,0.51953125,,256.0,,0.25390625,,0.2470489740371704,,0.0078125,,,,,,,,,,,,,,
1,15299,,-0.26911216974258423,,955.698974609375,,3326.402587890625,,8.0,,3.1793370246887207,,0.25,,3.1793370246887207,,2106.81982421875,,325.8157653808594,,283.4479675292969,,123.82415008544922,,2370.70361328125,,-6.739441394805908,,0.4921875,,3329.58203125,,3329.58203125,,0.5078125,,256.0,,0.224609375,,0.24183933436870575,,0.0,,,,,,,,,,,,,,
1,15349,,-0.25280603766441345,,1070.270751953125,,35194.484375,,8.0,,3.2825608253479004,,0.0,,3.2825608253479004,,2046.3277587890625,,509.78631591796875,,296.4802551269531,,96.53181457519531,,34124.21484375,,15.692400932312012,,0.5234375,,35197.765625,,35197.765625,,0.4765625,,256.0,,0.2578125,,0.27985185384750366,,0.00390625,,,,,,,,,,,,,,
1,15399,,-0.2608703374862671,,920.4461669921875,,2982.9248046875,,8.0,,3.1833252906799316,,0.125,,3.1833252906799316,,2553.754638671875,,270.2371520996094,,226.55224609375,,130.57115173339844,,2062.478515625,,-10.18864631652832,,0.546875,,2986.108154296875,,2986.108154296875,,0.453125,,256.0,,0.1787109375,,0.20905987918376923,,0.00390625,,,,,,,,,,,,,,
1,15449,,-0.2537872791290283,,1258.678466796875,,106795.4609375,,8.0,,3.29884672164917,,0.125,,3.29884672164917,,2173.253173828125,,144.9209442138672,,268.5804138183594,,119.38861083984375,,105536.78125,,45.01183319091797,,0.42578125,,106798.7578125,,106798.7578125,,0.57421875,,256.0,,0.2216796875,,0.16061162948608398,,0.0078125,,,,,,,,,,,,,,
1,15499,,-0.25713905692100525,,901.0779418945312,,2599.3203125,,8.0,,3.217341423034668,,0.0,,3.217341423034668,,1936.7060546875,,679.1614379882812,,313.12841796875,,103.01660919189453,,1698.242431640625,,-0.25468966364860535,,0.5703125,,2602.53759765625,,2602.53759765625,,0.4296875,,256.0,,0.216796875,,0.22415602207183838,,0.0,,,,,,,,,,,,,,
1,15549,,-0.26831984519958496,,958.35693359375,,4290.2919921875,,8.0,,3.165408134460449,,0.0,,3.165408134460449,,1960.845458984375,,563.9572143554688,,242.72015380859375,,117.34583282470703,,3331.934814453125,,-10.075495719909668,,0.5390625,,4293.45751953125,,4293.45751953125,,0.4609375,,256.0,,0.392578125,,0.412975013256073,,0.0,,,,,,,,,,,,,,
1,15599,,-0.24453119933605194,,943.8872680664062,,3007.9111328125,,8.0,,3.098374366760254,,0.25,,3.098374366760254,,2240.448486328125,,606.5010986328125,,257.2225646972656,,116.20836639404297,,2064.02392578125,,-1.3526930809020996,,0.43359375,,3011.009521484375,,3011.009521484375,,0.56640625,,256.0,,0.283203125,,0.2884698808193207,,0.0,,,,,,,,,,,,,,
1,15649,,-0.2567918598651886,,995.1096801757812,,2464.5712890625,,8.0,,3.07130765914917,,0.125,,3.07130765914917,,1899.5621337890625,,565.3829345703125,,240.48545837402344,,149.783203125,,1469.4615478515625,,4.079129695892334,,0.48046875,,2467.642578125,,2467.642578125,,0.51953125,,256.0,,0.306640625,,0.25270771980285645,,0.0078125,,,,,,,,,,,,,,
1,15699,,-0.25871729850769043,,1016.9089965820312,,29239.294921875,,8.0,,3.06455135345459,,0.0,,3.06455135345459,,2362.056640625,,343.96630859375,,218.76190185546875,,94.8516845703125,,28222.38671875,,6.389007091522217,,0.5234375,,29242.359375,,29242.359375,,0.4765625,,256.0,,0.2431640625,,0.24933955073356628,,0.00390625,,,,,,,,,,,,,,
1,15749,,-0.26966744661331177,,831.7536010742188,,2702.64990234375,,8.0,,3.071653366088867,,0.25,,3.071653366088867,,2319.34716796875,,178.38760375976562,,242.07215881347656,,123.50814819335938,,1870.8963623046875,,1.377419352531433,,0.5078125,,2705.721435546875,,2705.721435546875,,0.4921875,,256.0,,0.11376953125,,0.17785999178886414,,0.0,,,,,,,,,,,,,,
1,15799,,-0.26951539516448975,,924.3045043945312,,3009.84375,,8.0,,3.2178564071655273,,0.0,,3.2178564071655273,,2184.86767578125,,369.70208740234375,,190.00189208984375,,104.50967407226562,,2085.539306640625,,2.8627541065216064,,0.48828125,,3013.0615234375,,3013.0615234375,,0.51171875,,256.0,,0.3046875,,0.28077635169029236,,0.0,,,,,,,,,,,,,,
1,15849,,-0.2731725871562958,,897.5091552734375,,2824.684814453125,,8.0,,3.081535816192627,,0.125,,3.081535816192627,,2233.322265625,,561.2949829101562,,273.2708740234375,,106.70472717285156,,1927.1756591796875,,-11.343466758728027,,0.49609375,,2827.766357421875,,2827.766357421875,,0.50390625,,256.0,,0.2314453125,,0.2776505947113037,,0.0,,,,,,,,,,,,,,
1,15899,,-0.2626882791519165,,1097.886474609375,,46892.10546875,,8.0,,3.0842881202697754,,0.25,,3.0842881202697754,,2220.832275390625,,362.6412353515625,,236.1034393310547,,118.73721313476562,,45794.21875,,10.32888412475586,,0.5078125,,46895.19140625,,46895.19140625,,0.4921875,,256.0,,0.185546875,,0.20627865195274353,,0.00390625,,,,,,,,,,,,,,
1,15949,,-0.2500106692314148,,1351.33203125,,78575.953125,,8.0,,2.8263275623321533,,0.5,,2.8263275623321533,,2209.40869140625,,483.7557678222656,,245.550537109375,,119.88658905029297,,77224.6171875,,28.444997787475586,,0.52734375,,78578.78125,,78578.78125,,0.47265625,,256.0,,0.083984375,,0.10952355712652206,,0.01171875,,,,,,,,,,,,,,
1,15999,,-0.2679293155670166,,836.7757568359375,,3165.15966796875,,8.0,,3.0022449493408203,,0.25,,3.0022449493408203,,2354.814697265625,,283.8938293457031,,183.19891357421875,,112.23556518554688,,2328.384033203125,,-3.4786853790283203,,0.4921875,,3168.161865234375,,3168.161865234375,,0.5078125,,256.0,,0.357421875,,0.32279694080352783,,0.0,,,,,,,,,,,,,,
1,16049,,-0.25631892681121826,,922.715576171875,,2691.7119140625,,8.0,,3.1019721031188965,,0.125,,3.1019721031188965,,2338.99169921875,,357.45562744140625,,255.2691650390625,,96.46395874023438,,1768.996337890625,,-4.273797512054443,,0.46875,,2694.81396484375,,2694.81396484375,,0.53125,,256.0,,0.2431640625,,0.27732935547828674,,0.0,,,,,,,,,,,,,,
1,16099,,-0.25540608167648315,,1055.851806640625,,37765.83984375,,8.0,,3.1343069076538086,,0.0,,3.1343069076538086,,2118.41015625,,641.1513671875,,250.24984741210938,,125.51563262939453,,36709.98828125,,17.47872543334961,,0.51953125,,37768.97265625,,37768.97265625,,0.48046875,,256.0,,0.1259765625,,0.18295691907405853,,0.00390625,,,,,,,,,,,,,,
1,16149,,-0.2735627591609955,,1016.5596313476562,,2702.77392578125,,8.0,,3.0127930641174316,,0.0,,3.0127930641174316,,2108.2158203125,,286.7039489746094,,325.86846923828125,,108.32398223876953,,1686.21435546875,,-7.295367240905762,,0.44921875,,2705.78662109375,,2705.78662109375,,0.55078125,,256.0,,0.13671875,,0.13769188523292542,,0.0078125,,,,,,,,,,,,,,
1,16199,,-0.2562023103237152,,1072.27294921875,,37403.20703125,,8.0,,3.312588691711426,,0.0,,3.312588691711426,,2183.00048828125,,191.2580108642578,,285.7720642089844,,94.53739166259766,,36330.93359375,,19.84749412536621,,0.56640625,,37406.51953125,,37406.51953125,,0.43359375,,256.0,,0.376953125,,0.3600162863731384,,0.00390625,,,,,,,,,,,,,,
1,16249,,-0.25079894065856934,,884.1383056640625,,2962.20849609375,,8.0,,3.4294090270996094,,0.0,,3.4294090270996094,,2254.186279296875,,263.51495361328125,,285.01300048828125,,102.2763900756836,,2078.070068359375,,3.388650417327881,,0.46484375,,2965.637939453125,,2965.637939453125,,0.53515625,,256.0,,0.1865234375,,0.19619403779506683,,0.00390625,,,,,,,,,,,,,,
1,16299,,-0.24805055558681488,,830.4804077148438,,2622.803955078125,,8.0,,3.191230535507202,,0.0,,3.191230535507202,,2481.94775390625,,306.04547119140625,,195.76266479492188,,108.70199584960938,,1792.3236083984375,,-9.024343490600586,,0.5625,,2625.9951171875,,2625.9951171875,,0.4375,,256.0,,0.3046875,,0.31871727108955383,,0.0,,,,,,,,,,,,,,
1,16349,,-0.266533225774765,,1159.936767578125,,36868.75,,8.0,,3.0250067710876465,,0.25,,3.0250067710876465,,2178.352783203125,,481.7759704589844,,254.4027557373047,,112.4433822631836,,35708.8125,,12.989688873291016,,0.46484375,,36871.7734375,,36871.7734375,,0.53515625,,256.0,,0.208984375,,0.21083220839500427,,0.0078125,,,,,,,,,,,,,,
1,16399,,-0.2744768261909485,,1158.08251953125,,64707.2265625,,8.0,,3.0313456058502197,,0.125,,3.0313456058502197,,2429.89306640625,,444.2999267578125,,226.76377868652344,,113.75469207763672,,63549.14453125,,28.883991241455078,,0.5078125,,64710.2578125,,64710.2578125,,0.4921875,,256.0,,0.10888671875,,0.1262534260749817,,0.0078125,,,,,,,,,,,,,,
1,16449,,-0.2629079222679138,,904.0584716796875,,2304.155517578125,,8.0,,2.842106819152832,,0.25,,2.842106819152832,,2241.59521484375,,430.58465576171875,,270.9417724609375,,99.84371948242188,,1400.0970458984375,,-4.482659339904785,,0.48046875,,2306.99755859375,,2306.99755859375,,0.51953125,,256.0,,0.181640625,,0.20330846309661865,,0.00390625,,,,,,,,,,,,,,
1,16499,,-0.2598417401313782,,1145.370849609375,,41809.3515625,,8.0,,3.258791923522949,,0.125,,3.258791923522949,,2328.41748046875,,178.7583465576172,,268.8388671875,,123.56053924560547,,40663.98046875,,22.780628204345703,,0.50390625,,41812.609375,,41812.609375,,0.49609375,,256.0,,0.2373046875,,0.25807395577430725,,0.00390625,,,,,,,,,,,,,,
1,16549,,-0.26062172651290894,,941.83251953125,,2719.478759765625,,8.0,,3.0784835815429688,,0.125,,3.0784835815429688,,2209.0009765625,,336.07171630859375,,242.76620483398438,,106.77525329589844,,1777.646240234375,,-6.410811424255371,,0.48046875,,2722.55712890625,,2722.55712890625,,0.51953125,,256.0,,0.267578125,,0.26953935623168945,,0.00390625,,,,,,,,,,,,,,
1,16599,,-0.26155251264572144,,1309.240478515625,,78036.1796875,,8.0,,3.2149064540863037,,0.0,,3.2149064540863037,,2313.836181640625,,465.37518310546875,,216.54690551757812,,144.5909881591797,,76726.9375,,32.34751510620117,,0.5234375,,78039.3984375,,78039.3984375,,0.4765625,,256.0,,0.2001953125,,0.17507469654083252,,0.0078125,,,,,,,,,,,,,,
1,16649,,-0.25705140829086304,,1110.73876953125,,32653.84765625,,8.0,,3.138059139251709,,0.25,,3.138059139251709,,2438.51611328125,,256.244873046875,,249.15138244628906,,112.63334655761719,,31543.109375,,18.8704891204834,,0.59375,,32656.986328125,,32656.986328125,,0.40625,,256.0,,0.2001953125,,0.21920707821846008,,0.00390625,,,,,,,,,,,,,,
1,16699,,-0.26600611209869385,,1046.047607421875,,3035.41845703125,,8.0,,2.9582083225250244,,0.25,,2.9582083225250244,,1940.7728271484375,,733.014892578125,,294.20452880859375,,130.57997131347656,,1989.370849609375,,-0.7486675977706909,,0.52734375,,3038.376708984375,,3038.376708984375,,0.47265625,,256.0,,0.3125,,0.24634616076946259,,0.00390625,,,,,,,,,,,,,,
1,16749,,-0.271024227142334,,1520.16162109375,,131899.765625,,8.0,,3.116708517074585,,0.125,,3.116708517074585,,2153.596435546875,,536.887451171875,,232.50262451171875,,129.832275390625,,130379.6015625,,50.04474639892578,,0.453125,,131902.875,,131902.875,,0.546875,,256.0,,0.224609375,,0.2124214619398117,,0.01171875,,,,,,,,,,,,,,
1,16799,,-0.2728162407875061,,1217.085693359375,,65342.9375,,8.0,,3.3217740058898926,,0.0,,3.3217740058898926,,2168.040283203125,,535.2733764648438,,303.8751220703125,,108.55274200439453,,64125.8515625,,24.795652389526367,,0.578125,,65346.2578125,,65346.2578125,,0.421875,,256.0,,0.291015625,,0.29012054204940796,,0.01171875,,,,,,,,,,,,,,
1,16849,,-0.2536865770816803,,1649.0240478515625,,112974.296875,,8.0,,3.2780685424804688,,0.125,,3.2780685424804688,,2047.136962890625,,432.26263427734375,,247.07992553710938,,132.64349365234375,,111325.2734375,,46.35739517211914,,0.4921875,,112977.578125,,112977.578125,,0.5078125,,256.0,,0.267578125,,0.25973373651504517,,0.015625,,,,,,,,,,,,,,
1,16899,,-0.26550301909446716,,908.0933837890625,,3412.1943359375,,8.0,,3.0343291759490967,,0.0,,3.0343291759490967,,2212.3603515625,,265.38433837890625,,282.5295715332031,,122.29014587402344,,2504.10107421875,,-2.8456788063049316,,0.5,,3415.228759765625,,3415.228759765625,,0.5,,256.0,,0.314453125,,0.26415807008743286,,0.0,,,,,,,,,,,,,,
1,16949,,-0.2630979120731354,,1208.337646484375,,30868.21875,,8.0,,3.111290693283081,,0.125,,3.111290693283081,,2014.5433349609375,,421.943115234375,,279.83758544921875,,116.09778594970703,,29659.880859375,,13.905510902404785,,0.453125,,30871.330078125,,30871.330078125,,0.546875,,256.0,,0.2412109375,,0.282463014125824,,0.01171875,,,,,,,,,,,,,,
1,16999,,-0.2512643039226532,,1214.1153564453125,,85266.875,,8.0,,3.0612282752990723,,0.125,,3.0612282752990723,,2221.384765625,,456.40936279296875,,236.6565399169922,,115.11139678955078,,84052.7578125,,25.467561721801758,,0.421875,,85269.9375,,85269.9375,,0.578125,,256.0,,0.19921875,,0.2043447494506836,,0.01171875,,,,,,,,,,,,,,
1,17049,,-0.2689318358898163,,1033.2918701171875,,28907.5078125,,8.0,,3.2350103855133057,,0.0,,3.2350103855133057,,2562.343994140625,,255.17440795898438,,179.53652954101562,,106.4921646118164,,27874.216796875,,13.026772499084473,,0.4921875,,28910.7421875,,28910.7421875,,0.5078125,,256.0,,0.330078125,,0.3358987271785736,,0.00390625,,,,,,,,,,,,,,
1,17099,,-0.2575407028198242,,905.5960693359375,,3354.09423828125,,8.0,,3.008943557739258,,0.375,,3.008943557739258,,2324.681640625,,203.57003784179688,,269.9931335449219,,112.03870391845703,,2448.498291015625,,-8.827631950378418,,0.51953125,,3357.103271484375,,3357.103271484375,,0.48046875,,256.0,,0.1337890625,,0.15434524416923523,,0.0,,,,,,,,,,,,,,
1,17149,,-0.2660379111766815,,1136.729736328125,,29613.126953125,,8.0,,3.1721887588500977,,0.125,,3.1721887588500977,,2189.556640625,,272.9803771972656,,297.6155700683594,,102.44683074951172,,28476.396484375,,1.49449622631073,,0.515625,,29616.298828125,,29616.298828125,,0.484375,,256.0,,0.375,,0.300451397895813,,0.00390625,,,,,,,,,,,,,,
1,17199,,-0.2599206566810608,,932.4567260742188,,3288.975341796875,,8.0,,3.0779106616973877,,0.0,,3.0779106616973877,,2324.9755859375,,284.7351379394531,,233.35374450683594,,125.39627838134766,,2356.5185546875,,-9.222811698913574,,0.4921875,,3292.05322265625,,3292.05322265625,,0.5078125,,256.0,,0.349609375,,0.3215293288230896,,0.00390625,,,,,,,,,,,,,,
1,17249,,-0.26168033480644226,,1150.6275634765625,,3764.998046875,,8.0,,2.9354939460754395,,0.125,,2.9354939460754395,,1924.05810546875,,481.5628662109375,,283.6070556640625,,99.41936492919922,,2614.37060546875,,-8.368139266967773,,0.5078125,,3767.93359375,,3767.93359375,,0.4921875,,256.0,,0.28125,,0.2550889253616333,,0.015625,,,,,,,,,,,,,,
1,17299,,-0.2600869834423065,,960.3566284179688,,2833.03564453125,,8.0,,3.1790099143981934,,0.125,,3.1790099143981934,,2046.492919921875,,660.0535278320312,,265.15625,,106.19157409667969,,1872.678955078125,,-7.89792013168335,,0.4765625,,2836.214599609375,,2836.214599609375,,0.5234375,,256.0,,0.1337890625,,0.16326534748077393,,0.0,,,,,,,,,,,,,,
1,17349,,-0.2624812126159668,,939.0430297851562,,2708.265380859375,,8.0,,3.213955879211426,,0.125,,3.213955879211426,,2282.53857421875,,233.64675903320312,,278.2322082519531,,124.06634521484375,,1769.2222900390625,,-11.710575103759766,,0.46484375,,2711.479248046875,,2711.479248046875,,0.53515625,,256.0,,0.271484375,,0.34232792258262634,,0.0,,,,,,,,,,,,,,
1,17399,,-0.25132712721824646,,877.3433227539062,,3607.017822265625,,8.0,,3.1889655590057373,,0.0,,3.1889655590057373,,2057.51171875,,750.378662109375,,244.98336791992188,,125.56941223144531,,2729.674560546875,,-3.0392849445343018,,0.4921875,,3610.206787109375,,3610.206787109375,,0.5078125,,256.0,,0.333984375,,0.2673884630203247,,0.0,,,,,,,,,,,,,,
1,17449,,-0.2532028555870056,,918.9265747070312,,3416.302490234375,,8.0,,3.2561116218566895,,0.0,,3.2561116218566895,,2123.602783203125,,508.0882873535156,,305.64801025390625,,115.83516693115234,,2497.3759765625,,-2.0668885707855225,,0.515625,,3419.55859375,,3419.55859375,,0.484375,,256.0,,0.255859375,,0.25294965505599976,,0.0,,,,,,,,,,,,,,
1,17499,,-0.26259350776672363,,1534.7796630859375,,101853.7109375,,8.0,,3.212796688079834,,0.125,,3.212796688079834,,2161.2880859375,,702.2875366210938,,216.50692749023438,,134.90550231933594,,100318.9296875,,42.57261276245117,,0.546875,,101856.921875,,101856.921875,,0.453125,,256.0,,0.294921875,,0.2559671998023987,,0.015625,,,,,,,,,,,,,,
1,17549,,-0.25914984941482544,,1079.97119140625,,2901.498046875,,8.0,,3.298624038696289,,0.0,,3.298624038696289,,1787.345458984375,,730.1591186523438,,289.73956298828125,,105.10162353515625,,1821.52685546875,,-5.275404453277588,,0.55859375,,2904.796630859375,,2904.796630859375,,0.44140625,,256.0,,0.259765625,,0.27292007207870483,,0.01171875,,,,,,,,,,,,,,
1,17599,,-0.2656245231628418,,1331.13330078125,,77514.421875,,8.0,,2.8235902786254883,,0.25,,2.8235902786254883,,2373.651611328125,,312.44366455078125,,250.6449432373047,,126.89513397216797,,76183.2890625,,31.424484252929688,,0.515625,,77517.2421875,,77517.2421875,,0.484375,,256.0,,0.255859375,,0.3039607107639313,,0.0078125,,,,,,,,,,,,,,
1,17649,,-0.25939643383026123,,1212.0205078125,,42037.5390625,,8.0,,2.9241943359375,,0.25,,2.9241943359375,,2418.7412109375,,301.810791015625,,220.60479736328125,,128.9768524169922,,40825.51953125,,9.586984634399414,,0.4765625,,42040.46484375,,42040.46484375,,0.5234375,,256.0,,0.2197265625,,0.2200988531112671,,0.01171875,,,,,,,,,,,,,,
1,17699,,-0.2636883854866028,,869.7677001953125,,2985.50732421875,,8.0,,3.0470921993255615,,0.125,,3.0470921993255615,,2266.16943359375,,202.54661560058594,,258.0835876464844,,121.84097290039062,,2115.73974609375,,-16.584548950195312,,0.5546875,,2988.554443359375,,2988.554443359375,,0.4453125,,256.0,,0.3203125,,0.3129947781562805,,0.0,,,,,,,,,,,,,,
1,17749,,-0.2507931888103485,,1214.467041015625,,57919.484375,,8.0,,3.1205549240112305,,0.0,,3.1205549240112305,,1899.132568359375,,590.2938232421875,,319.6749267578125,,117.58979034423828,,56705.015625,,23.597972869873047,,0.5625,,57922.60546875,,57922.60546875,,0.4375,,256.0,,0.2177734375,,0.2160327285528183,,0.01171875,,,,,,,,,,,,,,
1,17799,,-0.26899254322052,,914.5431518554688,,2405.04541015625,,8.0,,3.1510727405548096,,0.375,,3.1510727405548096,,2274.2568359375,,473.2906799316406,,247.44773864746094,,96.85614013671875,,1490.5023193359375,,4.163829803466797,,0.4921875,,2408.196533203125,,2408.196533203125,,0.5078125,,256.0,,0.248046875,,0.21482694149017334,,0.0,,,,,,,,,,,,,,
1,17849,,-0.2734270989894867,,1107.697021484375,,36143.3984375,,8.0,,3.166187286376953,,0.25,,3.166187286376953,,1912.998291015625,,438.36090087890625,,317.4266357421875,,92.20707702636719,,35035.703125,,14.64849853515625,,0.5625,,36146.56640625,,36146.56640625,,0.4375,,256.0,,0.13671875,,0.14334362745285034,,0.00390625,,,,,,,,,,,,,,
1,17899,,-0.26096463203430176,,1005.452880859375,,30469.396484375,,8.0,,3.2458596229553223,,0.125,,3.2458596229553223,,2069.71630859375,,465.13348388671875,,279.04400634765625,,120.5574722290039,,29463.943359375,,2.890354871749878,,0.4921875,,30472.642578125,,30472.642578125,,0.5078125,,256.0,,0.26953125,,0.2637278437614441,,0.00390625,,,,,,,,,,,,,,
1,17949,,-0.2579857110977173,,951.6943359375,,40245.34375,,8.0,,3.1253437995910645,,0.0,,3.1253437995910645,,2456.398193359375,,301.8119201660156,,188.50733947753906,,112.16822814941406,,39293.6484375,,9.005431175231934,,0.52734375,,40248.46875,,40248.46875,,0.47265625,,256.0,,0.2490234375,,0.26351863145828247,,0.00390625,,,,,,,,,,,,,,
1,17999,,-0.2483842372894287,,867.3570556640625,,2486.7548828125,,8.0,,3.164785861968994,,0.25,,3.164785861968994,,2215.793212890625,,432.8737487792969,,286.55682373046875,,118.82596588134766,,1619.397705078125,,0.8962748646736145,,0.4609375,,2489.919677734375,,2489.919677734375,,0.5390625,,256.0,,0.18359375,,0.21012911200523376,,0.0,,,,,,,,,,,,,,
1,18049,,-0.27231866121292114,,1033.9923095703125,,28933.2578125,,8.0,,3.2364487648010254,,0.0,,3.2364487648010254,,2075.3935546875,,594.5800170898438,,267.92132568359375,,132.740478515625,,27899.265625,,14.530198097229004,,0.4921875,,28936.494140625,,28936.494140625,,0.5078125,,256.0,,0.26953125,,0.19643163681030273,,0.00390625,,,,,,,,,,,,,,
1,18099,,-0.2550310492515564,,1207.99658203125,,42823.32421875,,8.0,,3.1497597694396973,,0.0,,3.1497597694396973,,2530.15966796875,,292.5348205566406,,253.02532958984375,,117.99851989746094,,41615.328125,,19.227262496948242,,0.46875,,42826.47265625,,42826.47265625,,0.53125,,256.0,,0.244140625,,0.1984814703464508,,0.0078125,,,,,,,,,,,,,,
1,18149,,-0.25090235471725464,,949.03515625,,2784.767578125,,8.0,,3.139519691467285,,0.125,,3.139519691467285,,2323.83251953125,,308.84307861328125,,257.8809814453125,,129.23934936523438,,1835.7322998046875,,0.5163347721099854,,0.515625,,2787.906982421875,,2787.906982421875,,0.484375,,256.0,,0.1826171875,,0.13205532729625702,,0.00390625,,,,,,,,,,,,,,
1,18199,,-0.26050227880477905,,907.8267822265625,,2786.480224609375,,8.0,,3.095484733581543,,0.0,,3.095484733581543,,2417.7431640625,,301.357421875,,192.55987548828125,,124.27012634277344,,1878.6534423828125,,-11.248321533203125,,0.45703125,,2789.57568359375,,2789.57568359375,,0.54296875,,256.0,,0.1875,,0.24047991633415222,,0.00390625,,,,,,,,,,,,,,
1,18249,,-0.26731404662132263,,1045.903076171875,,2927.80078125,,8.0,,3.0657315254211426,,0.0,,3.0657315254211426,,2296.59228515625,,306.935791015625,,267.27325439453125,,141.1034393310547,,1881.897705078125,,-0.9644961357116699,,0.47265625,,2930.866455078125,,2930.866455078125,,0.52734375,,256.0,,0.3046875,,0.25573980808258057,,0.00390625,,,,,,,,,,,,,,
1,18299,,-0.26644667983055115,,1203.57421875,,56793.453125,,8.0,,3.1655147075653076,,0.0,,3.1655147075653076,,2544.1689453125,,183.2670135498047,,232.47918701171875,,134.90997314453125,,55589.87890625,,16.573932647705078,,0.484375,,56796.6171875,,56796.6171875,,0.515625,,256.0,,0.30859375,,0.23503665626049042,,0.00390625,,,,,,,,,,,,,,
1,18349,,-0.2517474293708801,,1204.708984375,,68367.578125,,8.0,,3.0810348987579346,,0.0,,3.0810348987579346,,2257.53173828125,,202.07069396972656,,153.265625,,126.3966064453125,,67162.8671875,,23.55832862854004,,0.4765625,,68370.65625,,68370.65625,,0.5234375,,256.0,,0.310546875,,0.2705877721309662,,0.0078125,,,,,,,,,,,,,,
1,18399,,-0.25352001190185547,,912.2017822265625,,3125.0498046875,,8.0,,3.0040087699890137,,0.125,,3.0040087699890137,,2201.28369140625,,293.9788818359375,,285.7730712890625,,83.07019805908203,,2212.847900390625,,-3.9902894496917725,,0.51953125,,3128.0537109375,,3128.0537109375,,0.48046875,,256.0,,0.263671875,,0.2253853976726532,,0.0,,,,,,,,,,,,,,
1,18449,,-0.25555092096328735,,1321.1815185546875,,83394.28125,,8.0,,3.1698522567749023,,0.0,,3.1698522567749023,,2340.65380859375,,424.4541015625,,202.33953857421875,,130.5321502685547,,82073.1015625,,28.895729064941406,,0.5,,83397.453125,,83397.453125,,0.5,,256.0,,0.201171875,,0.20193026959896088,,0.015625,,,,,,,,,,,,,,
1,18499,,-0.2556065320968628,,997.9993286132812,,3863.855224609375,,8.0,,3.0792429447174072,,0.125,,3.0792429447174072,,2275.493896484375,,345.2235412597656,,268.52581787109375,,128.27328491210938,,2865.85595703125,,-9.232610702514648,,0.47265625,,3866.9345703125,,3866.9345703125,,0.52734375,,256.0,,0.298828125,,0.29363083839416504,,0.0078125,,,,,,,,,,,,,,
1,18549,,-0.2703927159309387,,1176.0699462890625,,42664.87109375,,8.0,,3.1000709533691406,,0.0,,3.1000709533691406,,1852.5010986328125,,363.119140625,,302.548095703125,,87.0202407836914,,41488.80078125,,16.904714584350586,,0.5,,42667.97265625,,42667.97265625,,0.5,,256.0,,0.23828125,,0.26247403025627136,,0.0078125,,,,,,,,,,,,,,
1,18599,,-0.2593390941619873,,874.9969482421875,,3059.431640625,,8.0,,3.26597261428833,,0.0,,3.26597261428833,,2301.444091796875,,268.1736755371094,,256.38543701171875,,128.8212432861328,,2184.434814453125,,-6.007437705993652,,0.53515625,,3062.697509765625,,3062.697509765625,,0.46484375,,256.0,,0.33203125,,0.2903280258178711,,0.0,,,,,,,,,,,,,,
1,18649,,-0.2602418065071106,,1084.252197265625,,3470.920166015625,,8.0,,3.1905837059020996,,0.0,,3.1905837059020996,,2161.7294921875,,487.8966369628906,,280.05218505859375,,86.62397766113281,,2386.66796875,,-12.420413970947266,,0.51953125,,3474.11083984375,,3474.11083984375,,0.48046875,,256.0,,0.2216796875,,0.20848166942596436,,0.00390625,,,,,,,,,,,,,,
1,18699,,-0.2571350336074829,,934.5806274414062,,2683.2392578125,,8.0,,3.315166473388672,,0.375,,3.315166473388672,,2589.129638671875,,241.31983947753906,,248.68507385253906,,135.2384490966797,,1748.6585693359375,,-6.918271064758301,,0.48828125,,2686.554443359375,,2686.554443359375,,0.51171875,,256.0,,0.228515625,,0.22012804448604584,,0.0,,,,,,,,,,,,,,
1,18749,,-0.27632784843444824,,904.3917236328125,,2257.84375,,8.0,,3.162358522415161,,0.0,,3.162358522415161,,2137.463134765625,,464.1395568847656,,282.4740905761719,,103.14197540283203,,1353.4521484375,,-2.058112621307373,,0.56640625,,2261.006103515625,,2261.006103515625,,0.43359375,,256.0,,0.212890625,,0.19891974329948425,,0.0,,,,,,,,,,,,,,
1,18799,,-0.2681136727333069,,1224.095458984375,,72606.7109375,,8.0,,3.0132179260253906,,0.0,,3.0132179260253906,,2268.098388671875,,508.8959045410156,,183.24273681640625,,116.58870697021484,,71382.6171875,,32.922950744628906,,0.52734375,,72609.7265625,,72609.7265625,,0.47265625,,256.0,,0.1923828125,,0.2109629362821579,,0.0078125,,,,,,,,,,,,,,
1,18849,,-0.25075972080230713,,1021.8983154296875,,32042.931640625,,8.0,,3.0088112354278564,,0.125,,3.0088112354278564,,2426.6318359375,,349.93267822265625,,183.51248168945312,,118.9264144897461,,31021.033203125,,15.773842811584473,,0.4921875,,32045.94140625,,32045.94140625,,0.5078125,,256.0,,0.30078125,,0.2722635865211487,,0.00390625,,,,,,,,,,,,,,
1,18899,,-0.2731299102306366,,928.1474609375,,3251.831787109375,,8.0,,3.229489803314209,,0.0,,3.229489803314209,,2000.8726806640625,,523.42431640625,,260.6744689941406,,119.29594421386719,,2323.684326171875,,-7.3223161697387695,,0.54296875,,3255.061279296875,,3255.061279296875,,0.45703125,,256.0,,0.193359375,,0.17939141392707825,,0.0,,,,,,,,,,,,,,
1,18949,,-0.27318471670150757,,1145.462158203125,,40973.48828125,,8.0,,3.114321231842041,,0.0,,3.114321231842041,,2046.4298095703125,,464.8979187011719,,233.49322509765625,,113.86468505859375,,39828.02734375,,24.787012100219727,,0.53515625,,40976.6015625,,40976.6015625,,0.46484375,,256.0,,0.296875,,0.28217095136642456,,0.00390625,,,,,,,,,,,,,,
1,18999,,-0.2782607674598694,,950.1564331054688,,3117.791259765625,,8.0,,3.2632551193237305,,0.0,,3.2632551193237305,,2356.16796875,,389.4433898925781,,230.68768310546875,,134.28338623046875,,2167.634765625,,-3.5220985412597656,,0.50390625,,3121.054443359375,,3121.054443359375,,0.49609375,,256.0,,0.1748046875,,0.14159494638442993,,0.00390625,,,,,,,,,,,,,,
1,19049,,-0.26409268379211426,,1033.6346435546875,,3159.5,,8.0,,3.0581769943237305,,0.375,,3.0581769943237305,,2394.768310546875,,280.80938720703125,,191.60061645507812,,104.02043151855469,,2125.865234375,,2.45467472076416,,0.44921875,,3162.55810546875,,3162.55810546875,,0.55078125,,256.0,,0.197265625,,0.15343165397644043,,0.00390625,,,,,,,,,,,,,,
1,19099,,-0.2556878924369812,,862.3369750976562,,2975.73486328125,,8.0,,3.1287803649902344,,0.0,,3.1287803649902344,,2157.13232421875,,466.12286376953125,,257.74603271484375,,127.43109130859375,,2113.39794921875,,-6.565361499786377,,0.51171875,,2978.863525390625,,2978.863525390625,,0.48828125,,256.0,,0.333984375,,0.2876377999782562,,0.0,,,,,,,,,,,,,,
1,19149,,-0.261202335357666,,1045.1004638671875,,29765.67578125,,8.0,,2.958847999572754,,0.25,,2.958847999572754,,2632.95556640625,,285.708984375,,163.7022705078125,,112.95758819580078,,28720.576171875,,11.756168365478516,,0.4765625,,29768.634765625,,29768.634765625,,0.5234375,,256.0,,0.10205078125,,0.08381058275699615,,0.00390625,,,,,,,,,,,,,,
1,19199,,-0.27604228258132935,,1062.8477783203125,,32464.677734375,,8.0,,3.1744179725646973,,0.125,,3.1744179725646973,,2253.097900390625,,417.3522644042969,,238.43405151367188,,140.98129272460938,,31401.830078125,,4.079226016998291,,0.49609375,,32467.8515625,,32467.8515625,,0.50390625,,256.0,,0.296875,,0.2764497697353363,,0.00390625,,,,,,,,,,,,,,
1,19249,,-0.2566453814506531,,884.7584228515625,,3122.67041015625,,8.0,,3.0491247177124023,,0.125,,3.0491247177124023,,2296.7724609375,,556.794921875,,254.3741455078125,,130.5160369873047,,2237.912109375,,-13.878045082092285,,0.5390625,,3125.719482421875,,3125.719482421875,,0.4609375,,256.0,,0.2275390625,,0.23425346612930298,,0.00390625,,,,,,,,,,,,,,
1,19299,,-0.2618776261806488,,983.9887084960938,,3369.97216796875,,8.0,,3.024014472961426,,0.375,,3.024014472961426,,2322.62548828125,,218.51820373535156,,301.41876220703125,,126.31037902832031,,2385.9833984375,,-4.2732672691345215,,0.46484375,,3372.99609375,,3372.99609375,,0.53515625,,256.0,,0.26953125,,0.2660464942455292,,0.00390625,,,,,,,,,,,,,,
1,19349,,-0.2535320818424225,,946.545166015625,,2818.953369140625,,8.0,,3.3170204162597656,,0.0,,3.3170204162597656,,2462.727783203125,,165.37852478027344,,235.10784912109375,,150.23707580566406,,1872.408203125,,-0.9249099493026733,,0.49609375,,2822.2705078125,,2822.2705078125,,0.50390625,,256.0,,0.267578125,,0.29286888241767883,,0.00390625,,,,,,,,,,,,,,
1,19399,,-0.24035972356796265,,1256.9891357421875,,69185.828125,,8.0,,3.095500946044922,,0.0,,3.095500946044922,,2227.02587890625,,410.3298645019531,,231.5673828125,,120.81021881103516,,67928.8359375,,23.645654678344727,,0.53125,,69188.921875,,69188.921875,,0.46875,,256.0,,0.271484375,,0.2982751131057739,,0.0078125,,,,,,,,,,,,,,
1,19449,,-0.2516550123691559,,1048.1578369140625,,3674.47265625,,8.0,,3.146333694458008,,0.25,,3.146333694458008,,2173.89013671875,,703.4384765625,,285.51171875,,133.20372009277344,,2626.314697265625,,-14.142712593078613,,0.45703125,,3677.618896484375,,3677.618896484375,,0.54296875,,256.0,,0.220703125,,0.25763556361198425,,0.0078125,,,,,,,,,,,,,,
1,19499,,-0.25134512782096863,,1001.0443115234375,,3628.50927734375,,8.0,,3.0279288291931152,,0.375,,3.0279288291931152,,2401.927734375,,240.95504760742188,,222.20108032226562,,125.42125701904297,,2627.46484375,,-2.464324712753296,,0.5390625,,3631.537109375,,3631.537109375,,0.4609375,,256.0,,0.306640625,,0.28275248408317566,,0.0078125,,,,,,,,,,,,,,
1,19549,,-0.27469533681869507,,899.263427734375,,2883.56396484375,,8.0,,2.9993343353271484,,0.0,,2.9993343353271484,,2259.77294921875,,384.1860656738281,,218.06500244140625,,104.67462921142578,,1984.3004150390625,,4.885953903198242,,0.50390625,,2886.563232421875,,2886.563232421875,,0.49609375,,256.0,,0.1669921875,,0.18858420848846436,,0.0,,,,,,,,,,,,,,
1,19599,,-0.25108790397644043,,894.5706787109375,,3023.681640625,,8.0,,3.318209171295166,,0.125,,3.318209171295166,,2153.34619140625,,276.45458984375,,253.07986450195312,,98.29747009277344,,2129.111083984375,,-1.7938915491104126,,0.46875,,3026.999755859375,,3026.999755859375,,0.53125,,256.0,,0.201171875,,0.20850902795791626,,0.0,,,,,,,,,,,,,,
1,19649,,-0.2551208436489105,,1313.466064453125,,80829.0234375,,8.0,,2.832341194152832,,0.25,,2.832341194152832,,2325.461669921875,,241.57492065429688,,280.8946838378906,,112.9347915649414,,79515.5546875,,30.728429794311523,,0.5546875,,80831.859375,,80831.859375,,0.4453125,,256.0,,0.2119140625,,0.23914945125579834,,0.0078125,,,,,,,,,,,,,,
1,19699,,-0.2603224515914917,,1283.3795166015625,,58129.05078125,,8.0,,3.2661988735198975,,0.125,,3.2661988735198975,,2148.18017578125,,327.81573486328125,,289.10504150390625,,101.98065948486328,,56845.671875,,25.870590209960938,,0.5234375,,58132.31640625,,58132.31640625,,0.4765625,,256.0,,0.27734375,,0.2659894824028015,,0.0078125,,,,,,,,,,,,,,
1,19749,,-0.26615843176841736,,906.6842041015625,,3435.017578125,,8.0,,3.132383108139038,,0.0,,3.132383108139038,,1977.09814453125,,594.2911987304688,,285.11737060546875,,103.35820007324219,,2528.33349609375,,-2.612725019454956,,0.46875,,3438.14990234375,,3438.14990234375,,0.53125,,256.0,,0.271484375,,0.22137324512004852,,0.0,,,,,,,,,,,,,,
1,19799,,-0.26377731561660767,,958.01123046875,,30001.97265625,,8.0,,3.0241124629974365,,0.5,,3.0241124629974365,,2374.60693359375,,322.170166015625,,245.14527893066406,,120.62779235839844,,29043.9609375,,12.182406425476074,,0.50390625,,30004.99609375,,30004.99609375,,0.49609375,,256.0,,0.279296875,,0.25924152135849,,0.00390625,,,,,,,,,,,,,,
1,19849,,-0.26962339878082275,,1082.4384765625,,35660.83203125,,8.0,,3.252173662185669,,0.0,,3.252173662185669,,2428.0263671875,,244.15234375,,189.86190795898438,,132.90614318847656,,34578.39453125,,3.8024191856384277,,0.49609375,,35664.0859375,,35664.0859375,,0.50390625,,256.0,,0.2236328125,,0.24128583073616028,,0.0078125,,,,,,,,,,,,,,
1,19899,,-0.24710756540298462,,971.4422607421875,,2745.74658203125,,8.0,,3.0294337272644043,,0.125,,3.0294337272644043,,2455.52734375,,284.9710693359375,,190.59194946289062,,111.61961364746094,,1774.30419921875,,0.8335405588150024,,0.50390625,,2748.776123046875,,2748.776123046875,,0.49609375,,256.0,,0.2421875,,0.2506042718887329,,0.00390625,,,,,,,,,,,,,,
1,19949,,-0.263850599527359,,1074.25537109375,,36258.453125,,8.0,,3.247209072113037,,0.0,,3.247209072113037,,2157.11572265625,,459.5135192871094,,299.51605224609375,,112.12390899658203,,35184.19921875,,26.156574249267578,,0.46484375,,36261.69921875,,36261.69921875,,0.53515625,,256.0,,0.27734375,,0.2593625783920288,,0.00390625,,,,,,,,,,,,,,
1,19999,,-0.2662651240825653,,900.7366333007812,,3370.785400390625,,8.0,,3.1022090911865234,,0.125,,3.1022090911865234,,2294.099853515625,,427.74298095703125,,213.74546813964844,,120.21342468261719,,2470.048828125,,0.3478417992591858,,0.4921875,,3373.8876953125,,3373.8876953125,,0.5078125,,256.0,,0.337890625,,0.3006349802017212,,0.0,,,,,,,,,,,,,,
1,20049,,-0.2590450942516327,,873.521484375,,3311.60595703125,,8.0,,3.422982692718506,,0.0,,3.422982692718506,,1790.6669921875,,575.1515502929688,,271.5848083496094,,121.90215301513672,,2438.08447265625,,-14.677725791931152,,0.515625,,3315.029052734375,,3315.029052734375,,0.484375,,256.0,,0.1279296875,,0.19436517357826233,,0.0,,,,,,,,,,,,,,
1,20099,,-0.2577661871910095,,1020.461669921875,,37131.59375,,8.0,,3.1858019828796387,,0.125,,3.1858019828796387,,2173.30615234375,,364.2223815917969,,268.7239990234375,,123.08648681640625,,36111.1328125,,2.0785129070281982,,0.5234375,,37134.78125,,37134.78125,,0.4765625,,256.0,,0.162109375,,0.2141912579536438,,0.00390625,,,,,,,,,,,,,,
1,20149,,-0.27751439809799194,,1073.094482421875,,37689.578125,,8.0,,3.2101316452026367,,0.125,,3.2101316452026367,,2097.6689453125,,737.046630859375,,278.03509521484375,,118.03659057617188,,36616.484375,,7.123649597167969,,0.4453125,,37692.7890625,,37692.7890625,,0.5546875,,256.0,,0.13671875,,0.20647290349006653,,0.0078125,,,,,,,,,,,,,,
1,20199,,-0.25157222151756287,,944.8329467773438,,26031.947265625,,8.0,,3.3369221687316895,,0.0,,3.3369221687316895,,2375.322509765625,,432.90557861328125,,227.89871215820312,,120.4163589477539,,25087.115234375,,5.64564847946167,,0.48046875,,26035.28515625,,26035.28515625,,0.51953125,,256.0,,0.220703125,,0.21593603491783142,,0.00390625,,,,,,,,,,,,,,
1,20249,,-0.2625277638435364,,991.1345825195312,,4038.410888671875,,8.0,,3.040086269378662,,0.375,,3.040086269378662,,2346.77197265625,,301.2149658203125,,303.78216552734375,,117.23161315917969,,3047.2763671875,,-17.301959991455078,,0.5078125,,4041.450927734375,,4041.450927734375,,0.4921875,,256.0,,0.283203125,,0.2382597029209137,,0.00390625,,,,,,,,,,,,,,
1,20299,,-0.2577223777770996,,996.8871459960938,,2942.04345703125,,8.0,,3.140023708343506,,0.375,,3.140023708343506,,2140.15966796875,,464.0631408691406,,306.71087646484375,,86.4057388305664,,1945.1563720703125,,0.24943223595619202,,0.46484375,,2945.18359375,,2945.18359375,,0.53515625,,256.0,,0.349609375,,0.3084466755390167,,0.0,,,,,,,,,,,,,,
1,20349,,-0.2640261650085449,,1015.7620849609375,,36362.93359375,,8.0,,3.032846450805664,,0.125,,3.032846450805664,,1944.55126953125,,535.1056518554688,,289.8099365234375,,132.76837158203125,,35347.171875,,9.322281837463379,,0.515625,,36365.96484375,,36365.96484375,,0.484375,,256.0,,0.232421875,,0.2255067527294159,,0.00390625,,,,,,,,,,,,,,
1,20399,,-0.2741340398788452,,1472.743408203125,,82154.25,,8.0,,2.9057278633117676,,0.5,,2.9057278633117676,,2507.5625,,169.35679626464844,,169.04888916015625,,110.47444152832031,,80681.5078125,,27.37795066833496,,0.44140625,,82157.15625,,82157.15625,,0.55859375,,256.0,,0.30078125,,0.2583959996700287,,0.01171875,,,,,,,,,,,,,,
1,20449,,-0.2559396028518677,,911.4658203125,,3384.29052734375,,8.0,,3.308859348297119,,0.125,,3.308859348297119,,2080.1708984375,,429.07342529296875,,304.3686218261719,,118.62975311279297,,2472.82470703125,,1.0955970287322998,,0.55078125,,3387.599365234375,,3387.599365234375,,0.44921875,,256.0,,0.208984375,,0.25621506571769714,,0.0,,,,,,,,,,,,,,
1,20499,,-0.28113314509391785,,1115.6063232421875,,47852.8515625,,8.0,,2.97951602935791,,0.25,,2.97951602935791,,2206.341064453125,,194.57566833496094,,272.93585205078125,,119.97775268554688,,46737.24609375,,14.965914726257324,,0.53515625,,47855.83203125,,47855.83203125,,0.46484375,,256.0,,0.30078125,,0.2973371148109436,,0.00390625,,,,,,,,,,,,,,
1,20549,,-0.26084625720977783,,1209.1885986328125,,65142.21484375,,8.0,,3.0661721229553223,,0.0,,3.0661721229553223,,2164.773681640625,,530.3204956054688,,207.57089233398438,,134.48141479492188,,63933.02734375,,26.057523727416992,,0.5,,65145.28125,,65145.28125,,0.5,,256.0,,0.11474609375,,0.14031261205673218,,0.0078125,,,,,,,,,,,,,,
1,20599,,-0.2460714429616928,,889.4878540039062,,2538.76025390625,,8.0,,3.043187141418457,,0.125,,3.043187141418457,,1871.6634521484375,,507.59527587890625,,310.43267822265625,,85.60487365722656,,1649.2723388671875,,2.502162218093872,,0.55078125,,2541.803466796875,,2541.803466796875,,0.44921875,,256.0,,0.27734375,,0.2627466320991516,,0.00390625,,,,,,,,,,,,,,
1,20649,,-0.25910860300064087,,893.816650390625,,2826.499267578125,,8.0,,3.296332836151123,,0.0,,3.296332836151123,,2165.406982421875,,647.5298461914062,,226.4329376220703,,111.4767837524414,,1932.6826171875,,-6.6825385093688965,,0.515625,,2829.795654296875,,2829.795654296875,,0.484375,,256.0,,0.28515625,,0.20390622317790985,,0.0,,,,,,,,,,,,,,
1,20699,,-0.2507403492927551,,933.9744873046875,,2869.85986328125,,8.0,,3.0758323669433594,,0.0,,3.0758323669433594,,2321.404541015625,,340.85699462890625,,243.08514404296875,,128.87548828125,,1935.88525390625,,-1.344935655593872,,0.515625,,2872.935791015625,,2872.935791015625,,0.484375,,256.0,,0.15234375,,0.20457175374031067,,0.0,,,,,,,,,,,,,,
1,20749,,-0.2615188956260681,,1095.0611572265625,,26772.060546875,,8.0,,3.20292329788208,,0.0,,3.20292329788208,,1987.705078125,,404.2531433105469,,339.8629150390625,,78.05765533447266,,25677.0,,4.266231060028076,,0.5,,26775.263671875,,26775.263671875,,0.5,,256.0,,0.193359375,,0.17785243690013885,,0.0078125,,,,,,,,,,,,,,
1,20799,,-0.2648026645183563,,970.74462890625,,3514.314208984375,,8.0,,3.069080114364624,,0.125,,3.069080114364624,,2133.2509765625,,322.5550537109375,,285.8031005859375,,124.6143798828125,,2543.569580078125,,-10.117040634155273,,0.51171875,,3517.38330078125,,3517.38330078125,,0.48828125,,256.0,,0.224609375,,0.20994392037391663,,0.00390625,,,,,,,,,,,,,,
1,20849,,-0.26391226053237915,,951.5423583984375,,3099.0048828125,,8.0,,3.0624654293060303,,0.125,,3.0624654293060303,,2204.3017578125,,253.80322265625,,279.96295166015625,,109.5519027709961,,2147.462646484375,,0.5289466977119446,,0.4921875,,3102.0673828125,,3102.0673828125,,0.5078125,,256.0,,0.20703125,,0.2590128183364868,,0.00390625,,,,,,,,,,,,,,
1,20899,,-0.2536087930202484,,824.6405029296875,,2783.74609375,,8.0,,3.1256744861602783,,0.0,,3.1256744861602783,,2371.248291015625,,388.2728271484375,,232.01405334472656,,121.84165954589844,,1959.10546875,,-1.5065014362335205,,0.50390625,,2786.871826171875,,2786.871826171875,,0.49609375,,256.0,,0.263671875,,0.3224157989025116,,0.0,,,,,,,,,,,,,,
1,20949,,-0.2505503296852112,,1090.960693359375,,43318.3359375,,8.0,,3.1687889099121094,,0.0,,3.1687889099121094,,2268.636474609375,,374.91656494140625,,263.3898620605469,,124.7820053100586,,42227.375,,13.291156768798828,,0.43359375,,43321.50390625,,43321.50390625,,0.56640625,,256.0,,0.2734375,,0.29843664169311523,,0.0078125,,,,,,,,,,,,,,
1,20999,,-0.27300259470939636,,1124.908447265625,,41614.7734375,,8.0,,3.3120152950286865,,0.0,,3.3120152950286865,,2088.0595703125,,438.7254333496094,,206.5795440673828,,90.58126831054688,,40489.86328125,,10.853826522827148,,0.52734375,,41618.0859375,,41618.0859375,,0.47265625,,256.0,,0.2578125,,0.2450837343931198,,0.00390625,,,,,,,,,,,,,,
1,21049,,-0.2663576602935791,,969.220703125,,2819.81396484375,,8.0,,3.25846529006958,,0.0,,3.25846529006958,,2347.1796875,,297.9404602050781,,180.79296875,,102.41780090332031,,1850.5931396484375,,-6.198388576507568,,0.43359375,,2823.072509765625,,2823.072509765625,,0.56640625,,256.0,,0.283203125,,0.2531673312187195,,0.00390625,,,,,,,,,,,,,,
1,21099,,-0.2656917870044708,,1186.559814453125,,38968.87890625,,8.0,,3.1425487995147705,,0.125,,3.1425487995147705,,2007.75439453125,,335.4642333984375,,306.4882507324219,,87.6467056274414,,37782.3203125,,11.905585289001465,,0.4765625,,38972.01953125,,38972.01953125,,0.5234375,,256.0,,0.2197265625,,0.2311297357082367,,0.0078125,,,,,,,,,,,,,,
1,21149,,-0.26858389377593994,,1103.122314453125,,26762.03125,,8.0,,3.16806697845459,,0.0,,3.16806697845459,,2451.124267578125,,590.7379760742188,,229.1833038330078,,133.39071655273438,,25658.908203125,,11.967203140258789,,0.546875,,26765.19921875,,26765.19921875,,0.453125,,256.0,,0.255859375,,0.26518771052360535,,0.0078125,,,,,,,,,,,,,,
1,21199,,-0.26893872022628784,,1130.68994140625,,38534.96875,,8.0,,3.1306209564208984,,0.125,,3.1306209564208984,,2249.54345703125,,555.8472900390625,,268.5856018066406,,145.3946075439453,,37404.27734375,,14.708786964416504,,0.5234375,,38538.09765625,,38538.09765625,,0.4765625,,256.0,,0.12890625,,0.14633750915527344,,0.00390625,,,,,,,,,,,,,,
1,21249,,-0.2619873285293579,,940.2808837890625,,2641.37060546875,,8.0,,3.31125807762146,,0.0,,3.31125807762146,,1959.1297607421875,,667.214599609375,,322.17327880859375,,123.81163024902344,,1701.0897216796875,,-5.045835018157959,,0.55859375,,2644.681884765625,,2644.681884765625,,0.44140625,,256.0,,0.2099609375,,0.23861968517303467,,0.0,,,,,,,,,,,,,,
1,21299,,-0.27192139625549316,,1107.11962890625,,38890.68359375,,8.0,,2.860280752182007,,0.25,,2.860280752182007,,2233.85546875,,271.7371520996094,,287.0410461425781,,118.45777130126953,,37783.5625,,3.0162453651428223,,0.48828125,,38893.54296875,,38893.54296875,,0.51171875,,256.0,,0.30078125,,0.2820672392845154,,0.00390625,,,,,,,,,,,,,,
1,21349,,-0.25757095217704773,,802.5208740234375,,2348.190673828125,,8.0,,3.1177542209625244,,0.0,,3.1177542209625244,,2434.755859375,,293.2879943847656,,223.14590454101562,,112.46908569335938,,1545.6697998046875,,-1.2777687311172485,,0.53125,,2351.308349609375,,2351.308349609375,,0.46875,,256.0,,0.1171875,,0.1686553657054901,,0.0,,,,,,,,,,,,,,
1,21399,,-0.25693124532699585,,956.9459228515625,,3511.42138671875,,8.0,,3.1213278770446777,,0.125,,3.1213278770446777,,2194.374755859375,,429.6078186035156,,336.0834045410156,,100.4752197265625,,2554.4755859375,,-15.598658561706543,,0.44140625,,3514.542724609375,,3514.542724609375,,0.55859375,,256.0,,0.224609375,,0.24287478625774384,,0.00390625,,,,,,,,,,,,,,
1,21449,,-0.25306299328804016,,1275.889404296875,,83782.765625,,8.0,,3.0323328971862793,,0.125,,3.0323328971862793,,2101.19921875,,439.4242248535156,,301.70989990234375,,94.27317810058594,,82506.875,,20.954580307006836,,0.5,,83785.796875,,83785.796875,,0.5,,256.0,,0.236328125,,0.21053151786327362,,0.0078125,,,,,,,,,,,,,,
1,21499,,-0.2550012767314911,,1308.588623046875,,84758.8984375,,8.0,,3.259817123413086,,0.0,,3.259817123413086,,2328.92138671875,,410.6806640625,,241.37994384765625,,126.91039276123047,,83450.3125,,24.906883239746094,,0.4609375,,84762.15625,,84762.15625,,0.5390625,,256.0,,0.2041015625,,0.20266127586364746,,0.015625,,,,,,,,,,,,,,
1,21549,,-0.24740752577781677,,847.155517578125,,2177.28515625,,8.0,,3.2046709060668945,,0.125,,3.2046709060668945,,2198.446044921875,,243.3522491455078,,213.62838745117188,,101.75505065917969,,1330.129638671875,,-2.438768148422241,,0.49609375,,2180.48974609375,,2180.48974609375,,0.50390625,,256.0,,0.23046875,,0.24866411089897156,,0.0,,,,,,,,,,,,,,
1,21599,,-0.2564709484577179,,863.3568115234375,,2982.12255859375,,8.0,,3.0733609199523926,,0.125,,3.0733609199523926,,2298.5380859375,,361.0343322753906,,235.427490234375,,101.35505676269531,,2118.765625,,-3.875751256942749,,0.48828125,,2985.19580078125,,2985.19580078125,,0.51171875,,256.0,,0.1884765625,,0.1796150803565979,,0.00390625,,,,,,,,,,,,,,
1,21649,,-0.257091760635376,,1164.2972412109375,,65457.0859375,,8.0,,3.1812925338745117,,0.0,,3.1812925338745117,,2379.12451171875,,289.68548583984375,,234.51483154296875,,139.48829650878906,,64292.7890625,,28.3114013671875,,0.4765625,,65460.265625,,65460.265625,,0.5234375,,256.0,,0.1630859375,,0.17771810293197632,,0.0078125,,,,,,,,,,,,,,
1,21699,,-0.24909257888793945,,822.744384765625,,3093.94482421875,,8.0,,3.1154680252075195,,0.0,,3.1154680252075195,,2485.50537109375,,332.9488830566406,,210.09835815429688,,112.59814453125,,2271.200439453125,,-7.161086082458496,,0.4921875,,3097.060302734375,,3097.060302734375,,0.5078125,,256.0,,0.201171875,,0.2238112986087799,,0.00390625,,,,,,,,,,,,,,
1,21749,,-0.2617126703262329,,815.0479736328125,,2900.99462890625,,8.0,,3.332240581512451,,0.0,,3.332240581512451,,2234.91357421875,,708.821044921875,,211.73651123046875,,129.42340087890625,,2085.946533203125,,-0.4446079134941101,,0.4453125,,2904.326904296875,,2904.326904296875,,0.5546875,,256.0,,0.22265625,,0.1937246173620224,,0.0,,,,,,,,,,,,,,
1,21799,,-0.27281075716018677,,949.5021362304688,,4867.3310546875,,8.0,,3.294595718383789,,0.0,,3.294595718383789,,2222.20703125,,385.26788330078125,,268.2965087890625,,141.3250274658203,,3917.8291015625,,2.765467882156372,,0.44140625,,4870.62548828125,,4870.62548828125,,0.55859375,,256.0,,0.2109375,,0.18554656207561493,,0.0,,,,,,,,,,,,,,
1,21849,,-0.2692341208457947,,928.5250244140625,,3082.7236328125,,8.0,,3.0645065307617188,,0.0,,3.0645065307617188,,2094.32080078125,,546.3557739257812,,204.82205200195312,,129.17076110839844,,2154.198486328125,,-8.75741195678711,,0.4765625,,3085.7880859375,,3085.7880859375,,0.5234375,,256.0,,0.1572265625,,0.18683449923992157,,0.0,,,,,,,,,,,,,,
1,21899,,-0.26771634817123413,,1124.8133544921875,,40289.4921875,,8.0,,3.0224337577819824,,0.0,,3.0224337577819824,,2137.50732421875,,595.1917724609375,,218.83941650390625,,107.16160583496094,,39164.6796875,,3.088625431060791,,0.421875,,40292.515625,,40292.515625,,0.578125,,256.0,,0.10107421875,,0.11062350124120712,,0.0078125,,,,,,,,,,,,,,
1,21949,,-0.2667223811149597,,1040.609619140625,,30279.142578125,,8.0,,3.117464065551758,,0.125,,3.117464065551758,,2217.8955078125,,324.2308654785156,,289.3228454589844,,111.06910705566406,,29238.533203125,,5.857760429382324,,0.515625,,30282.259765625,,30282.259765625,,0.484375,,256.0,,0.18359375,,0.18968898057937622,,0.0078125,,,,,,,,,,,,,,
1,21999,,-0.26140373945236206,,821.69482421875,,2442.39697265625,,8.0,,3.2537381649017334,,0.125,,3.2537381649017334,,1939.327880859375,,520.8670654296875,,272.5971374511719,,107.72887420654297,,1620.7020263671875,,-5.337008953094482,,0.53125,,2445.650634765625,,2445.650634765625,,0.46875,,256.0,,0.193359375,,0.19452247023582458,,0.0,,,,,,,,,,,,,,
1,22049,,-0.25681278109550476,,878.8632202148438,,3144.889404296875,,8.0,,3.1629085540771484,,0.125,,3.1629085540771484,,2343.150146484375,,288.86322021484375,,255.4117431640625,,124.9773941040039,,2266.026123046875,,-0.16063910722732544,,0.52734375,,3148.05224609375,,3148.05224609375,,0.47265625,,256.0,,0.302734375,,0.31834864616394043,,0.0,,,,,,,,,,,,,,
1,22099,,-0.26267099380493164,,910.2698364257812,,2308.650390625,,8.0,,3.3348982334136963,,0.0,,3.3348982334136963,,2255.04736328125,,208.45950317382812,,294.62060546875,,124.75033569335938,,1398.380615234375,,-2.084043264389038,,0.47265625,,2311.9853515625,,2311.9853515625,,0.52734375,,256.0,,0.240234375,,0.27949807047843933,,0.0,,,,,,,,,,,,,,
1,22149,,-0.25891196727752686,,1002.2978515625,,38741.296875,,8.0,,3.103152275085449,,0.0,,3.103152275085449,,2293.17529296875,,510.924560546875,,194.20916748046875,,121.46806335449219,,37739.0,,13.233269691467285,,0.46484375,,38744.3984375,,38744.3984375,,0.53515625,,256.0,,0.197265625,,0.21161501109600067,,0.00390625,,,,,,,,,,,,,,
1,22199,,-0.25716453790664673,,908.6273193359375,,2722.97314453125,,8.0,,3.098444938659668,,0.0,,3.098444938659668,,2356.10888671875,,337.305419921875,,219.35690307617188,,116.37316131591797,,1814.3458251953125,,4.642777919769287,,0.53515625,,2726.071533203125,,2726.071533203125,,0.46484375,,256.0,,0.1572265625,,0.15355408191680908,,0.00390625,,,,,,,,,,,,,,
1,22249,,-0.25858092308044434,,868.109375,,2771.80224609375,,8.0,,3.0946552753448486,,0.125,,3.0946552753448486,,2355.59521484375,,266.78778076171875,,197.5771484375,,101.85287475585938,,1903.69287109375,,-14.419129371643066,,0.4296875,,2774.89697265625,,2774.89697265625,,0.5703125,,256.0,,0.3359375,,0.31609460711479187,,0.0,,,,,,,,,,,,,,
1,22299,,-0.2688091993331909,,945.3843994140625,,31839.291015625,,8.0,,2.990401029586792,,0.125,,2.990401029586792,,2477.74267578125,,358.4172058105469,,233.9453125,,107.26048278808594,,30893.90625,,15.421764373779297,,0.484375,,31842.28125,,31842.28125,,0.515625,,256.0,,0.25,,0.22613489627838135,,0.00390625,,,,,,,,,,,,,,
1,22349,,-0.2610718607902527,,899.0310668945312,,3057.908447265625,,8.0,,3.226651906967163,,0.125,,3.226651906967163,,1912.353515625,,722.061767578125,,278.3940734863281,,114.79508209228516,,2158.87744140625,,-4.211492538452148,,0.5078125,,3061.135009765625,,3061.135009765625,,0.4921875,,256.0,,0.1513671875,,0.20041915774345398,,0.00390625,,,,,,,,,,,,,,
1,22399,,-0.2597036361694336,,1095.2276611328125,,30480.17578125,,8.0,,3.2573704719543457,,0.0,,3.2573704719543457,,2317.17724609375,,208.160400390625,,277.89154052734375,,108.22114562988281,,29384.947265625,,21.316919326782227,,0.4921875,,30483.43359375,,30483.43359375,,0.5078125,,256.0,,0.18359375,,0.20020779967308044,,0.00390625,,,,,,,,,,,,,,
1,22449,,-0.2586667537689209,,1141.1334228515625,,3453.443359375,,8.0,,3.250990390777588,,0.125,,3.250990390777588,,2412.038818359375,,545.693115234375,,220.12942504882812,,116.95059204101562,,2312.309814453125,,-1.8734469413757324,,0.5078125,,3456.6943359375,,3456.6943359375,,0.4921875,,256.0,,0.337890625,,0.2569614052772522,,0.0078125,,,,,,,,,,,,,,
1,22499,,-0.2573331296443939,,1026.001220703125,,2606.185546875,,8.0,,3.0034546852111816,,0.0,,3.0034546852111816,,2127.98681640625,,589.5543823242188,,237.2910614013672,,119.0642318725586,,1580.184326171875,,-1.552214503288269,,0.57421875,,2609.18896484375,,2609.18896484375,,0.42578125,,256.0,,0.291015625,,0.2799605131149292,,0.00390625,,,,,,,,,,,,,,
1,22549,,-0.25025635957717896,,1249.9659423828125,,81816.6953125,,8.0,,2.9675025939941406,,0.125,,2.9675025939941406,,1813.263671875,,740.9215698242188,,304.16943359375,,112.09121704101562,,80566.7265625,,35.445682525634766,,0.50390625,,81819.6640625,,81819.6640625,,0.49609375,,256.0,,0.287109375,,0.2728574872016907,,0.0078125,,,,,,,,,,,,,,
1,22599,,-0.2565961480140686,,1083.081298828125,,31970.484375,,8.0,,3.213102340698242,,0.0,,3.213102340698242,,2238.646728515625,,650.6107788085938,,243.58865356445312,,112.35697937011719,,30887.40234375,,13.454712867736816,,0.51171875,,31973.697265625,,31973.697265625,,0.48828125,,256.0,,0.150390625,,0.1672440469264984,,0.01171875,,,,,,,,,,,,,,
1,22649,,-0.2630007863044739,,1078.8944091796875,,43535.6328125,,8.0,,3.07839035987854,,0.125,,3.07839035987854,,2092.990234375,,537.0526733398438,,297.5415954589844,,133.61990356445312,,42456.73828125,,16.46038055419922,,0.5,,43538.7109375,,43538.7109375,,0.5,,256.0,,0.279296875,,0.2737991511821747,,0.00390625,,,,,,,,,,,,,,
1,22699,,-0.2505955696105957,,1158.2960205078125,,68470.8671875,,8.0,,3.0944018363952637,,0.125,,3.0944018363952637,,2191.16064453125,,347.5443420410156,,203.8072509765625,,113.27738189697266,,67312.5703125,,23.633277893066406,,0.50390625,,68473.9609375,,68473.9609375,,0.49609375,,256.0,,0.24609375,,0.29223746061325073,,0.0078125,,,,,,,,,,,,,,
1,22749,,-0.25054746866226196,,1061.7579345703125,,50109.90234375,,8.0,,3.0847368240356445,,0.125,,3.0847368240356445,,2205.1845703125,,340.25311279296875,,269.57525634765625,,128.4840850830078,,49048.14453125,,15.791305541992188,,0.44921875,,50112.98828125,,50112.98828125,,0.55078125,,256.0,,0.24609375,,0.23076730966567993,,0.00390625,,,,,,,,,,,,,,
1,22799,,-0.2689325511455536,,1083.06982421875,,37114.91796875,,8.0,,3.1431329250335693,,0.0,,3.1431329250335693,,2458.07275390625,,222.97702026367188,,205.99830627441406,,130.01113891601562,,36031.84765625,,18.232807159423828,,0.53125,,37118.0625,,37118.0625,,0.46875,,256.0,,0.06689453125,,0.12822401523590088,,0.00390625,,,,,,,,,,,,,,
1,22849,,-0.26969680190086365,,1027.179443359375,,26539.41015625,,8.0,,3.0218653678894043,,0.25,,3.0218653678894043,,2245.072998046875,,475.8121643066406,,260.81573486328125,,112.350341796875,,25512.23046875,,11.839932441711426,,0.44921875,,26542.431640625,,26542.431640625,,0.55078125,,256.0,,0.265625,,0.22703039646148682,,0.00390625,,,,,,,,,,,,,,
1,22899,,-0.2677656412124634,,930.0264892578125,,3371.4521484375,,8.0,,3.103623628616333,,0.125,,3.103623628616333,,2074.69189453125,,579.3219604492188,,279.1768798828125,,104.76362609863281,,2441.42578125,,-5.69255256652832,,0.4921875,,3374.5556640625,,3374.5556640625,,0.5078125,,256.0,,0.25390625,,0.29429343342781067,,0.00390625,,,,,,,,,,,,,,
1,22949,,-0.2631331980228424,,982.127197265625,,3667.714599609375,,8.0,,3.255826234817505,,0.0,,3.255826234817505,,2182.59033203125,,378.1593322753906,,246.30645751953125,,108.59906768798828,,2685.58740234375,,-10.204691886901855,,0.46484375,,3670.970458984375,,3670.970458984375,,0.53515625,,256.0,,0.146484375,,0.1216072291135788,,0.0,,,,,,,,,,,,,,
1,22999,,-0.27587080001831055,,878.3379516601562,,2962.744384765625,,8.0,,3.207484245300293,,0.0,,3.207484245300293,,2057.44677734375,,452.935791015625,,238.1407928466797,,117.46231079101562,,2084.406494140625,,-10.315265655517578,,0.46875,,2965.951904296875,,2965.951904296875,,0.53125,,256.0,,0.1640625,,0.21958109736442566,,0.0,,,,,,,,,,,,,,
1,23049,,-0.2619321942329407,,1128.0677490234375,,43445.70703125,,8.0,,3.0620999336242676,,0.25,,3.0620999336242676,,2523.873779296875,,211.2654571533203,,194.00579833984375,,105.28485107421875,,42317.640625,,14.352476119995117,,0.54296875,,43448.76953125,,43448.76953125,,0.45703125,,256.0,,0.1982421875,,0.1886751353740692,,0.01171875,,,,,,,,,,,,,,
1,23099,,-0.2737881541252136,,1065.7813720703125,,37627.28125,,8.0,,3.274150848388672,,0.0,,3.274150848388672,,2205.7548828125,,313.6578369140625,,325.696533203125,,113.0955581665039,,36561.5,,2.994875192642212,,0.55078125,,37630.5546875,,37630.5546875,,0.44921875,,256.0,,0.30859375,,0.30460113286972046,,0.00390625,,,,,,,,,,,,,,
1,23149,,-0.2559506297111511,,1046.23681640625,,28507.716796875,,8.0,,2.884148120880127,,0.125,,2.884148120880127,,2439.60498046875,,252.99671936035156,,238.7683563232422,,125.0360336303711,,27461.48046875,,4.019253253936768,,0.52734375,,28510.6015625,,28510.6015625,,0.47265625,,256.0,,0.3515625,,0.34968000650405884,,0.00390625,,,,,,,,,,,,,,
1,23199,,-0.25397226214408875,,908.2286987304688,,4548.60791015625,,8.0,,3.316225528717041,,0.0,,3.316225528717041,,1921.836669921875,,488.2247314453125,,269.52484130859375,,107.80873107910156,,3640.37939453125,,-2.28830885887146,,0.515625,,4551.92431640625,,4551.92431640625,,0.484375,,256.0,,0.2890625,,0.2735738754272461,,0.0,,,,,,,,,,,,,,
1,23249,,-0.2531399130821228,,862.3091430664062,,2187.101318359375,,8.0,,3.1081113815307617,,0.125,,3.1081113815307617,,1999.041259765625,,440.3960266113281,,298.3156433105469,,113.95860290527344,,1324.7921142578125,,1.06524658203125,,0.49609375,,2190.20947265625,,2190.20947265625,,0.50390625,,256.0,,0.1552734375,,0.11760781705379486,,0.0,,,,,,,,,,,,,,
1,23299,,-0.2609334886074066,,824.0208129882812,,3044.053955078125,,8.0,,3.038407802581787,,0.125,,3.038407802581787,,2204.21337890625,,461.3565673828125,,247.6793212890625,,124.63090515136719,,2220.033203125,,-2.6199493408203125,,0.56640625,,3047.09228515625,,3047.09228515625,,0.43359375,,256.0,,0.244140625,,0.2441321611404419,,0.0,,,,,,,,,,,,,,
1,23349,,-0.24662905931472778,,910.8255004882812,,4033.11083984375,,8.0,,3.1191296577453613,,0.125,,3.1191296577453613,,2248.7255859375,,326.7475280761719,,225.7206268310547,,106.23542785644531,,3122.285400390625,,-18.063888549804688,,0.49609375,,4036.22998046875,,4036.22998046875,,0.50390625,,256.0,,0.2236328125,,0.2294018715620041,,0.0,,,,,,,,,,,,,,
1,23399,,-0.26060548424720764,,925.056640625,,2741.93408203125,,8.0,,3.2252845764160156,,0.125,,3.2252845764160156,,2084.480224609375,,455.0278625488281,,262.8976135253906,,104.39373016357422,,1816.87744140625,,1.7131150960922241,,0.51953125,,2745.159423828125,,2745.159423828125,,0.48046875,,256.0,,0.154296875,,0.2222672402858734,,0.00390625,,,,,,,,,,,,,,
1,23449,,-0.24895259737968445,,1424.913330078125,,126186.421875,,8.0,,3.270369529724121,,0.125,,3.270369529724121,,1945.792236328125,,583.6669921875,,255.0579833984375,,130.41697692871094,,124761.5078125,,53.58291244506836,,0.43359375,,126189.6953125,,126189.6953125,,0.56640625,,256.0,,0.09912109375,,0.14432565867900848,,0.01171875,,,,,,,,,,,,,,
1,23499,,-0.2577638328075409,,1029.679443359375,,42056.515625,,8.0,,3.0727462768554688,,0.125,,3.0727462768554688,,2209.379150390625,,463.9088134765625,,258.5601501464844,,103.1010971069336,,41026.8359375,,14.596099853515625,,0.4765625,,42059.58984375,,42059.58984375,,0.5234375,,256.0,,0.2197265625,,0.22884440422058105,,0.00390625,,,,,,,,,,,,,,
1,23549,,-0.26091259717941284,,1220.889404296875,,40467.07421875,,8.0,,3.0114450454711914,,0.125,,3.0114450454711914,,2213.546875,,548.9898071289062,,227.5846405029297,,136.08340454101562,,39246.18359375,,12.89976978302002,,0.4765625,,40470.0859375,,40470.0859375,,0.5234375,,256.0,,0.2138671875,,0.19654397666454315,,0.01171875,,,,,,,,,,,,,,
1,23599,,-0.2611701488494873,,1428.484375,,74660.6953125,,8.0,,3.1419498920440674,,0.0,,3.1419498920440674,,2135.28369140625,,663.3319091796875,,269.1856689453125,,108.20987701416016,,73232.2109375,,21.353179931640625,,0.53515625,,74663.8359375,,74663.8359375,,0.46484375,,256.0,,0.2890625,,0.2515786588191986,,0.01953125,,,,,,,,,,,,,,
1,23649,,-0.251804381608963,,1070.9046630859375,,3260.31982421875,,8.0,,3.008413314819336,,0.0,,3.008413314819336,,2322.487548828125,,594.5941772460938,,210.2767333984375,,106.58197021484375,,2189.415283203125,,-0.024548588320612907,,0.57421875,,3263.328125,,3263.328125,,0.42578125,,256.0,,0.19140625,,0.1642715036869049,,0.0078125,,,,,,,,,,,,,,
1,23699,,-0.25697004795074463,,1001.1195068359375,,30358.11328125,,8.0,,3.2228894233703613,,0.0,,3.2228894233703613,,2327.771728515625,,337.75311279296875,,258.22784423828125,,121.75459289550781,,29356.994140625,,9.29802417755127,,0.515625,,30361.3359375,,30361.3359375,,0.484375,,256.0,,0.228515625,,0.25040706992149353,,0.00390625,,,,,,,,,,,,,,
1,23749,,-0.2753162980079651,,934.4664306640625,,2682.41064453125,,8.0,,3.2068283557891846,,0.125,,3.2068283557891846,,2160.79736328125,,338.613525390625,,215.92147827148438,,133.7243194580078,,1747.944091796875,,-1.0105698108673096,,0.4921875,,2685.617431640625,,2685.617431640625,,0.5078125,,256.0,,0.26171875,,0.2878936529159546,,0.0,,,,,,,,,,,,,,
1,23799,,-0.2571030259132385,,893.5557861328125,,3007.0283203125,,8.0,,3.217576503753662,,0.125,,3.217576503753662,,2099.7568359375,,550.6323852539062,,255.57492065429688,,112.72351837158203,,2113.47265625,,-2.0246071815490723,,0.47265625,,3010.245849609375,,3010.245849609375,,0.52734375,,256.0,,0.177734375,,0.19495844841003418,,0.00390625,,,,,,,,,,,,,,
1,23849,,-0.24492943286895752,,979.8553466796875,,3498.439453125,,8.0,,3.105996608734131,,0.0,,3.105996608734131,,2231.768798828125,,576.7017211914062,,207.20297241210938,,120.87320709228516,,2518.583984375,,-8.670205116271973,,0.53515625,,3501.54541015625,,3501.54541015625,,0.46484375,,256.0,,0.2177734375,,0.23592609167099,,0.00390625,,,,,,,,,,,,,,
1,23899,,-0.27536696195602417,,1160.0517578125,,29736.9765625,,8.0,,3.335676670074463,,0.0,,3.335676670074463,,2041.1761474609375,,381.49261474609375,,267.54571533203125,,101.43347930908203,,28576.92578125,,18.25641632080078,,0.546875,,29740.3125,,29740.3125,,0.453125,,256.0,,0.400390625,,0.30712002515792847,,0.0078125,,,,,,,,,,,,,,
1,23949,,-0.2577856779098511,,889.9254760742188,,3776.927001953125,,8.0,,3.1332571506500244,,0.0,,3.1332571506500244,,2282.869873046875,,188.38636779785156,,237.66940307617188,,116.55647277832031,,2887.00146484375,,-18.897197723388672,,0.4765625,,3780.060302734375,,3780.060302734375,,0.5234375,,256.0,,0.1533203125,,0.2054603397846222,,0.0,,,,,,,,,,,,,,
1,23999,,-0.24836795032024384,,1138.847412109375,,47682.43359375,,8.0,,2.940863847732544,,0.25,,2.940863847732544,,2233.535888671875,,612.4080810546875,,259.94793701171875,,147.71240234375,,46543.5859375,,12.784313201904297,,0.53125,,47685.375,,47685.375,,0.46875,,256.0,,0.2373046875,,0.2804640531539917,,0.00390625,,,,,,,,,,,,,,
1,24049,,-0.25823771953582764,,1091.937744140625,,35445.59375,,8.0,,3.075608253479004,,0.125,,3.075608253479004,,2392.96923828125,,218.076416015625,,225.4658203125,,99.46846771240234,,34353.65625,,17.13713264465332,,0.484375,,35448.66796875,,35448.66796875,,0.515625,,256.0,,0.28515625,,0.27113476395606995,,0.00390625,,,,,,,,,,,,,,
1,24099,,-0.26549220085144043,,951.093505859375,,2436.44775390625,,8.0,,3.158341884613037,,0.0,,3.158341884613037,,2289.59716796875,,519.9945068359375,,220.6753387451172,,128.31590270996094,,1485.3543701171875,,-2.1381468772888184,,0.53125,,2439.606201171875,,2439.606201171875,,0.46875,,256.0,,0.21875,,0.22780659794807434,,0.00390625,,,,,,,,,,,,,,
1,24149,,-0.2556643486022949,,933.0907592773438,,2431.8349609375,,8.0,,3.1046648025512695,,0.0,,3.1046648025512695,,2279.4052734375,,305.6309814453125,,233.23800659179688,,107.6487045288086,,1498.744140625,,0.5016161799430847,,0.46484375,,2434.939697265625,,2434.939697265625,,0.53515625,,256.0,,0.21484375,,0.2064657211303711,,0.0,,,,,,,,,,,,,,
1,24199,,-0.25930941104888916,,1175.79150390625,,42411.05078125,,8.0,,3.0976943969726562,,0.125,,3.0976943969726562,,2261.03955078125,,487.8730773925781,,244.05337524414062,,141.6428680419922,,41235.2578125,,6.833651542663574,,0.53125,,42414.1484375,,42414.1484375,,0.46875,,256.0,,0.263671875,,0.2775399088859558,,0.0078125,,,,,,,,,,,,,,
1,24249,,-0.24765682220458984,,1132.97509765625,,37574.390625,,8.0,,3.1698436737060547,,0.0,,3.1698436737060547,,2392.3544921875,,466.9678649902344,,221.46466064453125,,117.97566986083984,,36441.4140625,,7.554363250732422,,0.53515625,,37577.55859375,,37577.55859375,,0.46484375,,256.0,,0.33984375,,0.29659080505371094,,0.01171875,,,,,,,,,,,,,,
1,24299,,-0.2750438451766968,,811.2947387695312,,3753.7626953125,,8.0,,3.092883586883545,,0.0,,3.092883586883545,,2232.018310546875,,292.6737060546875,,297.46630859375,,117.91094207763672,,2942.468017578125,,-9.819043159484863,,0.53125,,3756.85546875,,3756.85546875,,0.46875,,256.0,,0.1826171875,,0.19169080257415771,,0.0,,,,,,,,,,,,,,
1,24349,,-0.26874589920043945,,971.4052734375,,3337.032470703125,,8.0,,3.0517830848693848,,0.0,,3.0517830848693848,,2400.66845703125,,276.80267333984375,,257.5547180175781,,128.9675750732422,,2365.627197265625,,-4.453996181488037,,0.4453125,,3340.084228515625,,3340.084228515625,,0.5546875,,256.0,,0.2333984375,,0.2076428383588791,,0.0078125,,,,,,,,,,,,,,
1,24399,,-0.25606077909469604,,859.0418701171875,,3114.791015625,,8.0,,3.2574543952941895,,0.25,,3.2574543952941895,,2241.362548828125,,528.2465209960938,,246.11817932128906,,121.69649505615234,,2255.7490234375,,-4.239722728729248,,0.52734375,,3118.048583984375,,3118.048583984375,,0.47265625,,256.0,,0.232421875,,0.18747244775295258,,0.0,,,,,,,,,,,,,,
1,24449,,-0.25151944160461426,,1135.748046875,,22023.75390625,,8.0,,3.0576319694519043,,0.125,,3.0576319694519043,,2084.62060546875,,495.7916259765625,,222.4093017578125,,101.56383514404297,,20888.005859375,,9.151593208312988,,0.5078125,,22026.8125,,22026.8125,,0.4921875,,256.0,,0.236328125,,0.23537594079971313,,0.01171875,,,,,,,,,,,,,,
1,24499,,-0.27444106340408325,,1049.3828125,,2976.6669921875,,8.0,,3.1595373153686523,,0.0,,3.1595373153686523,,1987.9417724609375,,548.4629516601562,,283.63897705078125,,96.2051010131836,,1927.2840576171875,,-0.14105859398841858,,0.48828125,,2979.826416015625,,2979.826416015625,,0.51171875,,256.0,,0.201171875,,0.18411290645599365,,0.0078125,,,,,,,,,,,,,,
1,24549,,-0.25962018966674805,,1134.977294921875,,41264.203125,,8.0,,2.952671527862549,,0.0,,2.952671527862549,,1979.486572265625,,564.047607421875,,266.35540771484375,,115.52313995361328,,40129.2265625,,13.337693214416504,,0.515625,,41267.15625,,41267.15625,,0.484375,,256.0,,0.1865234375,,0.21167942881584167,,0.0078125,,,,,,,,,,,,,,
1,24599,,-0.2554464340209961,,1013.2744750976562,,2855.54052734375,,8.0,,2.9813458919525146,,0.125,,2.9813458919525146,,2236.466552734375,,624.958984375,,257.638916015625,,107.65516662597656,,1842.2659912109375,,3.3408002853393555,,0.55078125,,2858.52197265625,,2858.52197265625,,0.44921875,,256.0,,0.25390625,,0.2471439689397812,,0.0078125,,,,,,,,,,,,,,
1,24649,,-0.2616831660270691,,960.2971801757812,,3730.1572265625,,8.0,,3.0566043853759766,,0.0,,3.0566043853759766,,1898.623046875,,598.1799926757812,,255.3913116455078,,124.33407592773438,,2769.860107421875,,-8.486976623535156,,0.53515625,,3733.2138671875,,3733.2138671875,,0.46484375,,256.0,,0.26953125,,0.25805532932281494,,0.00390625,,,,,,,,,,,,,,
1,24699,,-0.254168838262558,,1013.83251953125,,38854.5,,8.0,,3.10109281539917,,0.125,,3.10109281539917,,2422.325927734375,,233.11598205566406,,239.4689178466797,,138.9697265625,,37840.66796875,,11.11047077178955,,0.5,,38857.6015625,,38857.6015625,,0.5,,256.0,,0.130859375,,0.18027405440807343,,0.00390625,,,,,,,,,,,,,,
1,24749,,-0.27373048663139343,,950.83447265625,,2835.193359375,,8.0,,3.08024525642395,,0.0,,3.08024525642395,,2344.74853515625,,277.3727722167969,,222.4341278076172,,98.7125015258789,,1884.3590087890625,,0.37746289372444153,,0.4765625,,2838.273681640625,,2838.273681640625,,0.5234375,,256.0,,0.26171875,,0.24418000876903534,,0.00390625,,,,,,,,,,,,,,
1,24799,,-0.2619970440864563,,1010.9008178710938,,3079.31298828125,,8.0,,3.1499624252319336,,0.0,,3.1499624252319336,,2301.932861328125,,316.0257873535156,,251.2198486328125,,119.51439666748047,,2068.412109375,,-0.618078351020813,,0.4921875,,3082.462890625,,3082.462890625,,0.5078125,,256.0,,0.19921875,,0.16523383557796478,,0.01171875,,,,,,,,,,,,,,
1,24849,,-0.26143357157707214,,870.7279663085938,,2768.474365234375,,8.0,,3.187535285949707,,0.0,,3.187535285949707,,2082.39013671875,,580.8019409179688,,291.2381896972656,,150.07630920410156,,1897.746337890625,,-8.333243370056152,,0.43359375,,2771.661865234375,,2771.661865234375,,0.56640625,,256.0,,0.1787109375,,0.20981788635253906,,0.0,,,,,,,,,,,,,,
1,24899,,-0.269642174243927,,1099.263671875,,43110.8125,,8.0,,3.2318954467773438,,0.25,,3.2318954467773438,,2206.80615234375,,455.8946533203125,,231.22525024414062,,100.14102935791016,,42011.546875,,1.2211271524429321,,0.51953125,,43114.04296875,,43114.04296875,,0.48046875,,256.0,,0.25390625,,0.24866411089897156,,0.00390625,,,,,,,,,,,,,,
1,24949,,-0.2573404014110565,,867.7728881835938,,2447.81103515625,,8.0,,3.0744211673736572,,0.125,,3.0744211673736572,,2237.474853515625,,315.033203125,,245.4685516357422,,100.59620666503906,,1580.0382080078125,,-8.365377426147461,,0.4375,,2450.885498046875,,2450.885498046875,,0.5625,,256.0,,0.279296875,,0.25226837396621704,,0.0,,,,,,,,,,,,,,
1,24999,,-0.2601436376571655,,881.6527709960938,,3108.104736328125,,8.0,,3.1005074977874756,,0.0,,3.1005074977874756,,2221.6025390625,,343.757080078125,,253.68533325195312,,127.47047424316406,,2226.451904296875,,-6.780734539031982,,0.515625,,3111.205322265625,,3111.205322265625,,0.484375,,256.0,,0.11279296875,,0.09380640834569931,,0.0,,,,,,,,,,,,,,
1,25049,,-0.26289498805999756,,1210.898193359375,,44963.6171875,,8.0,,3.1208395957946777,,0.25,,3.1208395957946777,,2186.25390625,,486.81787109375,,238.49351501464844,,116.98005676269531,,43752.71875,,14.219253540039062,,0.46875,,44966.73828125,,44966.73828125,,0.53125,,256.0,,0.2255859375,,0.1645561158657074,,0.0078125,,,,,,,,,,,,,,
1,25099,,-0.26463502645492554,,1084.88525390625,,30293.037109375,,8.0,,3.0948352813720703,,0.0,,3.0948352813720703,,2266.5185546875,,663.04345703125,,239.75735473632812,,119.26405334472656,,29208.15234375,,10.966011047363281,,0.50390625,,30296.1328125,,30296.1328125,,0.49609375,,256.0,,0.19140625,,0.22476892173290253,,0.00390625,,,,,,,,,,,,,,
1,25149,,-0.2637369632720947,,1202.8701171875,,39915.8671875,,8.0,,3.1017377376556396,,0.0,,3.1017377376556396,,2265.7548828125,,450.4440002441406,,215.24783325195312,,128.46780395507812,,38712.99609375,,17.496883392333984,,0.48828125,,39918.96875,,39918.96875,,0.51171875,,256.0,,0.17578125,,0.16344977915287018,,0.01171875,,,,,,,,,,,,,,
1,25199,,-0.2516062259674072,,854.5128173828125,,3097.69287109375,,8.0,,3.1341042518615723,,0.125,,3.1341042518615723,,2391.33349609375,,395.2640686035156,,228.70907592773438,,125.9608154296875,,2243.179931640625,,-10.457286834716797,,0.46484375,,3100.826904296875,,3100.826904296875,,0.53515625,,256.0,,0.2451171875,,0.2637593448162079,,0.0,,,,,,,,,,,,,,
1,25249,,-0.2514987587928772,,807.689453125,,2954.867919921875,,8.0,,3.1973519325256348,,0.125,,3.1973519325256348,,2001.95166015625,,535.68359375,,290.6015319824219,,93.76280975341797,,2147.178466796875,,-10.142560005187988,,0.5703125,,2958.065185546875,,2958.065185546875,,0.4296875,,256.0,,0.306640625,,0.26991599798202515,,0.0,,,,,,,,,,,,,,
1,25299,,-0.26766201853752136,,895.505859375,,3227.627197265625,,8.0,,3.1180779933929443,,0.125,,3.1180779933929443,,2371.8681640625,,281.5986022949219,,252.5707244873047,,106.2146987915039,,2332.121337890625,,-12.169384956359863,,0.54296875,,3230.745361328125,,3230.745361328125,,0.45703125,,256.0,,0.25390625,,0.2637290358543396,,0.00390625,,,,,,,,,,,,,,
1,25349,,-0.272562175989151,,1371.33447265625,,78179.5625,,8.0,,3.0113062858581543,,0.25,,3.0113062858581543,,2090.26025390625,,429.68499755859375,,227.72799682617188,,133.8016357421875,,76808.2265625,,32.150325775146484,,0.51953125,,78182.5703125,,78182.5703125,,0.48046875,,256.0,,0.2001953125,,0.15659207105636597,,0.0078125,,,,,,,,,,,,,,
1,25399,,-0.2624691128730774,,1014.4443359375,,2721.14013671875,,8.0,,3.1324639320373535,,0.0,,3.1324639320373535,,2389.2119140625,,177.2297821044922,,250.70794677734375,,114.07084655761719,,1706.69580078125,,5.731717586517334,,0.4296875,,2724.272705078125,,2724.272705078125,,0.5703125,,256.0,,0.30078125,,0.27726083993911743,,0.00390625,,,,,,,,,,,,,,
1,25449,,-0.2597278952598572,,960.9456787109375,,2872.9296875,,8.0,,3.1525020599365234,,0.25,,3.1525020599365234,,2153.05517578125,,493.7080993652344,,258.92633056640625,,115.22997283935547,,1911.9840087890625,,-10.695417404174805,,0.5,,2876.082275390625,,2876.082275390625,,0.5,,256.0,,0.1767578125,,0.1900288462638855,,0.00390625,,,,,,,,,,,,,,
1,25499,,-0.24849753081798553,,950.9658813476562,,3225.172119140625,,8.0,,2.9578137397766113,,0.125,,2.9578137397766113,,2331.04541015625,,589.5175170898438,,269.42242431640625,,109.89000701904297,,2274.206298828125,,-3.898684501647949,,0.46875,,3228.1298828125,,3228.1298828125,,0.53125,,256.0,,0.298828125,,0.22409318387508392,,0.00390625,,,,,,,,,,,,,,
1,25549,,-0.2695518732070923,,988.551025390625,,25344.703125,,8.0,,3.1934878826141357,,0.125,,3.1934878826141357,,2156.94921875,,485.63775634765625,,271.5399169921875,,100.59318542480469,,24356.15234375,,5.185655117034912,,0.54296875,,25347.896484375,,25347.896484375,,0.45703125,,256.0,,0.2578125,,0.21732008457183838,,0.0078125,,,,,,,,,,,,,,
1,25591,,,,,,,,,,,,,,,,,,,,,,,,,,,,,,,,,,,,,,,,,,,-0.2606545090675354,922.1719360351562,7080.67822265625,0.0,6158.51025390625,1.4555633068084717,0.4998077154159546,922.1719360351562,7080.67822265625,0.5001922845840454,255.98416137695312,0.2257012128829956,0.23527228832244873,0.0010014981962740421
1,25591,-0.26072242856025696,,1050.0023193359375,,26232.978515625,,8.0,,3.1341845989227295,,0.0899597555398941,,3.1341845989227295,,2222.292724609375,,412.1005859375,,249.4692840576172,,118.31714630126953,,25182.94921875,,6.220640182495117,,0.49967214465141296,,26236.056640625,,26236.056640625,,0.5003278851509094,,256.0,,0.24048420786857605,,0.23645351827144623,,0.005130997858941555,,,,,,,,,,,,,,,
2,25599,,-0.2708527743816376,,1046.76806640625,,3143.40185546875,,8.0,,3.192229747772217,,0.125,,3.192229747772217,,2239.47900390625,,455.6803283691406,,217.2666778564453,,102.749755859375,,2096.6337890625,,-0.07588393986225128,,0.51171875,,3146.593994140625,,3146.593994140625,,0.48828125,,256.0,,0.1484375,,0.1816406548023224,,0.0078125,,,,,,,,,,,,,,
2,25649,,-0.2566739022731781,,1042.56201171875,,31950.3046875,,8.0,,3.157493829727173,,0.125,,3.157493829727173,,2147.515625,,405.4795837402344,,246.6454315185547,,117.33859252929688,,30907.7421875,,11.095573425292969,,0.48046875,,31953.462890625,,31953.462890625,,0.51953125,,256.0,,0.2099609375,,0.1753351390361786,,0.00390625,,,,,,,,,,,,,,
2,25699,,-0.27404651045799255,,1069.119384765625,,27937.28125,,8.0,,3.2211952209472656,,0.125,,3.2211952209472656,,2267.046875,,250.0115966796875,,289.08251953125,,124.24143981933594,,26868.162109375,,7.021595001220703,,0.5,,27940.501953125,,27940.501953125,,0.5,,256.0,,0.263671875,,0.23032015562057495,,0.00390625,,,,,,,,,,,,,,
2,25749,,-0.25633272528648376,,878.0606689453125,,2945.41845703125,,8.0,,3.1337239742279053,,0.0,,3.1337239742279053,,2367.357421875,,191.28091430664062,,258.60333251953125,,117.96703338623047,,2067.357666015625,,-2.7411603927612305,,0.44921875,,2948.55224609375,,2948.55224609375,,0.55078125,,256.0,,0.2392578125,,0.24960991740226746,,0.0,,,,,,,,,,,,,,
2,25799,,-0.25917187333106995,,1068.693603515625,,34826.13671875,,8.0,,3.409553050994873,,0.125,,3.409553050994873,,2155.311279296875,,442.0654602050781,,312.660400390625,,91.888427734375,,33757.44140625,,19.163930892944336,,0.5234375,,34829.546875,,34829.546875,,0.4765625,,256.0,,0.2490234375,,0.21936939656734467,,0.00390625,,,,,,,,,,,,,,
2,25849,,-0.25667357444763184,,902.5302734375,,3244.687255859375,,8.0,,3.1533491611480713,,0.375,,3.1533491611480713,,2272.8447265625,,299.8251037597656,,260.0885314941406,,130.68507385253906,,2342.156982421875,,-2.73976731300354,,0.51953125,,3247.840576171875,,3247.840576171875,,0.48046875,,256.0,,0.173828125,,0.16449561715126038,,0.0,,,,,,,,,,,,,,
2,25899,,-0.24701890349388123,,1200.08349609375,,73502.1015625,,8.0,,3.41767954826355,,0.0,,3.41767954826355,,2023.2528076171875,,483.800537109375,,278.8018798828125,,117.68203735351562,,72302.015625,,29.655946731567383,,0.5078125,,73505.515625,,73505.515625,,0.4921875,,256.0,,0.142578125,,0.09888049960136414,,0.0078125,,,,,,,,,,,,,,
2,25949,,-0.2621828317642212,,1110.515625,,32554.32421875,,8.0,,3.1485018730163574,,0.125,,3.1485018730163574,,2253.763671875,,399.64630126953125,,256.2683410644531,,132.25657653808594,,31443.80859375,,22.346759796142578,,0.45703125,,32557.47265625,,32557.47265625,,0.54296875,,256.0,,0.2236328125,,0.22699618339538574,,0.0078125,,,,,,,,,,,,,,
2,25999,,-0.2638089060783386,,1140.25732421875,,32922.65625,,8.0,,3.079174041748047,,0.0,,3.079174041748047,,2294.4052734375,,443.94036865234375,,239.83230590820312,,121.08248901367188,,31782.400390625,,2.299410820007324,,0.484375,,32925.734375,,32925.734375,,0.515625,,256.0,,0.263671875,,0.27455925941467285,,0.0078125,,,,,,,,,,,,,,
2,26049,,-0.2596096396446228,,1055.0472412109375,,42261.82421875,,8.0,,3.1716136932373047,,0.0,,3.1716136932373047,,2356.23974609375,,89.53406524658203,,186.52854919433594,,107.2862777709961,,41206.77734375,,6.301454544067383,,0.51171875,,42264.99609375,,42264.99609375,,0.48828125,,256.0,,0.1279296875,,0.140343576669693,,0.00390625,,,,,,,,,,,,,,
2,26099,,-0.26418936252593994,,972.466796875,,3083.889892578125,,8.0,,3.2224442958831787,,0.0,,3.2224442958831787,,2617.12646484375,,299.09246826171875,,197.60397338867188,,118.65584564208984,,2111.423095703125,,2.392991304397583,,0.4765625,,3087.1123046875,,3087.1123046875,,0.5234375,,256.0,,0.12451171875,,0.11377370357513428,,0.0078125,,,,,,,,,,,,,,
2,26149,,-0.25394517183303833,,924.703125,,3445.315673828125,,8.0,,3.0495171546936035,,0.0,,3.0495171546936035,,2163.5234375,,531.151611328125,,187.20960998535156,,124.9836196899414,,2520.612548828125,,-7.368434429168701,,0.46875,,3448.365234375,,3448.365234375,,0.53125,,256.0,,0.322265625,,0.30485957860946655,,0.00390625,,,,,,,,,,,,,,
2,26199,,-0.2674989700317383,,976.7969970703125,,3492.591796875,,8.0,,3.0720529556274414,,0.0,,3.0720529556274414,,2082.75,,712.9349365234375,,321.0040588378906,,111.52679443359375,,2515.794677734375,,-3.024653673171997,,0.515625,,3495.663818359375,,3495.663818359375,,0.484375,,256.0,,0.369140625,,0.38050490617752075,,0.00390625,,,,,,,,,,,,,,
2,26249,,-0.2543885111808777,,988.2317504882812,,38859.74609375,,8.0,,3.136050224304199,,0.0,,3.136050224304199,,2279.2734375,,539.9057006835938,,249.17739868164062,,118.77892303466797,,37871.515625,,10.075520515441895,,0.53125,,38862.8828125,,38862.8828125,,0.46875,,256.0,,0.1650390625,,0.2297634333372116,,0.00390625,,,,,,,,,,,,,,
2,26299,,-0.2644226849079132,,1076.3466796875,,57960.0859375,,8.0,,3.3422183990478516,,0.0,,3.3422183990478516,,2151.35986328125,,584.0650634765625,,200.58871459960938,,111.15835571289062,,56883.73828125,,8.95210075378418,,0.45703125,,57963.4296875,,57963.4296875,,0.54296875,,256.0,,0.33203125,,0.2718736231327057,,0.00390625,,,,,,,,,,,,,,
2,26349,,-0.2625933885574341,,830.623046875,,2455.4033203125,,8.0,,3.12001633644104,,0.25,,3.12001633644104,,2068.95654296875,,534.861572265625,,228.66143798828125,,133.66375732421875,,1624.7801513671875,,2.000054121017456,,0.453125,,2458.5234375,,2458.5234375,,0.546875,,256.0,,0.142578125,,0.1273818463087082,,0.0,,,,,,,,,,,,,,
2,26399,,-0.27360063791275024,,1211.748779296875,,49181.3359375,,8.0,,3.1297197341918945,,0.0,,3.1297197341918945,,2640.90283203125,,224.01502990722656,,246.62472534179688,,123.69612884521484,,47969.5859375,,18.353614807128906,,0.46875,,49184.46484375,,49184.46484375,,0.53125,,256.0,,0.1318359375,,0.16537891328334808,,0.00390625,,,,,,,,,,,,,,
2,26449,,-0.2560091018676758,,868.6328735351562,,2514.893310546875,,8.0,,3.0579404830932617,,0.125,,3.0579404830932617,,2226.52978515625,,397.1233215332031,,259.20526123046875,,123.9310302734375,,1646.260498046875,,2.904874563217163,,0.4921875,,2517.951171875,,2517.951171875,,0.5078125,,256.0,,0.2353515625,,0.2500639855861664,,0.0,,,,,,,,,,,,,,
2,26499,,-0.2582351565361023,,903.8212890625,,2585.060546875,,8.0,,3.2384731769561768,,0.125,,3.2384731769561768,,2233.96435546875,,272.9287109375,,218.89053344726562,,103.24657440185547,,1681.2393798828125,,-4.475019454956055,,0.5546875,,2588.299072265625,,2588.299072265625,,0.4453125,,256.0,,0.33203125,,0.30655720829963684,,0.0078125,,,,,,,,,,,,,,
2,26549,,-0.2540871798992157,,1110.923828125,,52355.03125,,8.0,,2.9535765647888184,,0.125,,2.9535765647888184,,2318.746826171875,,659.1878662109375,,238.94244384765625,,138.32713317871094,,51244.109375,,12.105857849121094,,0.53515625,,52357.984375,,52357.984375,,0.46484375,,256.0,,0.1884765625,,0.21320907771587372,,0.00390625,,,,,,,,,,,,,,
2,26599,,-0.2608385980129242,,1230.8785400390625,,69355.2734375,,8.0,,3.353513479232788,,0.0,,3.353513479232788,,2032.5478515625,,378.19940185546875,,257.0506896972656,,103.2781982421875,,68124.3984375,,19.74541473388672,,0.453125,,69358.625,,69358.625,,0.546875,,256.0,,0.038818359375,,0.14635977149009705,,0.01171875,,,,,,,,,,,,,,
2,26649,,-0.25844717025756836,,1369.1654052734375,,91333.5078125,,8.0,,3.3670215606689453,,0.0,,3.3670215606689453,,2342.5830078125,,195.96844482421875,,253.3929443359375,,128.19924926757812,,89964.34375,,42.985435485839844,,0.47265625,,91336.875,,91336.875,,0.52734375,,256.0,,0.171875,,0.18504396080970764,,0.01171875,,,,,,,,,,,,,,
2,26699,,-0.25559115409851074,,820.8123779296875,,2668.6494140625,,8.0,,3.1745502948760986,,0.0,,3.1745502948760986,,2613.585693359375,,277.2275390625,,190.34640502929688,,116.6934585571289,,1847.8370361328125,,5.535176753997803,,0.515625,,2671.823974609375,,2671.823974609375,,0.484375,,256.0,,0.251953125,,0.2801506221294403,,0.0,,,,,,,,,,,,,,
2,26749,,-0.2545018792152405,,1126.404052734375,,37836.9453125,,8.0,,3.2755937576293945,,0.125,,3.2755937576293945,,2277.275146484375,,616.3385009765625,,204.3756103515625,,143.15248107910156,,36710.54296875,,10.005777359008789,,0.48828125,,37840.22265625,,37840.22265625,,0.51171875,,256.0,,0.1748046875,,0.18489281833171844,,0.0078125,,,,,,,,,,,,,,
2,26799,,-0.2477867603302002,,942.41015625,,3363.662353515625,,8.0,,3.1158759593963623,,0.0,,3.1158759593963623,,2113.72314453125,,613.2814331054688,,261.6250305175781,,118.68724822998047,,2421.252197265625,,-16.747404098510742,,0.4609375,,3366.7783203125,,3366.7783203125,,0.5390625,,256.0,,0.302734375,,0.28413325548171997,,0.00390625,,,,,,,,,,,,,,
2,26849,,-0.2660927474498749,,854.5345458984375,,2855.7626953125,,8.0,,3.0319528579711914,,0.125,,3.0319528579711914,,2267.978515625,,281.5686950683594,,231.2249755859375,,125.45753479003906,,2001.2281494140625,,-1.0075653791427612,,0.55859375,,2858.794677734375,,2858.794677734375,,0.44140625,,256.0,,0.1806640625,,0.16836850345134735,,0.0,,,,,,,,,,,,,,
2,26899,,-0.2620641887187958,,974.4152221679688,,30903.80859375,,8.0,,3.168344736099243,,0.125,,3.168344736099243,,2265.26220703125,,245.22247314453125,,194.85958862304688,,133.9492645263672,,29929.392578125,,2.5038599967956543,,0.4765625,,30906.9765625,,30906.9765625,,0.5234375,,256.0,,0.1748046875,,0.17775432765483856,,0.00390625,,,,,,,,,,,,,,
2,26949,,-0.27224215865135193,,1124.417724609375,,50891.94140625,,8.0,,3.126810312271118,,0.125,,3.126810312271118,,2453.5439453125,,260.822509765625,,251.08837890625,,139.7286834716797,,49767.5234375,,20.178516387939453,,0.45703125,,50895.06640625,,50895.06640625,,0.54296875,,256.0,,0.275390625,,0.2803989052772522,,0.0078125,,,,,,,,,,,,,,
2,26999,,-0.2501470148563385,,1310.55078125,,101881.78125,,8.0,,3.0532634258270264,,0.0,,3.0532634258270264,,2178.087890625,,471.21185302734375,,304.63104248046875,,101.06133270263672,,100571.2265625,,37.77096939086914,,0.5859375,,101884.8359375,,101884.8359375,,0.4140625,,256.0,,0.265625,,0.2844308614730835,,0.015625,,,,,,,,,,,,,,
2,27049,,-0.26556873321533203,,783.900390625,,2401.716064453125,,8.0,,3.313509464263916,,0.0,,3.313509464263916,,2203.640380859375,,337.8858642578125,,269.2697448730469,,107.90826416015625,,1617.815673828125,,-4.177793025970459,,0.5546875,,2405.029541015625,,2405.029541015625,,0.4453125,,256.0,,0.0849609375,,0.12743940949440002,,0.0,,,,,,,,,,,,,,
2,27099,,-0.24924108386039734,,834.5762939453125,,2655.9462890625,,8.0,,3.094097137451172,,0.0,,3.094097137451172,,2424.6552734375,,226.7354278564453,,163.49488830566406,,102.70729064941406,,1821.369873046875,,-11.237030982971191,,0.53515625,,2659.040283203125,,2659.040283203125,,0.46484375,,256.0,,0.251953125,,0.24901007115840912,,0.0,,,,,,,,,,,,,,
2,27149,,-0.24958740174770355,,1025.894775390625,,35803.41015625,,8.0,,3.0270700454711914,,0.125,,3.0270700454711914,,2162.84521484375,,202.59085083007812,,230.71044921875,,118.41968536376953,,34777.515625,,-0.5853185653686523,,0.5,,35806.4375,,35806.4375,,0.5,,256.0,,0.1318359375,,0.12902291119098663,,0.00390625,,,,,,,,,,,,,,
2,27199,,-0.25175741314888,,1014.8692626953125,,23997.978515625,,8.0,,3.028296709060669,,0.25,,3.028296709060669,,2194.85009765625,,483.83697509765625,,236.52593994140625,,100.81501007080078,,22983.109375,,9.981849670410156,,0.47265625,,24001.005859375,,24001.005859375,,0.52734375,,256.0,,0.2294921875,,0.2485142946243286,,0.00390625,,,,,,,,,,,,,,
2,27249,,-0.27009519934654236,,1328.3218994140625,,84692.3984375,,8.0,,3.1222519874572754,,0.125,,3.1222519874572754,,2348.63720703125,,272.8980712890625,,147.17007446289062,,83.92871856689453,,83364.078125,,31.99241065979004,,0.51171875,,84695.5234375,,84695.5234375,,0.48828125,,256.0,,0.265625,,0.2666400074958801,,0.0078125,,,,,,,,,,,,,,
2,27299,,-0.25773757696151733,,889.4036865234375,,3220.61865234375,,8.0,,3.0530242919921875,,0.125,,3.0530242919921875,,2431.314453125,,301.753662109375,,200.8636474609375,,126.6623306274414,,2331.21484375,,-7.7946295738220215,,0.5546875,,3223.671630859375,,3223.671630859375,,0.4453125,,256.0,,0.298828125,,0.2866694927215576,,0.0,,,,,,,,,,,,,,
2,27349,,-0.27203845977783203,,937.5521240234375,,3184.068359375,,8.0,,3.257424831390381,,0.0,,3.257424831390381,,2260.2294921875,,427.29827880859375,,276.6348876953125,,92.98572540283203,,2246.51611328125,,-1.684484601020813,,0.53125,,3187.32568359375,,3187.32568359375,,0.46875,,256.0,,0.26953125,,0.2528131604194641,,0.00390625,,,,,,,,,,,,,,
2,27399,,-0.25966155529022217,,1353.14697265625,,67695.7734375,,8.0,,3.0605661869049072,,0.0,,3.0605661869049072,,2047.891845703125,,631.6177368164062,,235.75184631347656,,126.89388275146484,,66342.625,,20.32755470275879,,0.51171875,,67698.8359375,,67698.8359375,,0.48828125,,256.0,,0.13671875,,0.1673680990934372,,0.015625,,,,,,,,,,,,,,
2,27449,,-0.27166539430618286,,874.2516479492188,,2906.367431640625,,8.0,,3.3193845748901367,,0.125,,3.3193845748901367,,1949.8846435546875,,588.9844360351562,,262.529296875,,113.51766967773438,,2032.1158447265625,,-8.394469261169434,,0.48828125,,2909.686767578125,,2909.686767578125,,0.51171875,,256.0,,0.1943359375,,0.16655293107032776,,0.0,,,,,,,,,,,,,,
2,27499,,-0.2514837980270386,,841.025634765625,,3277.1240234375,,8.0,,3.0827667713165283,,0.125,,3.0827667713165283,,2256.64501953125,,562.82666015625,,247.27804565429688,,108.49871826171875,,2436.098388671875,,-6.349299430847168,,0.48046875,,3280.206787109375,,3280.206787109375,,0.51953125,,256.0,,0.1455078125,,0.15678274631500244,,0.0,,,,,,,,,,,,,,
2,27549,,-0.2799670100212097,,965.115966796875,,2714.19384765625,,8.0,,3.1039481163024902,,0.0,,3.1039481163024902,,2049.625244140625,,410.75567626953125,,272.0062255859375,,110.63208770751953,,1749.0777587890625,,-1.5474472045898438,,0.5,,2717.2978515625,,2717.2978515625,,0.5,,256.0,,0.1533203125,,0.18448582291603088,,0.0,,,,,,,,,,,,,,
2,27599,,-0.265843003988266,,1069.744140625,,43437.6328125,,8.0,,3.1149959564208984,,0.125,,3.1149959564208984,,2032.7181396484375,,577.8665771484375,,288.64794921875,,115.64144134521484,,42367.88671875,,10.857547760009766,,0.5546875,,43440.74609375,,43440.74609375,,0.4453125,,256.0,,0.220703125,,0.22577844560146332,,0.00390625,,,,,,,,,,,,,,
2,27649,,-0.2590028941631317,,1234.298583984375,,88297.671875,,8.0,,3.0802769660949707,,0.125,,3.0802769660949707,,2408.318603515625,,245.58436584472656,,211.6184844970703,,122.76473236083984,,87063.375,,30.806049346923828,,0.4921875,,88300.75,,88300.75,,0.5078125,,256.0,,0.1611328125,,0.14727072417736053,,0.0078125,,,,,,,,,,,,,,
2,27699,,-0.27508115768432617,,812.544677734375,,2178.71875,,8.0,,3.149979591369629,,0.0,,3.149979591369629,,2376.169189453125,,390.1365661621094,,190.50341796875,,114.88040924072266,,1366.174072265625,,-0.7960267066955566,,0.5390625,,2181.86865234375,,2181.86865234375,,0.4609375,,256.0,,0.287109375,,0.26116663217544556,,0.0,,,,,,,,,,,,,,
2,27749,,-0.26149365305900574,,902.3865966796875,,3029.89306640625,,8.0,,3.0231056213378906,,0.125,,3.0231056213378906,,2520.690185546875,,253.17697143554688,,232.2822265625,,124.9332275390625,,2127.50634765625,,-0.30889472365379333,,0.51171875,,3032.916259765625,,3032.916259765625,,0.48828125,,256.0,,0.291015625,,0.2583959698677063,,0.0,,,,,,,,,,,,,,
2,27799,,-0.2789907455444336,,1020.115478515625,,2857.7607421875,,8.0,,3.0319983959198,,0.125,,3.0319983959198,,2296.356689453125,,483.6552734375,,233.9205322265625,,111.66477966308594,,1837.6453857421875,,-4.701523303985596,,0.50390625,,2860.792724609375,,2860.792724609375,,0.49609375,,256.0,,0.1181640625,,0.15043148398399353,,0.00390625,,,,,,,,,,,,,,
2,27849,,-0.2600134015083313,,868.80419921875,,2734.1357421875,,8.0,,2.9995362758636475,,0.0,,2.9995362758636475,,2173.392578125,,611.2896728515625,,238.93325805664062,,127.98866271972656,,1865.3316650390625,,3.1960418224334717,,0.484375,,2737.13525390625,,2737.13525390625,,0.515625,,256.0,,0.2431640625,,0.2403862327337265,,0.0,,,,,,,,,,,,,,
2,27899,,-0.24854207038879395,,859.159912109375,,2776.99951171875,,8.0,,2.942483425140381,,0.125,,2.942483425140381,,2158.6748046875,,588.7606811523438,,271.81927490234375,,111.42922973632812,,1917.8394775390625,,-3.5571460723876953,,0.53125,,2779.94189453125,,2779.94189453125,,0.46875,,256.0,,0.2333984375,,0.19992826879024506,,0.0,,,,,,,,,,,,,,
2,27949,,-0.2492203414440155,,946.4348754882812,,2759.9501953125,,8.0,,3.117262601852417,,0.0,,3.117262601852417,,2456.47998046875,,258.93743896484375,,187.78219604492188,,122.26754760742188,,1813.5152587890625,,-5.359377861022949,,0.51953125,,2763.0673828125,,2763.0673828125,,0.48046875,,256.0,,0.1474609375,,0.14769020676612854,,0.01171875,,,,,,,,,,,,,,
2,27999,,-0.25273242592811584,,865.78564453125,,2908.254638671875,,8.0,,3.0911030769348145,,0.125,,3.0911030769348145,,2518.169189453125,,312.562255859375,,247.8173828125,,123.42777252197266,,2042.468994140625,,0.011018028482794762,,0.50390625,,2911.345703125,,2911.345703125,,0.49609375,,256.0,,0.318359375,,0.30358684062957764,,0.0,,,,,,,,,,,,,,
2,28049,,-0.26036542654037476,,1164.7109375,,45232.6015625,,8.0,,3.0876805782318115,,0.0,,3.0876805782318115,,2356.5830078125,,278.426513671875,,207.6674346923828,,113.41975402832031,,44067.890625,,16.80482292175293,,0.5078125,,45235.6875,,45235.6875,,0.4921875,,256.0,,0.28125,,0.25468727946281433,,0.0078125,,,,,,,,,,,,,,
2,28099,,-0.26447218656539917,,1061.82080078125,,27947.650390625,,8.0,,3.1214585304260254,,0.125,,3.1214585304260254,,2198.510498046875,,742.756103515625,,200.38735961914062,,127.80513000488281,,26885.830078125,,18.9901065826416,,0.5390625,,27950.771484375,,27950.771484375,,0.4609375,,256.0,,0.2021484375,,0.19308748841285706,,0.0078125,,,,,,,,,,,,,,
2,28149,,-0.26496511697769165,,802.5406494140625,,2382.357421875,,8.0,,3.009884834289551,,0.125,,3.009884834289551,,2361.167236328125,,328.859375,,221.3282012939453,,129.85931396484375,,1579.81689453125,,-0.06796693801879883,,0.52734375,,2385.3671875,,2385.3671875,,0.47265625,,256.0,,0.197265625,,0.15720117092132568,,0.0,,,,,,,,,,,,,,
2,28199,,-0.2618464529514313,,858.5379638671875,,2468.3486328125,,8.0,,2.9872429370880127,,0.125,,2.9872429370880127,,2208.8427734375,,267.8427734375,,238.28797912597656,,106.77662658691406,,1609.8106689453125,,-1.8986027240753174,,0.51953125,,2471.3359375,,2471.3359375,,0.48046875,,256.0,,0.2294921875,,0.21933118999004364,,0.0,,,,,,,,,,,,,,
2,28249,,-0.26685386896133423,,898.9054565429688,,2608.90966796875,,8.0,,3.2129921913146973,,0.0,,3.2129921913146973,,2141.384521484375,,485.96759033203125,,297.75177001953125,,87.0055160522461,,1710.0042724609375,,-3.013216733932495,,0.51171875,,2612.12255859375,,2612.12255859375,,0.48828125,,256.0,,0.220703125,,0.1585773527622223,,0.0,,,,,,,,,,,,,,
2,28299,,-0.25730597972869873,,1058.171142578125,,31782.90625,,8.0,,3.112267017364502,,0.125,,3.112267017364502,,2234.39501953125,,508.2825927734375,,209.85633850097656,,96.84175109863281,,30724.734375,,11.388632774353027,,0.53125,,31786.017578125,,31786.017578125,,0.46875,,256.0,,0.298828125,,0.2750556468963623,,0.00390625,,,,,,,,,,,,,,
2,28349,,-0.2508658766746521,,1208.964599609375,,83151.609375,,8.0,,3.3654651641845703,,0.0,,3.3654651641845703,,2190.718994140625,,168.17446899414062,,301.7308044433594,,105.05213928222656,,81942.6484375,,26.76470184326172,,0.484375,,83154.9765625,,83154.9765625,,0.515625,,256.0,,0.26171875,,0.2635353207588196,,0.01171875,,,,,,,,,,,,,,
2,28399,,-0.25637513399124146,,1499.0262451171875,,101252.7265625,,8.0,,3.236837387084961,,0.375,,3.236837387084961,,2257.0400390625,,376.1873779296875,,243.67343139648438,,142.04454040527344,,99753.703125,,46.042152404785156,,0.51953125,,101255.9609375,,101255.9609375,,0.48046875,,256.0,,0.228515625,,0.14769117534160614,,0.01171875,,,,,,,,,,,,,,
2,28449,,-0.24291090667247772,,869.9843139648438,,2172.823974609375,,8.0,,3.208698272705078,,0.125,,3.208698272705078,,2190.45263671875,,434.5200500488281,,244.07257080078125,,108.50012969970703,,1302.839599609375,,-3.3173890113830566,,0.5078125,,2176.03271484375,,2176.03271484375,,0.4921875,,256.0,,0.302734375,,0.28417807817459106,,0.00390625,,,,,,,,,,,,,,
2,28499,,-0.2604607939720154,,769.5814819335938,,3222.8544921875,,8.0,,3.034362316131592,,0.0,,3.034362316131592,,2335.46630859375,,307.7074890136719,,261.80548095703125,,118.54635620117188,,2453.27294921875,,-10.274576187133789,,0.546875,,3225.888916015625,,3225.888916015625,,0.453125,,256.0,,0.1328125,,0.17752814292907715,,0.0,,,,,,,,,,,,,,
2,28549,,-0.27116572856903076,,1036.233642578125,,2812.17041015625,,8.0,,3.116594076156616,,0.125,,3.116594076156616,,2072.9033203125,,505.43109130859375,,273.2557373046875,,114.18157196044922,,1775.9366455078125,,-3.587446928024292,,0.484375,,2815.287109375,,2815.287109375,,0.515625,,256.0,,0.1884765625,,0.2043779343366623,,0.01171875,,,,,,,,,,,,,,
2,28599,,-0.2676191031932831,,808.7861328125,,2498.651123046875,,8.0,,3.0304439067840576,,0.25,,3.0304439067840576,,2357.6318359375,,342.37835693359375,,200.27304077148438,,128.61843872070312,,1689.864990234375,,-1.908942461013794,,0.48046875,,2501.681640625,,2501.681640625,,0.51953125,,256.0,,0.296875,,0.24755749106407166,,0.0,,,,,,,,,,,,,,
2,28649,,-0.27045175433158875,,874.227783203125,,3462.01708984375,,8.0,,2.993469715118408,,0.25,,2.993469715118408,,2388.46435546875,,244.35067749023438,,260.26007080078125,,115.20196533203125,,2587.789306640625,,-13.627284049987793,,0.53515625,,3465.010498046875,,3465.010498046875,,0.46484375,,256.0,,0.162109375,,0.1716781109571457,,0.00390625,,,,,,,,,,,,,,
2,28699,,-0.25689733028411865,,800.7528076171875,,2655.54638671875,,8.0,,2.8251805305480957,,0.25,,2.8251805305480957,,2113.274169921875,,365.7633056640625,,261.10223388671875,,124.57329559326172,,1854.79345703125,,4.716037750244141,,0.4765625,,2658.37158203125,,2658.37158203125,,0.5234375,,256.0,,0.240234375,,0.22320705652236938,,0.0,,,,,,,,,,,,,,
2,28749,,-0.2515789866447449,,1052.2940673828125,,40321.64453125,,8.0,,3.15407133102417,,0.125,,3.15407133102417,,2103.36962890625,,385.9878234863281,,257.37744140625,,124.80794525146484,,39269.3515625,,4.112015247344971,,0.515625,,40324.796875,,40324.796875,,0.484375,,256.0,,0.251953125,,0.2867484986782074,,0.00390625,,,,,,,,,,,,,,
2,28799,,-0.2541574537754059,,933.010009765625,,2720.415771484375,,8.0,,3.1352360248565674,,0.0,,3.1352360248565674,,2247.390869140625,,418.3314514160156,,254.8053436279297,,137.06185913085938,,1787.40576171875,,-8.595762252807617,,0.50390625,,2723.551025390625,,2723.551025390625,,0.49609375,,256.0,,0.28515625,,0.2581213116645813,,0.00390625,,,,,,,,,,,,,,
2,28849,,-0.2507445812225342,,951.9999389648438,,2979.67626953125,,8.0,,3.0647823810577393,,0.0,,3.0647823810577393,,2497.553466796875,,345.2772216796875,,180.51011657714844,,105.75411987304688,,2027.67626953125,,-5.8508195877075195,,0.5,,2982.740966796875,,2982.740966796875,,0.5,,256.0,,0.2734375,,0.28530603647232056,,0.00390625,,,,,,,,,,,,,,
2,28899,,-0.2465403974056244,,1083.05908203125,,39301.8984375,,8.0,,3.271195888519287,,0.25,,3.271195888519287,,2282.047607421875,,326.9390869140625,,226.25454711914062,,136.15394592285156,,38218.83984375,,16.090251922607422,,0.51171875,,39305.16796875,,39305.16796875,,0.48828125,,256.0,,0.2236328125,,0.16915711760520935,,0.0078125,,,,,,,,,,,,,,
2,28949,,-0.25001633167266846,,1164.0098876953125,,58754.4296875,,8.0,,3.0135390758514404,,0.25,,3.0135390758514404,,2101.9736328125,,465.5127868652344,,277.59588623046875,,97.46533966064453,,57590.41796875,,17.535856246948242,,0.53125,,58757.44140625,,58757.44140625,,0.46875,,256.0,,0.2138671875,,0.19639801979064941,,0.015625,,,,,,,,,,,,,,
2,28999,,-0.2606196701526642,,1006.1505737304688,,2569.88134765625,,8.0,,3.146592617034912,,0.125,,3.146592617034912,,2316.53173828125,,355.5966491699219,,245.8480682373047,,132.7052764892578,,1563.730712890625,,-0.5362799763679504,,0.52734375,,2573.02783203125,,2573.02783203125,,0.47265625,,256.0,,0.2119140625,,0.2452191561460495,,0.00390625,,,,,,,,,,,,,,
2,29049,,-0.2615669071674347,,1030.6728515625,,40728.3359375,,8.0,,3.0290966033935547,,0.0,,3.0290966033935547,,2253.20556640625,,491.37945556640625,,274.5057678222656,,113.62264251708984,,39697.6640625,,13.826144218444824,,0.515625,,40731.36328125,,40731.36328125,,0.484375,,256.0,,0.3828125,,0.370150625705719,,0.01171875,,,,,,,,,,,,,,
2,29099,,-0.2519844174385071,,1125.1806640625,,41149.87890625,,8.0,,3.1761629581451416,,0.125,,3.1761629581451416,,2437.206298828125,,225.32200622558594,,229.5782470703125,,123.14044189453125,,40024.69921875,,7.910355567932129,,0.51171875,,41153.0546875,,41153.0546875,,0.48828125,,256.0,,0.3359375,,0.36366352438926697,,0.00390625,,,,,,,,,,,,,,
2,29149,,-0.2543354034423828,,858.9746704101562,,2889.204833984375,,8.0,,3.06618070602417,,0.0,,3.06618070602417,,2533.037109375,,269.8122863769531,,199.97462463378906,,116.84613800048828,,2030.230224609375,,-6.233205318450928,,0.4921875,,2892.27099609375,,2892.27099609375,,0.5078125,,256.0,,0.263671875,,0.26645809412002563,,0.00390625,,,,,,,,,,,,,,
2,29199,,-0.26790234446525574,,840.3027954101562,,2691.791748046875,,8.0,,3.130554437637329,,0.0,,3.130554437637329,,1961.8319091796875,,501.08929443359375,,318.1357116699219,,93.46215057373047,,1851.489013671875,,-7.940548419952393,,0.51953125,,2694.92236328125,,2694.92236328125,,0.48046875,,256.0,,0.1552734375,,0.20792123675346375,,0.0,,,,,,,,,,,,,,
2,29249,,-0.2570677101612091,,1305.012939453125,,91133.5234375,,8.0,,3.05857515335083,,0.125,,3.05857515335083,,2391.60498046875,,278.48529052734375,,222.41445922851562,,111.43827819824219,,89828.5078125,,37.329044342041016,,0.5234375,,91136.578125,,91136.578125,,0.4765625,,256.0,,0.28125,,0.2875075042247772,,0.01171875,,,,,,,,,,,,,,
2,29299,,-0.2436889410018921,,946.3887939453125,,2364.85693359375,,8.0,,3.095094919204712,,0.25,,3.095094919204712,,2420.142578125,,327.4268493652344,,213.02615356445312,,112.09563446044922,,1418.46826171875,,-2.006545066833496,,0.50390625,,2367.9521484375,,2367.9521484375,,0.49609375,,256.0,,0.232421875,,0.24706082046031952,,0.00390625,,,,,,,,,,,,,,
2,29349,,-0.2620784044265747,,956.7257690429688,,3367.651611328125,,8.0,,2.980483055114746,,0.125,,2.980483055114746,,2394.58544921875,,343.490234375,,177.4488525390625,,93.96321868896484,,2410.92578125,,-15.679122924804688,,0.4921875,,3370.632080078125,,3370.632080078125,,0.5078125,,256.0,,0.3984375,,0.3677132725715637,,0.00390625,,,,,,,,,,,,,,
2,29399,,-0.2514674663543701,,842.6290283203125,,2248.86474609375,,8.0,,3.009465217590332,,0.25,,3.009465217590332,,2353.99267578125,,533.029052734375,,186.30023193359375,,130.36021423339844,,1406.2357177734375,,-1.5442653894424438,,0.55859375,,2251.874267578125,,2251.874267578125,,0.44140625,,256.0,,0.244140625,,0.23404662311077118,,0.00390625,,,,,,,,,,,,,,
2,29449,,-0.2561616897583008,,855.4109497070312,,2499.990966796875,,8.0,,3.176781415939331,,0.125,,3.176781415939331,,2152.4990234375,,523.052734375,,233.72216796875,,129.7700958251953,,1644.580078125,,-9.567957878112793,,0.53515625,,2503.167724609375,,2503.167724609375,,0.46484375,,256.0,,0.26953125,,0.22873859107494354,,0.0,,,,,,,,,,,,,,
2,29499,,-0.25846967101097107,,959.929443359375,,2863.67724609375,,8.0,,3.3078322410583496,,0.375,,3.3078322410583496,,2038.5439453125,,688.1564331054688,,248.1038818359375,,117.58259582519531,,1903.747802734375,,-8.266545295715332,,0.47265625,,2866.985107421875,,2866.985107421875,,0.52734375,,256.0,,0.189453125,,0.2557523250579834,,0.00390625,,,,,,,,,,,,,,
2,29549,,-0.25699564814567566,,905.9625244140625,,2373.961181640625,,8.0,,3.160327672958374,,0.0,,3.160327672958374,,1967.142578125,,666.0579223632812,,289.5094299316406,,106.25588989257812,,1467.9986572265625,,-3.8576784133911133,,0.4765625,,2377.12158203125,,2377.12158203125,,0.5234375,,256.0,,0.34375,,0.33201855421066284,,0.00390625,,,,,,,,,,,,,,
2,29599,,-0.27163374423980713,,1034.125244140625,,3384.545166015625,,8.0,,3.0755438804626465,,0.25,,3.0755438804626465,,2253.27197265625,,609.0784912109375,,260.70904541015625,,121.76737213134766,,2350.419921875,,-2.5313169956207275,,0.45703125,,3387.62060546875,,3387.62060546875,,0.54296875,,256.0,,0.1689453125,,0.20414720475673676,,0.00390625,,,,,,,,,,,,,,
2,29649,,-0.2402699887752533,,1225.514404296875,,76169.546875,,8.0,,3.106719493865967,,0.25,,3.106719493865967,,1886.73193359375,,583.1663208007812,,286.62078857421875,,111.58846282958984,,74944.03125,,33.659263610839844,,0.46875,,76172.65625,,76172.65625,,0.53125,,256.0,,0.330078125,,0.2763296365737915,,0.01171875,,,,,,,,,,,,,,
2,29699,,-0.2557559311389923,,1046.430908203125,,39321.71875,,8.0,,3.2024643421173096,,0.0,,3.2024643421173096,,2232.986083984375,,522.4775390625,,207.50350952148438,,114.42863464355469,,38275.2890625,,12.374364852905273,,0.546875,,39324.921875,,39324.921875,,0.453125,,256.0,,0.251953125,,0.2199482023715973,,0.00390625,,,,,,,,,,,,,,
2,29749,,-0.26048216223716736,,1180.591796875,,53049.359375,,8.0,,3.0138630867004395,,0.25,,3.0138630867004395,,2296.185302734375,,237.29322814941406,,240.40673828125,,113.06718444824219,,51868.76953125,,24.244544982910156,,0.453125,,53052.375,,53052.375,,0.546875,,256.0,,0.23046875,,0.21570418775081635,,0.0078125,,,,,,,,,,,,,,
2,29799,,-0.2688496708869934,,1008.3223876953125,,36235.1015625,,8.0,,3.253891944885254,,0.125,,3.253891944885254,,2239.963134765625,,633.9915161132812,,233.3742218017578,,122.40106964111328,,35226.77734375,,10.847654342651367,,0.5078125,,36238.35546875,,36238.35546875,,0.4921875,,256.0,,0.1630859375,,0.14007435739040375,,0.0078125,,,,,,,,,,,,,,
2,29849,,-0.26058700680732727,,1220.140380859375,,36769.15234375,,8.0,,3.1795403957366943,,0.125,,3.1795403957366943,,2191.478515625,,607.4529418945312,,253.08763122558594,,126.0834732055664,,35549.01171875,,13.328110694885254,,0.48046875,,36772.33203125,,36772.33203125,,0.51953125,,256.0,,0.28515625,,0.2721271216869354,,0.015625,,,,,,,,,,,,,,
2,29899,,-0.2654338479042053,,1017.802734375,,39792.8359375,,8.0,,3.197056293487549,,0.0,,3.197056293487549,,2621.06640625,,249.13104248046875,,224.3848876953125,,131.84042358398438,,38775.03125,,12.385039329528809,,0.47265625,,39796.03125,,39796.03125,,0.52734375,,256.0,,0.1201171875,,0.15243881940841675,,0.00390625,,,,,,,,,,,,,,
2,29949,,-0.25670456886291504,,817.6055297851562,,2447.416748046875,,8.0,,2.9786882400512695,,0.0,,2.9786882400512695,,2108.991455078125,,258.3918151855469,,264.6689453125,,121.68292999267578,,1629.8111572265625,,-2.73602032661438,,0.53125,,2450.3955078125,,2450.3955078125,,0.46875,,256.0,,0.2451171875,,0.23281189799308777,,0.0,,,,,,,,,,,,,,
2,29999,,-0.2569578289985657,,1012.8770141601562,,40953.09375,,8.0,,3.0089662075042725,,0.125,,3.0089662075042725,,1801.21728515625,,570.0729370117188,,315.6427307128906,,109.19017028808594,,39940.21484375,,14.514931678771973,,0.5,,40956.1015625,,40956.1015625,,0.5,,256.0,,0.111328125,,0.17758536338806152,,0.00390625,,,,,,,,,,,,,,
2,30049,,-0.2706204354763031,,869.582275390625,,3667.147705078125,,8.0,,3.3041858673095703,,0.0,,3.3041858673095703,,2196.98486328125,,694.9442749023438,,234.69680786132812,,125.36954498291016,,2797.5654296875,,-16.52863121032715,,0.51953125,,3670.451904296875,,3670.451904296875,,0.48046875,,256.0,,0.2490234375,,0.22512517869472504,,0.00390625,,,,,,,,,,,,,,
2,30099,,-0.2539733648300171,,923.0732421875,,3804.365966796875,,8.0,,3.071967840194702,,0.0,,3.071967840194702,,2266.9521484375,,249.9862060546875,,220.72471618652344,,97.79505920410156,,2881.292724609375,,-18.73647117614746,,0.48046875,,3807.43798828125,,3807.43798828125,,0.51953125,,256.0,,0.322265625,,0.289481520652771,,0.0,,,,,,,,,,,,,,
2,30149,,-0.25742098689079285,,923.76513671875,,36788.83984375,,8.0,,3.0334625244140625,,0.125,,3.0334625244140625,,2215.056640625,,269.0346984863281,,215.05160522460938,,119.5278549194336,,35865.07421875,,13.807016372680664,,0.515625,,36791.875,,36791.875,,0.484375,,256.0,,0.3203125,,0.3272184729576111,,0.00390625,,,,,,,,,,,,,,
2,30199,,-0.25277483463287354,,1217.0858154296875,,70396.859375,,8.0,,3.1942033767700195,,0.0,,3.1942033767700195,,2098.423095703125,,463.98089599609375,,275.01531982421875,,110.7089614868164,,69179.7734375,,35.45713424682617,,0.4453125,,70400.0546875,,70400.0546875,,0.5546875,,256.0,,0.306640625,,0.304497092962265,,0.015625,,,,,,,,,,,,,,
2,30249,,-0.25689375400543213,,1211.7657470703125,,75431.96875,,8.0,,3.187509536743164,,0.0,,3.187509536743164,,2254.29052734375,,295.6707763671875,,269.2523193359375,,121.48745727539062,,74220.203125,,23.865188598632812,,0.4609375,,75435.15625,,75435.15625,,0.5390625,,256.0,,0.240234375,,0.226795956492424,,0.0078125,,,,,,,,,,,,,,
2,30299,,-0.260530948638916,,892.0203857421875,,2902.28515625,,8.0,,2.9272658824920654,,0.125,,2.9272658824920654,,2032.118408203125,,483.45941162109375,,229.61891174316406,,109.29902648925781,,2010.2646484375,,-6.8913254737854,,0.5546875,,2905.21240234375,,2905.21240234375,,0.4453125,,256.0,,0.205078125,,0.25903433561325073,,0.0,,,,,,,,,,,,,,
2,30349,,-0.2523442506790161,,852.5983276367188,,3068.453125,,8.0,,3.1528873443603516,,0.0,,3.1528873443603516,,1749.092041015625,,714.6494140625,,289.0781555175781,,113.62152099609375,,2215.854736328125,,-0.16786353290081024,,0.5234375,,3071.60595703125,,3071.60595703125,,0.4765625,,256.0,,0.353515625,,0.32218658924102783,,0.0,,,,,,,,,,,,,,
2,30399,,-0.26363930106163025,,856.0491943359375,,2253.30224609375,,8.0,,3.238070011138916,,0.125,,3.238070011138916,,2252.119140625,,278.4825134277344,,299.76165771484375,,115.68923950195312,,1397.253173828125,,1.00482976436615,,0.5078125,,2256.540283203125,,2256.540283203125,,0.4921875,,256.0,,0.1953125,,0.20404796302318573,,0.0,,,,,,,,,,,,,,
2,30449,,-0.252220094203949,,1114.7757568359375,,54320.640625,,8.0,,3.169373035430908,,0.0,,3.169373035430908,,2111.091796875,,420.6642150878906,,243.76150512695312,,116.5254135131836,,53205.86328125,,20.40703773498535,,0.5390625,,54323.80859375,,54323.80859375,,0.4609375,,256.0,,0.1142578125,,0.1628636121749878,,0.01171875,,,,,,,,,,,,,,
2,30499,,-0.24914979934692383,,1117.7459716796875,,37992.921875,,8.0,,3.0761544704437256,,0.0,,3.0761544704437256,,2339.434326171875,,352.603271484375,,225.26097106933594,,108.911865234375,,36875.17578125,,16.783376693725586,,0.421875,,37995.99609375,,37995.99609375,,0.578125,,256.0,,0.2001953125,,0.20022615790367126,,0.0078125,,,,,,,,,,,,,,
2,30549,,-0.2525785565376282,,838.7088012695312,,2691.5322265625,,8.0,,3.289768934249878,,0.0,,3.289768934249878,,2083.451416015625,,320.54449462890625,,242.9192657470703,,105.93778228759766,,1852.823486328125,,-1.4716038703918457,,0.515625,,2694.822021484375,,2694.822021484375,,0.484375,,256.0,,0.28515625,,0.28635892271995544,,0.0,,,,,,,,,,,,,,
2,30599,,-0.2719331383705139,,991.0902099609375,,41557.96875,,8.0,,3.3250389099121094,,0.0,,3.3250389099121094,,2153.4736328125,,223.5941619873047,,313.5394287109375,,85.36463165283203,,40566.87890625,,11.329046249389648,,0.515625,,41561.29296875,,41561.29296875,,0.484375,,256.0,,0.33203125,,0.30842912197113037,,0.00390625,,,,,,,,,,,,,,
2,30649,,-0.2559340000152588,,1037.8099365234375,,2772.05224609375,,8.0,,3.2849552631378174,,0.375,,3.2849552631378174,,2173.777099609375,,413.82275390625,,262.512451171875,,126.12626647949219,,1734.2421875,,-1.7953157424926758,,0.4921875,,2775.337158203125,,2775.337158203125,,0.5078125,,256.0,,0.3671875,,0.39618170261383057,,0.0078125,,,,,,,,,,,,,,
2,30699,,-0.26838433742523193,,1264.052734375,,43894.6640625,,8.0,,3.011685371398926,,0.0,,3.011685371398926,,2253.8857421875,,378.5579833984375,,268.342529296875,,111.71490478515625,,42630.61328125,,18.663455963134766,,0.4765625,,43897.67578125,,43897.67578125,,0.5234375,,256.0,,0.279296875,,0.3086303174495697,,0.01171875,,,,,,,,,,,,,,
2,30749,,-0.2589852809906006,,870.0354614257812,,2691.741455078125,,8.0,,3.194917678833008,,0.125,,3.194917678833008,,2386.72119140625,,295.5246276855469,,230.80172729492188,,117.59111022949219,,1821.7060546875,,-5.494327545166016,,0.5234375,,2694.936279296875,,2694.936279296875,,0.4765625,,256.0,,0.2490234375,,0.22442643344402313,,0.0,,,,,,,,,,,,,,
2,30799,,-0.2425326555967331,,1202.87646484375,,94274.0703125,,8.0,,3.068256378173828,,0.0,,3.068256378173828,,1799.7999267578125,,480.07696533203125,,332.28570556640625,,92.36917114257812,,93071.1953125,,41.63508605957031,,0.52734375,,94277.140625,,94277.140625,,0.47265625,,256.0,,0.3203125,,0.2580646872520447,,0.01171875,,,,,,,,,,,,,,
2,30849,,-0.26420164108276367,,1051.772216796875,,30070.5625,,8.0,,3.205759048461914,,0.125,,3.205759048461914,,2163.056640625,,484.5413513183594,,243.8419647216797,,143.4141387939453,,29018.791015625,,10.186209678649902,,0.52734375,,30073.767578125,,30073.767578125,,0.47265625,,256.0,,0.2158203125,,0.2140757292509079,,0.0078125,,,,,,,,,,,,,,
2,30899,,-0.25047802925109863,,967.5240478515625,,2626.44921875,,8.0,,2.9841156005859375,,0.125,,2.9841156005859375,,2192.4033203125,,591.2470703125,,228.9510498046875,,129.18821716308594,,1658.92529296875,,-2.0107128620147705,,0.4921875,,2629.433349609375,,2629.433349609375,,0.5078125,,256.0,,0.1435546875,,0.1391376256942749,,0.00390625,,,,,,,,,,,,,,
2,30949,,-0.24165236949920654,,923.1643676757812,,2504.455078125,,8.0,,3.177687644958496,,0.0,,3.177687644958496,,1873.5479736328125,,453.95550537109375,,299.3570556640625,,109.38224792480469,,1581.2906494140625,,2.020780086517334,,0.5234375,,2507.6328125,,2507.6328125,,0.4765625,,256.0,,0.2001953125,,0.2700962722301483,,0.0,,,,,,,,,,,,,,
2,30999,,-0.26389437913894653,,1025.0638427734375,,3883.7392578125,,8.0,,3.1675989627838135,,0.125,,3.1675989627838135,,2045.1231689453125,,628.3487548828125,,259.44512939453125,,121.18034362792969,,2858.675537109375,,-3.9122557640075684,,0.484375,,3886.90673828125,,3886.90673828125,,0.515625,,256.0,,0.29296875,,0.2976226806640625,,0.00390625,,,,,,,,,,,,,,
2,31049,,-0.2582626938819885,,998.43701171875,,2500.5419921875,,8.0,,3.15034818649292,,0.0,,3.15034818649292,,2336.637451171875,,269.2434387207031,,239.92947387695312,,127.2130126953125,,1502.1051025390625,,-8.751740455627441,,0.484375,,2503.6923828125,,2503.6923828125,,0.515625,,256.0,,0.310546875,,0.31022265553474426,,0.00390625,,,,,,,,,,,,,,
2,31099,,-0.2519035339355469,,1046.7755126953125,,40893.53515625,,8.0,,3.13370943069458,,0.125,,3.13370943069458,,1946.9693603515625,,591.7774658203125,,309.2175598144531,,100.70561981201172,,39846.7578125,,17.26602554321289,,0.48828125,,40896.66796875,,40896.66796875,,0.51171875,,256.0,,0.2314453125,,0.23329773545265198,,0.00390625,,,,,,,,,,,,,,
2,31149,,-0.27159255743026733,,775.736572265625,,2732.3427734375,,8.0,,3.2567825317382812,,0.0,,3.2567825317382812,,2520.4228515625,,607.2930297851562,,193.7262725830078,,110.26749420166016,,1956.606201171875,,0.19477777183055878,,0.44140625,,2735.599609375,,2735.599609375,,0.55859375,,256.0,,0.1767578125,,0.19993552565574646,,0.0,,,,,,,,,,,,,,
2,31199,,-0.2628704309463501,,1186.73388671875,,43559.54296875,,8.0,,3.0705184936523438,,0.25,,3.0705184936523438,,2280.64306640625,,446.8369140625,,276.6275939941406,,132.45228576660156,,42372.80859375,,14.51684284210205,,0.47265625,,43562.61328125,,43562.61328125,,0.52734375,,256.0,,0.11279296875,,0.1567162573337555,,0.0078125,,,,,,,,,,,,,,
2,31249,,-0.24861347675323486,,852.51513671875,,2913.13330078125,,8.0,,3.131281852722168,,0.125,,3.131281852722168,,2288.931640625,,306.44488525390625,,204.518310546875,,112.79671478271484,,2060.6181640625,,-6.811791896820068,,0.515625,,2916.2646484375,,2916.2646484375,,0.484375,,256.0,,0.1708984375,,0.16545532643795013,,0.0,,,,,,,,,,,,,,
2,31299,,-0.2666867673397064,,875.5433959960938,,2644.955810546875,,8.0,,3.072307586669922,,0.0,,3.072307586669922,,2397.5107421875,,131.39498901367188,,210.1043701171875,,102.6424331665039,,1769.4124755859375,,-12.71813678741455,,0.51171875,,2648.028076171875,,2648.028076171875,,0.48828125,,256.0,,0.2236328125,,0.2720034122467041,,0.0,,,,,,,,,,,,,,
2,31349,,-0.25082215666770935,,877.1589965820312,,2983.695556640625,,8.0,,3.2981443405151367,,0.0,,3.2981443405151367,,2094.372314453125,,441.12872314453125,,212.10794067382812,,108.63985443115234,,2106.53662109375,,-7.950019836425781,,0.52734375,,2986.99365234375,,2986.99365234375,,0.47265625,,256.0,,0.314453125,,0.30682605504989624,,0.00390625,,,,,,,,,,,,,,
2,31399,,-0.26260966062545776,,1184.336181640625,,52319.84765625,,8.0,,3.1243364810943604,,0.25,,3.1243364810943604,,2464.072509765625,,244.59576416015625,,209.479248046875,,110.80945587158203,,51135.51171875,,11.382883071899414,,0.48828125,,52322.97265625,,52322.97265625,,0.51171875,,256.0,,0.2451171875,,0.2083590030670166,,0.0078125,,,,,,,,,,,,,,
2,31449,,-0.27626001834869385,,1212.843017578125,,61520.828125,,8.0,,3.1016013622283936,,0.125,,3.1016013622283936,,1996.1256103515625,,702.507080078125,,233.67013549804688,,115.71650695800781,,60307.984375,,34.3571662902832,,0.4453125,,61523.9296875,,61523.9296875,,0.5546875,,256.0,,0.1572265625,,0.20672886073589325,,0.015625,,,,,,,,,,,,,,
2,31499,,-0.24990205466747284,,1111.935791015625,,34781.31640625,,8.0,,3.198826789855957,,0.125,,3.198826789855957,,2075.63818359375,,405.27301025390625,,282.71435546875,,100.72174835205078,,33669.37890625,,3.591167688369751,,0.49609375,,34784.515625,,34784.515625,,0.50390625,,256.0,,0.0986328125,,0.16335931420326233,,0.0078125,,,,,,,,,,,,,,
2,31549,,-0.2738008499145508,,927.8385009765625,,2920.658447265625,,8.0,,3.059143543243408,,0.25,,3.059143543243408,,2546.4267578125,,221.53619384765625,,226.0098876953125,,108.7508544921875,,1992.8199462890625,,-6.32228422164917,,0.5,,2923.717529296875,,2923.717529296875,,0.5,,256.0,,0.306640625,,0.28483709692955017,,0.0,,,,,,,,,,,,,,
2,31599,,-0.2504960894584656,,1064.678466796875,,41054.22265625,,8.0,,3.051518440246582,,0.125,,3.051518440246582,,2030.19091796875,,509.57525634765625,,233.28814697265625,,125.97746276855469,,39989.54296875,,8.15310287475586,,0.55078125,,41057.2734375,,41057.2734375,,0.44921875,,256.0,,0.26953125,,0.2946295738220215,,0.01171875,,,,,,,,,,,,,,
2,31649,,-0.2681199610233307,,1001.4552612304688,,36778.65625,,8.0,,3.234219551086426,,0.0,,3.234219551086426,,2049.566162109375,,460.7843322753906,,327.4201354980469,,105.42420959472656,,35777.19921875,,3.7186906337738037,,0.5234375,,36781.890625,,36781.890625,,0.4765625,,256.0,,0.267578125,,0.3116103410720825,,0.00390625,,,,,,,,,,,,,,
2,31699,,-0.2775741219520569,,827.2431030273438,,2498.788818359375,,8.0,,3.0046868324279785,,0.0,,3.0046868324279785,,2400.520751953125,,362.4439392089844,,234.0841064453125,,116.76089477539062,,1671.545654296875,,-1.7721201181411743,,0.44140625,,2501.79345703125,,2501.79345703125,,0.55859375,,256.0,,0.26171875,,0.23379245400428772,,0.0,,,,,,,,,,,,,,
2,31749,,-0.25919991731643677,,982.758056640625,,27648.0078125,,8.0,,3.0930228233337402,,0.125,,3.0930228233337402,,2125.64892578125,,494.0394287109375,,227.93199157714844,,128.52801513671875,,26665.25,,-0.7246599793434143,,0.52734375,,27651.1015625,,27651.1015625,,0.47265625,,256.0,,0.255859375,,0.25118371844291687,,0.00390625,,,,,,,,,,,,,,
2,31799,,-0.25385260581970215,,989.8189697265625,,3563.7744140625,,8.0,,3.0290589332580566,,0.25,,3.0290589332580566,,2285.926025390625,,289.7996826171875,,245.79087829589844,,131.7620086669922,,2573.955322265625,,-0.5443055629730225,,0.51953125,,3566.803466796875,,3566.803466796875,,0.48046875,,256.0,,0.255859375,,0.26511821150779724,,0.00390625,,,,,,,,,,,,,,
2,31849,,-0.25843071937561035,,922.229248046875,,2842.541748046875,,8.0,,3.148088216781616,,0.0,,3.148088216781616,,2154.890380859375,,555.2100219726562,,287.4251403808594,,123.71793365478516,,1920.3125,,-5.232911586761475,,0.46484375,,2845.68994140625,,2845.68994140625,,0.53515625,,256.0,,0.2109375,,0.2128443717956543,,0.0,,,,,,,,,,,,,,
2,31899,,-0.2617468237876892,,942.1900634765625,,2516.3876953125,,8.0,,3.0478978157043457,,0.125,,3.0478978157043457,,2337.04931640625,,235.70277404785156,,221.07012939453125,,133.2104949951172,,1574.197509765625,,-1.909656047821045,,0.515625,,2519.435546875,,2519.435546875,,0.484375,,256.0,,0.2177734375,,0.24298393726348877,,0.0,,,,,,,,,,,,,,
2,31949,,-0.25635719299316406,,866.4164428710938,,2556.341796875,,8.0,,3.311859607696533,,0.0,,3.311859607696533,,1722.4996337890625,,608.7191772460938,,234.58743286132812,,111.78559112548828,,1689.9254150390625,,-7.385776996612549,,0.515625,,2559.653564453125,,2559.653564453125,,0.484375,,256.0,,0.2119140625,,0.21161684393882751,,0.0,,,,,,,,,,,,,,
2,31999,,-0.2534547448158264,,809.001953125,,2712.370849609375,,8.0,,3.144451141357422,,0.0,,3.144451141357422,,2325.157958984375,,277.590576171875,,231.302001953125,,105.02769470214844,,1903.368896484375,,-8.482986450195312,,0.46484375,,2715.515380859375,,2715.515380859375,,0.53515625,,256.0,,0.18359375,,0.20846407115459442,,0.0,,,,,,,,,,,,,,
2,32049,,-0.25198978185653687,,1048.0,,41455.09375,,8.0,,3.1158905029296875,,0.125,,3.1158905029296875,,2466.82373046875,,253.40505981445312,,176.0142059326172,,120.62600708007812,,40407.09375,,10.880504608154297,,0.453125,,41458.2109375,,41458.2109375,,0.546875,,256.0,,0.30859375,,0.28325945138931274,,0.00390625,,,,,,,,,,,,,,
2,32099,,-0.25245460867881775,,1060.7005615234375,,40936.3828125,,8.0,,3.156684398651123,,0.125,,3.156684398651123,,2066.369384765625,,368.8017883300781,,259.809814453125,,106.78772735595703,,39875.68359375,,13.803642272949219,,0.4765625,,40939.5390625,,40939.5390625,,0.5234375,,256.0,,0.279296875,,0.2741270661354065,,0.00390625,,,,,,,,,,,,,,
2,32149,,-0.2530241012573242,,1008.9651489257812,,3529.85400390625,,8.0,,3.2141456604003906,,0.0,,3.2141456604003906,,2205.4384765625,,349.6702575683594,,251.48648071289062,,101.24225616455078,,2520.888916015625,,-10.917123794555664,,0.45703125,,3533.068115234375,,3533.068115234375,,0.54296875,,256.0,,0.275390625,,0.25980761647224426,,0.0078125,,,,,,,,,,,,,,
2,32199,,-0.263215035200119,,1023.2303466796875,,2904.384521484375,,8.0,,3.1748337745666504,,0.125,,3.1748337745666504,,2355.404296875,,255.65725708007812,,254.0750274658203,,116.5311279296875,,1881.1541748046875,,-0.6063628196716309,,0.515625,,2907.559326171875,,2907.559326171875,,0.484375,,256.0,,0.267578125,,0.2453095018863678,,0.01171875,,,,,,,,,,,,,,
2,32249,,-0.25446465611457825,,933.62353515625,,2268.87451171875,,8.0,,3.1758651733398438,,0.0,,3.1758651733398438,,2360.21875,,177.2037811279297,,247.4832763671875,,131.9805450439453,,1335.2510986328125,,-6.001869201660156,,0.46484375,,2272.05029296875,,2272.05029296875,,0.53515625,,256.0,,0.255859375,,0.2521783113479614,,0.0,,,,,,,,,,,,,,
2,32299,,-0.2648102641105652,,1029.2744140625,,42259.37890625,,8.0,,3.2838568687438965,,0.25,,3.2838568687438965,,2193.62744140625,,542.956787109375,,259.7355651855469,,130.90341186523438,,41230.10546875,,6.029669761657715,,0.546875,,42262.6640625,,42262.6640625,,0.453125,,256.0,,0.29296875,,0.2885614335536957,,0.00390625,,,,,,,,,,,,,,
2,32349,,-0.25881919264793396,,947.7803955078125,,27589.025390625,,8.0,,3.1655514240264893,,0.0,,3.1655514240264893,,2380.087890625,,288.3876037597656,,192.28079223632812,,127.97490692138672,,26641.244140625,,10.27258586883545,,0.515625,,27592.19140625,,27592.19140625,,0.484375,,256.0,,0.19921875,,0.20048300921916962,,0.00390625,,,,,,,,,,,,,,
2,32399,,-0.2516797184944153,,911.2430419921875,,3578.34375,,8.0,,3.07666277885437,,0.125,,3.07666277885437,,2000.977783203125,,460.6072692871094,,243.22264099121094,,94.8775863647461,,2667.100830078125,,-8.588414192199707,,0.515625,,3581.42041015625,,3581.42041015625,,0.484375,,256.0,,0.3203125,,0.3463190495967865,,0.0,,,,,,,,,,,,,,
2,32449,,-0.2528928220272064,,1118.5234375,,38162.9296875,,8.0,,3.512141704559326,,0.0,,3.512141704559326,,2132.108154296875,,563.87890625,,304.1986083984375,,114.96575927734375,,37044.40625,,9.469218254089355,,0.5,,38166.44140625,,38166.44140625,,0.5,,256.0,,0.2421875,,0.262635201215744,,0.0078125,,,,,,,,,,,,,,
2,32499,,-0.26281264424324036,,1237.657958984375,,42613.39453125,,8.0,,2.9977023601531982,,0.125,,2.9977023601531982,,2352.123046875,,578.2471313476562,,229.37440490722656,,127.28326416015625,,41375.73828125,,17.363189697265625,,0.5234375,,42616.390625,,42616.390625,,0.4765625,,256.0,,0.341796875,,0.2759547233581543,,0.015625,,,,,,,,,,,,,,
2,32549,,-0.26117491722106934,,810.9112548828125,,2789.42724609375,,8.0,,3.1998884677886963,,0.0,,3.1998884677886963,,2187.889892578125,,415.5153503417969,,211.90481567382812,,106.3741683959961,,1978.515869140625,,-2.083433151245117,,0.48828125,,2792.627197265625,,2792.627197265625,,0.51171875,,256.0,,0.265625,,0.2594614028930664,,0.0,,,,,,,,,,,,,,
2,32599,,-0.25266340374946594,,1429.5982666015625,,83085.515625,,8.0,,3.1432361602783203,,0.125,,3.1432361602783203,,2126.647216796875,,478.4010925292969,,315.7638854980469,,113.55211639404297,,81655.9140625,,25.311601638793945,,0.4453125,,83088.65625,,83088.65625,,0.5546875,,256.0,,0.2216796875,,0.22300958633422852,,0.015625,,,,,,,,,,,,,,
2,32649,,-0.2561601400375366,,873.8013916015625,,2468.95947265625,,8.0,,3.2707135677337646,,0.0,,3.2707135677337646,,1933.469482421875,,489.53741455078125,,280.80841064453125,,102.4974136352539,,1595.158203125,,-6.8503875732421875,,0.53515625,,2472.230224609375,,2472.230224609375,,0.46484375,,256.0,,0.30078125,,0.2256869524717331,,0.0,,,,,,,,,,,,,,
2,32699,,-0.264518678188324,,1103.752685546875,,30909.6484375,,8.0,,3.0791633129119873,,0.125,,3.0791633129119873,,2413.123046875,,314.1298828125,,226.15211486816406,,118.18253326416016,,29805.896484375,,10.892515182495117,,0.546875,,30912.728515625,,30912.728515625,,0.453125,,256.0,,0.1962890625,,0.1978045403957367,,0.01171875,,,,,,,,,,,,,,
2,32749,,-0.26331156492233276,,1110.5966796875,,32328.6875,,8.0,,3.069356918334961,,0.375,,3.069356918334961,,2190.76953125,,469.8407287597656,,241.3759002685547,,99.63800811767578,,31218.091796875,,10.937045097351074,,0.51171875,,32331.7578125,,32331.7578125,,0.48828125,,256.0,,0.27734375,,0.2375970333814621,,0.01171875,,,,,,,,,,,,,,
2,32799,,-0.26084014773368835,,974.64111328125,,40271.34765625,,8.0,,3.073533058166504,,0.125,,3.073533058166504,,2306.6103515625,,275.3487548828125,,276.4337158203125,,89.38928985595703,,39296.70703125,,19.169055938720703,,0.484375,,40274.421875,,40274.421875,,0.515625,,256.0,,0.22265625,,0.22432634234428406,,0.00390625,,,,,,,,,,,,,,
2,32849,,-0.2541712522506714,,1161.67919921875,,60218.41015625,,8.0,,3.253221035003662,,0.0,,3.253221035003662,,2133.74365234375,,574.5675659179688,,260.22003173828125,,146.2776336669922,,59056.73046875,,20.622695922851562,,0.52734375,,60221.6640625,,60221.6640625,,0.47265625,,256.0,,0.2041015625,,0.20161573588848114,,0.01171875,,,,,,,,,,,,,,
2,32899,,-0.2576720118522644,,982.3173217773438,,3212.9697265625,,8.0,,2.9474730491638184,,0.25,,2.9474730491638184,,2201.7685546875,,297.21649169921875,,256.2242126464844,,138.68316650390625,,2230.65234375,,-1.5750728845596313,,0.4765625,,3215.917236328125,,3215.917236328125,,0.5234375,,256.0,,0.26171875,,0.25252029299736023,,0.0078125,,,,,,,,,,,,,,
2,32949,,-0.2465381622314453,,950.62451171875,,28217.52734375,,8.0,,3.1062464714050293,,0.125,,3.1062464714050293,,2394.89501953125,,276.17498779296875,,181.5537567138672,,104.09540557861328,,27266.90234375,,21.4791316986084,,0.5078125,,28220.6328125,,28220.6328125,,0.4921875,,256.0,,0.275390625,,0.25906383991241455,,0.0078125,,,,,,,,,,,,,,
2,32999,,-0.25431403517723083,,1200.603759765625,,41514.7109375,,8.0,,3.0638513565063477,,0.25,,3.0638513565063477,,2637.60205078125,,202.06674194335938,,147.47312927246094,,121.65125274658203,,40314.10546875,,19.411346435546875,,0.49609375,,41517.7734375,,41517.7734375,,0.50390625,,256.0,,0.283203125,,0.25794517993927,,0.0078125,,,,,,,,,,,,,,
2,33049,,-0.25242602825164795,,864.3690185546875,,2438.95751953125,,8.0,,3.1288869380950928,,0.0,,3.1288869380950928,,2223.130615234375,,434.8128662109375,,196.3611297607422,,103.8990707397461,,1574.5885009765625,,1.3204305171966553,,0.48046875,,2442.08642578125,,2442.08642578125,,0.51953125,,256.0,,0.2353515625,,0.2235184907913208,,0.0,,,,,,,,,,,,,,
2,33099,,-0.2564876675605774,,783.6168212890625,,2093.75634765625,,8.0,,3.2061853408813477,,0.125,,3.2061853408813477,,2351.767578125,,305.12841796875,,246.8571014404297,,129.17770385742188,,1310.1395263671875,,7.729911804199219,,0.4765625,,2096.962646484375,,2096.962646484375,,0.5234375,,256.0,,0.263671875,,0.2567722201347351,,0.0,,,,,,,,,,,,,,
2,33149,,-0.27303919196128845,,943.6219482421875,,2397.64208984375,,8.0,,3.160233736038208,,0.25,,3.160233736038208,,2037.8475341796875,,576.144775390625,,269.46246337890625,,103.2115249633789,,1454.02001953125,,-2.214297294616699,,0.5,,2400.80224609375,,2400.80224609375,,0.5,,256.0,,0.26953125,,0.26323390007019043,,0.0,,,,,,,,,,,,,,
2,33199,,-0.25928136706352234,,1009.5654296875,,36219.97265625,,8.0,,3.0762243270874023,,0.0,,3.0762243270874023,,2122.252685546875,,382.8283996582031,,273.413818359375,,119.57514953613281,,35210.40625,,14.798442840576172,,0.484375,,36223.05078125,,36223.05078125,,0.515625,,256.0,,0.2119140625,,0.22084306180477142,,0.0078125,,,,,,,,,,,,,,
2,33249,,-0.26051461696624756,,1189.336181640625,,38399.6796875,,8.0,,3.235492706298828,,0.0,,3.235492706298828,,2333.155029296875,,294.16387939453125,,265.30059814453125,,115.57967376708984,,37210.34375,,8.53746223449707,,0.5,,38402.9140625,,38402.9140625,,0.5,,256.0,,0.353515625,,0.31286513805389404,,0.0078125,,,,,,,,,,,,,,
2,33299,,-0.2569121718406677,,1227.6090087890625,,35893.68359375,,8.0,,3.0850448608398438,,0.125,,3.0850448608398438,,2224.1220703125,,470.9186096191406,,213.20957946777344,,116.52127838134766,,34666.07421875,,3.4223203659057617,,0.5,,35896.76953125,,35896.76953125,,0.5,,256.0,,0.2412109375,,0.20916426181793213,,0.015625,,,,,,,,,,,,,,
2,33349,,-0.26338234543800354,,996.0934448242188,,26500.724609375,,8.0,,3.098200559616089,,0.25,,3.098200559616089,,2343.2177734375,,533.2468872070312,,215.65151977539062,,117.94952392578125,,25504.630859375,,11.420358657836914,,0.484375,,26503.822265625,,26503.822265625,,0.515625,,256.0,,0.2197265625,,0.22312039136886597,,0.00390625,,,,,,,,,,,,,,
2,33399,,-0.25079092383384705,,880.734375,,2349.356201171875,,8.0,,3.2821881771087646,,0.25,,3.2821881771087646,,2373.876953125,,381.94073486328125,,251.27740478515625,,149.631591796875,,1468.621826171875,,-1.306352138519287,,0.54296875,,2352.638427734375,,2352.638427734375,,0.45703125,,256.0,,0.212890625,,0.24810068309307098,,0.0,,,,,,,,,,,,,,
2,33449,,-0.26091140508651733,,1023.4013061523438,,31735.99609375,,8.0,,3.166436195373535,,0.0,,3.166436195373535,,2069.10546875,,398.9266052246094,,312.8761291503906,,97.93112182617188,,30712.595703125,,9.83449935913086,,0.49609375,,31739.162109375,,31739.162109375,,0.50390625,,256.0,,0.330078125,,0.3285302519798279,,0.00390625,,,,,,,,,,,,,,
2,33499,,-0.25358498096466064,,992.9219360351562,,32355.931640625,,8.0,,3.2434802055358887,,0.0,,3.2434802055358887,,2138.04541015625,,239.45257568359375,,236.464599609375,,139.8989715576172,,31363.009765625,,11.519400596618652,,0.46484375,,32359.17578125,,32359.17578125,,0.53515625,,256.0,,0.291015625,,0.2538253962993622,,0.00390625,,,,,,,,,,,,,,
2,33549,,-0.2514400780200958,,770.0382690429688,,2305.814453125,,8.0,,3.0684943199157715,,0.0,,3.0684943199157715,,2164.87841796875,,435.0096740722656,,243.66839599609375,,146.2438507080078,,1535.776123046875,,3.495702028274536,,0.5234375,,2308.883056640625,,2308.883056640625,,0.4765625,,256.0,,0.166015625,,0.14182952046394348,,0.0,,,,,,,,,,,,,,
2,33599,,-0.2592475414276123,,921.0591430664062,,2475.287109375,,8.0,,3.099069595336914,,0.0,,3.099069595336914,,2257.37646484375,,508.7897644042969,,225.68777465820312,,116.33489227294922,,1554.22802734375,,-0.23245126008987427,,0.421875,,2478.38623046875,,2478.38623046875,,0.578125,,256.0,,0.208984375,,0.2235875427722931,,0.00390625,,,,,,,,,,,,,,
2,33649,,-0.265949547290802,,1256.4417724609375,,86139.265625,,8.0,,3.1229052543640137,,0.0,,3.1229052543640137,,2322.262939453125,,356.65802001953125,,226.3129119873047,,146.4261016845703,,84882.8203125,,30.25009536743164,,0.4921875,,86142.390625,,86142.390625,,0.5078125,,256.0,,0.337890625,,0.33593201637268066,,0.0078125,,,,,,,,,,,,,,
2,33699,,-0.2582569122314453,,1201.5030517578125,,44661.2890625,,8.0,,3.2542929649353027,,0.0,,3.2542929649353027,,2098.2373046875,,528.3616333007812,,278.9576721191406,,115.3905029296875,,43459.78515625,,4.6974687576293945,,0.51171875,,44664.54296875,,44664.54296875,,0.48828125,,256.0,,0.177734375,,0.19147804379463196,,0.0078125,,,,,,,,,,,,,,
2,33749,,-0.264418363571167,,920.362060546875,,3341.28857421875,,8.0,,2.968702554702759,,0.125,,2.968702554702759,,2119.42724609375,,474.4155578613281,,264.1465148925781,,91.6488265991211,,2420.926513671875,,-8.711464881896973,,0.5546875,,3344.25732421875,,3344.25732421875,,0.4453125,,256.0,,0.0966796875,,0.12839949131011963,,0.0,,,,,,,,,,,,,,
2,33799,,-0.25203388929367065,,827.747314453125,,2792.754638671875,,8.0,,3.1092567443847656,,0.125,,3.1092567443847656,,2268.111328125,,255.4410400390625,,267.1500244140625,,117.61537170410156,,1965.00732421875,,2.0707814693450928,,0.53125,,2795.864013671875,,2795.864013671875,,0.46875,,256.0,,0.2041015625,,0.17542068660259247,,0.00390625,,,,,,,,,,,,,,
2,33849,,-0.2432243525981903,,1232.633544921875,,36840.80859375,,8.0,,3.1558167934417725,,0.375,,3.1558167934417725,,2288.8681640625,,283.5176696777344,,219.96060180664062,,127.91004943847656,,35608.17578125,,8.877922058105469,,0.5390625,,36843.96484375,,36843.96484375,,0.4609375,,256.0,,0.3046875,,0.3076961636543274,,0.015625,,,,,,,,,,,,,,
2,33899,,-0.24985802173614502,,813.942626953125,,2186.58203125,,8.0,,3.13887619972229,,0.125,,3.13887619972229,,2087.49560546875,,576.216796875,,285.14910888671875,,98.91925811767578,,1372.6392822265625,,-0.3895685374736786,,0.48046875,,2189.720947265625,,2189.720947265625,,0.51953125,,256.0,,0.26171875,,0.3044353127479553,,0.0,,,,,,,,,,,,,,
2,33949,,-0.25729623436927795,,1139.87255859375,,67180.7734375,,8.0,,3.1220054626464844,,0.0,,3.1220054626464844,,2166.693359375,,253.15963745117188,,231.37115478515625,,144.4279022216797,,66040.8984375,,32.832359313964844,,0.4765625,,67183.8984375,,67183.8984375,,0.5234375,,256.0,,0.09326171875,,0.109086774289608,,0.0078125,,,,,,,,,,,,,,
2,33999,,-0.2677457928657532,,1114.1632080078125,,64551.83203125,,8.0,,3.0063743591308594,,0.25,,3.0063743591308594,,2179.654296875,,356.76123046875,,234.31228637695312,,116.69383239746094,,63437.66796875,,20.0384521484375,,0.5625,,64554.83984375,,64554.83984375,,0.4375,,256.0,,0.271484375,,0.2783975303173065,,0.0078125,,,,,,,,,,,,,,
2,34049,,-0.26838457584381104,,942.7716064453125,,3367.814453125,,8.0,,3.2211859226226807,,0.25,,3.2211859226226807,,1986.8428955078125,,538.6908569335938,,300.76947021484375,,114.5030746459961,,2425.04296875,,-8.937507629394531,,0.5390625,,3371.03564453125,,3371.03564453125,,0.4609375,,256.0,,0.345703125,,0.2599157989025116,,0.0,,,,,,,,,,,,,,
2,34099,,-0.2596055269241333,,1005.375244140625,,3564.474609375,,8.0,,3.212998390197754,,0.0,,3.212998390197754,,2032.593017578125,,388.23309326171875,,269.6250305175781,,121.26079559326172,,2559.099365234375,,-8.872933387756348,,0.4375,,3567.6875,,3567.6875,,0.5625,,256.0,,0.26953125,,0.23554599285125732,,0.00390625,,,,,,,,,,,,,,
2,34149,,-0.2578817307949066,,981.7814331054688,,38823.6796875,,8.0,,3.1588387489318848,,0.25,,3.1588387489318848,,2213.6953125,,391.76849365234375,,255.63739013671875,,132.519775390625,,37841.8984375,,9.1427583694458,,0.53125,,38826.83984375,,38826.83984375,,0.46875,,256.0,,0.051025390625,,0.1063842922449112,,0.00390625,,,,,,,,,,,,,,
2,34199,,-0.2615293860435486,,946.4163208007812,,2509.69384765625,,8.0,,3.2964894771575928,,0.125,,3.2964894771575928,,2041.62548828125,,422.17315673828125,,202.90859985351562,,100.37699127197266,,1563.277587890625,,3.2753756046295166,,0.51953125,,2512.990234375,,2512.990234375,,0.48046875,,256.0,,0.275390625,,0.2767643332481384,,0.0078125,,,,,,,,,,,,,,
2,34249,,-0.26570987701416016,,999.3458251953125,,34664.2109375,,8.0,,3.248875379562378,,0.0,,3.248875379562378,,2226.41357421875,,254.4092254638672,,215.19027709960938,,119.78467559814453,,33664.86328125,,21.048351287841797,,0.5546875,,34667.4609375,,34667.4609375,,0.4453125,,256.0,,0.376953125,,0.3336915373802185,,0.00390625,,,,,,,,,,,,,,
2,34299,,-0.26789724826812744,,1139.2490234375,,65115.99609375,,8.0,,3.2522501945495605,,0.125,,3.2522501945495605,,1750.99658203125,,637.0034790039062,,306.3555908203125,,116.833251953125,,63976.74609375,,30.346635818481445,,0.4765625,,65119.25,,65119.25,,0.5234375,,256.0,,0.224609375,,0.2112298458814621,,0.01171875,,,,,,,,,,,,,,
2,34349,,-0.268204927444458,,890.5662841796875,,2237.450439453125,,8.0,,3.1913094520568848,,0.0,,3.1913094520568848,,2107.53369140625,,661.3038940429688,,162.71548461914062,,131.0492706298828,,1346.8841552734375,,3.1353108882904053,,0.53125,,2240.641845703125,,2240.641845703125,,0.46875,,256.0,,0.26953125,,0.29661351442337036,,0.0,,,,,,,,,,,,,,
2,34399,,-0.24666240811347961,,1202.817626953125,,64663.12890625,,8.0,,2.865807294845581,,0.125,,2.865807294845581,,2317.337890625,,362.1588134765625,,226.33448791503906,,131.02096557617188,,63460.3125,,39.58597183227539,,0.50390625,,64665.99609375,,64665.99609375,,0.49609375,,256.0,,0.259765625,,0.23048965632915497,,0.015625,,,,,,,,,,,,,,
2,34449,,-0.27298808097839355,,854.1114501953125,,2779.491455078125,,8.0,,3.304414749145508,,0.0,,3.304414749145508,,1943.9124755859375,,375.0071105957031,,338.925537109375,,95.31726837158203,,1925.3800048828125,,-4.791135787963867,,0.46875,,2782.7958984375,,2782.7958984375,,0.53125,,256.0,,0.11181640625,,0.14328786730766296,,0.00390625,,,,,,,,,,,,,,
2,34499,,-0.2671428620815277,,918.505859375,,3457.4736328125,,8.0,,3.140585422515869,,0.0,,3.140585422515869,,2189.406005859375,,422.41802978515625,,243.27923583984375,,139.3511962890625,,2538.9677734375,,-5.635067462921143,,0.5078125,,3460.6142578125,,3460.6142578125,,0.4921875,,256.0,,0.3046875,,0.31750696897506714,,0.00390625,,,,,,,,,,,,,,
2,34549,,-0.2635049819946289,,902.7203369140625,,2661.15869140625,,8.0,,3.2045388221740723,,0.0,,3.2045388221740723,,2338.99462890625,,247.77932739257812,,223.68360900878906,,118.17853546142578,,1758.4384765625,,-0.8412550091743469,,0.4765625,,2664.36328125,,2664.36328125,,0.5234375,,256.0,,0.267578125,,0.2467617392539978,,0.0,,,,,,,,,,,,,,
2,34599,,-0.2652122974395752,,971.3822021484375,,2814.2919921875,,8.0,,2.969748020172119,,0.25,,2.969748020172119,,2159.388916015625,,592.0025024414062,,207.89158630371094,,121.97767639160156,,1842.9097900390625,,-9.789549827575684,,0.48828125,,2817.26171875,,2817.26171875,,0.51171875,,256.0,,-0.003936767578125,,0.1182844489812851,,0.00390625,,,,,,,,,,,,,,
2,34649,,-0.2516736388206482,,1181.8446044921875,,88641.8671875,,8.0,,3.1940159797668457,,0.125,,3.1940159797668457,,2207.287109375,,461.48492431640625,,246.0272216796875,,125.63861846923828,,87460.0234375,,18.67304801940918,,0.49609375,,88645.0625,,88645.0625,,0.50390625,,256.0,,0.166015625,,0.19829373061656952,,0.0078125,,,,,,,,,,,,,,
2,34699,,-0.2693832516670227,,1152.6005859375,,66249.390625,,8.0,,2.930673599243164,,0.0,,2.930673599243164,,2266.3369140625,,737.98583984375,,203.93067932128906,,125.39323425292969,,65096.79296875,,29.15283203125,,0.54296875,,66252.3203125,,66252.3203125,,0.45703125,,256.0,,0.296875,,0.2761179506778717,,0.01171875,,,,,,,,,,,,,,
2,34749,,-0.282795786857605,,939.157470703125,,41043.05859375,,8.0,,3.184417724609375,,0.0,,3.184417724609375,,2279.5234375,,314.5120849609375,,209.39334106445312,,119.29463958740234,,40103.90234375,,4.366677761077881,,0.48828125,,41046.2421875,,41046.2421875,,0.51171875,,256.0,,0.1767578125,,0.20012514293193817,,0.00390625,,,,,,,,,,,,,,
2,34799,,-0.2586243152618408,,886.2997436523438,,2671.295166015625,,8.0,,3.1692066192626953,,0.125,,3.1692066192626953,,2346.32373046875,,254.31356811523438,,252.86080932617188,,117.80341339111328,,1784.9954833984375,,-3.872037887573242,,0.5,,2674.46435546875,,2674.46435546875,,0.5,,256.0,,0.291015625,,0.27446556091308594,,0.0,,,,,,,,,,,,,,
2,34849,,-0.2636532187461853,,1056.6158447265625,,38784.87109375,,8.0,,3.1318533420562744,,0.125,,3.1318533420562744,,2063.7177734375,,493.2093811035156,,230.14491271972656,,137.06822204589844,,37728.25390625,,10.09762191772461,,0.49609375,,38788.00390625,,38788.00390625,,0.50390625,,256.0,,0.224609375,,0.24610064923763275,,0.01171875,,,,,,,,,,,,,,
2,34899,,-0.26422756910324097,,998.7528076171875,,2939.763671875,,8.0,,3.174520969390869,,0.125,,3.174520969390869,,1932.2525634765625,,588.051025390625,,281.0279235839844,,89.47796630859375,,1941.0107421875,,-10.026552200317383,,0.4453125,,2942.938232421875,,2942.938232421875,,0.5546875,,256.0,,0.1513671875,,0.1701427698135376,,0.0078125,,,,,,,,,,,,,,
2,34949,,-0.2562175989151001,,1404.768310546875,,99872.46875,,8.0,,3.242979049682617,,0.0,,3.242979049682617,,2371.550537109375,,193.38795471191406,,306.0131530761719,,91.26566314697266,,98467.703125,,37.26936721801758,,0.5390625,,99875.7109375,,99875.7109375,,0.4609375,,256.0,,0.2890625,,0.26043829321861267,,0.01171875,,,,,,,,,,,,,,
2,34999,,-0.25054067373275757,,855.4302978515625,,2419.60888671875,,8.0,,3.22640323638916,,0.0,,3.22640323638916,,1973.2972412109375,,646.7871704101562,,313.05859375,,93.15845489501953,,1564.178466796875,,1.2042707204818726,,0.51171875,,2422.835205078125,,2422.835205078125,,0.48828125,,256.0,,0.291015625,,0.3099594712257385,,0.00390625,,,,,,,,,,,,,,
2,35049,,-0.26062116026878357,,1458.3427734375,,87555.15625,,8.0,,2.9559240341186523,,0.25,,2.9559240341186523,,2253.3369140625,,403.5884704589844,,292.70458984375,,118.63460540771484,,86096.8125,,37.74026107788086,,0.50390625,,87558.109375,,87558.109375,,0.49609375,,256.0,,0.2197265625,,0.1856829822063446,,0.01171875,,,,,,,,,,,,,,
2,35099,,-0.26188763976097107,,1190.790771484375,,80020.765625,,8.0,,3.3379909992218018,,0.0,,3.3379909992218018,,2349.32763671875,,491.661865234375,,220.82156372070312,,117.42218017578125,,78829.9765625,,37.51602554321289,,0.484375,,80024.1015625,,80024.1015625,,0.515625,,256.0,,0.291015625,,0.2651360034942627,,0.01171875,,,,,,,,,,,,,,
2,35149,,-0.2588648200035095,,836.4403076171875,,2410.244140625,,8.0,,3.103478193283081,,0.25,,3.103478193283081,,2247.037109375,,355.8344421386719,,234.86758422851562,,133.15110778808594,,1573.8037109375,,2.508635997772217,,0.484375,,2413.34765625,,2413.34765625,,0.515625,,256.0,,0.306640625,,0.30084750056266785,,0.0,,,,,,,,,,,,,,
2,35199,,-0.2668318748474121,,983.7814331054688,,29801.873046875,,8.0,,3.0591559410095215,,0.0,,3.0591559410095215,,1985.317626953125,,516.2570190429688,,259.69818115234375,,109.34685516357422,,28818.091796875,,15.222043991088867,,0.4609375,,29804.931640625,,29804.931640625,,0.5390625,,256.0,,0.2236328125,,0.22931772470474243,,0.00390625,,,,,,,,,,,,,,
2,35249,,-0.25518423318862915,,1040.4381103515625,,47931.10546875,,8.0,,2.8895630836486816,,0.375,,2.8895630836486816,,2154.21337890625,,371.8234558105469,,230.78465270996094,,144.47886657714844,,46890.66796875,,20.983633041381836,,0.4765625,,47933.99609375,,47933.99609375,,0.5234375,,256.0,,0.267578125,,0.2632567286491394,,0.0078125,,,,,,,,,,,,,,
2,35299,,-0.25612592697143555,,877.0499267578125,,2435.85595703125,,8.0,,3.0991435050964355,,0.125,,3.0991435050964355,,2384.4580078125,,296.29107666015625,,281.68719482421875,,105.66104125976562,,1558.805908203125,,-6.400382995605469,,0.53125,,2438.955078125,,2438.955078125,,0.46875,,256.0,,0.345703125,,0.34536105394363403,,0.0,,,,,,,,,,,,,,
2,35349,,-0.27303409576416016,,923.1365356445312,,2818.489013671875,,8.0,,2.9983785152435303,,0.0,,2.9983785152435303,,2457.42529296875,,509.39093017578125,,249.80023193359375,,121.2889633178711,,1895.3524169921875,,-1.3157857656478882,,0.46484375,,2821.4873046875,,2821.4873046875,,0.53515625,,256.0,,0.2431640625,,0.251401424407959,,0.00390625,,,,,,,,,,,,,,
2,35399,,-0.2630102038383484,,993.31689453125,,37217.9375,,8.0,,3.168776035308838,,0.125,,3.168776035308838,,2053.966064453125,,497.9559020996094,,287.68182373046875,,118.35460662841797,,36224.62109375,,4.694373607635498,,0.5078125,,37221.10546875,,37221.10546875,,0.4921875,,256.0,,0.1884765625,,0.24462376534938812,,0.00390625,,,,,,,,,,,,,,
2,35449,,-0.26197096705436707,,1344.063720703125,,77647.9296875,,8.0,,3.2197022438049316,,0.0,,3.2197022438049316,,2347.965576171875,,285.9793395996094,,228.091796875,,117.14867401123047,,76303.8671875,,22.634794235229492,,0.53515625,,77651.1484375,,77651.1484375,,0.46484375,,256.0,,0.263671875,,0.21791009604930878,,0.015625,,,,,,,,,,,,,,
2,35499,,-0.2543903589248657,,850.7498779296875,,3546.48291015625,,8.0,,3.0694937705993652,,0.125,,3.0694937705993652,,2221.62548828125,,215.57862854003906,,241.06307983398438,,126.01456451416016,,2695.73291015625,,-10.804595947265625,,0.51171875,,3549.552490234375,,3549.552490234375,,0.48828125,,256.0,,0.2255859375,,0.23485863208770752,,0.0,,,,,,,,,,,,,,
2,35549,,-0.26265257596969604,,788.8768310546875,,2893.66845703125,,8.0,,3.0501813888549805,,0.125,,3.0501813888549805,,2080.8994140625,,469.28143310546875,,261.3519287109375,,86.1517562866211,,2104.79150390625,,-12.246423721313477,,0.4765625,,2896.71875,,2896.71875,,0.5234375,,256.0,,0.298828125,,0.2557353675365448,,0.0,,,,,,,,,,,,,,
2,35599,,-0.2628888785839081,,1057.09521484375,,29745.41015625,,8.0,,3.0886616706848145,,0.125,,3.0886616706848145,,2128.41015625,,392.4246520996094,,290.95904541015625,,111.97802734375,,28688.314453125,,8.646956443786621,,0.48046875,,29748.498046875,,29748.498046875,,0.51953125,,256.0,,0.173828125,,0.14136338233947754,,0.0078125,,,,,,,,,,,,,,
2,35649,,-0.24561230838298798,,1051.0582275390625,,37334.41796875,,8.0,,2.977713108062744,,0.0,,2.977713108062744,,2290.710693359375,,266.4020080566406,,272.5514221191406,,133.8396453857422,,36283.359375,,5.707294940948486,,0.484375,,37337.39453125,,37337.39453125,,0.515625,,256.0,,0.1826171875,,0.20768961310386658,,0.0078125,,,,,,,,,,,,,,
2,35699,,-0.24844764173030853,,921.296875,,2791.76025390625,,8.0,,3.210395097732544,,0.0,,3.210395097732544,,2322.04833984375,,462.5899658203125,,226.71998596191406,,154.86231994628906,,1870.4632568359375,,-4.990243911743164,,0.453125,,2794.970703125,,2794.970703125,,0.546875,,256.0,,0.234375,,0.23729032278060913,,0.00390625,,,,,,,,,,,,,,
2,35749,,-0.24868635833263397,,827.5104370117188,,2188.381591796875,,8.0,,3.222158670425415,,0.0,,3.222158670425415,,2152.67529296875,,172.6737060546875,,253.8406982421875,,114.60272979736328,,1360.8712158203125,,-5.001861572265625,,0.51953125,,2191.603759765625,,2191.603759765625,,0.48046875,,256.0,,0.28125,,0.2636919915676117,,0.00390625,,,,,,,,,,,,,,
2,35799,,-0.2599509358406067,,1333.0146484375,,66181.8359375,,8.0,,3.315568685531616,,0.25,,3.315568685531616,,2415.05029296875,,153.99453735351562,,251.49285888671875,,130.3865509033203,,64848.8203125,,17.79918670654297,,0.5390625,,66185.1484375,,66185.1484375,,0.4609375,,256.0,,0.21484375,,0.1889134645462036,,0.01171875,,,,,,,,,,,,,,
2,35849,,-0.2527402341365814,,1108.07958984375,,51690.75,,8.0,,2.9708268642425537,,0.0,,2.9708268642425537,,2293.60693359375,,303.5339660644531,,284.3245544433594,,111.96381378173828,,50582.671875,,17.035383224487305,,0.453125,,51693.72265625,,51693.72265625,,0.546875,,256.0,,0.23828125,,0.2475338876247406,,0.0078125,,,,,,,,,,,,,,
2,35899,,-0.2565452754497528,,921.1407470703125,,2508.6982421875,,8.0,,3.1969571113586426,,0.0,,3.1969571113586426,,1915.7684326171875,,465.2393493652344,,345.0535888671875,,75.83355712890625,,1587.557373046875,,-3.255699396133423,,0.51953125,,2511.895263671875,,2511.895263671875,,0.48046875,,256.0,,0.181640625,,0.2073877453804016,,0.0078125,,,,,,,,,,,,,,
2,35949,,-0.25710329413414,,861.0662231445312,,2917.8203125,,8.0,,3.3125033378601074,,0.0,,3.3125033378601074,,2342.690673828125,,344.7180480957031,,227.81033325195312,,120.20858001708984,,2056.754150390625,,-14.77690601348877,,0.546875,,2921.1328125,,2921.1328125,,0.453125,,256.0,,0.2275390625,,0.2232760637998581,,0.0,,,,,,,,,,,,,,
2,35999,,-0.28189221024513245,,1233.885986328125,,71909.8671875,,8.0,,3.078420639038086,,0.125,,3.078420639038086,,2317.86181640625,,393.7002258300781,,179.7736358642578,,89.2490463256836,,70675.984375,,24.291257858276367,,0.5078125,,71912.9453125,,71912.9453125,,0.4921875,,256.0,,0.21875,,0.19442424178123474,,0.0078125,,,,,,,,,,,,,,
2,36049,,-0.2539721727371216,,971.496337890625,,26866.068359375,,8.0,,3.15747332572937,,0.0,,3.15747332572937,,2356.90576171875,,316.7626647949219,,200.433837890625,,107.49065399169922,,25894.572265625,,4.519753932952881,,0.5078125,,26869.2265625,,26869.2265625,,0.4921875,,256.0,,0.408203125,,0.39843398332595825,,0.00390625,,,,,,,,,,,,,,
2,36099,,-0.27958783507347107,,996.9738159179688,,49045.90625,,8.0,,3.1808969974517822,,0.125,,3.1808969974517822,,2208.5107421875,,491.0967102050781,,218.80133056640625,,125.85761260986328,,48048.93359375,,19.924100875854492,,0.4921875,,49049.0859375,,49049.0859375,,0.5078125,,256.0,,0.2216796875,,0.2539145350456238,,0.00390625,,,,,,,,,,,,,,
2,36149,,-0.2719596326351166,,816.6849975585938,,3113.20849609375,,8.0,,3.20495343208313,,0.0,,3.20495343208313,,2175.74560546875,,386.4795837402344,,269.53753662109375,,138.27491760253906,,2296.5234375,,-9.238083839416504,,0.46875,,3116.413330078125,,3116.413330078125,,0.53125,,256.0,,0.2119140625,,0.17014019191265106,,0.0,,,,,,,,,,,,,,
2,36199,,-0.2560252249240875,,905.650390625,,2859.18798828125,,8.0,,3.133969306945801,,0.375,,3.133969306945801,,2413.82421875,,147.00062561035156,,193.1849822998047,,111.68437957763672,,1953.53759765625,,-5.599111557006836,,0.49609375,,2862.322021484375,,2862.322021484375,,0.50390625,,256.0,,0.27734375,,0.24669551849365234,,0.0078125,,,,,,,,,,,,,,
2,36249,,-0.25341206789016724,,1108.4068603515625,,48192.703125,,8.0,,3.213578224182129,,0.0,,3.213578224182129,,2114.93017578125,,655.5175170898438,,290.94195556640625,,138.7122344970703,,47084.296875,,14.826932907104492,,0.5078125,,48195.91796875,,48195.91796875,,0.4921875,,256.0,,0.20703125,,0.17834161221981049,,0.01171875,,,,,,,,,,,,,,
2,36299,,-0.2523721158504486,,792.840576171875,,2329.55908203125,,8.0,,3.1016898155212402,,0.125,,3.1016898155212402,,2223.7138671875,,229.38406372070312,,260.25372314453125,,123.5331039428711,,1536.7183837890625,,-2.0883853435516357,,0.4765625,,2332.660888671875,,2332.660888671875,,0.5234375,,256.0,,0.19921875,,0.26724973320961,,0.0,,,,,,,,,,,,,,
2,36349,,-0.25816312432289124,,939.8274536132812,,2572.3447265625,,8.0,,3.043569803237915,,0.25,,3.043569803237915,,2384.105712890625,,257.93402099609375,,210.75827026367188,,105.99215698242188,,1632.5172119140625,,-0.6942378878593445,,0.49609375,,2575.38818359375,,2575.38818359375,,0.50390625,,256.0,,0.26171875,,0.25997424125671387,,0.00390625,,,,,,,,,,,,,,
2,36399,,-0.2527155578136444,,963.7181396484375,,24888.865234375,,8.0,,3.232461929321289,,0.0,,3.232461929321289,,2401.288330078125,,276.1642761230469,,248.56240844726562,,127.26868438720703,,23925.146484375,,2.7970991134643555,,0.51953125,,24892.09765625,,24892.09765625,,0.48046875,,256.0,,0.1884765625,,0.20493373274803162,,0.0078125,,,,,,,,,,,,,,
2,36449,,-0.25826916098594666,,1046.4013671875,,38120.02734375,,8.0,,3.0735433101654053,,0.25,,3.0735433101654053,,2024.0955810546875,,412.53118896484375,,236.7963409423828,,105.78987121582031,,37073.625,,15.381414413452148,,0.5,,38123.1015625,,38123.1015625,,0.5,,256.0,,0.306640625,,0.2766154408454895,,0.0078125,,,,,,,,,,,,,,
2,36499,,-0.26285693049430847,,1029.666259765625,,38537.140625,,8.0,,3.0647857189178467,,0.125,,3.0647857189178467,,2352.29541015625,,301.1954345703125,,197.12496948242188,,134.8073272705078,,37507.47265625,,22.92217445373535,,0.46484375,,38540.20703125,,38540.20703125,,0.53515625,,256.0,,0.314453125,,0.2935280203819275,,0.00390625,,,,,,,,,,,,,,
2,36549,,-0.2661992311477661,,831.208251953125,,2329.235107421875,,8.0,,3.285560369491577,,0.125,,3.285560369491577,,2202.88037109375,,484.8626708984375,,255.23233032226562,,110.68950653076172,,1498.02685546875,,0.6047349572181702,,0.53125,,2332.520751953125,,2332.520751953125,,0.46875,,256.0,,0.267578125,,0.254300057888031,,0.0,,,,,,,,,,,,,,
2,36599,,-0.27217423915863037,,767.5302124023438,,2518.794189453125,,8.0,,3.218064546585083,,0.0,,3.218064546585083,,2096.5205078125,,640.8236083984375,,243.81008911132812,,127.0127182006836,,1751.263916015625,,-10.891447067260742,,0.48046875,,2522.01220703125,,2522.01220703125,,0.51953125,,256.0,,0.2001953125,,0.23583953082561493,,0.0,,,,,,,,,,,,,,
2,36649,,-0.2729710340499878,,865.8172607421875,,2875.10693359375,,8.0,,3.1287474632263184,,0.125,,3.1287474632263184,,2341.841796875,,460.9675598144531,,259.6510009765625,,116.68600463867188,,2009.289794921875,,-8.300626754760742,,0.4921875,,2878.235595703125,,2878.235595703125,,0.5078125,,256.0,,0.162109375,,0.15078699588775635,,0.0,,,,,,,,,,,,,,
2,36699,,-0.24761037528514862,,1058.8956298828125,,31793.744140625,,8.0,,3.172773599624634,,0.0,,3.172773599624634,,2253.909912109375,,421.4862060546875,,276.2552490234375,,131.70773315429688,,30734.84765625,,15.996550559997559,,0.51171875,,31796.916015625,,31796.916015625,,0.48828125,,256.0,,0.2734375,,0.27602919936180115,,0.0078125,,,,,,,,,,,,,,
2,36749,,-0.25161105394363403,,849.4263305664062,,1940.755126953125,,8.0,,3.1301627159118652,,0.25,,3.1301627159118652,,2187.64208984375,,179.09608459472656,,269.180419921875,,103.5844497680664,,1091.328857421875,,-3.5587821006774902,,0.46875,,1943.88525390625,,1943.88525390625,,0.53125,,256.0,,0.279296875,,0.30235129594802856,,0.0,,,,,,,,,,,,,,
2,36799,,-0.253887414932251,,908.6416625976562,,3096.128662109375,,8.0,,3.3726727962493896,,0.125,,3.3726727962493896,,1816.745849609375,,629.8534545898438,,310.8960876464844,,95.48783111572266,,2187.487060546875,,-7.183506488800049,,0.5234375,,3099.501220703125,,3099.501220703125,,0.4765625,,256.0,,0.314453125,,0.2707836627960205,,0.0078125,,,,,,,,,,,,,,
2,36849,,-0.254859983921051,,1032.7447509765625,,43872.05859375,,8.0,,3.1640210151672363,,0.0,,3.1640210151672363,,2218.69482421875,,540.018798828125,,232.43865966796875,,136.04812622070312,,42839.3125,,19.551950454711914,,0.47265625,,43875.22265625,,43875.22265625,,0.52734375,,256.0,,0.2734375,,0.28384625911712646,,0.00390625,,,,,,,,,,,,,,
2,36899,,-0.25817081332206726,,795.41015625,,2482.81591796875,,8.0,,3.011038303375244,,0.125,,3.011038303375244,,2336.681640625,,506.69024658203125,,204.24301147460938,,109.87779998779297,,1687.4056396484375,,-1.6470822095870972,,0.4921875,,2485.826904296875,,2485.826904296875,,0.5078125,,256.0,,0.2392578125,,0.2600516676902771,,0.0,,,,,,,,,,,,,,
2,36949,,-0.2612110376358032,,925.736083984375,,2644.9501953125,,8.0,,3.1809310913085938,,0.0,,3.1809310913085938,,2048.80810546875,,501.44000244140625,,202.59788513183594,,99.90489196777344,,1719.2142333984375,,2.21427059173584,,0.55078125,,2648.131103515625,,2648.131103515625,,0.44921875,,256.0,,0.2099609375,,0.20160111784934998,,0.0078125,,,,,,,,,,,,,,
2,36999,,-0.2612403333187103,,1122.5360107421875,,31686.33203125,,8.0,,3.0886316299438477,,0.0,,3.0886316299438477,,2348.7197265625,,295.8882141113281,,234.16937255859375,,124.4053955078125,,30563.796875,,5.995833873748779,,0.52734375,,31689.419921875,,31689.419921875,,0.47265625,,256.0,,0.251953125,,0.26658910512924194,,0.01171875,,,,,,,,,,,,,,
2,37049,,-0.25164830684661865,,813.6005859375,,2750.33349609375,,8.0,,3.0560171604156494,,0.125,,3.0560171604156494,,2336.3046875,,363.1998596191406,,230.7858123779297,,100.8813247680664,,1936.7327880859375,,-7.057897090911865,,0.56640625,,2753.389404296875,,2753.389404296875,,0.43359375,,256.0,,0.234375,,0.21178746223449707,,0.0,,,,,,,,,,,,,,
2,37099,,-0.2654885947704315,,836.027587890625,,2768.73876953125,,8.0,,2.899789810180664,,0.125,,2.899789810180664,,2204.933837890625,,588.6546630859375,,272.1765441894531,,135.89788818359375,,1932.7113037109375,,-6.441235065460205,,0.5234375,,2771.638671875,,2771.638671875,,0.4765625,,256.0,,0.32421875,,0.26714304089546204,,0.0,,,,,,,,,,,,,,
2,37149,,-0.2561447322368622,,982.0772094726562,,2719.803955078125,,8.0,,2.9994957447052,,0.375,,2.9994957447052,,2137.560546875,,348.34796142578125,,268.39825439453125,,133.72174072265625,,1737.726806640625,,-3.1200835704803467,,0.49609375,,2722.803466796875,,2722.803466796875,,0.50390625,,256.0,,0.3515625,,0.34110432863235474,,0.0,,,,,,,,,,,,,,
2,37199,,-0.25852376222610474,,809.0706787109375,,2147.09521484375,,8.0,,3.3428752422332764,,0.0,,3.3428752422332764,,2071.508056640625,,484.2676086425781,,301.30126953125,,130.17672729492188,,1338.0244140625,,-5.848262310028076,,0.5,,2150.43798828125,,2150.43798828125,,0.5,,256.0,,0.333984375,,0.31638723611831665,,0.0,,,,,,,,,,,,,,
2,37249,,-0.25663697719573975,,1120.30322265625,,48179.21484375,,8.0,,2.817039966583252,,0.25,,2.817039966583252,,2030.6187744140625,,567.9952392578125,,269.76776123046875,,120.66107177734375,,47058.91015625,,8.113439559936523,,0.5078125,,48182.03125,,48182.03125,,0.4921875,,256.0,,0.328125,,0.33711254596710205,,0.00390625,,,,,,,,,,,,,,
2,37299,,-0.2652122378349304,,1263.220703125,,66080.5,,8.0,,3.0872554779052734,,0.125,,3.0872554779052734,,1662.033447265625,,668.5551147460938,,319.2555236816406,,80.11460876464844,,64817.27734375,,17.544422149658203,,0.5625,,66083.5859375,,66083.5859375,,0.4375,,256.0,,0.294921875,,0.33592161536216736,,0.0078125,,,,,,,,,,,,,,
2,37349,,-0.2682480812072754,,1232.0244140625,,80496.875,,8.0,,3.040194034576416,,0.125,,3.040194034576416,,2187.24365234375,,270.6582336425781,,234.58316040039062,,126.13923645019531,,79264.8515625,,27.3500919342041,,0.5,,80499.9140625,,80499.9140625,,0.5,,256.0,,0.21484375,,0.19326601922512054,,0.015625,,,,,,,,,,,,,,
2,37399,,-0.26131367683410645,,868.2052001953125,,2480.408203125,,8.0,,3.0493597984313965,,0.25,,3.0493597984313965,,2366.58203125,,355.3406066894531,,237.92425537109375,,135.40652465820312,,1612.2030029296875,,0.9971769452095032,,0.4921875,,2483.45751953125,,2483.45751953125,,0.5078125,,256.0,,0.296875,,0.2647557854652405,,0.00390625,,,,,,,,,,,,,,
2,37449,,-0.25409647822380066,,1103.037109375,,43282.9140625,,8.0,,3.0603113174438477,,0.25,,3.0603113174438477,,2166.7470703125,,498.3221740722656,,238.37423706054688,,128.13607788085938,,42179.87890625,,9.647592544555664,,0.51953125,,43285.97265625,,43285.97265625,,0.48046875,,256.0,,0.212890625,,0.21659716963768005,,0.00390625,,,,,,,,,,,,,,
2,37499,,-0.2526538372039795,,1166.5751953125,,81154.546875,,8.0,,3.1212382316589355,,0.0,,3.1212382316589355,,1911.622314453125,,627.564453125,,286.91815185546875,,125.055419921875,,79987.96875,,19.915407180786133,,0.53125,,81157.671875,,81157.671875,,0.46875,,256.0,,0.251953125,,0.2360430657863617,,0.0078125,,,,,,,,,,,,,,
2,37549,,-0.245348259806633,,801.6801147460938,,2286.599609375,,8.0,,3.049252986907959,,0.125,,3.049252986907959,,2290.4892578125,,534.4542846679688,,201.71490478515625,,107.21292114257812,,1484.91943359375,,-3.016803741455078,,0.46484375,,2289.64892578125,,2289.64892578125,,0.53515625,,256.0,,0.2333984375,,0.24267253279685974,,0.0,,,,,,,,,,,,,,
2,37599,,-0.2496030330657959,,938.7263793945312,,30916.0,,8.0,,3.239352226257324,,0.0,,3.239352226257324,,2423.96875,,318.2253112792969,,143.39816284179688,,90.8155517578125,,29977.2734375,,7.896098613739014,,0.50390625,,30919.240234375,,30919.240234375,,0.49609375,,256.0,,0.0859375,,0.1584702581167221,,0.00390625,,,,,,,,,,,,,,
2,37649,,-0.2690057158470154,,1058.1744384765625,,2503.14013671875,,8.0,,3.1388301849365234,,0.0,,3.1388301849365234,,2276.09326171875,,192.38551330566406,,273.76690673828125,,147.84353637695312,,1444.9656982421875,,-6.526270389556885,,0.484375,,2506.279052734375,,2506.279052734375,,0.515625,,256.0,,0.322265625,,0.27009153366088867,,0.0078125,,,,,,,,,,,,,,
2,37699,,-0.2664353847503662,,818.3566284179688,,2676.593505859375,,8.0,,3.117234945297241,,0.125,,3.117234945297241,,2116.552978515625,,501.4850769042969,,235.33053588867188,,124.57965850830078,,1858.23681640625,,-2.5373311042785645,,0.5390625,,2679.710693359375,,2679.710693359375,,0.4609375,,256.0,,0.2236328125,,0.20589792728424072,,0.0,,,,,,,,,,,,,,
2,37749,,-0.25136035680770874,,861.2129516601562,,2926.594482421875,,8.0,,3.0521793365478516,,0.25,,3.0521793365478516,,2339.37109375,,319.9223327636719,,249.8307647705078,,136.03550720214844,,2065.381591796875,,-3.3247876167297363,,0.5234375,,2929.646728515625,,2929.646728515625,,0.4765625,,256.0,,0.267578125,,0.2802351415157318,,0.0,,,,,,,,,,,,,,
2,37799,,-0.25677189230918884,,1282.934326171875,,61373.79296875,,8.0,,3.154261827468872,,0.375,,3.154261827468872,,2168.274169921875,,615.3958129882812,,209.42166137695312,,121.86422729492188,,60090.859375,,14.960606575012207,,0.4609375,,61376.9453125,,61376.9453125,,0.5390625,,256.0,,0.189453125,,0.20316147804260254,,0.01171875,,,,,,,,,,,,,,
2,37849,,-0.26691681146621704,,779.2869873046875,,2324.66650390625,,8.0,,3.031264305114746,,0.125,,3.031264305114746,,2165.22509765625,,584.472900390625,,216.28042602539062,,124.15213012695312,,1545.379638671875,,-3.933377504348755,,0.4921875,,2327.69775390625,,2327.69775390625,,0.5078125,,256.0,,0.2353515625,,0.2597949206829071,,0.0,,,,,,,,,,,,,,
2,37899,,-0.25710833072662354,,1230.000732421875,,77318.1953125,,8.0,,3.1265127658843994,,0.0,,3.1265127658843994,,2081.2451171875,,417.7581481933594,,314.26739501953125,,119.50642395019531,,76088.1953125,,20.4276123046875,,0.4921875,,77321.3203125,,77321.3203125,,0.5078125,,256.0,,0.11474609375,,0.12623851001262665,,0.0078125,,,,,,,,,,,,,,
2,37949,,-0.25464391708374023,,1050.240478515625,,43246.40234375,,8.0,,3.191584348678589,,0.0,,3.191584348678589,,2137.451171875,,595.4771118164062,,235.4098358154297,,126.48954010009766,,42196.16015625,,15.63684368133545,,0.51171875,,43249.59375,,43249.59375,,0.48828125,,256.0,,0.267578125,,0.26138031482696533,,0.00390625,,,,,,,,,,,,,,
2,37999,,-0.26509150862693787,,1105.6854248046875,,70019.71875,,8.0,,3.247511386871338,,0.0,,3.247511386871338,,2262.84326171875,,477.320068359375,,213.99411010742188,,105.50251770019531,,68914.03125,,25.679012298583984,,0.48046875,,70022.96875,,70022.96875,,0.51953125,,256.0,,0.283203125,,0.2649156451225281,,0.01171875,,,,,,,,,,,,,,
2,38049,,-0.2631237208843231,,1088.6400146484375,,42892.56640625,,8.0,,3.1846399307250977,,0.0,,3.1846399307250977,,2117.43798828125,,630.0394287109375,,265.301513671875,,108.23342895507812,,41803.92578125,,11.34500789642334,,0.51953125,,42895.75,,42895.75,,0.48046875,,256.0,,0.1865234375,,0.13378171622753143,,0.0078125,,,,,,,,,,,,,,
2,38099,,-0.2606356143951416,,911.8547973632812,,2057.98828125,,8.0,,3.2131924629211426,,0.0,,3.2131924629211426,,1851.8634033203125,,642.6431274414062,,320.125244140625,,105.59742736816406,,1146.133544921875,,-6.386270999908447,,0.53125,,2061.201416015625,,2061.201416015625,,0.46875,,256.0,,0.33984375,,0.33991724252700806,,0.00390625,,,,,,,,,,,,,,
2,38149,,-0.25607579946517944,,1029.3330078125,,45070.7265625,,8.0,,3.191542625427246,,0.0,,3.191542625427246,,2127.28857421875,,409.4631652832031,,217.44287109375,,114.67910766601562,,44041.39453125,,14.613323211669922,,0.42578125,,45073.91796875,,45073.91796875,,0.57421875,,256.0,,0.2275390625,,0.22675812244415283,,0.0078125,,,,,,,,,,,,,,
2,38199,,-0.26593634486198425,,1119.7763671875,,30692.9765625,,8.0,,3.1868834495544434,,0.125,,3.1868834495544434,,2449.1005859375,,175.61778259277344,,280.90008544921875,,106.74382019042969,,29573.19921875,,5.193442344665527,,0.5234375,,30696.1640625,,30696.1640625,,0.4765625,,256.0,,0.330078125,,0.3323192000389099,,0.0078125,,,,,,,,,,,,,,
2,38249,,-0.24507002532482147,,1087.627685546875,,38061.13671875,,8.0,,3.1273183822631836,,0.0,,3.1273183822631836,,2224.91064453125,,258.5556335449219,,281.2337646484375,,126.23432922363281,,36973.5078125,,2.4852006435394287,,0.4921875,,38064.265625,,38064.265625,,0.5078125,,256.0,,0.294921875,,0.3054826855659485,,0.00390625,,,,,,,,,,,,,,
2,38299,,-0.260198712348938,,1543.430908203125,,142758.625,,8.0,,3.115300178527832,,0.25,,3.115300178527832,,2380.954833984375,,453.0903625488281,,203.28927612304688,,92.26554870605469,,141215.1875,,66.30126953125,,0.53515625,,142761.734375,,142761.734375,,0.46484375,,256.0,,0.2216796875,,0.24353466928005219,,0.015625,,,,,,,,,,,,,,
2,38349,,-0.2672892212867737,,1067.7041015625,,59821.98828125,,8.0,,3.092013359069824,,0.125,,3.092013359069824,,2193.595703125,,373.89788818359375,,240.68287658691406,,115.51708221435547,,58754.28515625,,26.427642822265625,,0.58984375,,59825.08203125,,59825.08203125,,0.41015625,,256.0,,0.28125,,0.2536754310131073,,0.0078125,,,,,,,,,,,,,,
2,38387,,,,,,,,,,,,,,,,,,,,,,,,,,,,,,,,,,,,,,,,,,,-0.2606545090675354,900.3637084960938,7018.5263671875,0.0,6118.16259765625,1.1245290040969849,0.4998077154159546,900.3637084960938,7018.5263671875,0.5001922845840454,255.98416137695312,0.2636975347995758,0.2392931580543518,0.0010014981962740421
2,38387,-0.2607288062572479,,1008.8775634765625,,25644.583984375,,8.0,,3.1317696571350098,,0.09079009294509888,,3.1317696571350098,,2223.38037109375,,411.041259765625,,249.39027404785156,,118.27320098876953,,24635.67578125,,6.430131912231445,,0.49988675117492676,,25647.693359375,,25647.693359375,,0.5001132488250732,,256.0,,0.2468637377023697,,0.24121496081352234,,0.005099249538034201,,,,,,,,,,,,,,,
3,38399,,-0.25856584310531616,,921.8184814453125,,38004.22265625,,8.0,,3.0592434406280518,,0.125,,3.0592434406280518,,2278.436767578125,,238.65086364746094,,205.36669921875,,109.12547302246094,,37082.40234375,,4.733577728271484,,0.48828125,,38007.28125,,38007.28125,,0.51171875,,256.0,,0.224609375,,0.2510082721710205,,0.00390625,,,,,,,,,,,,,,
3,38449,,-0.26125913858413696,,1051.694580078125,,34459.328125,,8.0,,2.9088425636291504,,0.375,,2.9088425636291504,,2326.72265625,,361.4342041015625,,258.3201599121094,,124.53120422363281,,33407.6328125,,8.964433670043945,,0.51953125,,34462.23828125,,34462.23828125,,0.48046875,,256.0,,0.30078125,,0.2760388255119324,,0.00390625,,,,,,,,,,,,,,
3,38499,,-0.2624807059764862,,813.4959716796875,,2312.6611328125,,8.0,,3.38588285446167,,0.0,,3.38588285446167,,2124.48681640625,,267.7388000488281,,298.16912841796875,,101.14454650878906,,1499.165283203125,,-3.069117546081543,,0.52734375,,2316.047119140625,,2316.047119140625,,0.47265625,,256.0,,0.2265625,,0.2660216987133026,,0.0,,,,,,,,,,,,,,
3,38549,,-0.26623836159706116,,1244.3834228515625,,64359.54296875,,8.0,,3.3664028644561768,,0.0,,3.3664028644561768,,2030.59765625,,430.4377136230469,,270.05780029296875,,123.67765045166016,,63115.16015625,,19.579748153686523,,0.58203125,,64362.91015625,,64362.91015625,,0.41796875,,256.0,,0.302734375,,0.30470919609069824,,0.01171875,,,,,,,,,,,,,,
3,38599,,-0.2488098442554474,,871.0543212890625,,2980.8271484375,,8.0,,3.3016157150268555,,0.125,,3.3016157150268555,,2411.8037109375,,344.4610290527344,,205.56884765625,,138.27760314941406,,2109.77294921875,,-0.8601894378662109,,0.5,,2984.128662109375,,2984.128662109375,,0.5,,256.0,,0.306640625,,0.28862300515174866,,0.00390625,,,,,,,,,,,,,,
3,38649,,-0.25740593671798706,,1109.7218017578125,,55138.56640625,,8.0,,3.0019583702087402,,0.0,,3.0019583702087402,,2246.47607421875,,266.8980407714844,,229.56007385253906,,129.76461791992188,,54028.84375,,25.467235565185547,,0.515625,,55141.5703125,,55141.5703125,,0.484375,,256.0,,0.2099609375,,0.18310999870300293,,0.0078125,,,,,,,,,,,,,,
3,38699,,-0.2601252794265747,,947.152099609375,,2239.00390625,,8.0,,3.291242837905884,,0.0,,3.291242837905884,,2035.1024169921875,,329.8804626464844,,246.50245666503906,,93.96784973144531,,1291.8516845703125,,-6.106442451477051,,0.49609375,,2242.295166015625,,2242.295166015625,,0.50390625,,256.0,,0.263671875,,0.30097296833992004,,0.01171875,,,,,,,,,,,,,,
3,38749,,-0.2549770772457123,,826.197509765625,,2334.83251953125,,8.0,,3.0361480712890625,,0.0,,3.0361480712890625,,2181.43603515625,,540.215576171875,,262.60760498046875,,137.7060546875,,1508.6351318359375,,-9.761675834655762,,0.50390625,,2337.86865234375,,2337.86865234375,,0.49609375,,256.0,,0.251953125,,0.27759265899658203,,0.0,,,,,,,,,,,,,,
3,38799,,-0.24801509082317352,,799.7363891601562,,2568.6337890625,,8.0,,3.183018207550049,,0.125,,3.183018207550049,,2166.712890625,,352.11822509765625,,270.6604919433594,,127.78144836425781,,1768.8973388671875,,-5.495445728302002,,0.5546875,,2571.81689453125,,2571.81689453125,,0.4453125,,256.0,,0.30859375,,0.3025638461112976,,0.0,,,,,,,,,,,,,,
3,38849,,-0.25242388248443604,,961.7825927734375,,2690.16748046875,,8.0,,3.0100793838500977,,0.25,,3.0100793838500977,,2050.64404296875,,428.3280029296875,,267.50872802734375,,96.19109344482422,,1728.3848876953125,,-3.1967668533325195,,0.46484375,,2693.177490234375,,2693.177490234375,,0.53515625,,256.0,,0.34765625,,0.32860687375068665,,0.0078125,,,,,,,,,,,,,,
3,38899,,-0.25719499588012695,,854.8878173828125,,2374.5439453125,,8.0,,3.12894344329834,,0.0,,3.12894344329834,,2200.916259765625,,201.0854949951172,,186.03167724609375,,123.1480712890625,,1519.65625,,-4.298782825469971,,0.4609375,,2377.6728515625,,2377.6728515625,,0.5390625,,256.0,,0.203125,,0.17925481498241425,,0.00390625,,,,,,,,,,,,,,
3,38949,,-0.2610210180282593,,1090.5556640625,,44112.6796875,,8.0,,3.083773612976074,,0.25,,3.083773612976074,,2149.37939453125,,495.6326599121094,,227.34326171875,,134.5606231689453,,43022.125,,15.563019752502441,,0.50390625,,44115.76171875,,44115.76171875,,0.49609375,,256.0,,0.337890625,,0.35578951239585876,,0.00390625,,,,,,,,,,,,,,
3,38999,,-0.26144176721572876,,1040.6236572265625,,41081.53125,,8.0,,3.111518383026123,,0.125,,3.111518383026123,,2481.239990234375,,304.42486572265625,,166.9330291748047,,100.58672332763672,,40040.90625,,14.061944007873535,,0.46484375,,41084.64453125,,41084.64453125,,0.53515625,,256.0,,0.20703125,,0.1866389364004135,,0.00390625,,,,,,,,,,,,,,
3,39049,,-0.26609715819358826,,975.5736083984375,,2627.6826171875,,8.0,,3.2281689643859863,,0.0,,3.2281689643859863,,2370.578369140625,,347.7236022949219,,235.72897338867188,,119.07838439941406,,1652.109130859375,,-1.7122784852981567,,0.546875,,2630.910888671875,,2630.910888671875,,0.453125,,256.0,,0.345703125,,0.3364621102809906,,0.00390625,,,,,,,,,,,,,,
3,39099,,-0.25883588194847107,,946.3590087890625,,3855.65625,,8.0,,3.2141103744506836,,0.0,,3.2141103744506836,,2265.0595703125,,492.34454345703125,,210.17726135253906,,118.05997467041016,,2909.29736328125,,-9.38630485534668,,0.453125,,3858.870361328125,,3858.870361328125,,0.546875,,256.0,,0.240234375,,0.19774535298347473,,0.00390625,,,,,,,,,,,,,,
3,39149,,-0.2538796067237854,,829.8243408203125,,2431.83056640625,,8.0,,3.239100217819214,,0.125,,3.239100217819214,,2479.53271484375,,342.841552734375,,303.6895446777344,,115.13336181640625,,1602.0062255859375,,-1.1334800720214844,,0.44140625,,2435.069580078125,,2435.069580078125,,0.55859375,,256.0,,0.2578125,,0.26306504011154175,,0.0,,,,,,,,,,,,,,
3,39199,,-0.2635067105293274,,979.3119506835938,,2938.5703125,,8.0,,3.031768321990967,,0.25,,3.031768321990967,,2082.82177734375,,458.12420654296875,,229.73696899414062,,112.9403305053711,,1959.2584228515625,,0.6016730070114136,,0.4921875,,2941.60205078125,,2941.60205078125,,0.5078125,,256.0,,0.314453125,,0.2654764652252197,,0.00390625,,,,,,,,,,,,,,
3,39249,,-0.24964335560798645,,992.8143920898438,,28852.267578125,,8.0,,3.1023006439208984,,0.0,,3.1023006439208984,,2432.7802734375,,308.7265319824219,,219.38470458984375,,107.47993469238281,,27859.453125,,16.0906925201416,,0.53125,,28855.369140625,,28855.369140625,,0.46875,,256.0,,0.251953125,,0.24180448055267334,,0.0078125,,,,,,,,,,,,,,
3,39299,,-0.2574247121810913,,1180.553466796875,,37756.140625,,8.0,,3.096163749694824,,0.0,,3.096163749694824,,2113.98974609375,,326.2421875,,227.12510681152344,,120.72260284423828,,36575.5859375,,5.535391330718994,,0.484375,,37759.23828125,,37759.23828125,,0.515625,,256.0,,0.251953125,,0.2847135663032532,,0.015625,,,,,,,,,,,,,,
3,39349,,-0.25758957862854004,,997.6857299804688,,35169.484375,,8.0,,3.010843276977539,,0.125,,3.010843276977539,,2318.81494140625,,237.37319946289062,,249.49923706054688,,125.59220123291016,,34171.796875,,14.149653434753418,,0.52734375,,35172.49609375,,35172.49609375,,0.47265625,,256.0,,0.1328125,,0.12004947662353516,,0.00390625,,,,,,,,,,,,,,
3,39399,,-0.25807899236679077,,799.5223388671875,,3118.00732421875,,8.0,,3.008774757385254,,0.375,,3.008774757385254,,2536.0380859375,,229.6561737060547,,131.99234008789062,,93.85051727294922,,2318.485107421875,,-11.884472846984863,,0.48828125,,3121.01611328125,,3121.01611328125,,0.51171875,,256.0,,0.244140625,,0.2786412835121155,,0.0,,,,,,,,,,,,,,
3,39449,,-0.26447147130966187,,862.900146484375,,2664.994140625,,8.0,,3.200354814529419,,0.0,,3.200354814529419,,2076.5625,,503.86602783203125,,264.3944091796875,,112.79080963134766,,1802.0938720703125,,-0.4774911403656006,,0.52734375,,2668.194580078125,,2668.194580078125,,0.47265625,,256.0,,0.251953125,,0.2585570812225342,,0.0,,,,,,,,,,,,,,
3,39499,,-0.2643001079559326,,1448.74951171875,,109951.6171875,,8.0,,2.962113857269287,,0.25,,2.962113857269287,,2291.6123046875,,231.3365478515625,,263.0308837890625,,110.91258239746094,,108502.8671875,,46.54327392578125,,0.51171875,,109954.578125,,109954.578125,,0.48828125,,256.0,,0.0947265625,,0.13025709986686707,,0.015625,,,,,,,,,,,,,,
3,39549,,-0.26023930311203003,,874.8616333007812,,2423.884521484375,,8.0,,3.0166385173797607,,0.25,,3.0166385173797607,,2161.1015625,,307.9778747558594,,271.814697265625,,136.49278259277344,,1549.0228271484375,,-1.5799047946929932,,0.4609375,,2426.901123046875,,2426.901123046875,,0.5390625,,256.0,,0.201171875,,0.21906718611717224,,0.00390625,,,,,,,,,,,,,,
3,39599,,-0.2712197005748749,,995.2035522460938,,34241.8203125,,8.0,,3.093256950378418,,0.0,,3.093256950378418,,1724.048095703125,,712.4147338867188,,306.98583984375,,99.521240234375,,33246.6171875,,13.856083869934082,,0.49609375,,34244.9140625,,34244.9140625,,0.50390625,,256.0,,0.1875,,0.1608988642692566,,0.00390625,,,,,,,,,,,,,,
3,39649,,-0.2764403223991394,,861.8990478515625,,2907.013671875,,8.0,,3.1064956188201904,,0.0,,3.1064956188201904,,2421.38720703125,,307.2460632324219,,174.18179321289062,,102.82892608642578,,2045.114501953125,,-3.891016960144043,,0.45703125,,2910.1201171875,,2910.1201171875,,0.54296875,,256.0,,0.1845703125,,0.18531934916973114,,0.0,,,,,,,,,,,,,,
3,39699,,-0.26583337783813477,,1077.2989501953125,,50364.30859375,,8.0,,2.9396517276763916,,0.375,,2.9396517276763916,,2423.50048828125,,257.2558898925781,,271.5592041015625,,131.35951232910156,,49287.0078125,,14.078255653381348,,0.4375,,50367.25,,50367.25,,0.5625,,256.0,,0.1494140625,,0.13708852231502533,,0.00390625,,,,,,,,,,,,,,
3,39749,,-0.27481579780578613,,910.2861328125,,3081.8115234375,,8.0,,3.041471004486084,,0.125,,3.041471004486084,,2133.237548828125,,441.2759704589844,,261.83160400390625,,109.63780212402344,,2171.525390625,,-3.369196891784668,,0.4375,,3084.85302734375,,3084.85302734375,,0.5625,,256.0,,0.1884765625,,0.16863012313842773,,0.00390625,,,,,,,,,,,,,,
3,39799,,-0.26157137751579285,,1004.4652099609375,,31680.7109375,,8.0,,2.9984426498413086,,0.125,,2.9984426498413086,,2306.140380859375,,472.1998291015625,,272.8805847167969,,120.31757354736328,,30676.24609375,,12.00949764251709,,0.5546875,,31683.708984375,,31683.708984375,,0.4453125,,256.0,,0.37890625,,0.3077051341533661,,0.0078125,,,,,,,,,,,,,,
3,39849,,-0.2488216757774353,,1293.233642578125,,113229.8671875,,8.0,,3.121002197265625,,0.0,,3.121002197265625,,2128.171875,,270.3940124511719,,280.89776611328125,,104.46419525146484,,111936.6328125,,41.214942932128906,,0.50390625,,113232.984375,,113232.984375,,0.49609375,,256.0,,0.2578125,,0.26789504289627075,,0.01171875,,,,,,,,,,,,,,
3,39899,,-0.27918383479118347,,897.096923828125,,2698.883544921875,,8.0,,3.1336913108825684,,0.125,,3.1336913108825684,,2136.407958984375,,441.70257568359375,,266.9853210449219,,113.35692596435547,,1801.78662109375,,-6.616750240325928,,0.5234375,,2702.017333984375,,2702.017333984375,,0.4765625,,256.0,,0.337890625,,0.29159456491470337,,0.00390625,,,,,,,,,,,,,,
3,39949,,-0.26493704319000244,,766.6134643554688,,2393.022705078125,,8.0,,3.1396896839141846,,0.125,,3.1396896839141846,,2514.555419921875,,288.2086181640625,,195.56349182128906,,140.14468383789062,,1626.4091796875,,-10.84792709350586,,0.53515625,,2396.162353515625,,2396.162353515625,,0.46484375,,256.0,,0.40234375,,0.3442709445953369,,0.0,,,,,,,,,,,,,,
3,39999,,-0.26211369037628174,,844.265625,,2426.6806640625,,8.0,,3.2232301235198975,,0.0,,3.2232301235198975,,2209.75146484375,,292.2658386230469,,260.2322998046875,,133.45138549804688,,1582.4151611328125,,0.6731217503547668,,0.50390625,,2429.90380859375,,2429.90380859375,,0.49609375,,256.0,,0.265625,,0.26523828506469727,,0.00390625,,,,,,,,,,,,,,
3,40049,,-0.2482711523771286,,1109.45166015625,,41162.78515625,,8.0,,3.2126855850219727,,0.0,,3.2126855850219727,,2188.73388671875,,388.04144287109375,,279.11492919921875,,125.33001708984375,,40053.33203125,,21.332948684692383,,0.5,,41165.99609375,,41165.99609375,,0.5,,256.0,,0.34375,,0.326508104801178,,0.0078125,,,,,,,,,,,,,,
3,40099,,-0.2674148678779602,,960.271240234375,,2334.9521484375,,8.0,,3.098111629486084,,0.125,,3.098111629486084,,2334.87744140625,,308.1600341796875,,257.57525634765625,,130.3960723876953,,1374.680908203125,,0.42300117015838623,,0.51953125,,2338.05029296875,,2338.05029296875,,0.48046875,,256.0,,0.380859375,,0.33055615425109863,,0.0078125,,,,,,,,,,,,,,
3,40149,,-0.2616139054298401,,872.65625,,2229.2099609375,,8.0,,3.2337331771850586,,0.0,,3.2337331771850586,,2215.0068359375,,192.78524780273438,,211.414794921875,,124.43226623535156,,1356.5537109375,,-5.141016960144043,,0.5234375,,2232.443603515625,,2232.443603515625,,0.4765625,,256.0,,0.3359375,,0.34333536028862,,0.0,,,,,,,,,,,,,,
3,40199,,-0.26244714856147766,,987.4459228515625,,33645.0234375,,8.0,,3.287747383117676,,0.125,,3.287747383117676,,2027.04931640625,,513.8145141601562,,262.902099609375,,110.69388580322266,,32657.578125,,13.176088333129883,,0.46875,,33648.3125,,33648.3125,,0.53125,,256.0,,0.267578125,,0.31161707639694214,,0.00390625,,,,,,,,,,,,,,
3,40249,,-0.24780993163585663,,872.1817626953125,,2616.57421875,,8.0,,3.0550074577331543,,0.0,,3.0550074577331543,,2519.579345703125,,240.7345733642578,,227.41781616210938,,107.35712432861328,,1744.392578125,,-8.992531776428223,,0.49609375,,2619.629150390625,,2619.629150390625,,0.50390625,,256.0,,0.251953125,,0.20064008235931396,,0.0,,,,,,,,,,,,,,
3,40299,,-0.26608628034591675,,1118.600830078125,,68411.5,,8.0,,3.088677167892456,,0.0,,3.088677167892456,,2100.4453125,,437.2478332519531,,296.9113464355469,,108.83414459228516,,67292.8984375,,30.48582649230957,,0.4765625,,68414.5859375,,68414.5859375,,0.5234375,,256.0,,0.291015625,,0.29810696840286255,,0.0078125,,,,,,,,,,,,,,
3,40349,,-0.25310081243515015,,990.1309814453125,,31113.744140625,,8.0,,3.1929638385772705,,0.0,,3.1929638385772705,,2099.33447265625,,669.7351684570312,,259.48223876953125,,146.73721313476562,,30123.61328125,,8.314067840576172,,0.48828125,,31116.9375,,31116.9375,,0.51171875,,256.0,,0.171875,,0.1653997302055359,,0.01171875,,,,,,,,,,,,,,
3,40399,,-0.2575664222240448,,889.2857666015625,,2317.4267578125,,8.0,,3.146273612976074,,0.125,,3.146273612976074,,2038.965576171875,,447.93365478515625,,304.05303955078125,,103.79000854492188,,1428.140869140625,,-0.3172203600406647,,0.53125,,2320.572998046875,,2320.572998046875,,0.46875,,256.0,,0.208984375,,0.22664198279380798,,0.0,,,,,,,,,,,,,,
3,40449,,-0.2550220489501953,,1125.1417236328125,,33976.4453125,,8.0,,3.266801595687866,,0.0,,3.266801595687866,,2184.85498046875,,618.6865844726562,,270.1701354980469,,135.24847412109375,,32851.3046875,,18.95421600341797,,0.4765625,,33979.7109375,,33979.7109375,,0.5234375,,256.0,,0.16015625,,0.18824872374534607,,0.01171875,,,,,,,,,,,,,,
3,40499,,-0.2544328570365906,,834.8531494140625,,2793.484130859375,,8.0,,3.116549015045166,,0.125,,3.116549015045166,,2085.35986328125,,559.7699584960938,,244.78810119628906,,146.667236328125,,1958.6309814453125,,-5.990784168243408,,0.46484375,,2796.6005859375,,2796.6005859375,,0.53515625,,256.0,,0.201171875,,0.17661020159721375,,0.0,,,,,,,,,,,,,,
3,40549,,-0.25926488637924194,,948.0135498046875,,33847.20703125,,8.0,,3.0737462043762207,,0.125,,3.0737462043762207,,1855.31884765625,,478.41455078125,,309.09051513671875,,108.6736831665039,,32899.1953125,,-3.2775514125823975,,0.49609375,,33850.28125,,33850.28125,,0.50390625,,256.0,,0.1923828125,,0.2101670205593109,,0.00390625,,,,,,,,,,,,,,
3,40599,,-0.26860126852989197,,836.94140625,,2711.953125,,8.0,,3.0943140983581543,,0.25,,3.0943140983581543,,2358.60986328125,,457.5981750488281,,223.41586303710938,,120.40885925292969,,1875.0118408203125,,1.368364691734314,,0.4921875,,2715.04736328125,,2715.04736328125,,0.5078125,,256.0,,0.2412109375,,0.2358183115720749,,0.0,,,,,,,,,,,,,,
3,40649,,-0.24162769317626953,,982.6825561523438,,36191.3671875,,8.0,,3.1544265747070312,,0.0,,3.1544265747070312,,2323.92578125,,400.36322021484375,,198.21153259277344,,117.65585327148438,,35208.68359375,,12.276206970214844,,0.484375,,36194.5234375,,36194.5234375,,0.515625,,256.0,,0.08984375,,0.0748683363199234,,0.00390625,,,,,,,,,,,,,,
3,40699,,-0.2513962686061859,,891.3541259765625,,2370.22705078125,,8.0,,3.262636661529541,,0.125,,3.262636661529541,,2135.666259765625,,668.9051513671875,,316.2535400390625,,111.18034362792969,,1478.873046875,,-4.657458782196045,,0.49609375,,2373.48974609375,,2373.48974609375,,0.50390625,,256.0,,0.2060546875,,0.19529268145561218,,0.0,,,,,,,,,,,,,,
3,40749,,-0.2620244026184082,,999.241943359375,,45176.4921875,,8.0,,3.115671157836914,,0.0,,3.115671157836914,,2283.59228515625,,523.8152465820312,,218.87107849121094,,126.71954345703125,,44177.25,,13.966291427612305,,0.484375,,45179.609375,,45179.609375,,0.515625,,256.0,,0.2265625,,0.2822493314743042,,0.00390625,,,,,,,,,,,,,,
3,40799,,-0.27323806285858154,,1099.9281005859375,,41028.6484375,,8.0,,3.2890334129333496,,0.0,,3.2890334129333496,,1878.9619140625,,527.9758911132812,,306.46221923828125,,106.10287475585938,,39928.71875,,5.9890594482421875,,0.51171875,,41031.9375,,41031.9375,,0.48828125,,256.0,,0.2314453125,,0.2232695072889328,,0.00390625,,,,,,,,,,,,,,
3,40849,,-0.24405638873577118,,1025.829833984375,,53407.5859375,,8.0,,3.102850914001465,,0.0,,3.102850914001465,,2235.01513671875,,384.28912353515625,,244.35763549804688,,132.1410369873047,,52381.7578125,,17.465612411499023,,0.484375,,53410.6875,,53410.6875,,0.515625,,256.0,,0.21484375,,0.2303026169538498,,0.00390625,,,,,,,,,,,,,,
3,40899,,-0.2546645402908325,,958.6514892578125,,40848.41796875,,8.0,,3.1338658332824707,,0.0,,3.1338658332824707,,2187.472900390625,,518.5833740234375,,245.29458618164062,,101.5167007446289,,39889.765625,,5.863544940948486,,0.4921875,,40851.55078125,,40851.55078125,,0.5078125,,256.0,,0.158203125,,0.15749141573905945,,0.00390625,,,,,,,,,,,,,,
3,40949,,-0.26299530267715454,,1106.5439453125,,42445.5625,,8.0,,3.1365199089050293,,0.25,,3.1365199089050293,,2473.8125,,330.8435363769531,,227.97604370117188,,114.91461944580078,,41339.01953125,,17.005916595458984,,0.51953125,,42448.69921875,,42448.69921875,,0.48046875,,256.0,,0.2890625,,0.25077587366104126,,0.00390625,,,,,,,,,,,,,,
3,40999,,-0.2564590573310852,,828.61279296875,,2280.81494140625,,8.0,,3.039555072784424,,0.25,,3.039555072784424,,2550.11572265625,,315.6264343261719,,206.72763061523438,,109.56553649902344,,1452.2022705078125,,-3.8810462951660156,,0.51171875,,2283.8544921875,,2283.8544921875,,0.48828125,,256.0,,0.1728515625,,0.203988716006279,,0.0,,,,,,,,,,,,,,
3,41049,,-0.26223117113113403,,973.3453979492188,,28472.263671875,,8.0,,2.9393935203552246,,0.125,,2.9393935203552246,,2369.8759765625,,219.44827270507812,,211.65899658203125,,124.6583251953125,,27498.91796875,,12.645634651184082,,0.57421875,,28475.203125,,28475.203125,,0.42578125,,256.0,,0.275390625,,0.24522048234939575,,0.00390625,,,,,,,,,,,,,,
3,41099,,-0.267605185508728,,835.35302734375,,2728.05517578125,,8.0,,3.095590829849243,,0.375,,3.095590829849243,,2494.60986328125,,292.44207763671875,,178.19406127929688,,120.75621032714844,,1892.7022705078125,,0.9110537171363831,,0.4765625,,2731.15087890625,,2731.15087890625,,0.5234375,,256.0,,0.2041015625,,0.149372398853302,,0.0,,,,,,,,,,,,,,
3,41149,,-0.25941139459609985,,968.3939819335938,,2966.39404296875,,8.0,,3.005190849304199,,0.125,,3.005190849304199,,2223.0341796875,,302.59625244140625,,282.7475280761719,,120.21308898925781,,1998.0001220703125,,-7.810791492462158,,0.453125,,2969.399169921875,,2969.399169921875,,0.546875,,256.0,,0.2216796875,,0.2146032303571701,,0.00390625,,,,,,,,,,,,,,
3,41199,,-0.2499222755432129,,1087.47265625,,36341.875,,8.0,,2.9236745834350586,,0.375,,2.9236745834350586,,2370.9111328125,,364.52899169921875,,192.2117919921875,,107.63080596923828,,35254.40234375,,12.413668632507324,,0.49609375,,36344.796875,,36344.796875,,0.50390625,,256.0,,0.20703125,,0.2112346887588501,,0.01171875,,,,,,,,,,,,,,
3,41249,,-0.2617267370223999,,966.28271484375,,28096.4375,,8.0,,3.2326443195343018,,0.0,,3.2326443195343018,,2185.414306640625,,477.7828369140625,,301.19879150390625,,116.07064819335938,,27130.154296875,,10.83593463897705,,0.4921875,,28099.669921875,,28099.669921875,,0.5078125,,256.0,,0.1904296875,,0.20616042613983154,,0.00390625,,,,,,,,,,,,,,
3,41299,,-0.2627004086971283,,1017.3624267578125,,33342.49609375,,8.0,,3.1771950721740723,,0.0,,3.1771950721740723,,2317.42919921875,,331.7598571777344,,269.08734130859375,,118.71879577636719,,32325.1328125,,8.5946683883667,,0.484375,,33345.671875,,33345.671875,,0.515625,,256.0,,0.1455078125,,0.17143073678016663,,0.00390625,,,,,,,,,,,,,,
3,41349,,-0.2623811662197113,,801.8575439453125,,2272.54052734375,,8.0,,2.927395820617676,,0.125,,2.927395820617676,,2065.21484375,,464.24755859375,,204.10023498535156,,107.5687484741211,,1470.68310546875,,3.822929620742798,,0.52734375,,2275.468017578125,,2275.468017578125,,0.47265625,,256.0,,0.275390625,,0.25591763854026794,,0.0,,,,,,,,,,,,,,
3,41399,,-0.260219931602478,,1090.9521484375,,41830.6875,,8.0,,3.1018459796905518,,0.125,,3.1018459796905518,,2174.89404296875,,541.0692749023438,,213.9627227783203,,111.93791198730469,,40739.734375,,12.59096908569336,,0.48828125,,41833.7890625,,41833.7890625,,0.51171875,,256.0,,0.2578125,,0.239507257938385,,0.01171875,,,,,,,,,,,,,,
3,41449,,-0.25602400302886963,,1120.1219482421875,,38449.7734375,,8.0,,3.1675548553466797,,0.25,,3.1675548553466797,,2102.41796875,,539.2505493164062,,285.6859130859375,,86.75846862792969,,37329.65234375,,9.425103187561035,,0.49609375,,38452.94140625,,38452.94140625,,0.50390625,,256.0,,0.275390625,,0.25581789016723633,,0.0078125,,,,,,,,,,,,,,
3,41499,,-0.25500771403312683,,981.86181640625,,45098.1796875,,8.0,,3.1826469898223877,,0.125,,3.1826469898223877,,2136.100830078125,,444.6910705566406,,288.8994445800781,,136.58815002441406,,44116.31640625,,16.34769630432129,,0.51171875,,45101.36328125,,45101.36328125,,0.48828125,,256.0,,0.2265625,,0.1892392635345459,,0.00390625,,,,,,,,,,,,,,
3,41549,,-0.2584644556045532,,981.1600952148438,,45833.328125,,8.0,,2.9568567276000977,,0.125,,2.9568567276000977,,2063.500732421875,,396.62451171875,,252.7439727783203,,104.33989715576172,,44852.16796875,,14.791836738586426,,0.44921875,,45836.28515625,,45836.28515625,,0.55078125,,256.0,,0.1845703125,,0.19034914672374725,,0.00390625,,,,,,,,,,,,,,
3,41599,,-0.25895628333091736,,974.4447021484375,,2439.01123046875,,8.0,,3.2491135597229004,,0.125,,3.2491135597229004,,2066.212158203125,,476.61651611328125,,275.282470703125,,132.51608276367188,,1464.5665283203125,,-1.6210390329360962,,0.53125,,2442.26025390625,,2442.26025390625,,0.46875,,256.0,,0.2099609375,,0.17545858025550842,,0.0078125,,,,,,,,,,,,,,
3,41649,,-0.25322577357292175,,969.3779296875,,48967.44140625,,8.0,,3.2405481338500977,,0.0,,3.2405481338500977,,2253.45361328125,,255.7540283203125,,247.4603271484375,,124.28987884521484,,47998.0625,,12.649530410766602,,0.49609375,,48970.68359375,,48970.68359375,,0.50390625,,256.0,,0.224609375,,0.2201177477836609,,0.00390625,,,,,,,,,,,,,,
3,41699,,-0.25799283385276794,,832.9732666015625,,2906.8681640625,,8.0,,2.973682403564453,,0.375,,2.973682403564453,,2153.716064453125,,333.3623046875,,255.97068786621094,,140.3282012939453,,2073.894775390625,,-11.822942733764648,,0.4765625,,2909.841796875,,2909.841796875,,0.5234375,,256.0,,0.2255859375,,0.22872790694236755,,0.0,,,,,,,,,,,,,,
3,41749,,-0.25499826669692993,,779.6641845703125,,2522.205322265625,,8.0,,3.0933120250701904,,0.125,,3.0933120250701904,,2315.982421875,,426.1138610839844,,215.14488220214844,,135.9907684326172,,1742.5411376953125,,-6.499925136566162,,0.4765625,,2525.298583984375,,2525.298583984375,,0.5234375,,256.0,,0.201171875,,0.2100222110748291,,0.0,,,,,,,,,,,,,,
3,41799,,-0.2651538848876953,,980.2883911132812,,32859.42578125,,8.0,,3.064805507659912,,0.0,,3.064805507659912,,2132.697265625,,369.4543762207031,,260.609130859375,,139.04339599609375,,31879.13671875,,12.594565391540527,,0.4765625,,32862.4921875,,32862.4921875,,0.5234375,,256.0,,0.271484375,,0.25602102279663086,,0.00390625,,,,,,,,,,,,,,
3,41849,,-0.25600358843803406,,980.758056640625,,33221.53515625,,8.0,,3.163712739944458,,0.125,,3.163712739944458,,2081.6650390625,,635.8765258789062,,251.29229736328125,,135.84149169921875,,32240.775390625,,13.904729843139648,,0.5390625,,33224.69921875,,33224.69921875,,0.4609375,,256.0,,0.1826171875,,0.2431587427854538,,0.00390625,,,,,,,,,,,,,,
3,41899,,-0.27172085642814636,,873.3296508789062,,2849.55615234375,,8.0,,2.951517105102539,,0.125,,2.951517105102539,,2030.227783203125,,589.3911743164062,,268.46771240234375,,101.89844512939453,,1976.2264404296875,,-9.17368221282959,,0.515625,,2852.507568359375,,2852.507568359375,,0.484375,,256.0,,0.2099609375,,0.19404403865337372,,0.0,,,,,,,,,,,,,,
3,41949,,-0.24543318152427673,,900.0689697265625,,2192.85888671875,,8.0,,3.210041046142578,,0.0,,3.210041046142578,,2047.8233642578125,,467.7032775878906,,288.82354736328125,,147.56341552734375,,1292.789794921875,,-2.621408700942993,,0.4765625,,2196.06884765625,,2196.06884765625,,0.5234375,,256.0,,0.2119140625,,0.28944382071495056,,0.0078125,,,,,,,,,,,,,,
3,41999,,-0.26318415999412537,,878.16064453125,,2603.828369140625,,8.0,,3.2058517932891846,,0.0,,3.2058517932891846,,2162.305419921875,,444.5027160644531,,285.3776550292969,,108.83290100097656,,1725.667724609375,,-3.7710812091827393,,0.49609375,,2607.0341796875,,2607.0341796875,,0.50390625,,256.0,,0.1142578125,,0.12448982894420624,,0.0,,,,,,,,,,,,,,
3,42049,,-0.26044416427612305,,1317.703857421875,,62448.49609375,,8.0,,3.1799802780151367,,0.0,,3.1799802780151367,,2294.636474609375,,399.220947265625,,245.9613800048828,,106.5986099243164,,61130.79296875,,26.57745361328125,,0.48828125,,62451.67578125,,62451.67578125,,0.51171875,,256.0,,0.11328125,,0.1288515329360962,,0.01953125,,,,,,,,,,,,,,
3,42099,,-0.2636665105819702,,948.5909423828125,,2711.44873046875,,8.0,,3.169360637664795,,0.0,,3.169360637664795,,2135.6865234375,,543.5444946289062,,230.14991760253906,,112.03145599365234,,1762.8577880859375,,1.1414355039596558,,0.4609375,,2714.6181640625,,2714.6181640625,,0.5390625,,256.0,,0.2373046875,,0.2179879993200302,,0.00390625,,,,,,,,,,,,,,
3,42149,,-0.24871443212032318,,1169.388427734375,,52971.33203125,,8.0,,3.1809630393981934,,0.0,,3.1809630393981934,,2267.63720703125,,488.2567443847656,,221.82704162597656,,128.2872772216797,,51801.9453125,,8.759920120239258,,0.52734375,,52974.51171875,,52974.51171875,,0.47265625,,256.0,,0.1875,,0.1443091183900833,,0.01171875,,,,,,,,,,,,,,
3,42199,,-0.26211243867874146,,802.9407348632812,,2423.800537109375,,8.0,,2.8677515983581543,,0.0,,2.8677515983581543,,2261.60302734375,,393.8515625,,242.42242431640625,,112.33586883544922,,1620.8597412109375,,-2.750676393508911,,0.53125,,2426.668212890625,,2426.668212890625,,0.46875,,256.0,,0.09228515625,,0.16199390590190887,,0.0,,,,,,,,,,,,,,
3,42249,,-0.27990084886550903,,1272.9991455078125,,78290.984375,,8.0,,3.198861598968506,,0.0,,3.198861598968506,,2138.228271484375,,402.356201171875,,225.07192993164062,,143.11465454101562,,77017.984375,,25.06389617919922,,0.55859375,,78294.1796875,,78294.1796875,,0.44140625,,256.0,,0.220703125,,0.20218053460121155,,0.0078125,,,,,,,,,,,,,,
3,42299,,-0.25143101811408997,,866.3519287109375,,2755.53564453125,,8.0,,3.136768341064453,,0.25,,3.136768341064453,,1991.207275390625,,536.0076293945312,,278.73736572265625,,114.19495391845703,,1889.18359375,,-8.838337898254395,,0.40234375,,2758.67236328125,,2758.67236328125,,0.59765625,,256.0,,0.11328125,,0.14158010482788086,,0.0,,,,,,,,,,,,,,
3,42349,,-0.2577512562274933,,1058.342041015625,,3000.1318359375,,8.0,,3.045966386795044,,0.125,,3.045966386795044,,2360.34228515625,,348.5076904296875,,265.6729431152344,,132.2769012451172,,1941.789794921875,,3.7064332962036133,,0.48828125,,3003.177734375,,3003.177734375,,0.51171875,,256.0,,0.1435546875,,0.1427730917930603,,0.01171875,,,,,,,,,,,,,,
3,42399,,-0.2502787709236145,,991.56591796875,,40696.03125,,8.0,,3.0963265895843506,,0.125,,3.0963265895843506,,2092.181396484375,,461.8371887207031,,257.2300109863281,,134.2108612060547,,39704.46484375,,12.534274101257324,,0.48828125,,40699.12890625,,40699.12890625,,0.51171875,,256.0,,0.1279296875,,0.1604892909526825,,0.00390625,,,,,,,,,,,,,,
3,42449,,-0.26699399948120117,,788.740966796875,,2765.845458984375,,8.0,,3.095317840576172,,0.25,,3.095317840576172,,2300.05029296875,,418.0748596191406,,244.5205841064453,,120.67838287353516,,1977.1044921875,,-0.40691226720809937,,0.5234375,,2768.940673828125,,2768.940673828125,,0.4765625,,256.0,,0.3515625,,0.35855501890182495,,0.0,,,,,,,,,,,,,,
3,42499,,-0.25612974166870117,,844.132080078125,,3118.418212890625,,8.0,,3.2976670265197754,,0.0,,3.2976670265197754,,2368.822265625,,609.4754638671875,,197.82766723632812,,105.81304168701172,,2274.2861328125,,-12.718764305114746,,0.48828125,,3121.7158203125,,3121.7158203125,,0.51171875,,256.0,,0.2275390625,,0.23097485303878784,,0.0,,,,,,,,,,,,,,
3,42549,,-0.2505882978439331,,826.7039794921875,,2678.21875,,8.0,,3.168614625930786,,0.0,,3.168614625930786,,2040.469482421875,,574.99072265625,,298.278564453125,,125.54780578613281,,1851.5146484375,,-4.140049457550049,,0.55859375,,2681.387451171875,,2681.387451171875,,0.44140625,,256.0,,0.1982421875,,0.1800597608089447,,0.0,,,,,,,,,,,,,,
3,42599,,-0.2559000253677368,,881.1475830078125,,2994.3095703125,,8.0,,2.7967188358306885,,0.5,,2.7967188358306885,,2121.958984375,,601.916015625,,267.1494445800781,,117.23318481445312,,2113.161865234375,,-7.504741668701172,,0.51171875,,2997.106201171875,,2997.106201171875,,0.48828125,,256.0,,0.2890625,,0.2734917998313904,,0.00390625,,,,,,,,,,,,,,
3,42649,,-0.26744091510772705,,918.455810546875,,1948.8173828125,,8.0,,3.153163433074951,,0.0,,3.153163433074951,,2280.103271484375,,411.663330078125,,271.32861328125,,93.80305480957031,,1030.361572265625,,4.768591403961182,,0.453125,,1951.9705810546875,,1951.9705810546875,,0.546875,,256.0,,0.12451171875,,0.17454448342323303,,0.0,,,,,,,,,,,,,,
3,42699,,-0.2527950406074524,,1138.823974609375,,72156.1015625,,8.0,,3.1824584007263184,,0.0,,3.1824584007263184,,2151.269775390625,,573.8529663085938,,229.1505126953125,,103.49598693847656,,71017.28125,,31.94049835205078,,0.48046875,,72159.28125,,72159.28125,,0.51953125,,256.0,,0.15625,,0.21567019820213318,,0.01171875,,,,,,,,,,,,,,
3,42749,,-0.2756211757659912,,1004.5283203125,,2727.87060546875,,8.0,,3.030337333679199,,0.0,,3.030337333679199,,2240.8134765625,,231.5742950439453,,225.68240356445312,,112.6732406616211,,1723.3421630859375,,-2.750336170196533,,0.453125,,2730.90087890625,,2730.90087890625,,0.546875,,256.0,,0.275390625,,0.2517581880092621,,0.01171875,,,,,,,,,,,,,,
3,42799,,-0.2525908350944519,,854.56103515625,,2524.62841796875,,8.0,,3.0827341079711914,,0.125,,3.0827341079711914,,1910.9913330078125,,689.9461059570312,,268.2882385253906,,129.39620971679688,,1670.0675048828125,,-4.963602066040039,,0.5078125,,2527.711181640625,,2527.711181640625,,0.4921875,,256.0,,0.1943359375,,0.20701472461223602,,0.0,,,,,,,,,,,,,,
3,42849,,-0.2570227384567261,,850.342041015625,,2211.62939453125,,8.0,,3.146355152130127,,0.0,,3.146355152130127,,2273.9326171875,,437.2554626464844,,235.92034912109375,,107.26724243164062,,1361.287353515625,,-9.481821060180664,,0.52734375,,2214.775634765625,,2214.775634765625,,0.47265625,,256.0,,0.2041015625,,0.1841173619031906,,0.00390625,,,,,,,,,,,,,,
3,42899,,-0.2586488723754883,,780.7203979492188,,2505.62109375,,8.0,,3.2127819061279297,,0.0,,3.2127819061279297,,2273.7060546875,,370.27447509765625,,244.9571533203125,,117.69156646728516,,1724.900634765625,,7.443804740905762,,0.47265625,,2508.833984375,,2508.833984375,,0.52734375,,256.0,,0.205078125,,0.1762552708387375,,0.0,,,,,,,,,,,,,,
3,42949,,-0.25783535838127136,,937.7552490234375,,24806.5390625,,8.0,,3.193577766418457,,0.0,,3.193577766418457,,2076.76220703125,,505.03057861328125,,262.799560546875,,139.61769104003906,,23868.783203125,,7.173202037811279,,0.52734375,,24809.732421875,,24809.732421875,,0.47265625,,256.0,,0.275390625,,0.2596442699432373,,0.00390625,,,,,,,,,,,,,,
3,42999,,-0.2490081489086151,,920.2120361328125,,30620.02734375,,8.0,,3.176250696182251,,0.0,,3.176250696182251,,2432.478759765625,,361.7350769042969,,210.12774658203125,,120.7093276977539,,29699.814453125,,-1.0103483200073242,,0.5078125,,30623.203125,,30623.203125,,0.4921875,,256.0,,0.291015625,,0.28493404388427734,,0.00390625,,,,,,,,,,,,,,
3,43049,,-0.2659725844860077,,923.3177490234375,,2536.8818359375,,8.0,,3.312939167022705,,0.0,,3.312939167022705,,2171.0693359375,,596.6874389648438,,268.342041015625,,128.0259246826172,,1613.564208984375,,-7.667964458465576,,0.4296875,,2540.19482421875,,2540.19482421875,,0.5703125,,256.0,,0.2294921875,,0.22118330001831055,,0.00390625,,,,,,,,,,,,,,
3,43099,,-0.25854942202568054,,1091.947509765625,,35351.5625,,8.0,,3.0620665550231934,,0.125,,3.0620665550231934,,2150.785888671875,,318.5953369140625,,306.0870056152344,,87.13446807861328,,34259.61328125,,8.196277618408203,,0.51953125,,35354.625,,35354.625,,0.48046875,,256.0,,0.1923828125,,0.20446184277534485,,0.015625,,,,,,,,,,,,,,
3,43149,,-0.2732740640640259,,1080.33447265625,,32474.8046875,,8.0,,3.0498809814453125,,0.25,,3.0498809814453125,,1870.3240966796875,,578.868896484375,,273.89874267578125,,101.9690933227539,,31394.470703125,,11.183686256408691,,0.546875,,32477.85546875,,32477.85546875,,0.453125,,256.0,,0.162109375,,0.1784273087978363,,0.0078125,,,,,,,,,,,,,,
3,43199,,-0.2613212764263153,,880.1998291015625,,2491.35791015625,,8.0,,3.191411018371582,,0.125,,3.191411018371582,,2375.0400390625,,376.64654541015625,,233.80630493164062,,138.67044067382812,,1611.1580810546875,,-7.148557186126709,,0.56640625,,2494.54931640625,,2494.54931640625,,0.43359375,,256.0,,0.275390625,,0.26115545630455017,,0.00390625,,,,,,,,,,,,,,
3,43249,,-0.252620667219162,,1093.286376953125,,45680.484375,,8.0,,3.1417253017425537,,0.0,,3.1417253017425537,,2044.31298828125,,516.97216796875,,236.96998596191406,,132.9086151123047,,44587.19921875,,17.413066864013672,,0.48828125,,45683.625,,45683.625,,0.51171875,,256.0,,0.2392578125,,0.2469491958618164,,0.0078125,,,,,,,,,,,,,,
3,43299,,-0.23868808150291443,,746.7144775390625,,3065.6328125,,8.0,,3.1805672645568848,,0.125,,3.1805672645568848,,2290.626953125,,580.7645874023438,,213.36441040039062,,104.49061584472656,,2318.91845703125,,-5.64180850982666,,0.50390625,,3068.8134765625,,3068.8134765625,,0.49609375,,256.0,,0.240234375,,0.22850021719932556,,0.0,,,,,,,,,,,,,,
3,43349,,-0.2642003893852234,,955.0589599609375,,39853.45703125,,8.0,,3.0803394317626953,,0.375,,3.0803394317626953,,2361.1474609375,,262.8896179199219,,224.12815856933594,,113.41346740722656,,38898.3984375,,7.729572772979736,,0.49609375,,39856.5390625,,39856.5390625,,0.50390625,,256.0,,0.138671875,,0.1509186029434204,,0.00390625,,,,,,,,,,,,,,
3,43399,,-0.2566676139831543,,1023.3585205078125,,34160.0546875,,8.0,,3.0714688301086426,,0.0,,3.0714688301086426,,2097.814208984375,,506.4580078125,,207.64540100097656,,105.3091812133789,,33136.6953125,,6.769347667694092,,0.51953125,,34163.125,,34163.125,,0.48046875,,256.0,,0.16015625,,0.13990379869937897,,0.00390625,,,,,,,,,,,,,,
3,43449,,-0.2527272403240204,,937.8756713867188,,3291.025146484375,,8.0,,3.3217811584472656,,0.0,,3.3217811584472656,,2071.3779296875,,629.7200317382812,,313.5776672363281,,99.6059799194336,,2353.1494140625,,-10.394694328308105,,0.47265625,,3294.346923828125,,3294.346923828125,,0.52734375,,256.0,,0.12255859375,,0.1686173975467682,,0.00390625,,,,,,,,,,,,,,
3,43499,,-0.24862122535705566,,796.5377197265625,,3532.8515625,,8.0,,3.1202497482299805,,0.125,,3.1202497482299805,,2059.806396484375,,606.9619140625,,259.2802429199219,,110.7115249633789,,2736.31396484375,,-9.878630638122559,,0.51171875,,3535.971923828125,,3535.971923828125,,0.48828125,,256.0,,0.1630859375,,0.1912633776664734,,0.00390625,,,,,,,,,,,,,,
3,43549,,-0.2659398913383484,,828.0313720703125,,2264.236572265625,,8.0,,3.1359877586364746,,0.0,,3.1359877586364746,,2101.259765625,,587.4828491210938,,239.71485900878906,,103.47855377197266,,1436.2052001953125,,-4.784837245941162,,0.515625,,2267.37255859375,,2267.37255859375,,0.484375,,256.0,,0.248046875,,0.23505227267742157,,0.0,,,,,,,,,,,,,,
3,43599,,-0.27351486682891846,,976.10400390625,,36967.03515625,,8.0,,3.1311755180358887,,0.25,,3.1311755180358887,,2113.542236328125,,584.5589599609375,,287.59942626953125,,122.47074890136719,,35990.9296875,,3.457839012145996,,0.53125,,36970.16796875,,36970.16796875,,0.46875,,256.0,,0.23046875,,0.2654322385787964,,0.00390625,,,,,,,,,,,,,,
3,43649,,-0.2539588510990143,,994.4415893554688,,2220.424560546875,,8.0,,2.9637904167175293,,0.25,,2.9637904167175293,,2201.48291015625,,319.219970703125,,301.2130432128906,,127.54618835449219,,1225.9830322265625,,3.297417640686035,,0.48828125,,2223.388427734375,,2223.388427734375,,0.51171875,,256.0,,0.134765625,,0.13068173825740814,,0.0078125,,,,,,,,,,,,,,
3,43699,,-0.2621707320213318,,1254.542236328125,,86305.4296875,,8.0,,3.1996428966522217,,0.0,,3.1996428966522217,,2159.115234375,,464.2931823730469,,261.0535888671875,,109.7754135131836,,85050.890625,,31.334148406982422,,0.4375,,86308.6328125,,86308.6328125,,0.5625,,256.0,,0.2734375,,0.27325841784477234,,0.0078125,,,,,,,,,,,,,,
3,43749,,-0.25837117433547974,,955.6986083984375,,24666.595703125,,8.0,,3.1726644039154053,,0.0,,3.1726644039154053,,2131.333984375,,575.3486938476562,,243.6024627685547,,115.24443817138672,,23710.896484375,,7.956552028656006,,0.52734375,,24669.767578125,,24669.767578125,,0.47265625,,256.0,,0.1689453125,,0.17692485451698303,,0.00390625,,,,,,,,,,,,,,
3,43799,,-0.258028507232666,,1361.67041015625,,95824.6796875,,8.0,,3.0618340969085693,,0.125,,3.0618340969085693,,2171.90478515625,,654.453369140625,,196.1959686279297,,118.29618835449219,,94463.0078125,,37.49373245239258,,0.5078125,,95827.7421875,,95827.7421875,,0.4921875,,256.0,,0.185546875,,0.1421123594045639,,0.01171875,,,,,,,,,,,,,,
3,43849,,-0.26735779643058777,,1004.1092529296875,,34525.8671875,,8.0,,3.072575330734253,,0.125,,3.072575330734253,,1972.2333984375,,681.8013916015625,,260.92633056640625,,97.62635803222656,,33521.7578125,,15.910079002380371,,0.48828125,,34528.94140625,,34528.94140625,,0.51171875,,256.0,,0.232421875,,0.20941458642482758,,0.00390625,,,,,,,,,,,,,,
3,43899,,-0.25598418712615967,,1021.2469482421875,,37265.21875,,8.0,,3.2130885124206543,,0.0,,3.2130885124206543,,2226.2421875,,519.5448608398438,,266.4652404785156,,114.92412567138672,,36243.97265625,,8.01479721069336,,0.53125,,37268.43359375,,37268.43359375,,0.46875,,256.0,,0.259765625,,0.2578734755516052,,0.0078125,,,,,,,,,,,,,,
3,43949,,-0.24978749454021454,,991.4906616210938,,38817.3828125,,8.0,,3.0496644973754883,,0.125,,3.0496644973754883,,2300.5009765625,,269.19384765625,,261.5723571777344,,102.038818359375,,37825.890625,,8.235787391662598,,0.48828125,,38820.43359375,,38820.43359375,,0.51171875,,256.0,,0.16015625,,0.14719337224960327,,0.00390625,,,,,,,,,,,,,,
3,43999,,-0.2494320571422577,,892.5361328125,,2536.788330078125,,8.0,,3.10876727104187,,0.125,,3.10876727104187,,2249.74560546875,,416.11004638671875,,265.0335388183594,,119.7400131225586,,1644.252197265625,,-1.0212360620498657,,0.515625,,2539.897216796875,,2539.897216796875,,0.484375,,256.0,,0.353515625,,0.3454778790473938,,0.0078125,,,,,,,,,,,,,,
3,44049,,-0.26829513907432556,,824.093994140625,,2316.72900390625,,8.0,,3.218796968460083,,0.0,,3.218796968460083,,2307.98388671875,,291.5601501464844,,207.21731567382812,,117.15911102294922,,1492.6348876953125,,-11.004514694213867,,0.5078125,,2319.94775390625,,2319.94775390625,,0.4921875,,256.0,,0.07568359375,,0.10321065038442612,,0.0,,,,,,,,,,,,,,
3,44099,,-0.26594606041908264,,898.130126953125,,2359.358154296875,,8.0,,3.1498708724975586,,0.375,,3.1498708724975586,,2123.138427734375,,659.9998168945312,,270.68408203125,,119.770751953125,,1461.22802734375,,-8.329710960388184,,0.52734375,,2362.508056640625,,2362.508056640625,,0.47265625,,256.0,,0.275390625,,0.2715510427951813,,0.00390625,,,,,,,,,,,,,,
3,44149,,-0.25753289461135864,,1392.968994140625,,139392.859375,,8.0,,3.242069721221924,,0.0,,3.242069721221924,,1975.393798828125,,542.1204833984375,,299.3279724121094,,126.6321792602539,,137999.890625,,54.78167724609375,,0.46875,,139396.09375,,139396.09375,,0.53125,,256.0,,0.263671875,,0.20940887928009033,,0.01171875,,,,,,,,,,,,,,
3,44199,,-0.2654050886631012,,1077.397705078125,,53426.64453125,,8.0,,3.0097742080688477,,0.0,,3.0097742080688477,,2260.3369140625,,406.7822570800781,,288.1585693359375,,112.85819244384766,,52349.24609375,,9.976757049560547,,0.50390625,,53429.65625,,53429.65625,,0.49609375,,256.0,,0.259765625,,0.3017313480377197,,0.00390625,,,,,,,,,,,,,,
3,44249,,-0.26117387413978577,,967.1556396484375,,33243.39453125,,8.0,,3.051032066345215,,0.0,,3.051032066345215,,2382.447265625,,370.3774719238281,,238.27980041503906,,123.94542694091797,,32276.23828125,,2.859264612197876,,0.53125,,33246.4453125,,33246.4453125,,0.46875,,256.0,,0.3125,,0.2760505676269531,,0.00390625,,,,,,,,,,,,,,
3,44299,,-0.27173495292663574,,989.5614013671875,,3159.17626953125,,8.0,,3.264051675796509,,0.0,,3.264051675796509,,2153.960693359375,,466.3394775390625,,273.3694152832031,,136.30059814453125,,2169.614990234375,,-5.693852424621582,,0.5,,3162.4404296875,,3162.4404296875,,0.5,,256.0,,0.193359375,,0.20049892365932465,,0.0078125,,,,,,,,,,,,,,
3,44349,,-0.26104339957237244,,841.263916015625,,2284.82470703125,,8.0,,3.0386481285095215,,0.0,,3.0386481285095215,,2005.88330078125,,618.4590454101562,,228.79168701171875,,112.69981384277344,,1443.5609130859375,,-7.558438777923584,,0.5546875,,2287.86328125,,2287.86328125,,0.4453125,,256.0,,0.1494140625,,0.1893797516822815,,0.0,,,,,,,,,,,,,,
3,44399,,-0.2606174647808075,,914.9688720703125,,2356.6474609375,,8.0,,2.9736227989196777,,0.0,,2.9736227989196777,,2371.881103515625,,430.3666076660156,,263.5849609375,,143.31552124023438,,1441.678466796875,,-4.964839458465576,,0.45703125,,2359.62109375,,2359.62109375,,0.54296875,,256.0,,0.328125,,0.3444180488586426,,0.0,,,,,,,,,,,,,,
3,44449,,-0.2668301463127136,,793.1377563476562,,3085.502685546875,,8.0,,3.1178975105285645,,0.125,,3.1178975105285645,,2246.1162109375,,399.2388000488281,,284.10211181640625,,115.26939392089844,,2292.364990234375,,-9.999320030212402,,0.51171875,,3088.62060546875,,3088.62060546875,,0.48828125,,256.0,,0.30859375,,0.2835122346878052,,0.0,,,,,,,,,,,,,,
3,44499,,-0.26347243785858154,,1050.67724609375,,34268.46875,,8.0,,3.093686103820801,,0.0,,3.093686103820801,,1901.5831298828125,,592.2597045898438,,309.35076904296875,,90.70155334472656,,33217.79296875,,15.26899242401123,,0.52734375,,34271.5625,,34271.5625,,0.47265625,,256.0,,0.1455078125,,0.14171114563941956,,0.0078125,,,,,,,,,,,,,,
3,44549,,-0.26195991039276123,,931.1044921875,,22593.6796875,,8.0,,3.1313791275024414,,0.0,,3.1313791275024414,,2225.19287109375,,383.5057678222656,,266.84906005859375,,113.72215270996094,,21662.57421875,,3.7743332386016846,,0.5234375,,22596.810546875,,22596.810546875,,0.4765625,,256.0,,0.1552734375,,0.19586163759231567,,0.00390625,,,,,,,,,,,,,,
3,44599,,-0.2652828097343445,,955.1168212890625,,2827.762451171875,,8.0,,2.9292850494384766,,0.125,,2.9292850494384766,,2476.032470703125,,474.3869934082031,,174.8689727783203,,127.53096771240234,,1872.6456298828125,,-15.251049995422363,,0.45703125,,2830.691650390625,,2830.691650390625,,0.54296875,,256.0,,0.1298828125,,0.10335798561573029,,0.0078125,,,,,,,,,,,,,,
3,44649,,-0.2707635760307312,,780.546630859375,,3167.739013671875,,8.0,,3.140265464782715,,0.125,,3.140265464782715,,2194.89990234375,,325.4747009277344,,299.03802490234375,,122.31277465820312,,2387.1923828125,,-12.834189414978027,,0.5078125,,3170.87939453125,,3170.87939453125,,0.4921875,,256.0,,0.2333984375,,0.23776158690452576,,0.0,,,,,,,,,,,,,,
3,44699,,-0.290399432182312,,1080.890869140625,,35586.9140625,,8.0,,3.116556167602539,,0.125,,3.116556167602539,,2319.1806640625,,476.80548095703125,,206.62289428710938,,106.42118835449219,,34506.0234375,,8.723672866821289,,0.51171875,,35590.03125,,35590.03125,,0.48828125,,256.0,,0.265625,,0.2543390691280365,,0.0078125,,,,,,,,,,,,,,
3,44749,,-0.2678157091140747,,869.5824584960938,,2794.290283203125,,8.0,,3.029700756072998,,0.0,,3.029700756072998,,2190.73779296875,,412.5206298828125,,265.29034423828125,,127.49525451660156,,1924.707763671875,,3.54097843170166,,0.51171875,,2797.320068359375,,2797.320068359375,,0.48828125,,256.0,,0.2275390625,,0.2280980795621872,,0.0,,,,,,,,,,,,,,
3,44799,,-0.2573269009590149,,823.850830078125,,2526.768310546875,,8.0,,3.138089179992676,,0.125,,3.138089179992676,,2187.59716796875,,386.2192687988281,,227.6881103515625,,107.24847412109375,,1702.91748046875,,-1.7190842628479004,,0.5,,2529.906494140625,,2529.906494140625,,0.5,,256.0,,0.2236328125,,0.22750338912010193,,0.0,,,,,,,,,,,,,,
3,44849,,-0.2532302737236023,,871.629638671875,,2568.4921875,,8.0,,3.135695219039917,,0.25,,3.135695219039917,,1864.904541015625,,449.0820617675781,,346.7495422363281,,84.35757446289062,,1696.8624267578125,,-0.3478723168373108,,0.53515625,,2571.6279296875,,2571.6279296875,,0.46484375,,256.0,,0.2578125,,0.2610524892807007,,0.0,,,,,,,,,,,,,,
3,44899,,-0.2697087526321411,,875.8785400390625,,3500.6435546875,,8.0,,3.227099895477295,,0.0,,3.227099895477295,,2376.73828125,,345.8816833496094,,206.31459045410156,,127.69214630126953,,2624.764892578125,,-16.50421142578125,,0.41015625,,3503.87060546875,,3503.87060546875,,0.58984375,,256.0,,0.19921875,,0.22882825136184692,,0.00390625,,,,,,,,,,,,,,
3,44949,,-0.25772494077682495,,983.2981567382812,,32752.119140625,,8.0,,3.107712745666504,,0.125,,3.107712745666504,,2325.505615234375,,173.67779541015625,,252.04446411132812,,106.58372497558594,,31768.8203125,,17.310016632080078,,0.48828125,,32755.2265625,,32755.2265625,,0.51171875,,256.0,,0.1357421875,,0.1377134919166565,,0.01171875,,,,,,,,,,,,,,
3,44999,,-0.2520867884159088,,826.2285766601562,,2448.1123046875,,8.0,,3.1239659786224365,,0.0,,3.1239659786224365,,2088.98193359375,,543.7015991210938,,255.84695434570312,,131.9001007080078,,1621.8837890625,,-2.091264247894287,,0.48828125,,2451.236328125,,2451.236328125,,0.51171875,,256.0,,0.1591796875,,0.19849644601345062,,0.0,,,,,,,,,,,,,,
3,45049,,-0.24579469859600067,,1080.6737060546875,,39566.5234375,,8.0,,2.9485692977905273,,0.25,,2.9485692977905273,,2287.46875,,208.71112060546875,,294.3515625,,114.9154052734375,,38485.8515625,,11.497701644897461,,0.5,,39569.47265625,,39569.47265625,,0.5,,256.0,,0.189453125,,0.22947287559509277,,0.015625,,,,,,,,,,,,,,
3,45099,,-0.25650525093078613,,1111.5640869140625,,44516.734375,,8.0,,3.0057449340820312,,0.0,,3.0057449340820312,,2183.840087890625,,438.9354248046875,,254.24728393554688,,124.75971221923828,,43405.171875,,15.261445999145508,,0.51171875,,44519.73828125,,44519.73828125,,0.48828125,,256.0,,0.11328125,,0.12074077129364014,,0.00390625,,,,,,,,,,,,,,
3,45149,,-0.26287734508514404,,946.2772216796875,,2329.8154296875,,8.0,,3.169003963470459,,0.125,,3.169003963470459,,2104.94189453125,,370.4195251464844,,270.7867126464844,,120.61282348632812,,1383.5382080078125,,-5.629462242126465,,0.49609375,,2332.984375,,2332.984375,,0.50390625,,256.0,,0.265625,,0.23002175986766815,,0.00390625,,,,,,,,,,,,,,
3,45199,,-0.24342221021652222,,1034.385986328125,,59257.328125,,8.0,,3.1571879386901855,,0.125,,3.1571879386901855,,2236.424560546875,,360.90185546875,,309.40765380859375,,91.45227813720703,,58222.94140625,,23.98341941833496,,0.42578125,,59260.484375,,59260.484375,,0.57421875,,256.0,,0.181640625,,0.18524077534675598,,0.00390625,,,,,,,,,,,,,,
3,45249,,-0.25617116689682007,,912.3466186523438,,2479.668212890625,,8.0,,3.1559197902679443,,0.0,,3.1559197902679443,,2271.9189453125,,406.58544921875,,280.5743103027344,,140.6647186279297,,1567.3216552734375,,4.482845306396484,,0.53125,,2482.82421875,,2482.82421875,,0.46875,,256.0,,0.2275390625,,0.19036710262298584,,0.0078125,,,,,,,,,,,,,,
3,45299,,-0.2681237459182739,,1025.6307373046875,,27849.84765625,,8.0,,3.0430455207824707,,0.125,,3.0430455207824707,,2226.966796875,,321.097900390625,,259.4922180175781,,125.72486877441406,,26824.216796875,,7.067141056060791,,0.5390625,,27852.890625,,27852.890625,,0.4609375,,256.0,,0.216796875,,0.1971970498561859,,0.0078125,,,,,,,,,,,,,,
3,45349,,-0.263304203748703,,847.7316284179688,,2640.47509765625,,8.0,,3.325143337249756,,0.0,,3.325143337249756,,2434.99169921875,,372.6119079589844,,273.83197021484375,,126.67102813720703,,1792.7435302734375,,-11.793477058410645,,0.41015625,,2643.80029296875,,2643.80029296875,,0.58984375,,256.0,,0.1982421875,,0.1920711249113083,,0.0,,,,,,,,,,,,,,
3,45399,,-0.24250392615795135,,1167.311279296875,,57501.31640625,,8.0,,3.1864356994628906,,0.25,,3.1864356994628906,,2545.07177734375,,254.11483764648438,,214.03428649902344,,131.6005859375,,56334.00390625,,24.847187042236328,,0.5703125,,57504.50390625,,57504.50390625,,0.4296875,,256.0,,0.255859375,,0.2814781069755554,,0.0078125,,,,,,,,,,,,,,
3,45449,,-0.2738383412361145,,759.5441284179688,,2314.030029296875,,8.0,,3.2146811485290527,,0.125,,3.2146811485290527,,2205.534423828125,,328.1425476074219,,293.30548095703125,,100.23418426513672,,1554.4859619140625,,-2.1024343967437744,,0.49609375,,2317.24462890625,,2317.24462890625,,0.50390625,,256.0,,0.2001953125,,0.1846552938222885,,0.0,,,,,,,,,,,,,,
3,45499,,-0.25032278895378113,,1035.19580078125,,50873.6328125,,8.0,,3.110548973083496,,0.125,,3.110548973083496,,2055.878173828125,,555.9358520507812,,227.2734375,,123.04945373535156,,49838.4375,,17.00473403930664,,0.50390625,,50876.7421875,,50876.7421875,,0.49609375,,256.0,,0.2490234375,,0.27366089820861816,,0.0078125,,,,,,,,,,,,,,
3,45549,,-0.26429644227027893,,1000.5626831054688,,3031.24609375,,8.0,,3.1755852699279785,,0.125,,3.1755852699279785,,2243.492919921875,,422.27178955078125,,293.1608581542969,,111.68832397460938,,2030.683349609375,,-0.32531827688217163,,0.52734375,,3034.421630859375,,3034.421630859375,,0.47265625,,256.0,,0.26171875,,0.25314050912857056,,0.0078125,,,,,,,,,,,,,,
3,45599,,-0.2595369517803192,,810.6917724609375,,2519.099365234375,,8.0,,3.041594982147217,,0.125,,3.041594982147217,,2278.877685546875,,276.28515625,,235.75662231445312,,117.66650390625,,1708.4075927734375,,-3.449381113052368,,0.4921875,,2522.140869140625,,2522.140869140625,,0.5078125,,256.0,,0.2041015625,,0.14922623336315155,,0.00390625,,,,,,,,,,,,,,
3,45649,,-0.25099843740463257,,782.2156982421875,,2302.359130859375,,8.0,,2.991395950317383,,0.0,,2.991395950317383,,2339.582275390625,,188.664794921875,,236.83863830566406,,122.18809509277344,,1520.1434326171875,,-4.945502758026123,,0.5234375,,2305.3505859375,,2305.3505859375,,0.4765625,,256.0,,0.271484375,,0.25610560178756714,,0.0,,,,,,,,,,,,,,
3,45699,,-0.26605427265167236,,1012.450927734375,,39198.96875,,8.0,,3.199070453643799,,0.125,,3.199070453643799,,2241.35693359375,,213.68130493164062,,219.22869873046875,,138.56387329101562,,38186.51953125,,5.178657531738281,,0.50390625,,39202.16796875,,39202.16796875,,0.49609375,,256.0,,0.197265625,,0.18858706951141357,,0.00390625,,,,,,,,,,,,,,
3,45749,,-0.2742021679878235,,901.0747680664062,,2326.947509765625,,8.0,,3.1435093879699707,,0.125,,3.1435093879699707,,2339.243896484375,,368.6427917480469,,231.943115234375,,116.1075439453125,,1425.872802734375,,-9.183286666870117,,0.5546875,,2330.091064453125,,2330.091064453125,,0.4453125,,256.0,,0.2734375,,0.2955383062362671,,0.00390625,,,,,,,,,,,,,,
3,45799,,-0.26366302371025085,,1206.7919921875,,80022.34375,,8.0,,3.1037485599517822,,0.25,,3.1037485599517822,,2211.599853515625,,311.4669189453125,,227.84774780273438,,131.40762329101562,,78815.5546875,,30.201772689819336,,0.515625,,80025.4453125,,80025.4453125,,0.484375,,256.0,,0.220703125,,0.18244659900665283,,0.0078125,,,,,,,,,,,,,,
3,45849,,-0.25716719031333923,,1113.2186279296875,,49722.0078125,,8.0,,3.006617307662964,,0.125,,3.006617307662964,,2152.058349609375,,456.2192687988281,,252.27090454101562,,121.9357681274414,,48608.7890625,,17.456924438476562,,0.50390625,,49725.015625,,49725.015625,,0.49609375,,256.0,,0.30078125,,0.25212937593460083,,0.01171875,,,,,,,,,,,,,,
3,45899,,-0.262085884809494,,976.6801147460938,,27278.552734375,,8.0,,3.0440633296966553,,0.125,,3.0440633296966553,,2254.059326171875,,347.99053955078125,,270.00164794921875,,117.62401580810547,,26301.873046875,,6.991654872894287,,0.5078125,,27281.59765625,,27281.59765625,,0.4921875,,256.0,,0.287109375,,0.26283109188079834,,0.0078125,,,,,,,,,,,,,,
3,45949,,-0.25878405570983887,,1197.9222412109375,,63264.078125,,8.0,,3.149672508239746,,0.125,,3.149672508239746,,2422.614501953125,,231.015625,,193.76409912109375,,113.20443725585938,,62066.15625,,17.79372215270996,,0.47265625,,63267.2265625,,63267.2265625,,0.52734375,,256.0,,0.130859375,,0.18048784136772156,,0.01171875,,,,,,,,,,,,,,
3,45999,,-0.2600247263908386,,1059.1146240234375,,39202.296875,,8.0,,3.118856430053711,,0.0,,3.118856430053711,,2284.718017578125,,458.09619140625,,257.4908142089844,,129.93463134765625,,38143.18359375,,15.082507133483887,,0.53125,,39205.4140625,,39205.4140625,,0.46875,,256.0,,0.298828125,,0.267309308052063,,0.0078125,,,,,,,,,,,,,,
3,46049,,-0.24907003343105316,,1193.3994140625,,35574.0859375,,8.0,,3.2737784385681152,,0.125,,3.2737784385681152,,2216.057373046875,,280.0282287597656,,296.67095947265625,,103.8195571899414,,34380.6875,,8.438453674316406,,0.49609375,,35577.359375,,35577.359375,,0.50390625,,256.0,,0.16015625,,0.18117766082286835,,0.01171875,,,,,,,,,,,,,,
3,46099,,-0.2630741000175476,,865.9059448242188,,2280.522216796875,,8.0,,2.8943963050842285,,0.25,,2.8943963050842285,,2289.943115234375,,337.421630859375,,243.436767578125,,134.9004669189453,,1414.6163330078125,,4.8308939933776855,,0.48828125,,2283.41650390625,,2283.41650390625,,0.51171875,,256.0,,0.3671875,,0.3429113030433655,,0.00390625,,,,,,,,,,,,,,
3,46149,,-0.26888135075569153,,1179.507568359375,,29352.033203125,,8.0,,2.9875011444091797,,0.0,,2.9875011444091797,,2006.7606201171875,,678.0149536132812,,267.4428405761719,,118.28876495361328,,28172.525390625,,9.146467208862305,,0.48828125,,29355.021484375,,29355.021484375,,0.51171875,,256.0,,0.17578125,,0.19080238044261932,,0.0078125,,,,,,,,,,,,,,
3,46199,,-0.2640460133552551,,1041.6588134765625,,49003.1015625,,8.0,,3.2633538246154785,,0.0,,3.2633538246154785,,2362.27783203125,,372.575439453125,,235.54368591308594,,134.843017578125,,47961.44140625,,13.004558563232422,,0.44921875,,49006.36328125,,49006.36328125,,0.55078125,,256.0,,0.2412109375,,0.21135997772216797,,0.00390625,,,,,,,,,,,,,,
3,46249,,-0.25684815645217896,,977.1500244140625,,2438.33447265625,,8.0,,3.144700050354004,,0.125,,3.144700050354004,,2198.18359375,,501.1546630859375,,256.5404968261719,,142.0892333984375,,1461.184326171875,,-2.263995885848999,,0.49609375,,2441.479248046875,,2441.479248046875,,0.50390625,,256.0,,0.169921875,,0.18518635630607605,,0.0078125,,,,,,,,,,,,,,
3,46299,,-0.26180940866470337,,1102.07861328125,,52361.59375,,8.0,,3.0881471633911133,,0.0,,3.0881471633911133,,2031.09765625,,567.7039184570312,,314.447509765625,,80.15115356445312,,51259.515625,,16.538305282592773,,0.48828125,,52364.68359375,,52364.68359375,,0.51171875,,256.0,,0.203125,,0.21610097587108612,,0.0078125,,,,,,,,,,,,,,
3,46349,,-0.2733848989009857,,794.7340698242188,,2615.52490234375,,8.0,,3.0476455688476562,,0.25,,3.0476455688476562,,2271.16455078125,,372.1177673339844,,301.04681396484375,,124.29922485351562,,1820.7908935546875,,-1.5503441095352173,,0.50390625,,2618.572509765625,,2618.572509765625,,0.49609375,,256.0,,0.337890625,,0.34001561999320984,,0.0,,,,,,,,,,,,,,
3,46399,,-0.2598479390144348,,866.443115234375,,2653.62744140625,,8.0,,3.147796392440796,,0.125,,3.147796392440796,,2088.646728515625,,635.3353881835938,,276.46124267578125,,110.06851196289062,,1787.1844482421875,,-4.350696086883545,,0.46875,,2656.775146484375,,2656.775146484375,,0.53125,,256.0,,0.1943359375,,0.1970016062259674,,0.0,,,,,,,,,,,,,,
3,46449,,-0.2564796209335327,,865.7288818359375,,2990.66455078125,,8.0,,3.018979549407959,,0.25,,3.018979549407959,,2152.831787109375,,560.18212890625,,227.47149658203125,,120.43862915039062,,2124.935791015625,,-4.12651252746582,,0.4921875,,2993.68359375,,2993.68359375,,0.5078125,,256.0,,0.1767578125,,0.1915186494588852,,0.0,,,,,,,,,,,,,,
3,46499,,-0.2602590322494507,,974.944091796875,,2713.1640625,,8.0,,3.071355104446411,,0.125,,3.071355104446411,,2194.007568359375,,474.79315185546875,,240.65695190429688,,109.62258911132812,,1738.2198486328125,,2.6233303546905518,,0.51171875,,2716.2353515625,,2716.2353515625,,0.48828125,,256.0,,0.2353515625,,0.2541601061820984,,0.01171875,,,,,,,,,,,,,,
3,46549,,-0.2595651149749756,,1018.6433715820312,,40570.48046875,,8.0,,3.1691741943359375,,0.125,,3.1691741943359375,,2383.073486328125,,588.9407348632812,,232.1108856201172,,112.78900909423828,,39551.8359375,,17.443809509277344,,0.4921875,,40573.6484375,,40573.6484375,,0.5078125,,256.0,,0.17578125,,0.1307244598865509,,0.00390625,,,,,,,,,,,,,,
3,46599,,-0.25834494829177856,,911.0169677734375,,3496.22900390625,,8.0,,3.04856538772583,,0.0,,3.04856538772583,,2309.5458984375,,344.4468688964844,,275.3789367675781,,101.566162109375,,2585.2119140625,,-10.065485000610352,,0.453125,,3499.277587890625,,3499.277587890625,,0.546875,,256.0,,0.26171875,,0.23276779055595398,,0.00390625,,,,,,,,,,,,,,
3,46649,,-0.25729086995124817,,1002.7674560546875,,35331.8515625,,8.0,,3.3332009315490723,,0.0,,3.3332009315490723,,2377.1240234375,,262.9518127441406,,245.03585815429688,,123.3551025390625,,34329.0859375,,10.333908081054688,,0.5,,35335.18359375,,35335.18359375,,0.5,,256.0,,0.173828125,,0.16210520267486572,,0.00390625,,,,,,,,,,,,,,
3,46699,,-0.2675335109233856,,926.35302734375,,3443.38330078125,,8.0,,3.195617198944092,,0.125,,3.195617198944092,,1785.629638671875,,464.08624267578125,,303.6807861328125,,122.36873626708984,,2517.0302734375,,-3.7689497470855713,,0.515625,,3446.578857421875,,3446.578857421875,,0.484375,,256.0,,0.19921875,,0.18941572308540344,,0.0,,,,,,,,,,,,,,
3,46749,,-0.26655763387680054,,886.132568359375,,3166.701416015625,,8.0,,3.0829482078552246,,0.0,,3.0829482078552246,,2162.99609375,,473.8426818847656,,281.1851806640625,,103.07662963867188,,2280.56884765625,,-11.565730094909668,,0.46484375,,3169.784423828125,,3169.784423828125,,0.53515625,,256.0,,0.1494140625,,0.1449899673461914,,0.0,,,,,,,,,,,,,,
3,46799,,-0.27789410948753357,,849.1796875,,2436.005615234375,,8.0,,3.0209197998046875,,0.25,,3.0209197998046875,,1868.1705322265625,,410.1769714355469,,311.280029296875,,90.15969848632812,,1586.825927734375,,-2.510179281234741,,0.4765625,,2439.026611328125,,2439.026611328125,,0.5234375,,256.0,,0.197265625,,0.15776336193084717,,0.0,,,,,,,,,,,,,,
3,46849,,-0.26358580589294434,,882.397705078125,,3018.214599609375,,8.0,,3.124203681945801,,0.125,,3.124203681945801,,2139.1376953125,,362.7143859863281,,308.24615478515625,,107.49420166015625,,2135.81689453125,,-2.9307169914245605,,0.51953125,,3021.3388671875,,3021.3388671875,,0.48046875,,256.0,,0.2333984375,,0.2180078625679016,,0.00390625,,,,,,,,,,,,,,
3,46899,,-0.25069141387939453,,1139.64599609375,,71432.5,,8.0,,3.039823532104492,,0.125,,3.039823532104492,,2296.356689453125,,460.1338806152344,,263.0943908691406,,128.09649658203125,,70292.8515625,,36.10127639770508,,0.48828125,,71435.5390625,,71435.5390625,,0.51171875,,256.0,,0.279296875,,0.284218430519104,,0.0078125,,,,,,,,,,,,,,
3,46949,,-0.2649746239185333,,894.8258056640625,,2628.891357421875,,8.0,,3.032431125640869,,0.125,,3.032431125640869,,1888.2010498046875,,686.7327270507812,,229.61135864257812,,124.33966827392578,,1734.0655517578125,,-3.2385661602020264,,0.45703125,,2631.923828125,,2631.923828125,,0.54296875,,256.0,,0.169921875,,0.2073194682598114,,0.0,,,,,,,,,,,,,,
3,46999,,-0.26294293999671936,,734.2418212890625,,2099.91357421875,,8.0,,3.1437463760375977,,0.0,,3.1437463760375977,,2384.35888671875,,325.1867980957031,,248.25535583496094,,122.81261444091797,,1365.671875,,-7.706025123596191,,0.43359375,,2103.057373046875,,2103.057373046875,,0.56640625,,256.0,,0.16015625,,0.15864768624305725,,0.0,,,,,,,,,,,,,,
3,47049,,-0.24261502921581268,,1025.590576171875,,62730.0390625,,8.0,,3.0350747108459473,,0.0,,3.0350747108459473,,2300.190185546875,,351.6196594238281,,220.45469665527344,,112.74581146240234,,61704.44921875,,21.14146614074707,,0.43359375,,62733.07421875,,62733.07421875,,0.56640625,,256.0,,0.2119140625,,0.24226897954940796,,0.0078125,,,,,,,,,,,,,,
3,47099,,-0.2672225832939148,,838.69580078125,,2099.76806640625,,8.0,,3.1590404510498047,,0.0,,3.1590404510498047,,2366.0703125,,350.2433166503906,,213.11123657226562,,124.3602523803711,,1261.0721435546875,,-2.5257086753845215,,0.4765625,,2102.927001953125,,2102.927001953125,,0.5234375,,256.0,,0.150390625,,0.1480826586484909,,0.00390625,,,,,,,,,,,,,,
3,47149,,-0.2567989230155945,,1004.0269775390625,,35068.84765625,,8.0,,3.2721309661865234,,0.125,,3.2721309661865234,,2276.56396484375,,307.15570068359375,,183.22528076171875,,100.74974060058594,,34064.8203125,,12.401004791259766,,0.48828125,,35072.12109375,,35072.12109375,,0.51171875,,256.0,,0.12451171875,,0.11777462065219879,,0.00390625,,,,,,,,,,,,,,
3,47199,,-0.2810041010379791,,934.464111328125,,2252.59521484375,,8.0,,3.17826247215271,,0.0,,3.17826247215271,,2350.75537109375,,445.9277648925781,,252.47433471679688,,126.45651245117188,,1318.1309814453125,,-2.1507110595703125,,0.51953125,,2255.7734375,,2255.7734375,,0.48046875,,256.0,,0.267578125,,0.24080972373485565,,0.00390625,,,,,,,,,,,,,,
3,47249,,-0.2630903124809265,,957.7072143554688,,2557.90234375,,8.0,,2.998654842376709,,0.25,,2.998654842376709,,2264.833251953125,,197.26950073242188,,254.9503631591797,,128.8759307861328,,1600.1951904296875,,-3.6674702167510986,,0.47265625,,2560.90087890625,,2560.90087890625,,0.52734375,,256.0,,0.173828125,,0.1704476922750473,,0.00390625,,,,,,,,,,,,,,
3,47299,,-0.2571585774421692,,1571.764404296875,,175482.65625,,8.0,,3.16928768157959,,0.0,,3.16928768157959,,2340.85498046875,,552.75439453125,,270.13690185546875,,127.09196472167969,,173910.890625,,81.7199935913086,,0.453125,,175485.828125,,175485.828125,,0.546875,,256.0,,0.2490234375,,0.2521127164363861,,0.015625,,,,,,,,,,,,,,
3,47349,,-0.2583404779434204,,822.8392333984375,,2287.64013671875,,8.0,,3.1153225898742676,,0.25,,3.1153225898742676,,2467.52880859375,,271.09759521484375,,238.938720703125,,122.96439361572266,,1464.801025390625,,-0.4667700529098511,,0.48828125,,2290.75537109375,,2290.75537109375,,0.51171875,,256.0,,0.1533203125,,0.13879090547561646,,0.0,,,,,,,,,,,,,,
3,47399,,-0.2624817490577698,,978.6908569335938,,3310.17919921875,,8.0,,3.1152524948120117,,0.25,,3.1152524948120117,,2503.738037109375,,343.0636901855469,,231.64892578125,,117.44853973388672,,2331.48828125,,-4.793622016906738,,0.5625,,3313.29443359375,,3313.29443359375,,0.4375,,256.0,,0.1240234375,,0.09539328515529633,,0.0078125,,,,,,,,,,,,,,
3,47449,,-0.26694226264953613,,1059.96142578125,,40600.3515625,,8.0,,3.2281341552734375,,0.0,,3.2281341552734375,,2185.55517578125,,456.5148010253906,,254.39537048339844,,100.47254180908203,,39540.390625,,7.456563472747803,,0.4765625,,40603.578125,,40603.578125,,0.5234375,,256.0,,0.212890625,,0.23340849578380585,,0.00390625,,,,,,,,,,,,,,
3,47499,,-0.2675294578075409,,1063.6678466796875,,44005.58203125,,8.0,,3.178769588470459,,0.125,,3.178769588470459,,1980.90771484375,,482.1025390625,,292.0372314453125,,105.10043334960938,,42941.9140625,,13.920204162597656,,0.50390625,,44008.76171875,,44008.76171875,,0.49609375,,256.0,,0.283203125,,0.2529437243938446,,0.0078125,,,,,,,,,,,,,,
3,47549,,-0.2659730911254883,,1044.2216796875,,37865.82421875,,8.0,,3.2482218742370605,,0.125,,3.2482218742370605,,2293.9765625,,341.878662109375,,221.85792541503906,,126.33626556396484,,36821.6015625,,12.32420539855957,,0.4609375,,37869.07421875,,37869.07421875,,0.5390625,,256.0,,0.2275390625,,0.24378876388072968,,0.0078125,,,,,,,,,,,,,,
3,47599,,-0.26300790905952454,,822.1215209960938,,2769.902099609375,,8.0,,3.256676435470581,,0.125,,3.256676435470581,,2181.135009765625,,237.90249633789062,,226.15289306640625,,104.1842269897461,,1947.780517578125,,-1.0320301055908203,,0.53515625,,2773.15869140625,,2773.15869140625,,0.46484375,,256.0,,0.306640625,,0.26917606592178345,,0.0,,,,,,,,,,,,,,
3,47649,,-0.2577207088470459,,860.4290161132812,,2505.390380859375,,8.0,,3.1446447372436523,,0.125,,3.1446447372436523,,2200.003662109375,,723.2636108398438,,256.5463562011719,,107.29884338378906,,1644.9613037109375,,-3.351439952850342,,0.51171875,,2508.534912109375,,2508.534912109375,,0.48828125,,256.0,,0.1162109375,,0.09001844376325607,,0.0,,,,,,,,,,,,,,
3,47699,,-0.25713086128234863,,948.8958740234375,,36026.02734375,,8.0,,3.100799083709717,,0.125,,3.100799083709717,,2260.474609375,,469.3532409667969,,215.12994384765625,,125.26835632324219,,35077.1328125,,18.619531631469727,,0.56640625,,36029.12890625,,36029.12890625,,0.43359375,,256.0,,0.25,,0.2465938925743103,,0.00390625,,,,,,,,,,,,,,
3,47749,,-0.2737772464752197,,1152.284423828125,,47748.91015625,,8.0,,3.203437566757202,,0.25,,3.203437566757202,,2330.16845703125,,398.9013366699219,,247.7775115966797,,126.25975799560547,,46596.625,,14.124682426452637,,0.49609375,,47752.11328125,,47752.11328125,,0.50390625,,256.0,,0.203125,,0.17020049691200256,,0.00390625,,,,,,,,,,,,,,
3,47799,,-0.2521783709526062,,1282.480224609375,,61474.75,,8.0,,3.1266050338745117,,0.0,,3.1266050338745117,,2170.67431640625,,462.5215759277344,,300.8314208984375,,117.21247100830078,,60192.26953125,,21.394775390625,,0.515625,,61477.875,,61477.875,,0.484375,,256.0,,0.263671875,,0.22548675537109375,,0.01953125,,,,,,,,,,,,,,
3,47849,,-0.2633190453052521,,940.797607421875,,2663.44580078125,,8.0,,3.0013208389282227,,0.0,,3.0013208389282227,,1942.740234375,,721.2391967773438,,310.65338134765625,,118.74781036376953,,1722.6483154296875,,-0.9768651127815247,,0.47265625,,2666.447021484375,,2666.447021484375,,0.52734375,,256.0,,0.25,,0.2745029926300049,,0.00390625,,,,,,,,,,,,,,
3,47899,,-0.2660025954246521,,914.889892578125,,2449.568359375,,8.0,,3.1184158325195312,,0.0,,3.1184158325195312,,2242.98388671875,,529.98876953125,,243.15304565429688,,116.567138671875,,1534.6783447265625,,0.3437694311141968,,0.515625,,2452.686767578125,,2452.686767578125,,0.484375,,256.0,,0.1669921875,,0.20346415042877197,,0.0078125,,,,,,,,,,,,,,
3,47949,,-0.258388489484787,,877.8092041015625,,2706.3369140625,,8.0,,3.060783624649048,,0.125,,3.060783624649048,,2298.4208984375,,332.7677307128906,,222.7987060546875,,92.9549560546875,,1828.5277099609375,,-3.1770012378692627,,0.54296875,,2709.397705078125,,2709.397705078125,,0.45703125,,256.0,,0.203125,,0.18670225143432617,,0.0,,,,,,,,,,,,,,
3,47999,,-0.2564370930194855,,1092.937255859375,,51321.95703125,,8.0,,3.2230072021484375,,0.0,,3.2230072021484375,,2090.333984375,,626.6893920898438,,193.36373901367188,,132.16432189941406,,50229.01953125,,11.376809120178223,,0.4140625,,51325.1796875,,51325.1796875,,0.5859375,,256.0,,0.142578125,,0.14493414759635925,,0.0078125,,,,,,,,,,,,,,
3,48049,,-0.25284475088119507,,947.3191528320312,,33894.5234375,,8.0,,3.0970418453216553,,0.0,,3.0970418453216553,,2378.768310546875,,263.42437744140625,,283.65704345703125,,119.72566223144531,,32947.203125,,16.813814163208008,,0.5078125,,33897.62109375,,33897.62109375,,0.4921875,,256.0,,0.2392578125,,0.21727082133293152,,0.00390625,,,,,,,,,,,,,,
3,48099,,-0.25770801305770874,,959.6546020507812,,2725.19677734375,,8.0,,3.317622661590576,,0.0,,3.317622661590576,,2252.38037109375,,317.9662780761719,,271.96685791015625,,149.57220458984375,,1765.5421142578125,,-8.880640983581543,,0.48828125,,2728.514404296875,,2728.514404296875,,0.51171875,,256.0,,0.189453125,,0.1721271276473999,,0.01171875,,,,,,,,,,,,,,
3,48149,,-0.26319408416748047,,886.8409423828125,,2799.2451171875,,8.0,,3.1248812675476074,,0.0,,3.1248812675476074,,2361.900390625,,398.67816162109375,,245.1654052734375,,136.61968994140625,,1912.404052734375,,-3.4587178230285645,,0.48828125,,2802.3701171875,,2802.3701171875,,0.51171875,,256.0,,0.2177734375,,0.24900679290294647,,0.00390625,,,,,,,,,,,,,,
3,48199,,-0.25246554613113403,,1138.937255859375,,32495.90625,,8.0,,3.073286771774292,,0.25,,3.073286771774292,,2273.044677734375,,394.51422119140625,,276.7628173828125,,141.22569274902344,,31356.96875,,20.44482421875,,0.50390625,,32498.98046875,,32498.98046875,,0.49609375,,256.0,,0.1396484375,,0.13041990995407104,,0.01171875,,,,,,,,,,,,,,
3,48249,,-0.254871666431427,,779.2322998046875,,2301.0830078125,,8.0,,3.0246410369873047,,0.25,,3.0246410369873047,,2146.03271484375,,318.5672912597656,,241.07595825195312,,100.3633804321289,,1521.8505859375,,-1.4110513925552368,,0.48046875,,2304.107666015625,,2304.107666015625,,0.51953125,,256.0,,0.23046875,,0.24523811042308807,,0.0,,,,,,,,,,,,,,
3,48299,,-0.25364404916763306,,1031.7947998046875,,41535.46484375,,8.0,,3.125870943069458,,0.0,,3.125870943069458,,2112.1357421875,,641.0869140625,,309.00616455078125,,121.9744873046875,,40503.671875,,7.390183925628662,,0.515625,,41538.58984375,,41538.58984375,,0.484375,,256.0,,0.1640625,,0.14040394127368927,,0.0078125,,,,,,,,,,,,,,
3,48349,,-0.2701438069343567,,743.8367919921875,,2427.555908203125,,8.0,,3.1617684364318848,,0.0,,3.1617684364318848,,2148.5869140625,,239.57611083984375,,310.54547119140625,,111.38838958740234,,1683.7191162109375,,-11.534436225891113,,0.51953125,,2430.7177734375,,2430.7177734375,,0.48046875,,256.0,,0.322265625,,0.3226478397846222,,0.0,,,,,,,,,,,,,,
3,48399,,-0.25119051337242126,,1018.5922241210938,,31448.11328125,,8.0,,2.962167263031006,,0.0,,2.962167263031006,,2394.0234375,,366.95672607421875,,225.90634155273438,,119.88139343261719,,30429.521484375,,13.786772727966309,,0.48046875,,31451.076171875,,31451.076171875,,0.51953125,,256.0,,0.25390625,,0.22843757271766663,,0.0078125,,,,,,,,,,,,,,
3,48449,,-0.2670849561691284,,850.5655517578125,,2629.521484375,,8.0,,3.182102680206299,,0.0,,3.182102680206299,,2250.977783203125,,556.1280517578125,,230.42210388183594,,130.4276885986328,,1778.9559326171875,,5.085490703582764,,0.5078125,,2632.70361328125,,2632.70361328125,,0.4921875,,256.0,,0.2158203125,,0.18279699981212616,,0.0,,,,,,,,,,,,,,
3,48499,,-0.2650113105773926,,832.2808837890625,,2759.2333984375,,8.0,,3.0592970848083496,,0.125,,3.0592970848083496,,2148.08544921875,,318.2680358886719,,229.29623413085938,,106.54106903076172,,1926.952392578125,,-6.071233749389648,,0.44140625,,2762.292724609375,,2762.292724609375,,0.55859375,,256.0,,0.1982421875,,0.19060301780700684,,0.00390625,,,,,,,,,,,,,,
3,48549,,-0.2536335587501526,,1201.13720703125,,73376.2890625,,8.0,,3.0633811950683594,,0.0,,3.0633811950683594,,2018.140869140625,,447.3651123046875,,277.73492431640625,,119.23876190185547,,72175.1484375,,29.616464614868164,,0.48046875,,73379.3515625,,73379.3515625,,0.51953125,,256.0,,0.3046875,,0.30168330669403076,,0.0078125,,,,,,,,,,,,,,
3,48599,,-0.2680109739303589,,898.5860595703125,,2492.34814453125,,8.0,,3.137848377227783,,0.0,,3.137848377227783,,2327.73486328125,,540.4445190429688,,185.0409698486328,,117.11858367919922,,1593.7620849609375,,9.035602569580078,,0.5,,2495.486083984375,,2495.486083984375,,0.5,,256.0,,0.30078125,,0.26825544238090515,,0.00390625,,,,,,,,,,,,,,
3,48649,,-0.2564775347709656,,1049.968994140625,,37216.8828125,,8.0,,3.2649831771850586,,0.0,,3.2649831771850586,,2078.369873046875,,535.7694702148438,,304.2353515625,,122.57476806640625,,36166.9140625,,16.994583129882812,,0.47265625,,37220.1484375,,37220.1484375,,0.52734375,,256.0,,0.126953125,,0.12579815089702606,,0.01171875,,,,,,,,,,,,,,
3,48699,,-0.2550848126411438,,873.3306274414062,,2674.9775390625,,8.0,,3.089956521987915,,0.25,,3.089956521987915,,2368.88671875,,261.3039855957031,,294.9260559082031,,115.81204986572266,,1801.6468505859375,,4.01408576965332,,0.53125,,2678.0673828125,,2678.0673828125,,0.46875,,256.0,,0.1455078125,,0.08798663318157196,,0.0,,,,,,,,,,,,,,
3,48749,,-0.25021278858184814,,1208.57470703125,,40156.69921875,,8.0,,3.1078672409057617,,0.125,,3.1078672409057617,,2455.7978515625,,281.0304260253906,,273.222900390625,,142.7028045654297,,38948.125,,5.565016746520996,,0.484375,,40159.80859375,,40159.80859375,,0.515625,,256.0,,0.2373046875,,0.21700438857078552,,0.01171875,,,,,,,,,,,,,,
3,48799,,-0.2542267441749573,,1384.025146484375,,105232.359375,,8.0,,3.1494178771972656,,0.0,,3.1494178771972656,,1926.3743896484375,,558.281494140625,,268.6557312011719,,137.41830444335938,,103848.3359375,,46.38694763183594,,0.53125,,105235.5078125,,105235.5078125,,0.46875,,256.0,,0.2578125,,0.26485297083854675,,0.015625,,,,,,,,,,,,,,
3,48849,,-0.2635157108306885,,907.2947998046875,,2536.599365234375,,8.0,,3.1686739921569824,,0.125,,3.1686739921569824,,2266.34375,,385.07666015625,,193.74020385742188,,106.96751403808594,,1629.3045654296875,,0.4768701493740082,,0.48046875,,2539.76806640625,,2539.76806640625,,0.51953125,,256.0,,0.0947265625,,0.12795710563659668,,0.00390625,,,,,,,,,,,,,,
3,48899,,-0.24478696286678314,,941.23828125,,33979.48046875,,8.0,,3.1395535469055176,,0.0,,3.1395535469055176,,2240.90283203125,,225.4029998779297,,173.87962341308594,,88.3827133178711,,33038.2421875,,12.00201416015625,,0.4921875,,33982.62109375,,33982.62109375,,0.5078125,,256.0,,0.158203125,,0.18924765288829803,,0.00390625,,,,,,,,,,,,,,
3,48949,,-0.25256186723709106,,894.7782592773438,,2308.57666015625,,8.0,,3.276823043823242,,0.0,,3.276823043823242,,2131.16455078125,,495.4580993652344,,289.2635192871094,,128.0496368408203,,1413.79833984375,,3.6113991737365723,,0.49609375,,2311.853515625,,2311.853515625,,0.50390625,,256.0,,0.1875,,0.1573888063430786,,0.0,,,,,,,,,,,,,,
3,48999,,-0.26413339376449585,,1050.390380859375,,35113.52734375,,8.0,,3.0861639976501465,,0.25,,3.0861639976501465,,2278.817138671875,,313.8518371582031,,293.9674072265625,,115.14617156982422,,34063.13671875,,10.897361755371094,,0.51171875,,35116.61328125,,35116.61328125,,0.48828125,,256.0,,0.306640625,,0.28466373682022095,,0.00390625,,,,,,,,,,,,,,
3,49049,,-0.2689383625984192,,1107.945068359375,,43713.890625,,8.0,,3.095734119415283,,0.0,,3.095734119415283,,2299.333251953125,,478.5113525390625,,267.9837341308594,,128.1508331298828,,42605.9453125,,19.226646423339844,,0.546875,,43716.98828125,,43716.98828125,,0.453125,,256.0,,0.16796875,,0.14365214109420776,,0.0078125,,,,,,,,,,,,,,
3,49099,,-0.2584161162376404,,1174.982177734375,,30424.4296875,,8.0,,3.2158405780792236,,0.125,,3.2158405780792236,,1970.2076416015625,,594.68994140625,,310.93975830078125,,106.26968383789062,,29249.447265625,,10.98034381866455,,0.49609375,,30427.646484375,,30427.646484375,,0.50390625,,256.0,,0.19921875,,0.18638142943382263,,0.01171875,,,,,,,,,,,,,,
3,49149,,-0.2649223506450653,,962.0907592773438,,2702.93701171875,,8.0,,3.1399266719818115,,0.25,,3.1399266719818115,,2224.408447265625,,365.57806396484375,,230.039306640625,,123.07530975341797,,1740.8463134765625,,-7.917762756347656,,0.4375,,2706.076904296875,,2706.076904296875,,0.5625,,256.0,,0.1513671875,,0.17647004127502441,,0.00390625,,,,,,,,,,,,,,
3,49199,,-0.2625604569911957,,1068.7867431640625,,52573.8828125,,8.0,,3.1590707302093506,,0.0,,3.1590707302093506,,2269.76513671875,,416.4912109375,,261.18426513671875,,134.54420471191406,,51505.09765625,,15.729767799377441,,0.51171875,,52577.04296875,,52577.04296875,,0.48828125,,256.0,,0.283203125,,0.2732306718826294,,0.00390625,,,,,,,,,,,,,,
3,49249,,-0.26064085960388184,,937.2757568359375,,2717.23828125,,8.0,,3.1075186729431152,,0.125,,3.1075186729431152,,2265.4326171875,,440.3425598144531,,266.3145751953125,,129.48294067382812,,1779.96240234375,,-0.6197326183319092,,0.4921875,,2720.345703125,,2720.345703125,,0.5078125,,256.0,,0.1904296875,,0.17213773727416992,,0.00390625,,,,,,,,,,,,,,
3,49299,,-0.2573966085910797,,878.01611328125,,2866.77197265625,,8.0,,3.2749853134155273,,0.125,,3.2749853134155273,,2363.7783203125,,319.8182373046875,,244.52700805664062,,109.18751525878906,,1988.7557373046875,,-1.2284587621688843,,0.46484375,,2870.046875,,2870.046875,,0.53515625,,256.0,,0.1767578125,,0.18429526686668396,,0.0,,,,,,,,,,,,,,
3,49349,,-0.2478870451450348,,798.2386474609375,,2197.99755859375,,8.0,,3.2426598072052,,0.0,,3.2426598072052,,2340.90966796875,,445.53656005859375,,249.15725708007812,,123.00643157958984,,1399.7589111328125,,-0.8772346377372742,,0.50390625,,2201.240234375,,2201.240234375,,0.49609375,,256.0,,0.345703125,,0.34187620878219604,,0.0,,,,,,,,,,,,,,
3,49399,,-0.2543574273586273,,916.8343505859375,,2588.583984375,,8.0,,3.0474393367767334,,0.0,,3.0474393367767334,,2229.298828125,,308.5732421875,,209.12240600585938,,126.04246520996094,,1671.7496337890625,,-3.5835883617401123,,0.4921875,,2591.63134765625,,2591.63134765625,,0.5078125,,256.0,,0.23046875,,0.16296762228012085,,0.0078125,,,,,,,,,,,,,,
3,49449,,-0.26178625226020813,,949.2681274414062,,2628.5556640625,,8.0,,3.053197145462036,,0.125,,3.053197145462036,,2400.079345703125,,246.19667053222656,,257.21343994140625,,113.8754653930664,,1679.28759765625,,2.513129949569702,,0.4921875,,2631.60888671875,,2631.60888671875,,0.5078125,,256.0,,0.291015625,,0.2375917136669159,,0.0078125,,,,,,,,,,,,,,
3,49499,,-0.26596617698669434,,1120.464599609375,,38143.87109375,,8.0,,2.9207277297973633,,0.125,,2.9207277297973633,,2240.193359375,,583.9773559570312,,250.6508331298828,,131.343994140625,,37023.40625,,6.776566982269287,,0.515625,,38146.79296875,,38146.79296875,,0.484375,,256.0,,0.27734375,,0.25865375995635986,,0.0078125,,,,,,,,,,,,,,
3,49549,,-0.26045095920562744,,1033.320556640625,,46274.0546875,,8.0,,2.9928321838378906,,0.0,,2.9928321838378906,,2319.6376953125,,441.72149658203125,,282.866455078125,,146.42425537109375,,45240.734375,,13.33385944366455,,0.53515625,,46277.046875,,46277.046875,,0.46484375,,256.0,,0.306640625,,0.3018888235092163,,0.0078125,,,,,,,,,,,,,,
3,49599,,-0.2647031247615814,,1020.7289428710938,,39071.265625,,8.0,,3.186953067779541,,0.0,,3.186953067779541,,2401.86865234375,,252.4158172607422,,238.75579833984375,,136.8212432861328,,38050.53515625,,19.220111846923828,,0.5703125,,39074.453125,,39074.453125,,0.4296875,,256.0,,0.263671875,,0.286956250667572,,0.00390625,,,,,,,,,,,,,,
3,49649,,-0.2433038204908371,,916.1320190429688,,25472.00390625,,8.0,,2.9738523960113525,,0.125,,2.9738523960113525,,2517.31591796875,,244.76853942871094,,200.83763122558594,,126.70014953613281,,24555.87109375,,10.186797142028809,,0.5,,25474.978515625,,25474.978515625,,0.5,,256.0,,0.126953125,,0.10443365573883057,,0.00390625,,,,,,,,,,,,,,
3,49699,,-0.2587495744228363,,1179.0701904296875,,48677.94921875,,8.0,,3.148189067840576,,0.0,,3.148189067840576,,2222.501953125,,330.2189025878906,,304.0231018066406,,96.76246643066406,,47498.87890625,,20.010665893554688,,0.46875,,48681.09765625,,48681.09765625,,0.53125,,256.0,,0.2109375,,0.20323029160499573,,0.01953125,,,,,,,,,,,,,,
3,49749,,-0.2622354030609131,,962.0590209960938,,37820.37109375,,8.0,,3.1108322143554688,,0.0,,3.1108322143554688,,2180.121337890625,,669.3863525390625,,241.5780487060547,,130.36083984375,,36858.3125,,4.678994178771973,,0.48046875,,37823.48046875,,37823.48046875,,0.51953125,,256.0,,0.177734375,,0.18330001831054688,,0.00390625,,,,,,,,,,,,,,
3,49799,,-0.26250147819519043,,1028.148193359375,,39296.109375,,8.0,,3.1985535621643066,,0.125,,3.1985535621643066,,1877.46826171875,,609.6177978515625,,279.2745666503906,,124.84455108642578,,38267.9609375,,13.1170072555542,,0.48046875,,39299.30859375,,39299.30859375,,0.51953125,,256.0,,0.1923828125,,0.1892600953578949,,0.00390625,,,,,,,,,,,,,,
3,49849,,-0.2650085389614105,,1415.51513671875,,97038.1796875,,8.0,,2.9550740718841553,,0.0,,2.9550740718841553,,2352.263427734375,,612.1527709960938,,241.9232177734375,,130.8154754638672,,95622.6640625,,44.91532897949219,,0.51953125,,97041.1328125,,97041.1328125,,0.48046875,,256.0,,0.2255859375,,0.20646053552627563,,0.015625,,,,,,,,,,,,,,
3,49899,,-0.2562011480331421,,832.753173828125,,2931.673583984375,,8.0,,2.9964489936828613,,0.125,,2.9964489936828613,,2241.3095703125,,558.1830444335938,,275.0231018066406,,110.21226501464844,,2098.92041015625,,-5.862207412719727,,0.484375,,2934.669921875,,2934.669921875,,0.515625,,256.0,,0.2001953125,,0.16703933477401733,,0.0,,,,,,,,,,,,,,
3,49949,,-0.2577126622200012,,1097.78857421875,,67204.390625,,8.0,,3.0498805046081543,,0.125,,3.0498805046081543,,2390.053955078125,,222.39996337890625,,212.96734619140625,,120.97679138183594,,66106.6015625,,36.77241134643555,,0.48828125,,67207.4375,,67207.4375,,0.51171875,,256.0,,0.1806640625,,0.17552141845226288,,0.0078125,,,,,,,,,,,,,,
3,49999,,-0.25736725330352783,,1048.30517578125,,2799.0576171875,,8.0,,3.026003360748291,,0.0,,3.026003360748291,,2099.47509765625,,507.42608642578125,,257.8577880859375,,111.30783081054688,,1750.7523193359375,,-6.8393235206604,,0.53515625,,2802.083740234375,,2802.083740234375,,0.46484375,,256.0,,0.232421875,,0.21544906497001648,,0.0078125,,,,,,,,,,,,,,
3,50049,,-0.2577386498451233,,1240.6265869140625,,102866.7890625,,8.0,,3.1378872394561768,,0.125,,3.1378872394561768,,2012.73828125,,558.3872680664062,,264.4531555175781,,113.12770080566406,,101626.1640625,,47.08277893066406,,0.44921875,,102869.9296875,,102869.9296875,,0.55078125,,256.0,,0.15625,,0.16614291071891785,,0.015625,,,,,,,,,,,,,,
3,50099,,-0.26280733942985535,,969.7205810546875,,23414.63671875,,8.0,,3.1255359649658203,,0.125,,3.1255359649658203,,2366.8076171875,,162.4993896484375,,236.63961791992188,,107.92495727539062,,22444.916015625,,7.386101245880127,,0.5,,23417.76171875,,23417.76171875,,0.5,,256.0,,0.208984375,,0.21115092933177948,,0.01171875,,,,,,,,,,,,,,
3,50149,,-0.2719768285751343,,935.020263671875,,2448.813720703125,,8.0,,3.057582378387451,,0.0,,3.057582378387451,,2214.7412109375,,255.37762451171875,,228.42701721191406,,146.94027709960938,,1513.79345703125,,-1.895336627960205,,0.51953125,,2451.871337890625,,2451.871337890625,,0.48046875,,256.0,,0.201171875,,0.21225130558013916,,0.01171875,,,,,,,,,,,,,,
3,50199,,-0.2608281373977661,,826.415771484375,,2518.240234375,,8.0,,3.0722768306732178,,0.25,,3.0722768306732178,,2151.77734375,,578.8248901367188,,297.44989013671875,,124.44044494628906,,1691.8245849609375,,-4.217452049255371,,0.484375,,2521.3125,,2521.3125,,0.515625,,256.0,,0.259765625,,0.24554543197155,,0.00390625,,,,,,,,,,,,,,
3,50249,,-0.2667834758758545,,1004.6297607421875,,37055.96484375,,8.0,,2.916595935821533,,0.25,,2.916595935821533,,2273.67822265625,,245.78515625,,195.86801147460938,,128.60604858398438,,36051.3359375,,13.978236198425293,,0.5,,37058.8828125,,37058.8828125,,0.5,,256.0,,0.330078125,,0.3037664592266083,,0.00390625,,,,,,,,,,,,,,
3,50299,,-0.26282012462615967,,905.1396484375,,2021.3017578125,,8.0,,3.260885715484619,,0.0,,3.260885715484619,,2262.77197265625,,248.9384002685547,,283.0345458984375,,114.03205871582031,,1116.162109375,,-8.706616401672363,,0.49609375,,2024.5626220703125,,2024.5626220703125,,0.50390625,,256.0,,0.1953125,,0.2086837738752365,,0.0,,,,,,,,,,,,,,
3,50349,,-0.2668108642101288,,797.7657470703125,,2400.736328125,,8.0,,3.2728288173675537,,0.125,,3.2728288173675537,,2216.332275390625,,238.1837921142578,,248.93157958984375,,130.95338439941406,,1602.970458984375,,-3.0221447944641113,,0.51953125,,2404.00927734375,,2404.00927734375,,0.48046875,,256.0,,0.30859375,,0.25479060411453247,,0.0078125,,,,,,,,,,,,,,
3,50399,,-0.2724234461784363,,1202.417236328125,,49586.15625,,8.0,,2.82893705368042,,0.375,,2.82893705368042,,2154.580322265625,,455.9214782714844,,246.96664428710938,,128.63970947265625,,48383.73828125,,18.358978271484375,,0.46484375,,49588.984375,,49588.984375,,0.53515625,,256.0,,0.2109375,,0.201139897108078,,0.01171875,,,,,,,,,,,,,,
3,50449,,-0.25579124689102173,,846.4932861328125,,2607.277099609375,,8.0,,3.054896354675293,,0.0,,3.054896354675293,,2018.3612060546875,,662.8570556640625,,297.5404052734375,,106.48565673828125,,1760.7838134765625,,-9.040781021118164,,0.4921875,,2610.33203125,,2610.33203125,,0.5078125,,256.0,,0.388671875,,0.3469972014427185,,0.0078125,,,,,,,,,,,,,,
3,50499,,-0.2621574103832245,,1237.4111328125,,79518.2734375,,8.0,,3.012516498565674,,0.0,,3.012516498565674,,2150.170654296875,,216.19317626953125,,268.34918212890625,,115.34295654296875,,78280.859375,,30.47067642211914,,0.52734375,,79521.2890625,,79521.2890625,,0.47265625,,256.0,,0.1767578125,,0.20581114292144775,,0.01171875,,,,,,,,,,,,,,
3,50549,,-0.2546021342277527,,804.9388427734375,,2039.62646484375,,8.0,,3.104156017303467,,0.375,,3.104156017303467,,2228.802734375,,553.4443359375,,215.4333038330078,,119.9445571899414,,1234.6876220703125,,1.6117607355117798,,0.4921875,,2042.7305908203125,,2042.7305908203125,,0.5078125,,256.0,,0.25,,0.26540544629096985,,0.0,,,,,,,,,,,,,,
3,50599,,-0.26481541991233826,,902.4656982421875,,2540.0390625,,8.0,,3.122692108154297,,0.0,,3.122692108154297,,2122.802734375,,429.833740234375,,290.81524658203125,,112.48043823242188,,1637.5732421875,,-7.851833820343018,,0.5234375,,2543.161865234375,,2543.161865234375,,0.4765625,,256.0,,0.2216796875,,0.2631446123123169,,0.0078125,,,,,,,,,,,,,,
3,50649,,-0.26802948117256165,,1042.7457275390625,,31168.390625,,8.0,,3.2441773414611816,,0.125,,3.2441773414611816,,2298.31201171875,,569.8734130859375,,202.0374298095703,,121.7231216430664,,30125.64453125,,15.471870422363281,,0.4921875,,31171.634765625,,31171.634765625,,0.5078125,,256.0,,0.1474609375,,0.15649156272411346,,0.0078125,,,,,,,,,,,,,,
3,50699,,-0.2735103368759155,,1105.30615234375,,36234.6875,,8.0,,3.2449471950531006,,0.25,,3.2449471950531006,,2054.16015625,,689.363037109375,,213.77865600585938,,123.70193481445312,,35129.3828125,,15.265619277954102,,0.53515625,,36237.93359375,,36237.93359375,,0.46484375,,256.0,,0.2451171875,,0.24136671423912048,,0.0078125,,,,,,,,,,,,,,
3,50749,,-0.2649371027946472,,985.0369873046875,,28897.2734375,,8.0,,3.3527536392211914,,0.125,,3.3527536392211914,,2409.900146484375,,193.35137939453125,,232.42189025878906,,133.73390197753906,,27912.236328125,,18.072376251220703,,0.4765625,,28900.626953125,,28900.626953125,,0.5234375,,256.0,,0.267578125,,0.24659141898155212,,0.00390625,,,,,,,,,,,,,,
3,50799,,-0.28097134828567505,,898.9364013671875,,2557.9072265625,,8.0,,2.9686973094940186,,0.25,,2.9686973094940186,,2299.260009765625,,398.60699462890625,,251.61204528808594,,135.55520629882812,,1658.970947265625,,-2.5299251079559326,,0.48046875,,2560.8759765625,,2560.8759765625,,0.51953125,,256.0,,0.322265625,,0.3171699643135071,,0.0,,,,,,,,,,,,,,
3,50849,,-0.2555844783782959,,1049.20654296875,,39265.6875,,8.0,,3.1251893043518066,,0.125,,3.1251893043518066,,2004.5797119140625,,336.0111999511719,,289.1294250488281,,94.56926727294922,,38216.48046875,,9.23796558380127,,0.5546875,,39268.8125,,39268.8125,,0.4453125,,256.0,,0.28125,,0.2875172793865204,,0.0078125,,,,,,,,,,,,,,
3,50899,,-0.26294249296188354,,829.9688110351562,,2510.69775390625,,8.0,,3.2707319259643555,,0.125,,3.2707319259643555,,2082.2587890625,,504.4073486328125,,274.5755920410156,,100.55870056152344,,1680.7288818359375,,1.5280766487121582,,0.5,,2513.968505859375,,2513.968505859375,,0.5,,256.0,,0.326171875,,0.3133208751678467,,0.0,,,,,,,,,,,,,,
3,50949,,-0.24927181005477905,,852.9744873046875,,2459.400390625,,8.0,,3.185274600982666,,0.0,,3.185274600982666,,2345.88720703125,,455.9906005859375,,275.08056640625,,131.83103942871094,,1606.426025390625,,-1.8406565189361572,,0.48046875,,2462.585693359375,,2462.585693359375,,0.51953125,,256.0,,0.1455078125,,0.17305299639701843,,0.0,,,,,,,,,,,,,,
3,50999,,-0.2539210319519043,,1150.04345703125,,30951.294921875,,8.0,,3.1610519886016846,,0.125,,3.1610519886016846,,2065.397216796875,,498.9372863769531,,264.89892578125,,105.88320922851562,,29801.251953125,,13.608429908752441,,0.515625,,30954.455078125,,30954.455078125,,0.484375,,256.0,,0.267578125,,0.26350557804107666,,0.015625,,,,,,,,,,,,,,
3,51049,,-0.2755018174648285,,1092.259765625,,24463.705078125,,8.0,,3.171994209289551,,0.25,,3.171994209289551,,2392.8623046875,,415.44671630859375,,261.7047119140625,,118.64290618896484,,23371.4453125,,6.240062713623047,,0.55078125,,24466.876953125,,24466.876953125,,0.44921875,,256.0,,0.2333984375,,0.1909324824810028,,0.0078125,,,,,,,,,,,,,,
3,51099,,-0.25326964259147644,,970.5750732421875,,18791.28515625,,8.0,,3.0418758392333984,,0.125,,3.0418758392333984,,2170.27587890625,,546.4627685546875,,248.2176971435547,,121.03974151611328,,17820.7109375,,7.1835808753967285,,0.56640625,,18794.326171875,,18794.326171875,,0.43359375,,256.0,,0.220703125,,0.1996096819639206,,0.0078125,,,,,,,,,,,,,,
3,51149,,-0.25662440061569214,,958.4976806640625,,28118.38671875,,8.0,,3.1520462036132812,,0.125,,3.1520462036132812,,2222.030029296875,,280.88641357421875,,256.13946533203125,,100.6003646850586,,27159.888671875,,0.5063828229904175,,0.4609375,,28121.5390625,,28121.5390625,,0.5390625,,256.0,,0.2109375,,0.16343900561332703,,0.0078125,,,,,,,,,,,,,,
3,51183,,,,,,,,,,,,,,,,,,,,,,,,,,,,,,,,,,,,,,,,,,,-0.2606545090675354,874.8850708007812,6998.720703125,0.0,6123.8427734375,-7.632245063781738,0.4998077154159546,874.8850708007812,6998.720703125,0.5001922845840454,255.98416137695312,0.22839879989624023,0.2358325570821762,0.0010014981962740421
3,51183,-0.26066240668296814,,981.1261596679688,,25623.37890625,,8.0,,3.131117105484009,,0.09240192174911499,,3.131117105484009,,2223.73046875,,415.3642578125,,249.20693969726562,,118.52226257324219,,24642.2265625,,6.599280834197998,,0.49983087182044983,,25626.515625,,25626.515625,,0.5001690983772278,,256.0,,0.22660300135612488,,0.2219260185956955,,0.005124587099999189,,,,,,,,,,,,,,,
4,51199,,-0.2623049020767212,,934.8283081054688,,2593.898193359375,,8.0,,3.0703787803649902,,0.125,,3.0703787803649902,,2227.854248046875,,398.5724792480469,,283.59906005859375,,111.26034545898438,,1659.0699462890625,,-9.562692642211914,,0.50390625,,2596.968505859375,,2596.968505859375,,0.49609375,,256.0,,0.2265625,,0.2272762656211853,,0.00390625,,,,,,,,,,,,,,
4,51249,,-0.2712327837944031,,941.9904174804688,,38908.46875,,8.0,,3.1070518493652344,,0.0,,3.1070518493652344,,2342.70166015625,,308.1038818359375,,250.91925048828125,,111.755126953125,,37966.4765625,,2.8865444660186768,,0.4609375,,38911.57421875,,38911.57421875,,0.5390625,,256.0,,0.326171875,,0.31316012144088745,,0.00390625,,,,,,,,,,,,,,
4,51299,,-0.2736104428768158,,897.969482421875,,3245.23388671875,,8.0,,3.127728223800659,,0.0,,3.127728223800659,,1975.19384765625,,635.6499633789062,,246.6087646484375,,133.80157470703125,,2347.264404296875,,-8.32738971710205,,0.50390625,,3248.361572265625,,3248.361572265625,,0.49609375,,256.0,,0.2119140625,,0.18687471747398376,,0.0,,,,,,,,,,,,,,
4,51349,,-0.26360997557640076,,917.468017578125,,31245.794921875,,8.0,,3.2209970951080322,,0.0,,3.2209970951080322,,1883.233154296875,,708.0555419921875,,273.7729797363281,,134.4798583984375,,30328.326171875,,9.414937019348145,,0.5390625,,31249.015625,,31249.015625,,0.4609375,,256.0,,0.25390625,,0.2937491536140442,,0.00390625,,,,,,,,,,,,,,
4,51399,,-0.2631462812423706,,861.663330078125,,2288.041015625,,8.0,,3.11509370803833,,0.125,,3.11509370803833,,2088.310546875,,619.592529296875,,260.3003234863281,,97.94088745117188,,1426.3778076171875,,-6.294480800628662,,0.4453125,,2291.156005859375,,2291.156005859375,,0.5546875,,256.0,,0.275390625,,0.2653389573097229,,0.0,,,,,,,,,,,,,,
4,51449,,-0.2599804997444153,,921.6793823242188,,2892.810791015625,,8.0,,3.12394642829895,,0.0,,3.12394642829895,,2175.09521484375,,396.8731689453125,,239.1309814453125,,120.76646423339844,,1971.1314697265625,,-1.6669909954071045,,0.44921875,,2895.934814453125,,2895.934814453125,,0.55078125,,256.0,,0.251953125,,0.2657746970653534,,0.0,,,,,,,,,,,,,,
4,51499,,-0.2666850984096527,,866.4366455078125,,2450.654052734375,,8.0,,3.1865580081939697,,0.125,,3.1865580081939697,,2185.733642578125,,473.4762268066406,,250.66502380371094,,125.73883056640625,,1584.2174072265625,,-3.473428249359131,,0.5234375,,2453.840576171875,,2453.840576171875,,0.4765625,,256.0,,0.08740234375,,0.11046160757541656,,0.0,,,,,,,,,,,,,,
4,51549,,-0.2568002939224243,,919.1107177734375,,2281.5107421875,,8.0,,3.0821337699890137,,0.375,,3.0821337699890137,,2028.2308349609375,,488.2444152832031,,260.9346618652344,,133.60166931152344,,1362.400146484375,,-1.5374760627746582,,0.51953125,,2284.5927734375,,2284.5927734375,,0.48046875,,256.0,,0.25,,0.24356798827648163,,0.0078125,,,,,,,,,,,,,,
4,51599,,-0.2524050176143646,,867.7862548828125,,26652.193359375,,8.0,,3.1429615020751953,,0.125,,3.1429615020751953,,2200.55859375,,275.0465393066406,,288.514404296875,,108.37747192382812,,25784.40625,,6.77962064743042,,0.5234375,,26655.3359375,,26655.3359375,,0.4765625,,256.0,,0.1923828125,,0.2513532042503357,,0.00390625,,,,,,,,,,,,,,
4,51649,,-0.2439301609992981,,905.5540771484375,,2471.874267578125,,8.0,,3.1122782230377197,,0.0,,3.1122782230377197,,2250.291748046875,,564.4481811523438,,269.04949951171875,,127.08442687988281,,1566.3201904296875,,0.060672927647829056,,0.5390625,,2474.986572265625,,2474.986572265625,,0.4609375,,256.0,,0.349609375,,0.3201169967651367,,0.00390625,,,,,,,,,,,,,,
4,51699,,-0.2549700438976288,,1062.153076171875,,33490.09375,,8.0,,3.314723491668701,,0.0,,3.314723491668701,,2067.940673828125,,568.8441162109375,,262.65643310546875,,120.3480453491211,,32427.939453125,,8.987197875976562,,0.5234375,,33493.41015625,,33493.41015625,,0.4765625,,256.0,,0.287109375,,0.25761616230010986,,0.00390625,,,,,,,,,,,,,,
4,51749,,-0.2644692063331604,,1256.5657958984375,,52871.0,,8.0,,2.9832046031951904,,0.125,,2.9832046031951904,,1939.28369140625,,621.7056884765625,,300.71533203125,,97.64948272705078,,51614.43359375,,15.75054931640625,,0.5,,52873.984375,,52873.984375,,0.5,,256.0,,0.20703125,,0.19231584668159485,,0.01171875,,,,,,,,,,,,,,
4,51799,,-0.25238069891929626,,949.457763671875,,2673.66943359375,,8.0,,2.9900240898132324,,0.0,,2.9900240898132324,,2107.35205078125,,592.4427490234375,,209.90667724609375,,114.48462677001953,,1724.2115478515625,,-11.796394348144531,,0.44921875,,2676.659423828125,,2676.659423828125,,0.55078125,,256.0,,0.271484375,,0.2683871388435364,,0.0078125,,,,,,,,,,,,,,
4,51849,,-0.2489541471004486,,1095.031005859375,,32816.0703125,,8.0,,3.118314504623413,,0.0,,3.118314504623413,,1969.0067138671875,,542.8980102539062,,303.3138122558594,,116.97740173339844,,31721.0390625,,15.634971618652344,,0.47265625,,32819.1875,,32819.1875,,0.52734375,,256.0,,0.177734375,,0.1515204906463623,,0.0078125,,,,,,,,,,,,,,
4,51899,,-0.24830655753612518,,885.6255493164062,,40062.7734375,,8.0,,3.1598925590515137,,0.0,,3.1598925590515137,,2154.96728515625,,505.8554992675781,,253.63685607910156,,119.45260620117188,,39177.1484375,,17.477113723754883,,0.51953125,,40065.93359375,,40065.93359375,,0.48046875,,256.0,,0.185546875,,0.1989555060863495,,0.00390625,,,,,,,,,,,,,,
4,51949,,-0.27325356006622314,,1091.8916015625,,31317.28515625,,8.0,,3.062600612640381,,0.125,,3.062600612640381,,2258.63671875,,483.14935302734375,,266.210693359375,,116.408935546875,,30225.39453125,,11.654908180236816,,0.5234375,,31320.34765625,,31320.34765625,,0.4765625,,256.0,,0.291015625,,0.2753964960575104,,0.01171875,,,,,,,,,,,,,,
4,51999,,-0.2521701753139496,,935.6460571289062,,2557.1376953125,,8.0,,3.167083501815796,,0.25,,3.167083501815796,,1997.9124755859375,,519.4270629882812,,258.241455078125,,115.1549301147461,,1621.4915771484375,,1.1261491775512695,,0.51953125,,2560.3046875,,2560.3046875,,0.48046875,,256.0,,0.29296875,,0.28260260820388794,,0.0078125,,,,,,,,,,,,,,
4,52049,,-0.25916242599487305,,834.0863037109375,,2237.7138671875,,8.0,,3.2187659740448,,0.0,,3.2187659740448,,2254.236328125,,309.8363342285156,,262.749267578125,,139.44224548339844,,1403.6275634765625,,-6.11626672744751,,0.51953125,,2240.9326171875,,2240.9326171875,,0.48046875,,256.0,,0.2177734375,,0.22231769561767578,,0.00390625,,,,,,,,,,,,,,
4,52099,,-0.2611124515533447,,951.0231323242188,,34506.33984375,,8.0,,3.0716140270233154,,0.125,,3.0716140270233154,,2376.93359375,,128.8241424560547,,259.56842041015625,,118.07717895507812,,33555.31640625,,12.186750411987305,,0.4765625,,34509.41015625,,34509.41015625,,0.5234375,,256.0,,0.1953125,,0.18536362051963806,,0.00390625,,,,,,,,,,,,,,
4,52149,,-0.26286646723747253,,881.224609375,,2141.21240234375,,8.0,,3.2327027320861816,,0.0,,3.2327027320861816,,2430.1083984375,,218.16903686523438,,232.0570068359375,,100.42061614990234,,1259.9876708984375,,-5.323955535888672,,0.5234375,,2144.445068359375,,2144.445068359375,,0.4765625,,256.0,,0.1591796875,,0.237596794962883,,0.0,,,,,,,,,,,,,,
4,52199,,-0.25916966795921326,,1117.15771484375,,33928.0,,8.0,,3.3082189559936523,,0.0,,3.3082189559936523,,2762.88720703125,,205.2667694091797,,205.06861877441406,,115.5610580444336,,32810.84375,,14.887870788574219,,0.51171875,,33931.30859375,,33931.30859375,,0.48828125,,256.0,,0.2392578125,,0.2134723663330078,,0.0078125,,,,,,,,,,,,,,
4,52249,,-0.25940316915512085,,966.50048828125,,2306.545166015625,,8.0,,3.1636831760406494,,0.0,,3.1636831760406494,,1827.89453125,,393.81884765625,,272.54364013671875,,93.307861328125,,1340.044677734375,,0.3405681550502777,,0.53515625,,2309.708740234375,,2309.708740234375,,0.46484375,,256.0,,0.244140625,,0.1934661865234375,,0.0078125,,,,,,,,,,,,,,
4,52299,,-0.2565699815750122,,1311.198486328125,,53841.78515625,,8.0,,3.1131043434143066,,0.0,,3.1131043434143066,,2087.818359375,,408.58734130859375,,272.5388488769531,,110.83063507080078,,52530.5859375,,26.518817901611328,,0.58203125,,53844.8984375,,53844.8984375,,0.41796875,,256.0,,0.216796875,,0.2298983782529831,,0.01953125,,,,,,,,,,,,,,
4,52349,,-0.2624007761478424,,1039.844970703125,,42553.9921875,,8.0,,3.2657012939453125,,0.125,,3.2657012939453125,,2287.55517578125,,411.830322265625,,237.33535766601562,,139.30093383789062,,41514.1484375,,13.705674171447754,,0.53125,,42557.2578125,,42557.2578125,,0.46875,,256.0,,0.18359375,,0.20222890377044678,,0.0078125,,,,,,,,,,,,,,
4,52399,,-0.25276005268096924,,1201.9886474609375,,86950.7578125,,8.0,,3.1639230251312256,,0.125,,3.1639230251312256,,2293.1982421875,,541.5719604492188,,303.21600341796875,,116.5149917602539,,85748.765625,,41.342498779296875,,0.5234375,,86953.921875,,86953.921875,,0.4765625,,256.0,,0.296875,,0.24796971678733826,,0.01171875,,,,,,,,,,,,,,
4,52449,,-0.26057738065719604,,933.7293701171875,,2424.4873046875,,8.0,,3.205476760864258,,0.125,,3.205476760864258,,2132.32763671875,,655.4942016601562,,249.3285369873047,,102.80943298339844,,1490.7578125,,-5.602235794067383,,0.484375,,2427.69287109375,,2427.69287109375,,0.515625,,256.0,,0.310546875,,0.2792767286300659,,0.01171875,,,,,,,,,,,,,,
4,52499,,-0.25225961208343506,,830.1268310546875,,1897.385498046875,,8.0,,3.235138416290283,,0.0,,3.235138416290283,,2052.9560546875,,579.572509765625,,263.6321716308594,,130.7625274658203,,1067.2586669921875,,-0.9737949371337891,,0.46484375,,1900.62060546875,,1900.62060546875,,0.53515625,,256.0,,0.240234375,,0.1724046915769577,,0.0,,,,,,,,,,,,,,
4,52549,,-0.268943727016449,,976.3031005859375,,31264.078125,,8.0,,3.340674877166748,,0.125,,3.340674877166748,,1986.874267578125,,500.82159423828125,,267.7388916015625,,101.91112518310547,,30287.775390625,,7.093329429626465,,0.5078125,,31267.41796875,,31267.41796875,,0.4921875,,256.0,,0.2890625,,0.2361142635345459,,0.00390625,,,,,,,,,,,,,,
4,52599,,-0.24931049346923828,,911.8358154296875,,2860.607421875,,8.0,,2.929086923599243,,0.125,,2.929086923599243,,2020.8876953125,,578.2700805664062,,248.29595947265625,,128.5437774658203,,1948.771728515625,,-1.6525241136550903,,0.44921875,,2863.53662109375,,2863.53662109375,,0.55078125,,256.0,,0.294921875,,0.2636915445327759,,0.01171875,,,,,,,,,,,,,,
4,52649,,-0.25879421830177307,,1034.4302978515625,,2662.86767578125,,8.0,,3.0010342597961426,,0.0,,3.0010342597961426,,2285.678955078125,,427.2266845703125,,269.22430419921875,,104.90192413330078,,1628.437255859375,,1.9301114082336426,,0.5,,2665.86865234375,,2665.86865234375,,0.5,,256.0,,0.291015625,,0.2960139214992523,,0.01171875,,,,,,,,,,,,,,
4,52699,,-0.253444641828537,,1381.360595703125,,134984.78125,,8.0,,3.0979762077331543,,0.0,,3.0979762077331543,,2452.13671875,,404.04815673828125,,232.3207550048828,,113.13260650634766,,133603.421875,,61.92825698852539,,0.46875,,134987.875,,134987.875,,0.53125,,256.0,,0.234375,,0.21916887164115906,,0.01171875,,,,,,,,,,,,,,
4,52749,,-0.2528243958950043,,1043.429931640625,,42349.625,,8.0,,3.0580501556396484,,0.0,,3.0580501556396484,,2096.408203125,,557.7769775390625,,278.1592102050781,,119.12371826171875,,41306.1953125,,9.115521430969238,,0.46875,,42352.68359375,,42352.68359375,,0.53125,,256.0,,0.12890625,,0.15602675080299377,,0.0078125,,,,,,,,,,,,,,
4,52799,,-0.27042579650878906,,1166.2528076171875,,67919.0546875,,8.0,,2.868480920791626,,0.125,,2.868480920791626,,2043.3203125,,523.1136474609375,,277.9934387207031,,130.802978515625,,66752.8046875,,28.56343650817871,,0.51953125,,67921.921875,,67921.921875,,0.48046875,,256.0,,0.1884765625,,0.20348384976387024,,0.0078125,,,,,,,,,,,,,,
4,52849,,-0.257437527179718,,976.1669311523438,,3200.18505859375,,8.0,,3.017003059387207,,0.25,,3.017003059387207,,2215.115234375,,567.7020263671875,,284.3989562988281,,134.70370483398438,,2224.01806640625,,-14.295145034790039,,0.4765625,,3203.2021484375,,3203.2021484375,,0.5234375,,256.0,,0.33984375,,0.3029201626777649,,0.0078125,,,,,,,,,,,,,,
4,52899,,-0.2651543617248535,,840.0012817382812,,2802.111328125,,8.0,,3.243433952331543,,0.0,,3.243433952331543,,2342.58984375,,296.3049621582031,,204.34474182128906,,120.50894165039062,,1962.110107421875,,-2.1631863117218018,,0.484375,,2805.354736328125,,2805.354736328125,,0.515625,,256.0,,0.126953125,,0.12683451175689697,,0.00390625,,,,,,,,,,,,,,
4,52949,,-0.2612110376358032,,899.808837890625,,2288.067626953125,,8.0,,3.1407413482666016,,0.0,,3.1407413482666016,,2329.974609375,,227.63674926757812,,243.41632080078125,,119.05814361572266,,1388.2587890625,,-3.1273248195648193,,0.51953125,,2291.208251953125,,2291.208251953125,,0.48046875,,256.0,,0.2470703125,,0.26925384998321533,,0.0,,,,,,,,,,,,,,
4,52999,,-0.26205939054489136,,931.807373046875,,2454.3623046875,,8.0,,3.401444911956787,,0.0,,3.401444911956787,,2184.26806640625,,365.84246826171875,,203.1229248046875,,121.62853240966797,,1522.554931640625,,-3.778353214263916,,0.5,,2457.763671875,,2457.763671875,,0.5,,256.0,,0.212890625,,0.22755086421966553,,0.00390625,,,,,,,,,,,,,,
4,53049,,-0.26875126361846924,,800.40234375,,2520.64599609375,,8.0,,3.0037925243377686,,0.25,,3.0037925243377686,,2127.4169921875,,629.0971069335938,,226.20025634765625,,136.19749450683594,,1720.24365234375,,-6.457944869995117,,0.51171875,,2523.64990234375,,2523.64990234375,,0.48828125,,256.0,,0.2392578125,,0.22424452006816864,,0.0,,,,,,,,,,,,,,
4,53099,,-0.2650998532772064,,1032.9241943359375,,2697.144287109375,,8.0,,3.2049083709716797,,0.0,,3.2049083709716797,,2271.524169921875,,631.4913940429688,,242.974853515625,,131.2381134033203,,1664.2200927734375,,-6.3004841804504395,,0.47265625,,2700.34912109375,,2700.34912109375,,0.52734375,,256.0,,0.146484375,,0.17353574931621552,,0.01171875,,,,,,,,,,,,,,
4,53149,,-0.258868932723999,,990.270751953125,,44608.9375,,8.0,,3.0873751640319824,,0.25,,3.0873751640319824,,2192.7021484375,,404.4258728027344,,243.3544921875,,124.584228515625,,43618.66796875,,19.828414916992188,,0.453125,,44612.0234375,,44612.0234375,,0.546875,,256.0,,0.181640625,,0.19421176612377167,,0.0078125,,,,,,,,,,,,,,
4,53199,,-0.25985005497932434,,1218.986572265625,,76859.984375,,8.0,,3.4235382080078125,,0.0,,3.4235382080078125,,2232.809814453125,,316.0384521484375,,247.69960021972656,,136.73486328125,,75641.0,,30.837318420410156,,0.515625,,76863.40625,,76863.40625,,0.484375,,256.0,,0.22265625,,0.2568678855895996,,0.0078125,,,,,,,,,,,,,,
4,53249,,-0.26556751132011414,,810.078125,,2274.848876953125,,8.0,,3.2075746059417725,,0.0,,3.2075746059417725,,1872.313720703125,,556.4954223632812,,277.5213928222656,,114.0626449584961,,1464.770751953125,,-4.9893269538879395,,0.46875,,2278.056396484375,,2278.056396484375,,0.53125,,256.0,,0.28515625,,0.2311321198940277,,0.00390625,,,,,,,,,,,,,,
4,53299,,-0.2714961767196655,,835.631103515625,,2386.8310546875,,8.0,,3.130345106124878,,0.0,,3.130345106124878,,2287.340576171875,,172.91514587402344,,223.86834716796875,,112.64854431152344,,1551.199951171875,,-0.5345728993415833,,0.57421875,,2389.96142578125,,2389.96142578125,,0.42578125,,256.0,,0.2041015625,,0.24496060609817505,,0.0,,,,,,,,,,,,,,
4,53349,,-0.24913999438285828,,1295.896728515625,,107638.7578125,,8.0,,3.221803665161133,,0.125,,3.221803665161133,,2102.593017578125,,128.72035217285156,,308.9432373046875,,105.94789123535156,,106342.859375,,45.517887115478516,,0.4765625,,107641.9765625,,107641.9765625,,0.5234375,,256.0,,0.2470703125,,0.2202838957309723,,0.015625,,,,,,,,,,,,,,
4,53399,,-0.273929238319397,,937.9865112304688,,3187.084228515625,,8.0,,3.079552173614502,,0.125,,3.079552173614502,,2090.44580078125,,462.54229736328125,,261.109619140625,,132.33216857910156,,2249.09765625,,-3.0279464721679688,,0.48828125,,3190.163818359375,,3190.163818359375,,0.51171875,,256.0,,0.1337890625,,0.1680898666381836,,0.00390625,,,,,,,,,,,,,,
4,53449,,-0.25683462619781494,,909.17138671875,,2643.28564453125,,8.0,,3.0562551021575928,,0.0,,3.0562551021575928,,2292.29150390625,,456.2303771972656,,206.66738891601562,,123.34617614746094,,1734.1143798828125,,-10.56330680847168,,0.4609375,,2646.341796875,,2646.341796875,,0.5390625,,256.0,,0.251953125,,0.22971078753471375,,0.00390625,,,,,,,,,,,,,,
4,53499,,-0.2625039219856262,,936.8164672851562,,2791.871826171875,,8.0,,3.1068685054779053,,0.0,,3.1068685054779053,,2077.265869140625,,469.2374267578125,,266.5216369628906,,114.19007110595703,,1855.055419921875,,-6.636463165283203,,0.55078125,,2794.978759765625,,2794.978759765625,,0.44921875,,256.0,,0.1484375,,0.14647948741912842,,0.00390625,,,,,,,,,,,,,,
4,53549,,-0.2620208263397217,,908.8331909179688,,33435.47265625,,8.0,,3.136876106262207,,0.125,,3.136876106262207,,2062.1162109375,,635.4808959960938,,214.2713623046875,,121.59429931640625,,32526.638671875,,13.025192260742188,,0.5,,33438.609375,,33438.609375,,0.5,,256.0,,0.291015625,,0.28208041191101074,,0.0078125,,,,,,,,,,,,,,
4,53599,,-0.24684523046016693,,880.5988159179688,,2349.186767578125,,8.0,,3.058553695678711,,0.0,,3.058553695678711,,2116.32421875,,558.0908203125,,266.3785705566406,,129.51780700683594,,1468.587890625,,2.6985583305358887,,0.48828125,,2352.245361328125,,2352.245361328125,,0.51171875,,256.0,,0.2138671875,,0.18905743956565857,,0.00390625,,,,,,,,,,,,,,
4,53649,,-0.2501809597015381,,988.431884765625,,44431.80859375,,8.0,,3.2717690467834473,,0.0,,3.2717690467834473,,2258.80908203125,,334.86077880859375,,248.48570251464844,,116.40721893310547,,43443.375,,12.311320304870605,,0.47265625,,44435.08203125,,44435.08203125,,0.52734375,,256.0,,0.0810546875,,0.14189665019512177,,0.00390625,,,,,,,,,,,,,,
4,53699,,-0.2569562792778015,,920.8712158203125,,2798.4462890625,,8.0,,3.3276991844177246,,0.0,,3.3276991844177246,,2236.323974609375,,180.31727600097656,,259.32489013671875,,126.26860046386719,,1877.5751953125,,0.7188024520874023,,0.5546875,,2801.77392578125,,2801.77392578125,,0.4453125,,256.0,,0.1875,,0.1707826852798462,,0.0078125,,,,,,,,,,,,,,
4,53749,,-0.26658451557159424,,1021.5274658203125,,2909.0654296875,,8.0,,3.2198214530944824,,0.0,,3.2198214530944824,,1985.583740234375,,569.0787353515625,,227.72467041015625,,102.7333984375,,1887.5380859375,,-5.575068950653076,,0.47265625,,2912.28515625,,2912.28515625,,0.52734375,,256.0,,0.2197265625,,0.22438690066337585,,0.0078125,,,,,,,,,,,,,,
4,53799,,-0.2600553333759308,,1021.278076171875,,34536.26171875,,8.0,,3.1486740112304688,,0.25,,3.1486740112304688,,2093.11767578125,,528.7222290039062,,214.38113403320312,,96.8552474975586,,33514.984375,,2.8097009658813477,,0.5,,34539.41015625,,34539.41015625,,0.5,,256.0,,0.2578125,,0.23172137141227722,,0.01171875,,,,,,,,,,,,,,
4,53849,,-0.2564297914505005,,810.99462890625,,2843.320556640625,,8.0,,3.2216336727142334,,0.0,,3.2216336727142334,,2026.5806884765625,,618.3863525390625,,257.4866027832031,,137.5720977783203,,2032.325927734375,,-3.430610418319702,,0.51953125,,2846.542236328125,,2846.542236328125,,0.48046875,,256.0,,0.310546875,,0.28522002696990967,,0.0,,,,,,,,,,,,,,
4,53899,,-0.2443324327468872,,1286.772705078125,,68354.375,,8.0,,3.2471988201141357,,0.0,,3.2471988201141357,,2056.593994140625,,554.7461547851562,,223.1354217529297,,121.82420349121094,,67067.6015625,,15.368464469909668,,0.52734375,,68357.625,,68357.625,,0.47265625,,256.0,,0.197265625,,0.2258005142211914,,0.015625,,,,,,,,,,,,,,
4,53949,,-0.2704138159751892,,805.7420654296875,,2639.531005859375,,8.0,,3.253401756286621,,0.0,,3.253401756286621,,2321.48291015625,,255.12115478515625,,255.71389770507812,,112.05753326416016,,1833.7889404296875,,-5.220658779144287,,0.515625,,2642.784423828125,,2642.784423828125,,0.484375,,256.0,,0.2294921875,,0.24251346290111542,,0.00390625,,,,,,,,,,,,,,
4,53999,,-0.26816922426223755,,1116.060546875,,44329.375,,8.0,,3.2568249702453613,,0.0,,3.2568249702453613,,1993.0751953125,,632.9530029296875,,278.81414794921875,,117.50759887695312,,43213.31640625,,13.439434051513672,,0.48828125,,44332.6328125,,44332.6328125,,0.51171875,,256.0,,0.2333984375,,0.20760786533355713,,0.0078125,,,,,,,,,,,,,,
4,54049,,-0.2670496702194214,,923.9782104492188,,2398.29736328125,,8.0,,2.90956711769104,,0.0,,2.90956711769104,,2180.716796875,,395.88836669921875,,215.15093994140625,,119.76667022705078,,1474.319091796875,,-1.8888589143753052,,0.4921875,,2401.20703125,,2401.20703125,,0.5078125,,256.0,,0.1669921875,,0.1682015359401703,,0.0078125,,,,,,,,,,,,,,
4,54099,,-0.265464723110199,,904.084716796875,,29152.58984375,,8.0,,3.2712697982788086,,0.25,,3.2712697982788086,,2383.9189453125,,213.16860961914062,,255.64923095703125,,100.4551010131836,,28248.505859375,,8.74413776397705,,0.5546875,,29155.861328125,,29155.861328125,,0.4453125,,256.0,,0.296875,,0.27533814311027527,,0.00390625,,,,,,,,,,,,,,
4,54149,,-0.26775699853897095,,879.5242919921875,,2222.046630859375,,8.0,,3.0207324028015137,,0.0,,3.0207324028015137,,2358.1201171875,,199.1290740966797,,229.76870727539062,,121.70646667480469,,1342.5223388671875,,3.347301483154297,,0.46484375,,2225.0673828125,,2225.0673828125,,0.53515625,,256.0,,0.3515625,,0.36702585220336914,,0.00390625,,,,,,,,,,,,,,
4,54199,,-0.26192352175712585,,848.0469360351562,,3129.01708984375,,8.0,,3.0589070320129395,,0.0,,3.0589070320129395,,2273.07177734375,,365.1670837402344,,257.3424072265625,,98.62008666992188,,2280.97021484375,,-3.9382598400115967,,0.52734375,,3132.075927734375,,3132.075927734375,,0.47265625,,256.0,,0.2275390625,,0.2252882570028305,,0.00390625,,,,,,,,,,,,,,
4,54249,,-0.24141451716423035,,1216.344482421875,,81293.7109375,,8.0,,3.151076555252075,,0.0,,3.151076555252075,,2082.940673828125,,603.1875610351562,,232.18319702148438,,117.15673065185547,,80077.3671875,,31.902324676513672,,0.50390625,,81296.859375,,81296.859375,,0.49609375,,256.0,,0.318359375,,0.3177548050880432,,0.0078125,,,,,,,,,,,,,,
4,54299,,-0.256772518157959,,948.3363647460938,,30338.49609375,,8.0,,3.13547420501709,,0.0,,3.13547420501709,,1964.3826904296875,,616.6492919921875,,296.5262451171875,,108.7384033203125,,29390.16015625,,19.38755989074707,,0.45703125,,30341.630859375,,30341.630859375,,0.54296875,,256.0,,0.21875,,0.23392967879772186,,0.00390625,,,,,,,,,,,,,,
4,54349,,-0.2639646530151367,,880.4708251953125,,2497.5849609375,,8.0,,3.2943525314331055,,0.125,,3.2943525314331055,,2155.434326171875,,416.0270690917969,,262.0438232421875,,120.29583740234375,,1617.1142578125,,-7.057414531707764,,0.53515625,,2500.87939453125,,2500.87939453125,,0.46484375,,256.0,,0.28125,,0.27111250162124634,,0.0078125,,,,,,,,,,,,,,
4,54399,,-0.24973580241203308,,993.6492919921875,,47772.7421875,,8.0,,2.898099184036255,,0.375,,2.898099184036255,,2098.83203125,,673.2986450195312,,251.42298889160156,,108.21343994140625,,46779.09375,,11.289942741394043,,0.52734375,,47775.640625,,47775.640625,,0.47265625,,256.0,,0.1845703125,,0.20254264771938324,,0.00390625,,,,,,,,,,,,,,
4,54449,,-0.2640112638473511,,856.52001953125,,2407.764404296875,,8.0,,3.1162867546081543,,0.125,,3.1162867546081543,,2163.3671875,,604.4622802734375,,243.8068084716797,,124.53179168701172,,1551.244384765625,,-5.297302722930908,,0.55859375,,2410.880615234375,,2410.880615234375,,0.44140625,,256.0,,0.1630859375,,0.14116904139518738,,0.00390625,,,,,,,,,,,,,,
4,54499,,-0.2604854106903076,,872.9315795898438,,2245.355224609375,,8.0,,3.160611152648926,,0.125,,3.160611152648926,,2055.98779296875,,490.4454345703125,,307.221435546875,,89.40677642822266,,1372.4237060546875,,2.6412484645843506,,0.47265625,,2248.515869140625,,2248.515869140625,,0.52734375,,256.0,,0.1884765625,,0.19574129581451416,,0.00390625,,,,,,,,,,,,,,
4,54549,,-0.266897976398468,,809.495361328125,,2348.051025390625,,8.0,,3.048713207244873,,0.125,,3.048713207244873,,2683.236572265625,,193.68165588378906,,166.3751220703125,,118.11209106445312,,1538.5556640625,,-2.8957700729370117,,0.5,,2351.099853515625,,2351.099853515625,,0.5,,256.0,,0.1142578125,,0.1145017147064209,,0.0,,,,,,,,,,,,,,
4,54599,,-0.2802783250808716,,801.0422973632812,,2039.570068359375,,8.0,,3.1065750122070312,,0.25,,3.1065750122070312,,2431.24462890625,,190.9031982421875,,212.4021759033203,,102.13098907470703,,1238.5277099609375,,-0.1247178465127945,,0.4453125,,2042.6766357421875,,2042.6766357421875,,0.5546875,,256.0,,0.1875,,0.18032702803611755,,0.0,,,,,,,,,,,,,,
4,54649,,-0.27337396144866943,,852.5125732421875,,2419.418212890625,,8.0,,3.236111640930176,,0.125,,3.236111640930176,,2329.57470703125,,216.41795349121094,,256.87213134765625,,122.93111419677734,,1566.9056396484375,,-2.890474557876587,,0.49609375,,2422.654296875,,2422.654296875,,0.50390625,,256.0,,0.29296875,,0.28319594264030457,,0.0078125,,,,,,,,,,,,,,
4,54699,,-0.25655433535575867,,1040.6480712890625,,25745.64453125,,8.0,,3.122164249420166,,0.0,,3.122164249420166,,1835.1695556640625,,627.9989624023438,,312.29071044921875,,92.18067169189453,,24704.99609375,,6.938878536224365,,0.4765625,,25748.767578125,,25748.767578125,,0.5234375,,256.0,,0.216796875,,0.21547913551330566,,0.0078125,,,,,,,,,,,,,,
4,54749,,-0.25385063886642456,,964.2542724609375,,47702.09765625,,8.0,,3.15559720993042,,0.0,,3.15559720993042,,2079.3427734375,,414.0195617675781,,283.86328125,,104.87946319580078,,46737.84375,,16.325420379638672,,0.48828125,,47705.25390625,,47705.25390625,,0.51171875,,256.0,,0.2177734375,,0.21662411093711853,,0.00390625,,,,,,,,,,,,,,
4,54799,,-0.2666281461715698,,1239.592041015625,,47883.68359375,,8.0,,3.1098151206970215,,0.125,,3.1098151206970215,,1943.715576171875,,728.2850341796875,,265.38836669921875,,129.57725524902344,,46644.08984375,,18.30901336669922,,0.5234375,,47886.79296875,,47886.79296875,,0.4765625,,256.0,,0.1982421875,,0.19792971014976501,,0.01953125,,,,,,,,,,,,,,
4,54849,,-0.2612382769584656,,926.452392578125,,2272.15087890625,,8.0,,3.217151641845703,,0.0,,3.217151641845703,,2224.9658203125,,237.91355895996094,,281.70538330078125,,104.07013702392578,,1345.6986083984375,,1.0472193956375122,,0.50390625,,2275.367919921875,,2275.367919921875,,0.49609375,,256.0,,0.2294921875,,0.236975759267807,,0.00390625,,,,,,,,,,,,,,
4,54899,,-0.26730412244796753,,1184.295654296875,,71984.796875,,8.0,,2.9859509468078613,,0.125,,2.9859509468078613,,2183.23046875,,368.69281005859375,,266.09112548828125,,131.75405883789062,,70800.5,,33.6423225402832,,0.48828125,,71987.78125,,71987.78125,,0.51171875,,256.0,,0.21875,,0.21943256258964539,,0.0078125,,,,,,,,,,,,,,
4,54949,,-0.2658631503582001,,860.6975708007812,,1912.487060546875,,8.0,,3.0448989868164062,,0.0,,3.0448989868164062,,2297.992431640625,,522.655029296875,,264.7139892578125,,118.38539123535156,,1051.78955078125,,-1.52257239818573,,0.4765625,,1915.531982421875,,1915.531982421875,,0.5234375,,256.0,,0.2060546875,,0.22060692310333252,,0.00390625,,,,,,,,,,,,,,
4,54999,,-0.2641782760620117,,931.2135009765625,,2120.62451171875,,8.0,,3.34677791595459,,0.0,,3.34677791595459,,2272.524169921875,,326.5374450683594,,281.7516784667969,,133.68284606933594,,1189.410888671875,,0.9466884136199951,,0.50390625,,2123.97119140625,,2123.97119140625,,0.49609375,,256.0,,0.1826171875,,0.2008649706840515,,0.00390625,,,,,,,,,,,,,,
4,55049,,-0.2690349221229553,,879.717041015625,,2501.49951171875,,8.0,,3.1199915409088135,,0.0,,3.1199915409088135,,2207.38671875,,491.7416687011719,,245.985595703125,,104.98383331298828,,1621.7823486328125,,-6.88486909866333,,0.48828125,,2504.619384765625,,2504.619384765625,,0.51171875,,256.0,,0.1640625,,0.1529383361339569,,0.00390625,,,,,,,,,,,,,,
4,55099,,-0.25727084279060364,,813.0734252929688,,2284.89501953125,,8.0,,3.1057183742523193,,0.125,,3.1057183742523193,,2300.435791015625,,306.9443054199219,,229.42724609375,,120.55714416503906,,1471.8216552734375,,-15.104689598083496,,0.4765625,,2288.000732421875,,2288.000732421875,,0.5234375,,256.0,,0.1767578125,,0.19520896673202515,,0.00390625,,,,,,,,,,,,,,
4,55149,,-0.2509751319885254,,1012.6422119140625,,37145.8125,,8.0,,3.082103729248047,,0.125,,3.082103729248047,,2288.35400390625,,336.1595764160156,,244.81419372558594,,113.18286895751953,,36133.171875,,17.076074600219727,,0.484375,,37148.89453125,,37148.89453125,,0.515625,,256.0,,0.158203125,,0.2145443856716156,,0.00390625,,,,,,,,,,,,,,
4,55199,,-0.261915922164917,,1047.795654296875,,45405.66796875,,8.0,,3.055572986602783,,0.125,,3.055572986602783,,1964.678955078125,,480.10675048828125,,301.5242004394531,,98.05260467529297,,44357.87109375,,16.043092727661133,,0.48046875,,45408.72265625,,45408.72265625,,0.51953125,,256.0,,0.15625,,0.18061521649360657,,0.00390625,,,,,,,,,,,,,,
4,55249,,-0.26315104961395264,,927.5285034179688,,31717.078125,,8.0,,3.271245002746582,,0.125,,3.271245002746582,,2361.125,,345.87451171875,,195.17828369140625,,117.85677337646484,,30789.548828125,,11.583576202392578,,0.51171875,,31720.349609375,,31720.349609375,,0.48828125,,256.0,,0.18359375,,0.1649654507637024,,0.00390625,,,,,,,,,,,,,,
4,55299,,-0.26285555958747864,,932.197998046875,,3082.47021484375,,8.0,,3.240872621536255,,0.125,,3.240872621536255,,2166.37158203125,,451.44659423828125,,285.2840881347656,,124.616455078125,,2150.272216796875,,-6.608592987060547,,0.546875,,3085.711181640625,,3085.711181640625,,0.453125,,256.0,,0.2177734375,,0.22679400444030762,,0.0,,,,,,,,,,,,,,
4,55349,,-0.25224584341049194,,912.4076538085938,,38453.265625,,8.0,,3.159317970275879,,0.125,,3.159317970275879,,2418.38134765625,,506.4007873535156,,213.15982055664062,,88.9473648071289,,37540.859375,,11.756617546081543,,0.51953125,,38456.42578125,,38456.42578125,,0.48046875,,256.0,,0.173828125,,0.14523878693580627,,0.00390625,,,,,,,,,,,,,,
4,55399,,-0.2636052668094635,,826.3544921875,,2357.54443359375,,8.0,,3.082777976989746,,0.125,,3.082777976989746,,2348.01708984375,,461.7408752441406,,241.5985565185547,,131.73146057128906,,1531.1900634765625,,-2.2183594703674316,,0.5390625,,2360.627197265625,,2360.627197265625,,0.4609375,,256.0,,0.12255859375,,0.13214942812919617,,0.0,,,,,,,,,,,,,,
4,55449,,-0.2525622844696045,,1239.36474609375,,85710.7421875,,8.0,,3.191580295562744,,0.125,,3.191580295562744,,2393.28759765625,,367.0944519042969,,250.1982879638672,,123.47234344482422,,84471.375,,46.641868591308594,,0.5,,85713.9375,,85713.9375,,0.5,,256.0,,0.205078125,,0.19191257655620575,,0.015625,,,,,,,,,,,,,,
4,55499,,-0.26834094524383545,,880.5474243164062,,2335.72265625,,8.0,,3.2963900566101074,,0.125,,3.2963900566101074,,2069.8154296875,,440.43341064453125,,283.6903076171875,,127.7715072631836,,1455.17529296875,,-1.0206103324890137,,0.5,,2339.01904296875,,2339.01904296875,,0.5,,256.0,,0.201171875,,0.18171510100364685,,0.0078125,,,,,,,,,,,,,,
4,55549,,-0.2665024697780609,,1260.0980224609375,,96812.75,,8.0,,2.944340705871582,,0.125,,2.944340705871582,,2007.59716796875,,322.7212219238281,,261.52239990234375,,100.52496337890625,,95552.6484375,,36.89543151855469,,0.5078125,,96815.6953125,,96815.6953125,,0.4921875,,256.0,,0.146484375,,0.18346211314201355,,0.01171875,,,,,,,,,,,,,,
4,55599,,-0.2675510048866272,,1106.2392578125,,86818.875,,8.0,,3.1043362617492676,,0.0,,3.1043362617492676,,2367.851806640625,,394.9776306152344,,282.9601135253906,,107.59882354736328,,85712.6328125,,33.613704681396484,,0.4296875,,86821.9765625,,86821.9765625,,0.5703125,,256.0,,0.2119140625,,0.18025365471839905,,0.0078125,,,,,,,,,,,,,,
4,55649,,-0.2544221878051758,,1120.941650390625,,63491.5625,,8.0,,3.161687135696411,,0.125,,3.161687135696411,,2397.689697265625,,232.9401397705078,,257.914794921875,,150.03366088867188,,62370.62109375,,25.97300148010254,,0.5078125,,63494.72265625,,63494.72265625,,0.4921875,,256.0,,0.12255859375,,0.14163857698440552,,0.0078125,,,,,,,,,,,,,,
4,55699,,-0.26547473669052124,,1409.759765625,,125301.9921875,,8.0,,3.1489245891571045,,0.0,,3.1489245891571045,,2285.415283203125,,261.7870178222656,,227.2918701171875,,118.4578628540039,,123892.234375,,54.087554931640625,,0.48046875,,125305.140625,,125305.140625,,0.51953125,,256.0,,0.181640625,,0.1761620044708252,,0.01171875,,,,,,,,,,,,,,
4,55749,,-0.253082275390625,,955.5894775390625,,34590.44921875,,8.0,,3.3117642402648926,,0.125,,3.3117642402648926,,2211.52294921875,,459.0621032714844,,328.73193359375,,134.74554443359375,,33634.859375,,9.077754974365234,,0.453125,,34593.76171875,,34593.76171875,,0.546875,,256.0,,0.1669921875,,0.18519674241542816,,0.0078125,,,,,,,,,,,,,,
4,55799,,-0.25753021240234375,,932.20361328125,,30329.451171875,,8.0,,3.1700310707092285,,0.0,,3.1700310707092285,,2123.4208984375,,495.7680969238281,,278.94158935546875,,132.7993927001953,,29397.248046875,,6.7655439376831055,,0.515625,,30332.62109375,,30332.62109375,,0.484375,,256.0,,0.166015625,,0.14535444974899292,,0.00390625,,,,,,,,,,,,,,
4,55849,,-0.24749165773391724,,811.910400390625,,2160.00146484375,,8.0,,3.072171688079834,,0.125,,3.072171688079834,,2288.105224609375,,241.40797424316406,,187.40966796875,,109.21276092529297,,1348.0911865234375,,-0.2420501857995987,,0.46875,,2163.07373046875,,2163.07373046875,,0.53125,,256.0,,0.12109375,,0.12864819169044495,,0.00390625,,,,,,,,,,,,,,
4,55899,,-0.2526252269744873,,1260.627197265625,,69086.65625,,8.0,,3.038796901702881,,0.125,,3.038796901702881,,1913.6861572265625,,675.5319213867188,,269.74285888671875,,109.56792449951172,,67826.03125,,29.904499053955078,,0.4765625,,69089.6953125,,69089.6953125,,0.5234375,,256.0,,0.2109375,,0.18341156840324402,,0.015625,,,,,,,,,,,,,,
4,55949,,-0.26838037371635437,,816.0089111328125,,2342.7119140625,,8.0,,3.248070240020752,,0.25,,3.248070240020752,,2280.85693359375,,354.9570617675781,,270.6570129394531,,142.9268341064453,,1526.702880859375,,-6.784662246704102,,0.47265625,,2345.9599609375,,2345.9599609375,,0.52734375,,256.0,,0.193359375,,0.21344666182994843,,0.0,,,,,,,,,,,,,,
4,55999,,-0.25623103976249695,,1074.351806640625,,43628.7578125,,8.0,,3.0825252532958984,,0.125,,3.0825252532958984,,1841.755859375,,607.099853515625,,284.8944091796875,,115.4974365234375,,42554.40625,,16.36614990234375,,0.44921875,,43631.83984375,,43631.83984375,,0.55078125,,256.0,,0.2890625,,0.2857188582420349,,0.0078125,,,,,,,,,,,,,,
4,56049,,-0.2549118995666504,,1196.320556640625,,86064.2421875,,8.0,,3.0903329849243164,,0.125,,3.0903329849243164,,2261.72412109375,,466.9624938964844,,194.95277404785156,,107.98199462890625,,84867.921875,,32.26300048828125,,0.546875,,86067.3359375,,86067.3359375,,0.453125,,256.0,,0.1650390625,,0.1434863656759262,,0.0078125,,,,,,,,,,,,,,
4,56099,,-0.25644946098327637,,1030.1412353515625,,43476.671875,,8.0,,3.15631103515625,,0.0,,3.15631103515625,,2531.464599609375,,196.8857879638672,,160.349365234375,,95.578857421875,,42446.53125,,21.88100242614746,,0.50390625,,43479.828125,,43479.828125,,0.49609375,,256.0,,0.234375,,0.30557477474212646,,0.00390625,,,,,,,,,,,,,,
4,56149,,-0.26961514353752136,,887.764404296875,,2888.560546875,,8.0,,3.158143997192383,,0.125,,3.158143997192383,,2501.3349609375,,241.2001190185547,,208.28640747070312,,112.60302734375,,2000.796142578125,,-8.268653869628906,,0.48046875,,2891.71875,,2891.71875,,0.51953125,,256.0,,0.333984375,,0.35396885871887207,,0.00390625,,,,,,,,,,,,,,
4,56199,,-0.24804358184337616,,829.8330688476562,,2474.734619140625,,8.0,,3.160672187805176,,0.0,,3.160672187805176,,2170.385986328125,,333.4338684082031,,245.31881713867188,,131.92979431152344,,1644.9014892578125,,-6.625190258026123,,0.5,,2477.895263671875,,2477.895263671875,,0.5,,256.0,,0.16796875,,0.1766413152217865,,0.0,,,,,,,,,,,,,,
4,56249,,-0.26503100991249084,,873.243408203125,,2200.177490234375,,8.0,,3.205749988555908,,0.125,,3.205749988555908,,2173.9501953125,,549.0970458984375,,276.82696533203125,,116.25879669189453,,1326.93408203125,,-2.4504594802856445,,0.4765625,,2203.38330078125,,2203.38330078125,,0.5234375,,256.0,,0.1865234375,,0.16215042769908905,,0.0078125,,,,,,,,,,,,,,
4,56299,,-0.255668044090271,,779.531982421875,,2050.291015625,,8.0,,2.9696450233459473,,0.25,,2.9696450233459473,,2169.887451171875,,306.9644470214844,,266.7105712890625,,111.16478729248047,,1270.7589111328125,,-4.214944362640381,,0.484375,,2053.2607421875,,2053.2607421875,,0.515625,,256.0,,0.255859375,,0.2524815499782562,,0.0,,,,,,,,,,,,,,
4,56349,,-0.24844937026500702,,794.8761596679688,,1796.5654296875,,8.0,,3.2625441551208496,,0.125,,3.2625441551208496,,2262.9013671875,,347.445556640625,,220.43121337890625,,126.74202728271484,,1001.689208984375,,-0.17667736113071442,,0.515625,,1799.8280029296875,,1799.8280029296875,,0.484375,,256.0,,0.193359375,,0.19680699706077576,,0.0,,,,,,,,,,,,,,
4,56399,,-0.25073564052581787,,862.6171875,,2455.6318359375,,8.0,,3.1712021827697754,,0.0,,3.1712021827697754,,2406.20068359375,,234.5359649658203,,184.07713317871094,,91.95602416992188,,1593.0145263671875,,-5.909369468688965,,0.4921875,,2458.802978515625,,2458.802978515625,,0.5078125,,256.0,,0.1259765625,,0.13816145062446594,,0.0078125,,,,,,,,,,,,,,
4,56449,,-0.2644001841545105,,802.5149536132812,,2085.756591796875,,8.0,,3.19718599319458,,0.0,,3.19718599319458,,2474.85302734375,,292.9814147949219,,233.48440551757812,,118.05532836914062,,1283.24169921875,,-3.24027419090271,,0.484375,,2088.953857421875,,2088.953857421875,,0.515625,,256.0,,0.134765625,,0.09271266311407089,,0.0,,,,,,,,,,,,,,
4,56499,,-0.26871752738952637,,1032.837158203125,,37107.5234375,,8.0,,3.1698808670043945,,0.125,,3.1698808670043945,,2453.2294921875,,290.26861572265625,,213.42123413085938,,139.1511688232422,,36074.6875,,14.256937980651855,,0.5,,37110.69140625,,37110.69140625,,0.5,,256.0,,0.1923828125,,0.16036781668663025,,0.0078125,,,,,,,,,,,,,,
4,56549,,-0.2696625292301178,,841.345947265625,,1973.0721435546875,,8.0,,3.0284781455993652,,0.0,,3.0284781455993652,,2070.599365234375,,386.8116149902344,,231.69065856933594,,115.8305892944336,,1131.7261962890625,,-3.235281467437744,,0.4921875,,1976.1005859375,,1976.1005859375,,0.5078125,,256.0,,0.263671875,,0.25048303604125977,,0.0,,,,,,,,,,,,,,
4,56599,,-0.2577384412288666,,977.1099853515625,,32522.24609375,,8.0,,2.9054505825042725,,0.25,,2.9054505825042725,,2382.32861328125,,233.7435302734375,,260.49542236328125,,115.07856750488281,,31545.13671875,,12.84062385559082,,0.46484375,,32525.15234375,,32525.15234375,,0.53515625,,256.0,,0.271484375,,0.24403584003448486,,0.0078125,,,,,,,,,,,,,,
4,56649,,-0.27179455757141113,,864.11376953125,,2759.75146484375,,8.0,,3.2757303714752197,,0.0,,3.2757303714752197,,2093.3984375,,342.4980773925781,,271.668701171875,,131.97628784179688,,1895.6376953125,,-12.73465633392334,,0.51171875,,2763.027099609375,,2763.027099609375,,0.48828125,,256.0,,0.25390625,,0.28238677978515625,,0.0,,,,,,,,,,,,,,
4,56699,,-0.2553810775279999,,1128.124267578125,,37655.375,,8.0,,3.262380361557007,,0.0,,3.262380361557007,,2127.74560546875,,284.1256408691406,,301.1991271972656,,126.93396759033203,,36527.25,,9.039575576782227,,0.515625,,37658.63671875,,37658.63671875,,0.484375,,256.0,,0.169921875,,0.190463125705719,,0.0078125,,,,,,,,,,,,,,
4,56749,,-0.2776193618774414,,934.822509765625,,2414.25439453125,,8.0,,3.175577163696289,,0.0,,3.175577163696289,,2391.482421875,,360.1823425292969,,223.73995971679688,,106.34605407714844,,1479.4317626953125,,0.9294370412826538,,0.48828125,,2417.429931640625,,2417.429931640625,,0.51171875,,256.0,,0.1376953125,,0.15134064853191376,,0.0078125,,,,,,,,,,,,,,
4,56799,,-0.2707386612892151,,965.2440185546875,,2592.961669921875,,8.0,,3.008808135986328,,0.0,,3.008808135986328,,2289.93115234375,,269.65374755859375,,225.54397583007812,,95.28639221191406,,1627.7176513671875,,-1.3301676511764526,,0.484375,,2595.970458984375,,2595.970458984375,,0.515625,,256.0,,0.18359375,,0.17308950424194336,,0.00390625,,,,,,,,,,,,,,
4,56849,,-0.2776223421096802,,1472.99609375,,142584.40625,,8.0,,3.0371923446655273,,0.0,,3.0371923446655273,,2303.2275390625,,367.2577819824219,,241.16659545898438,,122.50846862792969,,141111.40625,,59.48710250854492,,0.48828125,,142587.4375,,142587.4375,,0.51171875,,256.0,,0.1796875,,0.19248473644256592,,0.015625,,,,,,,,,,,,,,
4,56899,,-0.2678099274635315,,869.4769287109375,,2492.925048828125,,8.0,,3.103020191192627,,0.125,,3.103020191192627,,2102.2626953125,,422.2410583496094,,297.33734130859375,,100.12808990478516,,1623.4481201171875,,0.9493757486343384,,0.484375,,2496.028076171875,,2496.028076171875,,0.515625,,256.0,,0.2451171875,,0.20621392130851746,,0.00390625,,,,,,,,,,,,,,
4,56949,,-0.25860923528671265,,831.280029296875,,29287.544921875,,8.0,,3.2242112159729004,,0.0,,3.2242112159729004,,2071.39306640625,,363.50421142578125,,298.0381164550781,,90.16914367675781,,28456.265625,,7.875710487365723,,0.49609375,,29290.76953125,,29290.76953125,,0.50390625,,256.0,,0.1962890625,,0.2011510133743286,,0.00390625,,,,,,,,,,,,,,
4,56999,,-0.24230748414993286,,973.844970703125,,34177.40234375,,8.0,,3.154597759246826,,0.0,,3.154597759246826,,2276.06982421875,,442.0462951660156,,275.2727966308594,,130.02841186523438,,33203.55859375,,5.685915470123291,,0.42578125,,34180.55859375,,34180.55859375,,0.57421875,,256.0,,0.1865234375,,0.1711869239807129,,0.0078125,,,,,,,,,,,,,,
4,57049,,-0.2677805423736572,,1180.8092041015625,,66053.296875,,8.0,,3.222727060317993,,0.0,,3.222727060317993,,2319.8203125,,306.1659240722656,,227.922119140625,,117.72391510009766,,64872.48828125,,25.375282287597656,,0.55078125,,66056.5234375,,66056.5234375,,0.44921875,,256.0,,0.1171875,,0.1295996606349945,,0.015625,,,,,,,,,,,,,,
4,57099,,-0.25562700629234314,,1002.871826171875,,33124.84765625,,8.0,,3.1381571292877197,,0.125,,3.1381571292877197,,2431.9609375,,182.61639404296875,,227.03427124023438,,104.24041748046875,,32121.9765625,,12.479459762573242,,0.5078125,,33127.984375,,33127.984375,,0.4921875,,256.0,,0.1796875,,0.1570492386817932,,0.0078125,,,,,,,,,,,,,,
4,57149,,-0.24587325751781464,,931.4330444335938,,2349.0869140625,,8.0,,3.1257801055908203,,0.125,,3.1257801055908203,,2265.58056640625,,408.2354736328125,,262.12152099609375,,103.9169692993164,,1417.65380859375,,-5.063901901245117,,0.49609375,,2352.212646484375,,2352.212646484375,,0.50390625,,256.0,,0.26171875,,0.23898166418075562,,0.01171875,,,,,,,,,,,,,,
4,57199,,-0.25563085079193115,,772.33056640625,,2702.5751953125,,8.0,,3.083796262741089,,0.125,,3.083796262741089,,2100.621826171875,,346.4900817871094,,246.48287963867188,,111.66232299804688,,1930.24462890625,,-0.8505712747573853,,0.50390625,,2705.658935546875,,2705.658935546875,,0.49609375,,256.0,,0.251953125,,0.2410551756620407,,0.0,,,,,,,,,,,,,,
4,57249,,-0.2520032525062561,,1138.012451171875,,85270.8125,,8.0,,3.2808923721313477,,0.0,,3.2808923721313477,,2510.180419921875,,252.79185485839844,,263.10040283203125,,113.81920623779297,,84132.796875,,31.729982376098633,,0.47265625,,85274.09375,,85274.09375,,0.52734375,,256.0,,0.2177734375,,0.2228785753250122,,0.0078125,,,,,,,,,,,,,,
4,57299,,-0.24432456493377686,,796.7364501953125,,2760.040771484375,,8.0,,3.072676181793213,,0.25,,3.072676181793213,,2299.09716796875,,262.33544921875,,273.9443664550781,,114.00019836425781,,1963.3043212890625,,-5.6282196044921875,,0.48828125,,2763.113525390625,,2763.113525390625,,0.51171875,,256.0,,0.15234375,,0.15999934077262878,,0.0,,,,,,,,,,,,,,
4,57349,,-0.2633439302444458,,831.595947265625,,2801.31494140625,,8.0,,3.1286966800689697,,0.0,,3.1286966800689697,,2383.83935546875,,449.0079040527344,,167.38800048828125,,110.98629760742188,,1969.7188720703125,,-7.61430025100708,,0.4765625,,2804.443603515625,,2804.443603515625,,0.5234375,,256.0,,0.2734375,,0.23927536606788635,,0.0,,,,,,,,,,,,,,
4,57399,,-0.25795868039131165,,985.4732666015625,,36706.29296875,,8.0,,3.1513726711273193,,0.125,,3.1513726711273193,,2420.80322265625,,337.56658935546875,,223.21682739257812,,128.55088806152344,,35720.8203125,,13.326436996459961,,0.5078125,,36709.4453125,,36709.4453125,,0.4921875,,256.0,,0.205078125,,0.1893286108970642,,0.00390625,,,,,,,,,,,,,,
4,57449,,-0.27048611640930176,,1065.5556640625,,41852.890625,,8.0,,3.1187822818756104,,0.0,,3.1187822818756104,,2414.3798828125,,353.97357177734375,,201.56842041015625,,125.37980651855469,,40787.3359375,,12.959741592407227,,0.49609375,,41856.0078125,,41856.0078125,,0.50390625,,256.0,,0.275390625,,0.2825110852718353,,0.00390625,,,,,,,,,,,,,,
4,57499,,-0.2742827236652374,,1130.05419921875,,74104.28125,,8.0,,3.066272735595703,,0.0,,3.066272735595703,,2178.7490234375,,306.0122985839844,,286.9400939941406,,125.58226776123047,,72974.2265625,,23.106401443481445,,0.53515625,,74107.34375,,74107.34375,,0.46484375,,256.0,,0.2216796875,,0.20139455795288086,,0.0078125,,,,,,,,,,,,,,
4,57549,,-0.2661901116371155,,868.2116088867188,,2336.048583984375,,8.0,,3.15984845161438,,0.0,,3.15984845161438,,2170.8134765625,,398.4561462402344,,267.91162109375,,126.73257446289062,,1467.8370361328125,,-3.9775946140289307,,0.46875,,2339.20849609375,,2339.20849609375,,0.53125,,256.0,,0.142578125,,0.13981086015701294,,0.0,,,,,,,,,,,,,,
4,57599,,-0.24444782733917236,,811.3941650390625,,2650.566162109375,,8.0,,3.1397135257720947,,0.0,,3.1397135257720947,,2271.78125,,626.1734619140625,,274.8601379394531,,111.26692199707031,,1839.1719970703125,,-3.373246669769287,,0.51953125,,2653.705810546875,,2653.705810546875,,0.48046875,,256.0,,0.23828125,,0.22807738184928894,,0.0,,,,,,,,,,,,,,
4,57649,,-0.260853111743927,,839.923828125,,2924.565673828125,,8.0,,3.141075611114502,,0.0,,3.141075611114502,,2382.604736328125,,302.29034423828125,,266.1610107421875,,108.02194213867188,,2084.641845703125,,-4.680750370025635,,0.5390625,,2927.706787109375,,2927.706787109375,,0.4609375,,256.0,,0.1640625,,0.17059354484081268,,0.00390625,,,,,,,,,,,,,,
4,57699,,-0.2487524002790451,,812.0799560546875,,2719.788330078125,,8.0,,3.043285846710205,,0.125,,3.043285846710205,,2336.76611328125,,466.1609802246094,,223.48471069335938,,119.73477935791016,,1907.7083740234375,,-6.734506130218506,,0.44921875,,2722.83154296875,,2722.83154296875,,0.55078125,,256.0,,0.2109375,,0.21379904448986053,,0.00390625,,,,,,,,,,,,,,
4,57749,,-0.24527132511138916,,798.5648193359375,,2116.72802734375,,8.0,,3.200205087661743,,0.125,,3.200205087661743,,2297.1015625,,269.84515380859375,,253.7453155517578,,137.6374969482422,,1318.1630859375,,-1.8383063077926636,,0.49609375,,2119.92822265625,,2119.92822265625,,0.50390625,,256.0,,0.1884765625,,0.1612793356180191,,0.0,,,,,,,,,,,,,,
4,57799,,-0.26016563177108765,,739.3770751953125,,2130.27880859375,,8.0,,3.2231571674346924,,0.0,,3.2231571674346924,,2302.399169921875,,379.5899658203125,,276.4495849609375,,129.6927032470703,,1390.9017333984375,,-5.672730445861816,,0.4921875,,2133.501953125,,2133.501953125,,0.5078125,,256.0,,0.166015625,,0.18001624941825867,,0.0,,,,,,,,,,,,,,
4,57849,,-0.25975459814071655,,1092.969970703125,,47015.98046875,,8.0,,2.971618175506592,,0.125,,2.971618175506592,,2470.29296875,,272.1311950683594,,196.40756225585938,,107.27457427978516,,45923.01171875,,16.761287689208984,,0.48828125,,47018.953125,,47018.953125,,0.51171875,,256.0,,0.1767578125,,0.17091064155101776,,0.00390625,,,,,,,,,,,,,,
4,57899,,-0.2700046896934509,,1049.05810546875,,40583.5859375,,8.0,,3.175833225250244,,0.125,,3.175833225250244,,2316.2080078125,,289.4508056640625,,161.0594940185547,,101.2596664428711,,39534.52734375,,10.032304763793945,,0.453125,,40586.76171875,,40586.76171875,,0.546875,,256.0,,0.1337890625,,0.13469897210597992,,0.01171875,,,,,,,,,,,,,,
4,57949,,-0.25845861434936523,,811.0438232421875,,2423.3095703125,,8.0,,2.948826313018799,,0.0,,2.948826313018799,,1911.9312744140625,,590.08349609375,,301.4971618652344,,112.92666625976562,,1612.2657470703125,,-6.038050651550293,,0.51953125,,2426.25830078125,,2426.25830078125,,0.48046875,,256.0,,0.1923828125,,0.20074693858623505,,0.0,,,,,,,,,,,,,,
4,57999,,-0.26393812894821167,,841.1903686523438,,3105.7158203125,,8.0,,3.2991886138916016,,0.0,,3.2991886138916016,,2471.355224609375,,270.90203857421875,,149.8329315185547,,103.35174560546875,,2264.525390625,,-4.689444065093994,,0.484375,,3109.014892578125,,3109.014892578125,,0.515625,,256.0,,0.1943359375,,0.18525397777557373,,0.00390625,,,,,,,,,,,,,,
4,58049,,-0.2454790472984314,,783.4339599609375,,2435.793701171875,,8.0,,3.1929702758789062,,0.0,,3.1929702758789062,,2029.1795654296875,,548.6443481445312,,267.1282958984375,,143.9292449951172,,1652.3597412109375,,-5.219635009765625,,0.50390625,,2438.986572265625,,2438.986572265625,,0.49609375,,256.0,,0.2470703125,,0.22757184505462646,,0.00390625,,,,,,,,,,,,,,
4,58099,,-0.25620973110198975,,1063.93896484375,,39808.1640625,,8.0,,3.1292452812194824,,0.0,,3.1292452812194824,,2122.48095703125,,423.0762634277344,,274.9183654785156,,109.04450225830078,,38744.2265625,,13.642166137695312,,0.48046875,,39811.29296875,,39811.29296875,,0.51953125,,256.0,,0.1630859375,,0.1855890452861786,,0.01171875,,,,,,,,,,,,,,
4,58149,,-0.2536490857601166,,783.2621459960938,,2138.568359375,,8.0,,2.953362464904785,,0.125,,2.953362464904785,,2144.9384765625,,582.8598022460938,,235.6724853515625,,111.9244384765625,,1355.3062744140625,,-1.4310846328735352,,0.50390625,,2141.521728515625,,2141.521728515625,,0.49609375,,256.0,,0.1455078125,,0.1269201636314392,,0.0,,,,,,,,,,,,,,
4,58199,,-0.250247061252594,,744.0859375,,2431.8251953125,,8.0,,3.334177255630493,,0.0,,3.334177255630493,,1930.1561279296875,,521.7477416992188,,368.43402099609375,,63.10667037963867,,1687.7392578125,,-5.580016613006592,,0.4765625,,2435.159423828125,,2435.159423828125,,0.5234375,,256.0,,0.072265625,,0.09682333469390869,,0.00390625,,,,,,,,,,,,,,
4,58249,,-0.2550241947174072,,870.884033203125,,2287.217529296875,,8.0,,3.1351656913757324,,0.125,,3.1351656913757324,,1832.1748046875,,665.2020263671875,,239.1460723876953,,123.7176742553711,,1416.33349609375,,-3.4699199199676514,,0.48046875,,2290.352783203125,,2290.352783203125,,0.51953125,,256.0,,0.1279296875,,0.13927215337753296,,0.0,,,,,,,,,,,,,,
4,58299,,-0.2578422725200653,,985.83544921875,,34918.11328125,,8.0,,3.258781671524048,,0.25,,3.258781671524048,,2285.91162109375,,254.7307891845703,,199.26266479492188,,121.01014709472656,,33932.27734375,,19.154935836791992,,0.4609375,,34921.37109375,,34921.37109375,,0.5390625,,256.0,,0.287109375,,0.2811598777770996,,0.0078125,,,,,,,,,,,,,,
4,58349,,-0.2639595866203308,,864.8804931640625,,2521.84765625,,8.0,,3.111764907836914,,0.125,,3.111764907836914,,1984.60693359375,,383.2022705078125,,318.19378662109375,,100.05620574951172,,1656.96728515625,,-8.154703140258789,,0.44921875,,2524.95947265625,,2524.95947265625,,0.55078125,,256.0,,0.181640625,,0.1790921688079834,,0.0078125,,,,,,,,,,,,,,
4,58399,,-0.25984102487564087,,929.3072509765625,,2210.473388671875,,8.0,,3.0734810829162598,,0.125,,3.0734810829162598,,2053.171875,,473.02130126953125,,280.7262878417969,,132.35635375976562,,1281.1661376953125,,-5.141155242919922,,0.53515625,,2213.546875,,2213.546875,,0.46484375,,256.0,,0.2294921875,,0.23206757009029388,,0.00390625,,,,,,,,,,,,,,
4,58449,,-0.2594718933105469,,809.6058349609375,,2532.25244140625,,8.0,,3.18550968170166,,0.0,,3.18550968170166,,2205.4619140625,,285.10577392578125,,237.02670288085938,,124.61524200439453,,1722.6466064453125,,-0.12280319631099701,,0.51953125,,2535.43798828125,,2535.43798828125,,0.48046875,,256.0,,0.189453125,,0.19381844997406006,,0.0,,,,,,,,,,,,,,
4,58499,,-0.26414260268211365,,1015.0940551757812,,62185.57421875,,8.0,,3.2274537086486816,,0.125,,3.2274537086486816,,2164.59228515625,,574.7396240234375,,213.74623107910156,,126.09027862548828,,61170.48046875,,24.337326049804688,,0.4921875,,62188.80078125,,62188.80078125,,0.5078125,,256.0,,0.275390625,,0.27692097425460815,,0.0078125,,,,,,,,,,,,,,
4,58549,,-0.2608286738395691,,850.8418579101562,,2895.61376953125,,8.0,,3.0425329208374023,,0.375,,3.0425329208374023,,1944.447021484375,,754.5774536132812,,291.69775390625,,94.47276306152344,,2044.7718505859375,,-4.395690441131592,,0.49609375,,2898.65625,,2898.65625,,0.50390625,,256.0,,0.1650390625,,0.14930355548858643,,0.00390625,,,,,,,,,,,,,,
4,58599,,-0.24738827347755432,,1309.6123046875,,74948.5,,8.0,,3.236096143722534,,0.0,,3.236096143722534,,2308.260986328125,,475.96405029296875,,257.17877197265625,,122.96630859375,,73638.890625,,26.9809513092041,,0.47265625,,74951.734375,,74951.734375,,0.52734375,,256.0,,0.1923828125,,0.2138994038105011,,0.015625,,,,,,,,,,,,,,
4,58649,,-0.24575740098953247,,903.4085083007812,,2516.75439453125,,8.0,,3.0347256660461426,,0.0,,3.0347256660461426,,2344.574462890625,,486.59051513671875,,243.2165985107422,,125.42984771728516,,1613.345947265625,,-5.292097091674805,,0.4765625,,2519.7890625,,2519.7890625,,0.5234375,,256.0,,0.1962890625,,0.19949370622634888,,0.00390625,,,,,,,,,,,,,,
4,58699,,-0.2622184157371521,,1219.8465576171875,,39191.84375,,8.0,,3.2399749755859375,,0.125,,3.2399749755859375,,2329.14453125,,277.562255859375,,194.39463806152344,,130.66419982910156,,37971.99609375,,15.336114883422852,,0.4765625,,39195.08203125,,39195.08203125,,0.5234375,,256.0,,0.1591796875,,0.13524404168128967,,0.01171875,,,,,,,,,,,,,,
4,58749,,-0.27433592081069946,,1076.1290283203125,,55709.515625,,8.0,,3.0329246520996094,,0.0,,3.0329246520996094,,2196.4072265625,,408.931396484375,,252.87120056152344,,143.30274963378906,,54633.38671875,,22.67815589904785,,0.51171875,,55712.546875,,55712.546875,,0.48828125,,256.0,,0.16796875,,0.1699088215827942,,0.0078125,,,,,,,,,,,,,,
4,58799,,-0.24526652693748474,,884.1286010742188,,2243.601806640625,,8.0,,3.2231132984161377,,0.0,,3.2231132984161377,,2427.7509765625,,176.35670471191406,,258.65814208984375,,127.49955749511719,,1359.4732666015625,,-1.802507996559143,,0.51171875,,2246.824951171875,,2246.824951171875,,0.48828125,,256.0,,0.1982421875,,0.18248550593852997,,0.00390625,,,,,,,,,,,,,,
4,58849,,-0.2613022029399872,,850.4671020507812,,2345.621826171875,,8.0,,3.1554088592529297,,0.125,,3.1554088592529297,,1983.1279296875,,407.9744873046875,,273.09857177734375,,119.32476043701172,,1495.1546630859375,,-3.5132594108581543,,0.515625,,2348.77734375,,2348.77734375,,0.484375,,256.0,,0.1279296875,,0.155069500207901,,0.00390625,,,,,,,,,,,,,,
4,58899,,-0.2552339434623718,,868.8010864257812,,2015.490966796875,,8.0,,3.201244354248047,,0.125,,3.201244354248047,,2044.980224609375,,583.8969116210938,,234.73495483398438,,103.43069458007812,,1146.68994140625,,-0.4546233117580414,,0.484375,,2018.6922607421875,,2018.6922607421875,,0.515625,,256.0,,0.1455078125,,0.16896489262580872,,0.00390625,,,,,,,,,,,,,,
4,58949,,-0.2538195550441742,,1283.03125,,92197.375,,8.0,,3.261618137359619,,0.125,,3.261618137359619,,2064.9443359375,,523.1970825195312,,279.6457214355469,,121.7451171875,,90914.34375,,26.860681533813477,,0.50390625,,92200.6328125,,92200.6328125,,0.49609375,,256.0,,0.2490234375,,0.23767292499542236,,0.015625,,,,,,,,,,,,,,
4,58999,,-0.256273478269577,,1114.57861328125,,27664.072265625,,8.0,,3.1463258266448975,,0.0,,3.1463258266448975,,2062.159423828125,,621.9823608398438,,200.46469116210938,,137.88104248046875,,26549.494140625,,11.330615997314453,,0.46484375,,27667.21875,,27667.21875,,0.53515625,,256.0,,0.1708984375,,0.10661531984806061,,0.01171875,,,,,,,,,,,,,,
4,59049,,-0.26068025827407837,,873.63232421875,,2097.98828125,,8.0,,3.1202356815338135,,0.0,,3.1202356815338135,,2203.836669921875,,269.943115234375,,261.547607421875,,126.35386657714844,,1224.3560791015625,,-4.582645416259766,,0.484375,,2101.1083984375,,2101.1083984375,,0.515625,,256.0,,0.2392578125,,0.2493153214454651,,0.0,,,,,,,,,,,,,,
4,59099,,-0.2589602470397949,,964.068115234375,,36884.984375,,8.0,,3.037550926208496,,0.125,,3.037550926208496,,1986.563720703125,,795.58935546875,,284.11834716796875,,121.19193267822266,,35920.91796875,,8.720447540283203,,0.49609375,,36888.0234375,,36888.0234375,,0.50390625,,256.0,,0.2734375,,0.3046308755874634,,0.00390625,,,,,,,,,,,,,,
4,59149,,-0.2540125846862793,,1096.3035888671875,,67346.625,,8.0,,3.241663932800293,,0.125,,3.241663932800293,,2377.687255859375,,247.4117431640625,,282.2726135253906,,112.35359954833984,,66250.3203125,,32.71644973754883,,0.55078125,,67349.8671875,,67349.8671875,,0.44921875,,256.0,,0.25,,0.2622752785682678,,0.01171875,,,,,,,,,,,,,,
4,59199,,-0.25846126675605774,,901.0341796875,,3188.097412109375,,8.0,,3.173427104949951,,0.0,,3.173427104949951,,2568.711181640625,,330.72271728515625,,213.72991943359375,,123.86949920654297,,2287.063232421875,,-9.338471412658691,,0.47265625,,3191.270751953125,,3191.270751953125,,0.52734375,,256.0,,0.1884765625,,0.15438976883888245,,0.00390625,,,,,,,,,,,,,,
4,59249,,-0.2634381055831909,,795.6416015625,,2711.28857421875,,8.0,,3.082368850708008,,0.0,,3.082368850708008,,2492.8017578125,,299.21429443359375,,203.7904815673828,,107.97433471679688,,1915.64697265625,,-5.976869583129883,,0.4375,,2714.370849609375,,2714.370849609375,,0.5625,,256.0,,0.154296875,,0.18380206823349,,0.0,,,,,,,,,,,,,,
4,59299,,-0.25856882333755493,,784.12353515625,,2259.907470703125,,8.0,,3.142401695251465,,0.0,,3.142401695251465,,2372.228515625,,382.1112060546875,,181.90695190429688,,102.95988464355469,,1475.783935546875,,-6.108639717102051,,0.546875,,2263.0498046875,,2263.0498046875,,0.453125,,256.0,,0.1474609375,,0.1558959037065506,,0.0,,,,,,,,,,,,,,
4,59349,,-0.2611481249332428,,822.5802001953125,,2226.15185546875,,8.0,,3.1060802936553955,,0.0,,3.1060802936553955,,2278.2294921875,,309.1508483886719,,236.90121459960938,,106.85979461669922,,1403.5716552734375,,-7.601705551147461,,0.50390625,,2229.258056640625,,2229.258056640625,,0.49609375,,256.0,,0.1474609375,,0.18020722270011902,,0.0,,,,,,,,,,,,,,
4,59399,,-0.26100867986679077,,1149.3623046875,,39067.58984375,,8.0,,2.99725341796875,,0.375,,2.99725341796875,,2251.5224609375,,251.75267028808594,,232.96591186523438,,130.08631896972656,,37918.2265625,,16.71562957763672,,0.51953125,,39070.5859375,,39070.5859375,,0.48046875,,256.0,,0.2255859375,,0.2191261500120163,,0.015625,,,,,,,,,,,,,,
4,59449,,-0.2625909745693207,,794.2733154296875,,2437.927978515625,,8.0,,3.2295820713043213,,0.0,,3.2295820713043213,,2566.3564453125,,384.97125244140625,,196.32373046875,,119.54830932617188,,1643.6546630859375,,-1.8405874967575073,,0.5078125,,2441.157470703125,,2441.157470703125,,0.4921875,,256.0,,0.22265625,,0.21693269908428192,,0.00390625,,,,,,,,,,,,,,
4,59499,,-0.26426392793655396,,820.3709716796875,,2042.97607421875,,8.0,,3.0239431858062744,,0.25,,3.0239431858062744,,2291.89111328125,,501.6484375,,224.0253448486328,,112.23670959472656,,1222.6051025390625,,-3.298813581466675,,0.5078125,,2046.0,,2046.0,,0.4921875,,256.0,,0.1318359375,,0.16394759714603424,,0.00390625,,,,,,,,,,,,,,
4,59549,,-0.2608144283294678,,1216.15576171875,,98802.5625,,8.0,,3.196855068206787,,0.125,,3.196855068206787,,2326.3359375,,277.22113037109375,,206.20074462890625,,96.28333282470703,,97586.40625,,43.594871520996094,,0.47265625,,98805.7578125,,98805.7578125,,0.52734375,,256.0,,0.150390625,,0.1726834625005722,,0.01171875,,,,,,,,,,,,,,
4,59599,,-0.253335565328598,,974.2686767578125,,46548.18359375,,8.0,,3.3175158500671387,,0.0,,3.3175158500671387,,1979.996337890625,,639.72900390625,,275.8484191894531,,93.35748291015625,,45573.9140625,,7.735502243041992,,0.51953125,,46551.5,,46551.5,,0.48046875,,256.0,,0.171875,,0.16035747528076172,,0.00390625,,,,,,,,,,,,,,
4,59649,,-0.2528039813041687,,1047.9837646484375,,54198.9609375,,8.0,,3.2846038341522217,,0.0,,3.2846038341522217,,2152.84423828125,,619.3031616210938,,269.1322326660156,,139.8075714111328,,53150.9765625,,14.285176277160645,,0.56640625,,54202.24609375,,54202.24609375,,0.43359375,,256.0,,0.17578125,,0.1650313287973404,,0.0078125,,,,,,,,,,,,,,
4,59699,,-0.25519323348999023,,1206.792724609375,,81754.1484375,,8.0,,3.2473931312561035,,0.125,,3.2473931312561035,,2033.8802490234375,,461.4228820800781,,289.5789794921875,,119.91691589355469,,80547.359375,,35.991451263427734,,0.45703125,,81757.3984375,,81757.3984375,,0.54296875,,256.0,,0.1474609375,,0.178863525390625,,0.0078125,,,,,,,,,,,,,,
4,59749,,-0.25358206033706665,,715.4822998046875,,2307.9775390625,,8.0,,3.0862584114074707,,0.0,,3.0862584114074707,,2238.0693359375,,327.1024169921875,,249.41061401367188,,124.60026550292969,,1592.4951171875,,-7.119622230529785,,0.515625,,2311.063720703125,,2311.063720703125,,0.484375,,256.0,,0.2138671875,,0.21789811551570892,,0.0,,,,,,,,,,,,,,
4,59799,,-0.2663547992706299,,957.937255859375,,2409.782958984375,,8.0,,3.2346396446228027,,0.25,,3.2346396446228027,,2351.228515625,,322.42962646484375,,300.4063415527344,,125.35120391845703,,1451.845703125,,-2.754791736602783,,0.5625,,2413.017578125,,2413.017578125,,0.4375,,256.0,,0.11962890625,,0.09296469390392303,,0.0078125,,,,,,,,,,,,,,
4,59849,,-0.260394811630249,,1012.45947265625,,54722.890625,,8.0,,3.0101020336151123,,0.25,,3.0101020336151123,,1996.99951171875,,717.2457885742188,,268.35711669921875,,127.96891784667969,,53710.4296875,,18.689077377319336,,0.4375,,54725.90234375,,54725.90234375,,0.5625,,256.0,,0.2138671875,,0.20487050712108612,,0.00390625,,,,,,,,,,,,,,
4,59899,,-0.267985463142395,,1200.807861328125,,84193.25,,8.0,,3.0831472873687744,,0.125,,3.0831472873687744,,2421.417236328125,,207.3019561767578,,209.7377471923828,,132.93028259277344,,82992.4453125,,29.000314712524414,,0.51171875,,84196.3359375,,84196.3359375,,0.48828125,,256.0,,0.2578125,,0.21139371395111084,,0.0078125,,,,,,,,,,,,,,
4,59949,,-0.2585822343826294,,837.5414428710938,,3144.76025390625,,8.0,,3.179363250732422,,0.0,,3.179363250732422,,1944.3292236328125,,677.9393310546875,,332.52447509765625,,105.34819793701172,,2307.21875,,-0.5362478494644165,,0.5078125,,3147.939697265625,,3147.939697265625,,0.4921875,,256.0,,0.1884765625,,0.17532584071159363,,0.0,,,,,,,,,,,,,,
4,59999,,-0.26567330956459045,,828.5950927734375,,2034.6396484375,,8.0,,3.0981807708740234,,0.125,,3.0981807708740234,,2054.6044921875,,424.79925537109375,,285.51739501953125,,97.71514892578125,,1206.0445556640625,,-4.172851085662842,,0.48828125,,2037.73779296875,,2037.73779296875,,0.51171875,,256.0,,0.10888671875,,0.1332821249961853,,0.00390625,,,,,,,,,,,,,,
4,60049,,-0.2638740539550781,,1005.8579711914062,,40670.8359375,,8.0,,3.0688297748565674,,0.125,,3.0688297748565674,,2283.708984375,,407.1426696777344,,239.34901428222656,,107.38902282714844,,39664.9765625,,24.167221069335938,,0.51953125,,40673.90625,,40673.90625,,0.48046875,,256.0,,0.2578125,,0.27143919467926025,,0.0078125,,,,,,,,,,,,,,
4,60099,,-0.251987099647522,,775.15234375,,2454.11376953125,,8.0,,3.044771909713745,,0.25,,3.044771909713745,,2318.526611328125,,316.7507629394531,,218.69931030273438,,118.46822357177734,,1678.9613037109375,,-2.0399580001831055,,0.5,,2457.158447265625,,2457.158447265625,,0.5,,256.0,,0.146484375,,0.11532454937696457,,0.0,,,,,,,,,,,,,,
4,60149,,-0.25624793767929077,,843.1588745117188,,2330.469482421875,,8.0,,2.998469352722168,,0.125,,2.998469352722168,,2066.4599609375,,451.5805358886719,,284.654541015625,,109.88473510742188,,1487.310546875,,-1.108333706855774,,0.51171875,,2333.468017578125,,2333.468017578125,,0.48828125,,256.0,,0.287109375,,0.27104684710502625,,0.0,,,,,,,,,,,,,,
4,60199,,-0.2611726224422455,,924.6741333007812,,2748.23876953125,,8.0,,3.1948747634887695,,0.0,,3.1948747634887695,,2260.040283203125,,578.1744995117188,,190.64678955078125,,120.27344512939453,,1823.5645751953125,,-1.8149529695510864,,0.4140625,,2751.43359375,,2751.43359375,,0.5859375,,256.0,,0.265625,,0.27435916662216187,,0.00390625,,,,,,,,,,,,,,
4,60249,,-0.26606059074401855,,900.2537841796875,,2641.18408203125,,8.0,,3.2956862449645996,,0.0,,3.2956862449645996,,2238.026123046875,,242.0582275390625,,289.4510498046875,,113.30963897705078,,1740.930419921875,,-4.593009948730469,,0.50390625,,2644.479736328125,,2644.479736328125,,0.49609375,,256.0,,0.2216796875,,0.23123976588249207,,0.00390625,,,,,,,,,,,,,,
4,60299,,-0.2571370601654053,,987.7723388671875,,37872.93359375,,8.0,,3.1288626194000244,,0.0,,3.1288626194000244,,2229.787109375,,525.8372802734375,,194.7380828857422,,120.37982940673828,,36885.16015625,,18.53963851928711,,0.51953125,,37876.0625,,37876.0625,,0.48046875,,256.0,,0.2451171875,,0.24577049911022186,,0.0078125,,,,,,,,,,,,,,
4,60349,,-0.24719858169555664,,980.3091430664062,,37329.94140625,,8.0,,3.1608657836914062,,0.125,,3.1608657836914062,,2240.046875,,575.5746459960938,,251.4845733642578,,105.36650085449219,,36349.6328125,,12.857010841369629,,0.52734375,,37333.1015625,,37333.1015625,,0.47265625,,256.0,,0.234375,,0.24636036157608032,,0.0078125,,,,,,,,,,,,,,
4,60399,,-0.2627204954624176,,925.31494140625,,3076.499755859375,,8.0,,3.141183376312256,,0.0,,3.141183376312256,,2182.2744140625,,421.7721252441406,,246.7746124267578,,103.87043762207031,,2151.184814453125,,-9.862873077392578,,0.484375,,3079.640869140625,,3079.640869140625,,0.515625,,256.0,,0.2333984375,,0.19249467551708221,,0.00390625,,,,,,,,,,,,,,
4,60449,,-0.25217515230178833,,1153.8934326171875,,36491.38671875,,8.0,,3.3388671875,,0.0,,3.3388671875,,2409.9677734375,,259.70281982421875,,228.9652557373047,,110.888671875,,35337.4921875,,8.1121826171875,,0.50390625,,36494.7265625,,36494.7265625,,0.49609375,,256.0,,0.3671875,,0.3629320561885834,,0.015625,,,,,,,,,,,,,,
4,60499,,-0.2625161409378052,,1122.071533203125,,78685.1796875,,8.0,,2.923952579498291,,0.25,,2.923952579498291,,2189.55419921875,,508.400146484375,,221.78997802734375,,128.59182739257812,,77563.109375,,39.3060302734375,,0.4140625,,78688.1015625,,78688.1015625,,0.5859375,,256.0,,0.2216796875,,0.2065563201904297,,0.0078125,,,,,,,,,,,,,,
4,60549,,-0.2465190589427948,,1061.7354736328125,,60728.90625,,8.0,,3.0335376262664795,,0.0,,3.0335376262664795,,2131.395263671875,,452.67926025390625,,255.88497924804688,,107.95306396484375,,59667.171875,,21.69164276123047,,0.47265625,,60731.94140625,,60731.94140625,,0.52734375,,256.0,,0.2734375,,0.27203643321990967,,0.01171875,,,,,,,,,,,,,,
4,60599,,-0.257161408662796,,802.8825073242188,,2863.06787109375,,8.0,,3.168905258178711,,0.125,,3.168905258178711,,2251.35546875,,466.3629150390625,,256.60601806640625,,135.48687744140625,,2060.185302734375,,-7.634960174560547,,0.51953125,,2866.23681640625,,2866.23681640625,,0.48046875,,256.0,,0.142578125,,0.1491692215204239,,0.0,,,,,,,,,,,,,,
4,60649,,-0.2663474977016449,,1143.682861328125,,73674.0390625,,8.0,,3.2917208671569824,,0.0,,3.2917208671569824,,1886.35009765625,,666.2996826171875,,337.10589599609375,,89.35432434082031,,72530.359375,,27.151578903198242,,0.50390625,,73677.328125,,73677.328125,,0.49609375,,256.0,,0.130859375,,0.13259422779083252,,0.0078125,,,,,,,,,,,,,,
4,60699,,-0.25625571608543396,,1104.135009765625,,60772.4921875,,8.0,,3.0922417640686035,,0.125,,3.0922417640686035,,2034.13720703125,,538.891845703125,,286.8782043457031,,104.58560943603516,,59668.35546875,,25.22913360595703,,0.53125,,60775.5859375,,60775.5859375,,0.46875,,256.0,,0.107421875,,0.1342039555311203,,0.01171875,,,,,,,,,,,,,,
4,60749,,-0.27000460028648376,,796.654296875,,2717.88232421875,,8.0,,3.0489208698272705,,0.125,,3.0489208698272705,,2188.8525390625,,289.77056884765625,,242.12493896484375,,115.32646942138672,,1921.2279052734375,,-3.731881856918335,,0.46875,,2720.93115234375,,2720.93115234375,,0.53125,,256.0,,0.1767578125,,0.18641448020935059,,0.0,,,,,,,,,,,,,,
4,60799,,-0.2563803493976593,,1087.4661865234375,,50305.4609375,,8.0,,3.0188148021698,,0.0,,3.0188148021698,,2495.4072265625,,233.8455352783203,,263.98883056640625,,110.17687225341797,,49217.99609375,,15.535069465637207,,0.48828125,,50308.48046875,,50308.48046875,,0.51171875,,256.0,,0.267578125,,0.20499718189239502,,0.00390625,,,,,,,,,,,,,,
4,60849,,-0.2634338438510895,,1165.8505859375,,55805.65625,,8.0,,3.3673346042633057,,0.0,,3.3673346042633057,,1920.7802734375,,461.3980407714844,,245.6516876220703,,113.17355346679688,,54639.8046875,,13.74864387512207,,0.5,,55809.0234375,,55809.0234375,,0.5,,256.0,,0.24609375,,0.23222607374191284,,0.0078125,,,,,,,,,,,,,,
4,60899,,-0.2701655626296997,,915.679931640625,,1966.555419921875,,8.0,,3.1333823204040527,,0.25,,3.1333823204040527,,2097.6337890625,,424.8091125488281,,296.6612548828125,,155.0964813232422,,1050.87548828125,,-2.456411361694336,,0.4921875,,1969.6888427734375,,1969.6888427734375,,0.5078125,,256.0,,0.1494140625,,0.16433656215667725,,0.0,,,,,,,,,,,,,,
4,60949,,-0.25714829564094543,,1016.0450439453125,,27382.826171875,,8.0,,3.1032278537750244,,0.0,,3.1032278537750244,,2392.3515625,,396.1379699707031,,279.8086853027344,,116.2935791015625,,26366.78125,,15.65085220336914,,0.53515625,,27385.9296875,,27385.9296875,,0.46484375,,256.0,,0.2060546875,,0.19043803215026855,,0.0078125,,,,,,,,,,,,,,
4,60999,,-0.25951361656188965,,931.479248046875,,34370.94140625,,8.0,,3.122291088104248,,0.125,,3.122291088104248,,2065.34228515625,,622.9166870117188,,253.85423278808594,,123.14144134521484,,33439.4609375,,14.8522367477417,,0.51953125,,34374.0625,,34374.0625,,0.48046875,,256.0,,0.2265625,,0.22734498977661133,,0.00390625,,,,,,,,,,,,,,
4,61049,,-0.26409614086151123,,796.8203125,,2415.5791015625,,8.0,,3.1857147216796875,,0.125,,3.1857147216796875,,2250.145751953125,,650.122314453125,,233.77517700195312,,134.2719268798828,,1618.7586669921875,,-9.916627883911133,,0.50390625,,2418.764892578125,,2418.764892578125,,0.49609375,,256.0,,0.2197265625,,0.23546895384788513,,0.00390625,,,,,,,,,,,,,,
4,61099,,-0.26750391721725464,,819.537109375,,2420.709716796875,,8.0,,3.2389793395996094,,0.125,,3.2389793395996094,,2395.703857421875,,307.40289306640625,,236.01864624023438,,127.75276184082031,,1601.172607421875,,-1.4461157321929932,,0.55859375,,2423.94873046875,,2423.94873046875,,0.44140625,,256.0,,0.1748046875,,0.1804244965314865,,0.00390625,,,,,,,,,,,,,,
4,61149,,-0.2671545743942261,,900.6648559570312,,2704.369140625,,8.0,,3.0953593254089355,,0.0,,3.0953593254089355,,2449.15625,,260.1761169433594,,305.6901550292969,,97.89688873291016,,1803.7042236328125,,-8.846016883850098,,0.4921875,,2707.464599609375,,2707.464599609375,,0.5078125,,256.0,,0.271484375,,0.2557111382484436,,0.00390625,,,,,,,,,,,,,,
4,61199,,-0.2657191753387451,,919.754638671875,,2420.2919921875,,8.0,,3.069312810897827,,0.0,,3.069312810897827,,2316.56103515625,,474.8166198730469,,246.77719116210938,,114.59190368652344,,1500.537353515625,,0.6604188680648804,,0.50390625,,2423.361328125,,2423.361328125,,0.49609375,,256.0,,0.2294921875,,0.21305441856384277,,0.00390625,,,,,,,,,,,,,,
4,61249,,-0.24896757304668427,,1055.52734375,,38405.3984375,,8.0,,3.1629745960235596,,0.0,,3.1629745960235596,,2278.024169921875,,654.91162109375,,234.47259521484375,,132.72825622558594,,37349.87109375,,10.87631893157959,,0.515625,,38408.5625,,38408.5625,,0.484375,,256.0,,0.1796875,,0.1855609118938446,,0.01171875,,,,,,,,,,,,,,
4,61299,,-0.24656705558300018,,990.0387573242188,,22985.67578125,,8.0,,3.1257529258728027,,0.0,,3.1257529258728027,,2229.22216796875,,511.81793212890625,,242.21311950683594,,145.78834533691406,,21995.63671875,,4.1283769607543945,,0.5234375,,22988.80078125,,22988.80078125,,0.4765625,,256.0,,0.1953125,,0.19372276961803436,,0.01171875,,,,,,,,,,,,,,
4,61349,,-0.2461271733045578,,1056.6142578125,,40519.1328125,,8.0,,2.982539176940918,,0.0,,2.982539176940918,,2273.3369140625,,245.8689422607422,,224.68572998046875,,126.18047332763672,,39462.51953125,,23.226594924926758,,0.5078125,,40522.1171875,,40522.1171875,,0.4921875,,256.0,,0.2080078125,,0.202388733625412,,0.00390625,,,,,,,,,,,,,,
4,61399,,-0.25391846895217896,,924.5106201171875,,34556.5390625,,8.0,,2.98917293548584,,0.5,,2.98917293548584,,2383.47802734375,,378.4068908691406,,223.88519287109375,,124.0458984375,,33632.02734375,,14.554669380187988,,0.484375,,34559.52734375,,34559.52734375,,0.515625,,256.0,,0.15625,,0.16376592218875885,,0.0078125,,,,,,,,,,,,,,
4,61449,,-0.2617419958114624,,873.262939453125,,34771.60546875,,8.0,,3.1396350860595703,,0.0,,3.1396350860595703,,2288.43359375,,392.27581787109375,,198.7798614501953,,124.7763900756836,,33898.34375,,12.936883926391602,,0.4765625,,34774.74609375,,34774.74609375,,0.5234375,,256.0,,0.275390625,,0.2666449546813965,,0.00390625,,,,,,,,,,,,,,
4,61499,,-0.26349204778671265,,804.845947265625,,2338.900146484375,,8.0,,3.239213466644287,,0.0,,3.239213466644287,,1892.8927001953125,,536.7432861328125,,312.9674987792969,,83.59239196777344,,1534.05419921875,,-9.087309837341309,,0.50390625,,2342.139404296875,,2342.139404296875,,0.49609375,,256.0,,0.1572265625,,0.15203993022441864,,0.00390625,,,,,,,,,,,,,,
4,61549,,-0.24046383798122406,,1058.0887451171875,,63951.49609375,,8.0,,3.341505527496338,,0.0,,3.341505527496338,,2228.0693359375,,212.28421020507812,,214.4775848388672,,122.06581115722656,,62893.40625,,28.407503128051758,,0.4921875,,63954.8359375,,63954.8359375,,0.5078125,,256.0,,0.251953125,,0.1962893009185791,,0.01171875,,,,,,,,,,,,,,
4,61599,,-0.26202937960624695,,1088.949951171875,,50969.6875,,8.0,,3.3825817108154297,,0.125,,3.3825817108154297,,2193.91162109375,,491.1563415527344,,259.138427734375,,106.34585571289062,,49880.73828125,,25.10223388671875,,0.52734375,,50973.0703125,,50973.0703125,,0.47265625,,256.0,,0.19140625,,0.16789625585079193,,0.0078125,,,,,,,,,,,,,,
4,61649,,-0.26504480838775635,,821.7175903320312,,2194.939453125,,8.0,,3.089810371398926,,0.0,,3.089810371398926,,2115.285400390625,,388.91961669921875,,296.99395751953125,,94.87557983398438,,1373.2218017578125,,0.3735975921154022,,0.51171875,,2198.029296875,,2198.029296875,,0.48828125,,256.0,,0.1982421875,,0.16102895140647888,,0.0,,,,,,,,,,,,,,
4,61699,,-0.24418525397777557,,973.3784790039062,,32550.306640625,,8.0,,3.1543045043945312,,0.125,,3.1543045043945312,,2192.894287109375,,390.42352294921875,,246.63153076171875,,132.2103271484375,,31576.927734375,,11.40639877319336,,0.4921875,,32553.4609375,,32553.4609375,,0.5078125,,256.0,,0.189453125,,0.1844392865896225,,0.0078125,,,,,,,,,,,,,,
4,61749,,-0.2728813588619232,,798.7799682617188,,3225.11181640625,,8.0,,3.1900129318237305,,0.0,,3.1900129318237305,,2216.703125,,303.36114501953125,,228.5155487060547,,106.07972717285156,,2426.331787109375,,-9.586560249328613,,0.45703125,,3228.3017578125,,3228.3017578125,,0.54296875,,256.0,,0.322265625,,0.2766060531139374,,0.0,,,,,,,,,,,,,,
4,61799,,-0.26618343591690063,,826.9652099609375,,2470.71435546875,,8.0,,2.896759271621704,,0.125,,2.896759271621704,,2368.148681640625,,245.940673828125,,233.42291259765625,,129.39199829101562,,1643.749267578125,,-0.40960171818733215,,0.50390625,,2473.611083984375,,2473.611083984375,,0.49609375,,256.0,,0.361328125,,0.3336864113807678,,0.0,,,,,,,,,,,,,,
4,61849,,-0.27348554134368896,,832.4337768554688,,2600.2490234375,,8.0,,3.127018928527832,,0.125,,3.127018928527832,,2371.5283203125,,178.38331604003906,,246.76107788085938,,131.0514678955078,,1767.8153076171875,,-6.066151142120361,,0.4921875,,2603.3759765625,,2603.3759765625,,0.5078125,,256.0,,0.26171875,,0.29047852754592896,,0.0,,,,,,,,,,,,,,
4,61899,,-0.25947585701942444,,807.516845703125,,2945.945068359375,,8.0,,3.23795747756958,,0.0,,3.23795747756958,,2462.13134765625,,455.4864196777344,,169.9530029296875,,116.61974334716797,,2138.42822265625,,-3.550257921218872,,0.5234375,,2949.18310546875,,2949.18310546875,,0.4765625,,256.0,,0.1953125,,0.22659842669963837,,0.0,,,,,,,,,,,,,,
4,61949,,-0.2645217180252075,,834.795654296875,,2697.7041015625,,8.0,,2.8569231033325195,,0.25,,2.8569231033325195,,1956.9085693359375,,486.5693664550781,,320.72515869140625,,102.22906494140625,,1862.908447265625,,-7.279226779937744,,0.51171875,,2700.56103515625,,2700.56103515625,,0.48828125,,256.0,,0.150390625,,0.1616429090499878,,0.0,,,,,,,,,,,,,,
4,61999,,-0.2687687277793884,,1190.7489013671875,,85849.015625,,8.0,,3.133772850036621,,0.0,,3.133772850036621,,2144.71337890625,,402.4026184082031,,223.9072265625,,115.15530395507812,,84658.265625,,35.554039001464844,,0.45703125,,85852.1484375,,85852.1484375,,0.54296875,,256.0,,0.201171875,,0.21918532252311707,,0.0078125,,,,,,,,,,,,,,
4,62049,,-0.24558137357234955,,831.623291015625,,1855.365966796875,,8.0,,3.229984760284424,,0.25,,3.229984760284424,,2302.228271484375,,371.6446838378906,,236.1005859375,,127.39775848388672,,1023.74267578125,,1.557659387588501,,0.5078125,,1858.595947265625,,1858.595947265625,,0.4921875,,256.0,,0.2041015625,,0.20280280709266663,,0.00390625,,,,,,,,,,,,,,
4,62099,,-0.25798118114471436,,746.682373046875,,2815.407958984375,,8.0,,3.231320381164551,,0.0,,3.231320381164551,,2267.6533203125,,243.45724487304688,,222.6041259765625,,97.63709259033203,,2068.7255859375,,-3.2769417762756348,,0.51171875,,2818.63916015625,,2818.63916015625,,0.48828125,,256.0,,0.259765625,,0.26424485445022583,,0.0,,,,,,,,,,,,,,
4,62149,,-0.2595983147621155,,869.855712890625,,2242.5205078125,,8.0,,3.2610116004943848,,0.0,,3.2610116004943848,,2295.2099609375,,452.0030212402344,,222.54998779296875,,119.99319458007812,,1372.6649169921875,,-2.9553351402282715,,0.48828125,,2245.781494140625,,2245.781494140625,,0.51171875,,256.0,,0.14453125,,0.12647324800491333,,0.0078125,,,,,,,,,,,,,,
4,62199,,-0.25692927837371826,,865.900634765625,,2427.952392578125,,8.0,,3.2135491371154785,,0.0,,3.2135491371154785,,2194.50341796875,,323.5146789550781,,243.1492919921875,,112.75091552734375,,1562.0517578125,,-10.417346954345703,,0.51953125,,2431.166015625,,2431.166015625,,0.48046875,,256.0,,0.2490234375,,0.24464909732341766,,0.0078125,,,,,,,,,,,,,,
4,62249,,-0.2623637914657593,,1003.6396484375,,44753.9765625,,8.0,,3.0548095703125,,0.125,,3.0548095703125,,1997.158447265625,,503.2799072265625,,196.6849365234375,,114.31661987304688,,43750.3359375,,20.521337509155273,,0.50390625,,44757.03125,,44757.03125,,0.49609375,,256.0,,0.2255859375,,0.1967722624540329,,0.0078125,,,,,,,,,,,,,,
4,62299,,-0.27571213245391846,,989.7301025390625,,50077.75,,8.0,,3.226386785507202,,0.0,,3.226386785507202,,2374.968994140625,,218.9752197265625,,294.712890625,,135.35015869140625,,49088.01953125,,15.299942016601562,,0.4765625,,50080.9765625,,50080.9765625,,0.5234375,,256.0,,0.15234375,,0.139558807015419,,0.00390625,,,,,,,,,,,,,,
4,62349,,-0.2557772397994995,,812.12353515625,,2544.479248046875,,8.0,,3.104717493057251,,0.0,,3.104717493057251,,2250.4794921875,,385.92706298828125,,205.97886657714844,,144.56744384765625,,1732.355712890625,,0.718751847743988,,0.51171875,,2547.583984375,,2547.583984375,,0.48828125,,256.0,,0.20703125,,0.1900542676448822,,0.00390625,,,,,,,,,,,,,,
4,62399,,-0.2602349519729614,,1067.8585205078125,,35022.58203125,,8.0,,3.1162686347961426,,0.125,,3.1162686347961426,,2072.849609375,,580.0769653320312,,309.18084716796875,,97.7243881225586,,33954.72265625,,10.38712215423584,,0.55078125,,35025.69921875,,35025.69921875,,0.44921875,,256.0,,0.09814453125,,0.06760820746421814,,0.00390625,,,,,,,,,,,,,,
4,62449,,-0.25684916973114014,,1072.3193359375,,38410.32421875,,8.0,,3.059793472290039,,0.125,,3.059793472290039,,2193.308349609375,,296.8367614746094,,258.7358093261719,,103.80508422851562,,37338.00390625,,8.032327651977539,,0.44140625,,38413.3828125,,38413.3828125,,0.55859375,,256.0,,0.15234375,,0.1528877168893814,,0.01171875,,,,,,,,,,,,,,
4,62499,,-0.25861597061157227,,928.1365966796875,,41081.80078125,,8.0,,3.138704299926758,,0.0,,3.138704299926758,,2150.00146484375,,552.0595092773438,,255.56016540527344,,116.76953887939453,,40153.6640625,,13.063285827636719,,0.50390625,,41084.94140625,,41084.94140625,,0.49609375,,256.0,,0.2255859375,,0.22776350378990173,,0.00390625,,,,,,,,,,,,,,
4,62549,,-0.25528624653816223,,784.5714111328125,,3002.38427734375,,8.0,,3.010701894760132,,0.0,,3.010701894760132,,2357.45751953125,,297.9979553222656,,220.19436645507812,,111.45146942138672,,2217.81298828125,,-10.46255874633789,,0.4765625,,3005.39501953125,,3005.39501953125,,0.5234375,,256.0,,0.1669921875,,0.19849801063537598,,0.00390625,,,,,,,,,,,,,,
4,62599,,-0.2634395956993103,,736.8272705078125,,2137.68896484375,,8.0,,3.0103726387023926,,0.125,,3.0103726387023926,,2110.3388671875,,539.5360107421875,,255.10540771484375,,103.7303466796875,,1400.861572265625,,-0.948161780834198,,0.5546875,,2140.69921875,,2140.69921875,,0.4453125,,256.0,,0.154296875,,0.17981986701488495,,0.0,,,,,,,,,,,,,,
4,62649,,-0.2692439556121826,,781.256591796875,,2492.025146484375,,8.0,,3.3022243976593018,,0.0,,3.3022243976593018,,2188.534912109375,,423.38232421875,,283.7378234863281,,128.3790740966797,,1710.7685546875,,-3.478670835494995,,0.47265625,,2495.327392578125,,2495.327392578125,,0.52734375,,256.0,,0.2197265625,,0.2063014954328537,,0.0,,,,,,,,,,,,,,
4,62699,,-0.26643723249435425,,1060.564453125,,36416.2109375,,8.0,,3.389983892440796,,0.0,,3.389983892440796,,1953.8123779296875,,604.1681518554688,,294.5048828125,,97.15373992919922,,35355.64453125,,11.63870620727539,,0.5,,36419.6015625,,36419.6015625,,0.5,,256.0,,0.166015625,,0.1409086138010025,,0.0078125,,,,,,,,,,,,,,
4,62749,,-0.2649075984954834,,805.066162109375,,1959.8082275390625,,8.0,,3.0812675952911377,,0.25,,3.0812675952911377,,2131.482177734375,,383.0605773925781,,227.24151611328125,,99.80130767822266,,1154.7420654296875,,-8.75898551940918,,0.4609375,,1962.8895263671875,,1962.8895263671875,,0.5390625,,256.0,,0.2109375,,0.21849265694618225,,0.00390625,,,,,,,,,,,,,,
4,62799,,-0.27745094895362854,,1181.951416015625,,74755.9921875,,8.0,,3.157366991043091,,0.125,,3.157366991043091,,2356.06298828125,,340.7847900390625,,257.124755859375,,110.66090393066406,,73574.0390625,,27.340526580810547,,0.48828125,,74759.1484375,,74759.1484375,,0.51171875,,256.0,,0.1552734375,,0.17898747324943542,,0.01171875,,,,,,,,,,,,,,
4,62849,,-0.25362446904182434,,1113.40771484375,,67013.8359375,,8.0,,3.096571683883667,,0.125,,3.096571683883667,,2261.30859375,,576.9347534179688,,206.22622680664062,,98.4757308959961,,65900.4296875,,37.98869323730469,,0.51171875,,67016.9296875,,67016.9296875,,0.48828125,,256.0,,0.1611328125,,0.17020094394683838,,0.0078125,,,,,,,,,,,,,,
4,62899,,-0.25824928283691406,,1036.7100830078125,,39527.65234375,,8.0,,2.8780133724212646,,0.125,,2.8780133724212646,,2076.9658203125,,679.614990234375,,241.9164581298828,,126.05905151367188,,38490.94140625,,4.414529800415039,,0.5,,39530.53125,,39530.53125,,0.5,,256.0,,0.185546875,,0.18132567405700684,,0.00390625,,,,,,,,,,,,,,
4,62949,,-0.26952052116394043,,1050.6978759765625,,42971.41796875,,8.0,,3.2077717781066895,,0.0,,3.2077717781066895,,2172.936279296875,,605.1130981445312,,218.549072265625,,105.59981536865234,,41920.71875,,17.344745635986328,,0.5078125,,42974.625,,42974.625,,0.4921875,,256.0,,0.216796875,,0.1950417011976242,,0.00390625,,,,,,,,,,,,,,
4,62999,,-0.2635522782802582,,1343.22216796875,,75422.421875,,8.0,,3.0825815200805664,,0.0,,3.0825815200805664,,2422.51416015625,,277.2090148925781,,250.18338012695312,,112.06535339355469,,74079.203125,,24.61248207092285,,0.515625,,75425.5078125,,75425.5078125,,0.484375,,256.0,,0.2734375,,0.26524969935417175,,0.01953125,,,,,,,,,,,,,,
4,63049,,-0.26330721378326416,,1137.7314453125,,78140.0390625,,8.0,,3.2045938968658447,,0.125,,3.2045938968658447,,2429.220947265625,,290.1933898925781,,140.1868896484375,,91.9377212524414,,77002.3046875,,29.336368560791016,,0.515625,,78143.2421875,,78143.2421875,,0.484375,,256.0,,0.228515625,,0.22882476449012756,,0.0078125,,,,,,,,,,,,,,
4,63099,,-0.2525721788406372,,829.683349609375,,2644.59912109375,,8.0,,3.1688320636749268,,0.125,,3.1688320636749268,,1827.5513916015625,,683.2635498046875,,319.67462158203125,,94.9937744140625,,1814.9156494140625,,-13.016194343566895,,0.4765625,,2647.76806640625,,2647.76806640625,,0.5234375,,256.0,,0.193359375,,0.1846921294927597,,0.0,,,,,,,,,,,,,,
4,63149,,-0.26619264483451843,,751.2586669921875,,2661.470458984375,,8.0,,3.296250104904175,,0.125,,3.296250104904175,,2047.864990234375,,289.11029052734375,,258.8680725097656,,114.0632095336914,,1910.2117919921875,,-8.346959114074707,,0.51953125,,2664.7666015625,,2664.7666015625,,0.48046875,,256.0,,0.197265625,,0.18374019861221313,,0.0,,,,,,,,,,,,,,
4,63199,,-0.2816116511821747,,1029.060546875,,43544.2265625,,8.0,,3.04329776763916,,0.0,,3.04329776763916,,1888.5091552734375,,584.226318359375,,297.43310546875,,112.29547119140625,,42515.16796875,,15.301675796508789,,0.43359375,,43547.26953125,,43547.26953125,,0.56640625,,256.0,,0.11767578125,,0.1472516655921936,,0.00390625,,,,,,,,,,,,,,
4,63249,,-0.26118820905685425,,812.65234375,,2132.34375,,8.0,,3.2633283138275146,,0.0,,3.2633283138275146,,2318.00146484375,,355.6954040527344,,259.30792236328125,,112.6707992553711,,1319.69140625,,-0.8918488621711731,,0.52734375,,2135.607177734375,,2135.607177734375,,0.47265625,,256.0,,0.1728515625,,0.17913484573364258,,0.00390625,,,,,,,,,,,,,,
4,63299,,-0.2591027617454529,,880.3580322265625,,29375.146484375,,8.0,,3.100982189178467,,0.125,,3.100982189178467,,2268.951416015625,,154.0064239501953,,243.20938110351562,,131.8729248046875,,28494.7890625,,17.03421401977539,,0.5078125,,29378.248046875,,29378.248046875,,0.4921875,,256.0,,0.1923828125,,0.20938174426555634,,0.00390625,,,,,,,,,,,,,,
4,63349,,-0.277286559343338,,918.591552734375,,2840.0146484375,,8.0,,3.2845187187194824,,0.125,,3.2845187187194824,,2080.74658203125,,533.0839233398438,,310.42791748046875,,111.20814514160156,,1921.423095703125,,-7.221274375915527,,0.515625,,2843.299072265625,,2843.299072265625,,0.484375,,256.0,,0.224609375,,0.23741698265075684,,0.00390625,,,,,,,,,,,,,,
4,63399,,-0.2521520256996155,,829.3497314453125,,2510.942138671875,,8.0,,2.9799838066101074,,0.125,,2.9799838066101074,,2523.28857421875,,205.0936737060547,,177.39382934570312,,101.71310424804688,,1681.5924072265625,,-8.004864692687988,,0.5234375,,2513.922119140625,,2513.922119140625,,0.4765625,,256.0,,0.2265625,,0.21347194910049438,,0.0,,,,,,,,,,,,,,
4,63449,,-0.27266353368759155,,1055.4432373046875,,36944.15625,,8.0,,3.0276920795440674,,0.125,,3.0276920795440674,,2423.10498046875,,243.01043701171875,,239.98922729492188,,133.7327880859375,,35888.71484375,,11.26085376739502,,0.546875,,36947.18359375,,36947.18359375,,0.453125,,256.0,,0.177734375,,0.1538846492767334,,0.0078125,,,,,,,,,,,,,,
4,63499,,-0.25310224294662476,,965.5200805664062,,45770.65625,,8.0,,3.199735164642334,,0.0,,3.199735164642334,,2343.07080078125,,280.0578918457031,,245.4677734375,,123.25237274169922,,44805.13671875,,18.4242000579834,,0.4921875,,45773.85546875,,45773.85546875,,0.5078125,,256.0,,0.1669921875,,0.1745876967906952,,0.00390625,,,,,,,,,,,,,,
4,63549,,-0.25232625007629395,,843.288330078125,,2149.83154296875,,8.0,,3.0381288528442383,,0.125,,3.0381288528442383,,2275.5166015625,,245.93960571289062,,263.7348327636719,,112.49551391601562,,1306.5433349609375,,-2.7204456329345703,,0.5390625,,2152.86962890625,,2152.86962890625,,0.4609375,,256.0,,0.2080078125,,0.22011268138885498,,0.00390625,,,,,,,,,,,,,,
4,63599,,-0.24566826224327087,,1012.140380859375,,64361.75390625,,8.0,,3.143502950668335,,0.0,,3.143502950668335,,2192.11279296875,,440.1435852050781,,289.2483825683594,,127.69568634033203,,63349.61328125,,24.494144439697266,,0.50390625,,64364.8984375,,64364.8984375,,0.49609375,,256.0,,0.1337890625,,0.14913614094257355,,0.0078125,,,,,,,,,,,,,,
4,63649,,-0.26517125964164734,,923.101806640625,,36952.625,,8.0,,3.1161351203918457,,0.0,,3.1161351203918457,,2045.706298828125,,581.544921875,,250.41036987304688,,123.19193267822266,,36029.5234375,,8.801836967468262,,0.50390625,,36955.7421875,,36955.7421875,,0.49609375,,256.0,,0.232421875,,0.17260442674160004,,0.00390625,,,,,,,,,,,,,,
4,63699,,-0.265585720539093,,825.4354248046875,,2327.06640625,,8.0,,3.161695957183838,,0.0,,3.161695957183838,,2017.501953125,,402.52899169921875,,215.73153686523438,,117.36196899414062,,1501.6309814453125,,3.0030319690704346,,0.4921875,,2330.22802734375,,2330.22802734375,,0.5078125,,256.0,,0.1630859375,,0.190740168094635,,0.0,,,,,,,,,,,,,,
4,63749,,-0.2681552469730377,,1346.67578125,,100760.484375,,8.0,,2.9245381355285645,,0.125,,2.9245381355285645,,2241.71435546875,,440.8558349609375,,238.5041046142578,,120.15203094482422,,99413.8046875,,49.80084991455078,,0.48046875,,100763.40625,,100763.40625,,0.51953125,,256.0,,0.224609375,,0.20194578170776367,,0.015625,,,,,,,,,,,,,,
4,63799,,-0.26227885484695435,,1131.1929931640625,,64276.140625,,8.0,,3.0310723781585693,,0.25,,3.0310723781585693,,1951.979248046875,,562.4915161132812,,284.3567199707031,,101.22002410888672,,63144.94921875,,31.379684448242188,,0.5078125,,64279.171875,,64279.171875,,0.4921875,,256.0,,0.1474609375,,0.12967930734157562,,0.01171875,,,,,,,,,,,,,,
4,63849,,-0.26990264654159546,,962.993408203125,,31089.033203125,,8.0,,3.2497830390930176,,0.0,,3.2497830390930176,,2233.4169921875,,629.9334716796875,,262.60552978515625,,111.92735290527344,,30126.0390625,,8.714339256286621,,0.51171875,,31092.283203125,,31092.283203125,,0.48828125,,256.0,,0.234375,,0.2736085057258606,,0.00390625,,,,,,,,,,,,,,
4,63899,,-0.2734103202819824,,849.125,,2591.101806640625,,8.0,,3.133301258087158,,0.125,,3.133301258087158,,2081.814453125,,392.0154113769531,,252.8427734375,,111.49485778808594,,1741.976806640625,,-10.20092487335205,,0.5234375,,2594.235107421875,,2594.235107421875,,0.4765625,,256.0,,0.11669921875,,0.15759699046611786,,0.0,,,,,,,,,,,,,,
4,63949,,-0.2501966953277588,,778.0555419921875,,2619.7177734375,,8.0,,3.1140005588531494,,0.125,,3.1140005588531494,,1655.066650390625,,736.610107421875,,293.54443359375,,114.07443237304688,,1841.662353515625,,-8.030324935913086,,0.53515625,,2622.831787109375,,2622.831787109375,,0.46484375,,256.0,,0.1552734375,,0.15478059649467468,,0.0,,,,,,,,,,,,,,
4,63979,,,,,,,,,,,,,,,,,,,,,,,,,,,,,,,,,,,,,,,,,,,-0.2606545090675354,855.6870727539062,6852.1044921875,0.0,5996.42529296875,-3.3336410522460938,0.4998077154159546,855.6870727539062,6852.1044921875,0.5001922845840454,255.98416137695312,0.20893757045269012,0.19069065153598785,0.0010014981962740421
4,63979,-0.2607715427875519,,955.7195434570312,,25372.12890625,,8.0,,3.133641004562378,,0.09043841809034348,,3.133641004562378,,2221.453369140625,,416.6328430175781,,249.2723846435547,,118.1806640625,,24416.466796875,,6.832696914672852,,0.5002152323722839,,25375.265625,,25375.265625,,0.49978479743003845,,256.0,,0.21287184953689575,,0.20970991253852844,,0.005100470967590809,,,,,,,,,,,,,,,
5,63999,,-0.25543132424354553,,868.996826171875,,2121.21533203125,,8.0,,3.2045326232910156,,0.0,,3.2045326232910156,,2186.3974609375,,566.2387084960938,,196.22018432617188,,115.11602783203125,,1252.2183837890625,,-4.769455432891846,,0.5078125,,2124.419921875,,2124.419921875,,0.4921875,,256.0,,0.1337890625,,0.1231488585472107,,0.00390625,,,,,,,,,,,,,,
5,64049,,-0.2543600797653198,,1042.130615234375,,33852.23828125,,8.0,,3.092170476913452,,0.0,,3.092170476913452,,2407.168212890625,,334.5079040527344,,246.00962829589844,,123.74820709228516,,32810.109375,,6.069540500640869,,0.52734375,,33855.33203125,,33855.33203125,,0.47265625,,256.0,,0.2216796875,,0.22250042855739594,,0.0078125,,,,,,,,,,,,,,
5,64099,,-0.26747506856918335,,867.6802978515625,,1907.994384765625,,8.0,,3.2137067317962646,,0.0,,3.2137067317962646,,2260.991943359375,,503.21795654296875,,140.36907958984375,,96.5946044921875,,1040.3140869140625,,2.209463596343994,,0.44921875,,1911.2081298828125,,1911.2081298828125,,0.55078125,,256.0,,0.1708984375,,0.14907722175121307,,0.0,,,,,,,,,,,,,,
5,64149,,-0.2471625804901123,,884.4254760742188,,2974.9052734375,,8.0,,2.9919581413269043,,0.125,,2.9919581413269043,,2406.902099609375,,256.35504150390625,,252.8546142578125,,121.70117950439453,,2090.479736328125,,-12.071065902709961,,0.49609375,,2977.897216796875,,2977.897216796875,,0.50390625,,256.0,,0.17578125,,0.18415948748588562,,0.0078125,,,,,,,,,,,,,,
5,64199,,-0.27748769521713257,,904.0875854492188,,2856.777099609375,,8.0,,3.0150771141052246,,0.0,,3.0150771141052246,,2261.240234375,,257.54473876953125,,218.68441772460938,,126.7342758178711,,1952.689453125,,-4.379201412200928,,0.50390625,,2859.792236328125,,2859.792236328125,,0.49609375,,256.0,,0.1875,,0.20321635901927948,,0.0,,,,,,,,,,,,,,
5,64249,,-0.26144200563430786,,818.220458984375,,2548.9150390625,,8.0,,3.0579442977905273,,0.125,,3.0579442977905273,,1849.4713134765625,,524.417724609375,,344.72265625,,85.12437438964844,,1730.6947021484375,,-0.6755784153938293,,0.51953125,,2551.972900390625,,2551.972900390625,,0.48046875,,256.0,,0.197265625,,0.19463062286376953,,0.0078125,,,,,,,,,,,,,,
5,64299,,-0.25329577922821045,,1354.26025390625,,110014.2890625,,8.0,,3.2666869163513184,,0.125,,3.2666869163513184,,2076.736083984375,,496.2112121582031,,302.4418029785156,,104.29206848144531,,108660.03125,,50.81781768798828,,0.5390625,,110017.5546875,,110017.5546875,,0.4609375,,256.0,,0.32421875,,0.3137393295764923,,0.01171875,,,,,,,,,,,,,,
5,64349,,-0.2595437467098236,,828.2711181640625,,2387.77490234375,,8.0,,3.173582077026367,,0.0,,3.173582077026367,,2124.841796875,,506.88812255859375,,232.40060424804688,,124.83794403076172,,1559.503662109375,,0.3057393431663513,,0.53515625,,2390.948486328125,,2390.948486328125,,0.46484375,,256.0,,0.2021484375,,0.17754438519477844,,0.00390625,,,,,,,,,,,,,,
5,64399,,-0.26037755608558655,,1023.60888671875,,30930.087890625,,8.0,,3.062438726425171,,0.25,,3.062438726425171,,2553.25341796875,,297.3154296875,,223.04257202148438,,134.2620849609375,,29906.478515625,,11.683623313903809,,0.46484375,,30933.150390625,,30933.150390625,,0.53515625,,256.0,,0.23046875,,0.22315792739391327,,0.0078125,,,,,,,,,,,,,,
5,64449,,-0.25455090403556824,,1030.8125,,28756.275390625,,8.0,,3.1242358684539795,,0.0,,3.1242358684539795,,2112.13134765625,,474.8305358886719,,269.0745849609375,,119.70568084716797,,27725.462890625,,15.015427589416504,,0.5,,28759.400390625,,28759.400390625,,0.5,,256.0,,0.1533203125,,0.15472394227981567,,0.01171875,,,,,,,,,,,,,,
5,64499,,-0.27202698588371277,,870.5133056640625,,2901.1923828125,,8.0,,3.1886532306671143,,0.0,,3.1886532306671143,,2338.960693359375,,231.78372192382812,,268.038818359375,,130.14437866210938,,2030.6790771484375,,-1.7851959466934204,,0.546875,,2904.381103515625,,2904.381103515625,,0.453125,,256.0,,0.1162109375,,0.11221268028020859,,0.0,,,,,,,,,,,,,,
5,64549,,-0.26590919494628906,,1014.6696166992188,,39621.33203125,,8.0,,2.897860527038574,,0.25,,2.897860527038574,,2190.464599609375,,295.7064514160156,,297.3601989746094,,109.76396942138672,,38606.6640625,,14.8656005859375,,0.48046875,,39624.23046875,,39624.23046875,,0.51953125,,256.0,,0.2158203125,,0.20775187015533447,,0.00390625,,,,,,,,,,,,,,
5,64599,,-0.25734248757362366,,782.4683227539062,,2061.541748046875,,8.0,,3.178539991378784,,0.0,,3.178539991378784,,2194.995361328125,,418.3789978027344,,261.8948974609375,,117.99683380126953,,1279.0733642578125,,-7.453011989593506,,0.53125,,2064.72021484375,,2064.72021484375,,0.46875,,256.0,,0.2060546875,,0.17869965732097626,,0.0,,,,,,,,,,,,,,
5,64649,,-0.2641322612762451,,959.0538330078125,,2375.1962890625,,8.0,,3.224497079849243,,0.125,,3.224497079849243,,2364.83837890625,,290.8344421386719,,232.89979553222656,,116.93062591552734,,1416.1424560546875,,-5.999334812164307,,0.546875,,2378.4208984375,,2378.4208984375,,0.453125,,256.0,,0.271484375,,0.23780201375484467,,0.0078125,,,,,,,,,,,,,,
5,64699,,-0.24829137325286865,,794.226318359375,,2477.30810546875,,8.0,,3.0678980350494385,,0.125,,3.0678980350494385,,2317.910400390625,,351.5668029785156,,225.12452697753906,,106.95059204101562,,1683.081787109375,,-0.20740249752998352,,0.47265625,,2480.3759765625,,2480.3759765625,,0.52734375,,256.0,,0.212890625,,0.18621882796287537,,0.00390625,,,,,,,,,,,,,,
5,64749,,-0.27006182074546814,,1014.5413818359375,,39284.36328125,,8.0,,3.1589949131011963,,0.125,,3.1589949131011963,,2259.1015625,,499.49407958984375,,293.96795654296875,,113.51978302001953,,38269.8203125,,8.156047821044922,,0.50390625,,39287.5234375,,39287.5234375,,0.49609375,,256.0,,0.2041015625,,0.1972862333059311,,0.00390625,,,,,,,,,,,,,,
5,64799,,-0.2678791284561157,,1009.6394653320312,,34294.6015625,,8.0,,3.2141013145446777,,0.0,,3.2141013145446777,,2174.39013671875,,463.97344970703125,,305.5301513671875,,138.73236083984375,,33284.9609375,,4.64372444152832,,0.46875,,34297.81640625,,34297.81640625,,0.53125,,256.0,,0.251953125,,0.25220128893852234,,0.00390625,,,,,,,,,,,,,,
5,64849,,-0.26458317041397095,,848.4619140625,,2802.05810546875,,8.0,,3.182720899581909,,0.125,,3.182720899581909,,2271.3076171875,,574.7161254882812,,373.7372131347656,,56.92539978027344,,1953.59619140625,,-8.83804988861084,,0.484375,,2805.24072265625,,2805.24072265625,,0.515625,,256.0,,0.1689453125,,0.19307762384414673,,0.0,,,,,,,,,,,,,,
5,64899,,-0.2566484212875366,,956.2496337890625,,39007.21875,,8.0,,3.180699110031128,,0.0,,3.180699110031128,,2141.43603515625,,494.1541748046875,,255.4352569580078,,128.6388702392578,,38050.96875,,18.594558715820312,,0.4765625,,39010.3984375,,39010.3984375,,0.5234375,,256.0,,0.306640625,,0.2893352508544922,,0.00390625,,,,,,,,,,,,,,
5,64949,,-0.25460392236709595,,1091.381591796875,,47063.90234375,,8.0,,3.116884231567383,,0.125,,3.116884231567383,,2259.021484375,,431.1156005859375,,206.18853759765625,,112.85517120361328,,45972.51953125,,20.926082611083984,,0.51171875,,47067.01953125,,47067.01953125,,0.48828125,,256.0,,0.19140625,,0.19989609718322754,,0.015625,,,,,,,,,,,,,,
5,64999,,-0.2526284158229828,,797.45654296875,,2237.1689453125,,8.0,,3.072549819946289,,0.375,,3.072549819946289,,2372.59375,,310.4764099121094,,232.98158264160156,,143.6392059326172,,1439.7125244140625,,-7.29390287399292,,0.45703125,,2240.241455078125,,2240.241455078125,,0.54296875,,256.0,,0.240234375,,0.2211121916770935,,0.00390625,,,,,,,,,,,,,,
5,65049,,-0.25599581003189087,,1023.1136474609375,,43061.359375,,8.0,,3.1254305839538574,,0.0,,3.1254305839538574,,2402.79541015625,,388.6723937988281,,236.49530029296875,,133.57176208496094,,42038.24609375,,2.3273818492889404,,0.57421875,,43064.484375,,43064.484375,,0.42578125,,256.0,,0.1845703125,,0.2082313597202301,,0.0078125,,,,,,,,,,,,,,
5,65099,,-0.256715327501297,,899.284912109375,,2305.24951171875,,8.0,,3.094109058380127,,0.0,,3.094109058380127,,1970.4736328125,,576.1022338867188,,276.4585266113281,,124.21077728271484,,1405.9647216796875,,1.743404507637024,,0.5234375,,2308.343505859375,,2308.343505859375,,0.4765625,,256.0,,0.1318359375,,0.11370905488729477,,0.0078125,,,,,,,,,,,,,,
5,65149,,-0.26637059450149536,,1086.8878173828125,,71170.9921875,,8.0,,2.8723816871643066,,0.25,,2.8723816871643066,,2137.69482421875,,638.2027587890625,,301.9967041015625,,136.3573760986328,,70084.1015625,,35.150291442871094,,0.50390625,,71173.8671875,,71173.8671875,,0.49609375,,256.0,,0.2001953125,,0.21725955605506897,,0.0078125,,,,,,,,,,,,,,
5,65199,,-0.25696632266044617,,992.170166015625,,31900.71484375,,8.0,,3.1961746215820312,,0.25,,3.1961746215820312,,2252.6064453125,,385.587158203125,,264.563232421875,,111.55570983886719,,30908.544921875,,5.737440586090088,,0.5234375,,31903.91015625,,31903.91015625,,0.4765625,,256.0,,0.2021484375,,0.20731684565544128,,0.01171875,,,,,,,,,,,,,,
5,65249,,-0.2635924816131592,,1041.8236083984375,,41278.1328125,,8.0,,2.9463751316070557,,0.125,,2.9463751316070557,,2288.97509765625,,236.4734344482422,,271.281005859375,,124.02482604980469,,40236.30859375,,8.023577690124512,,0.4921875,,41281.078125,,41281.078125,,0.5078125,,256.0,,0.1611328125,,0.1395271122455597,,0.00390625,,,,,,,,,,,,,,
5,65299,,-0.2565789818763733,,788.427978515625,,2037.6007080078125,,8.0,,3.2915408611297607,,0.0,,3.2915408611297607,,1930.65185546875,,503.588134765625,,311.02264404296875,,101.05728149414062,,1249.1727294921875,,1.4140127897262573,,0.5234375,,2040.8922119140625,,2040.8922119140625,,0.4765625,,256.0,,0.08251953125,,0.0983419120311737,,0.0,,,,,,,,,,,,,,
5,65349,,-0.2691308856010437,,1172.1021728515625,,61715.1640625,,8.0,,3.157682418823242,,0.125,,3.157682418823242,,2093.773193359375,,334.8966369628906,,287.68701171875,,103.2806396484375,,60543.0625,,29.80715560913086,,0.50390625,,61718.3203125,,61718.3203125,,0.49609375,,256.0,,0.2578125,,0.24393269419670105,,0.0078125,,,,,,,,,,,,,,
5,65399,,-0.25629040598869324,,944.2119140625,,2507.703369140625,,8.0,,3.0706987380981445,,0.0,,3.0706987380981445,,2217.95849609375,,278.9580383300781,,252.81166076660156,,112.39392852783203,,1563.491455078125,,0.013563698157668114,,0.48046875,,2510.774169921875,,2510.774169921875,,0.51953125,,256.0,,0.2890625,,0.28017061948776245,,0.00390625,,,,,,,,,,,,,,
5,65449,,-0.26119136810302734,,1008.033203125,,3072.332275390625,,8.0,,3.207181930541992,,0.0,,3.207181930541992,,2289.193115234375,,404.4728698730469,,271.0439453125,,139.3199462890625,,2064.299072265625,,-8.731915473937988,,0.40625,,3075.53955078125,,3075.53955078125,,0.59375,,256.0,,0.1455078125,,0.15400472283363342,,0.015625,,,,,,,,,,,,,,
5,65499,,-0.2613375782966614,,770.4163818359375,,1972.5867919921875,,8.0,,3.181908130645752,,0.0,,3.181908130645752,,2189.262939453125,,307.3983459472656,,296.0627136230469,,117.47268676757812,,1202.17041015625,,-1.6600474119186401,,0.54296875,,1975.7686767578125,,1975.7686767578125,,0.45703125,,256.0,,0.1767578125,,0.17679363489151,,0.0,,,,,,,,,,,,,,
5,65549,,-0.2703336179256439,,1100.6322021484375,,73616.1953125,,8.0,,3.093010902404785,,0.125,,3.093010902404785,,2376.45703125,,258.2642822265625,,261.9998779296875,,146.91867065429688,,72515.5625,,36.59821319580078,,0.49609375,,73619.2890625,,73619.2890625,,0.50390625,,256.0,,0.1630859375,,0.16905775666236877,,0.0078125,,,,,,,,,,,,,,
5,65599,,-0.2592865228652954,,871.2322998046875,,2244.39501953125,,8.0,,3.3009538650512695,,0.0,,3.3009538650512695,,2063.764404296875,,404.30841064453125,,319.4195556640625,,96.11772918701172,,1373.16259765625,,-6.868695259094238,,0.48046875,,2247.696044921875,,2247.696044921875,,0.51953125,,256.0,,0.2412109375,,0.24544928967952728,,0.00390625,,,,,,,,,,,,,,
5,65649,,-0.26772260665893555,,791.2220458984375,,1674.7855224609375,,8.0,,3.2503347396850586,,0.0,,3.2503347396850586,,2259.2646484375,,244.37625122070312,,325.26409912109375,,89.08483123779297,,883.5634765625,,1.1747859716415405,,0.43359375,,1678.035888671875,,1678.035888671875,,0.56640625,,256.0,,0.173828125,,0.14191114902496338,,0.00390625,,,,,,,,,,,,,,
5,65699,,-0.271585613489151,,829.75927734375,,3036.04541015625,,8.0,,3.193826198577881,,0.125,,3.193826198577881,,2440.485107421875,,218.08131408691406,,164.19113159179688,,111.69054412841797,,2206.2861328125,,-6.448535919189453,,0.53515625,,3039.2392578125,,3039.2392578125,,0.46484375,,256.0,,0.2138671875,,0.2307354211807251,,0.0,,,,,,,,,,,,,,
5,65749,,-0.247035413980484,,999.7064208984375,,45186.54296875,,8.0,,3.127556800842285,,0.125,,3.127556800842285,,2132.4384765625,,507.5248718261719,,248.80813598632812,,116.13130187988281,,44186.8359375,,12.689966201782227,,0.52734375,,45189.671875,,45189.671875,,0.47265625,,256.0,,0.1748046875,,0.19320321083068848,,0.00390625,,,,,,,,,,,,,,
5,65799,,-0.26247280836105347,,1127.031494140625,,3071.88916015625,,8.0,,3.099513530731201,,0.125,,3.099513530731201,,2100.360595703125,,728.3468627929688,,303.9697570800781,,108.7657699584961,,1944.8577880859375,,-4.156439781188965,,0.52734375,,3074.98876953125,,3074.98876953125,,0.47265625,,256.0,,0.12353515625,,0.15100127458572388,,0.01171875,,,,,,,,,,,,,,
5,65849,,-0.276710569858551,,899.8192138671875,,27732.31640625,,8.0,,3.1724841594696045,,0.25,,3.1724841594696045,,2255.030517578125,,358.4686584472656,,232.2539825439453,,130.40208435058594,,26832.498046875,,6.313577175140381,,0.48828125,,27735.48828125,,27735.48828125,,0.51171875,,256.0,,0.271484375,,0.2619515657424927,,0.00390625,,,,,,,,,,,,,,
5,65899,,-0.28307780623435974,,953.5562744140625,,2411.9755859375,,8.0,,2.975355625152588,,0.0,,2.975355625152588,,2269.66748046875,,395.90228271484375,,222.92112731933594,,124.12498474121094,,1458.4193115234375,,2.75357723236084,,0.5078125,,2414.950927734375,,2414.950927734375,,0.4921875,,256.0,,0.1298828125,,0.14297114312648773,,0.01171875,,,,,,,,,,,,,,
5,65949,,-0.27715742588043213,,1272.921875,,89823.578125,,8.0,,3.1490650177001953,,0.0,,3.1490650177001953,,2006.447998046875,,643.0101318359375,,202.0965576171875,,134.6183624267578,,88550.65625,,42.616371154785156,,0.5625,,89826.7265625,,89826.7265625,,0.4375,,256.0,,0.283203125,,0.2515462040901184,,0.01171875,,,,,,,,,,,,,,
5,65999,,-0.263103723526001,,1145.2901611328125,,71591.6328125,,8.0,,3.0655298233032227,,0.125,,3.0655298233032227,,2136.149169921875,,503.7828063964844,,281.057861328125,,119.03470611572266,,70446.34375,,28.787790298461914,,0.55078125,,71594.6953125,,71594.6953125,,0.44921875,,256.0,,0.1962890625,,0.20889535546302795,,0.01171875,,,,,,,,,,,,,,
5,66049,,-0.2561355233192444,,906.50634765625,,31877.490234375,,8.0,,3.286858558654785,,0.0,,3.286858558654785,,2115.30908203125,,429.22607421875,,289.76104736328125,,125.33309173583984,,30970.984375,,16.030366897583008,,0.515625,,31880.77734375,,31880.77734375,,0.484375,,256.0,,0.212890625,,0.21410533785820007,,0.00390625,,,,,,,,,,,,,,
5,66099,,-0.2636048197746277,,1142.47119140625,,66310.4609375,,8.0,,3.2211742401123047,,0.0,,3.2211742401123047,,2523.214599609375,,222.57542419433594,,316.8254089355469,,139.30052185058594,,65167.9921875,,21.672178268432617,,0.52734375,,66313.6796875,,66313.6796875,,0.47265625,,256.0,,0.2001953125,,0.20490166544914246,,0.0078125,,,,,,,,,,,,,,
5,66149,,-0.26383835077285767,,887.3809814453125,,2796.831787109375,,8.0,,3.059661865234375,,0.0,,3.059661865234375,,2003.996337890625,,530.6923828125,,281.2122802734375,,130.40574645996094,,1909.4508056640625,,-11.602105140686035,,0.51171875,,2799.891357421875,,2799.891357421875,,0.48828125,,256.0,,0.142578125,,0.13860857486724854,,0.00390625,,,,,,,,,,,,,,
5,66199,,-0.2678343951702118,,1076.845947265625,,69553.75,,8.0,,3.301375389099121,,0.125,,3.301375389099121,,2053.5302734375,,579.5501098632812,,300.4161376953125,,116.98074340820312,,68476.90625,,28.63480567932129,,0.55078125,,69557.0546875,,69557.0546875,,0.44921875,,256.0,,0.251953125,,0.24331939220428467,,0.0078125,,,,,,,,,,,,,,
5,66249,,-0.2546522617340088,,881.798583984375,,2732.6611328125,,8.0,,3.1870903968811035,,0.125,,3.1870903968811035,,2280.312744140625,,451.740478515625,,371.99249267578125,,75.0617446899414,,1850.8626708984375,,-5.881991386413574,,0.5078125,,2735.84814453125,,2735.84814453125,,0.4921875,,256.0,,0.1787109375,,0.1861417293548584,,0.0,,,,,,,,,,,,,,
5,66299,,-0.27735453844070435,,1104.5538330078125,,42807.01953125,,8.0,,3.1496357917785645,,0.0,,3.1496357917785645,,2511.588134765625,,367.3229064941406,,234.1234130859375,,141.36412048339844,,41702.46484375,,8.547710418701172,,0.484375,,42810.16796875,,42810.16796875,,0.515625,,256.0,,0.2314453125,,0.22730045020580292,,0.0078125,,,,,,,,,,,,,,
5,66349,,-0.2645764648914337,,1189.73388671875,,75161.640625,,8.0,,3.0976979732513428,,0.125,,3.0976979732513428,,2416.652099609375,,217.8763427734375,,221.53671264648438,,118.13377380371094,,73971.90625,,27.64385414123535,,0.578125,,75164.7421875,,75164.7421875,,0.421875,,256.0,,0.1708984375,,0.14875881373882294,,0.01171875,,,,,,,,,,,,,,
5,66399,,-0.24588483572006226,,971.4981689453125,,44252.43359375,,8.0,,3.2224879264831543,,0.0,,3.2224879264831543,,1932.636474609375,,452.18817138671875,,263.16217041015625,,101.14696502685547,,43280.93359375,,5.410799026489258,,0.49609375,,44255.65625,,44255.65625,,0.50390625,,256.0,,0.291015625,,0.2881331443786621,,0.00390625,,,,,,,,,,,,,,
5,66449,,-0.2626323699951172,,856.963623046875,,3105.0732421875,,8.0,,3.1931302547454834,,0.0,,3.1931302547454834,,2114.243408203125,,352.9414978027344,,309.5318298339844,,86.40013885498047,,2248.109619140625,,-11.367145538330078,,0.4765625,,3108.266357421875,,3108.266357421875,,0.5234375,,256.0,,0.234375,,0.25708407163619995,,0.0,,,,,,,,,,,,,,
5,66499,,-0.26492446660995483,,842.16552734375,,2264.774169921875,,8.0,,3.1588549613952637,,0.0,,3.1588549613952637,,2229.6005859375,,432.0033874511719,,231.06077575683594,,110.70066833496094,,1422.608642578125,,-4.887481689453125,,0.4296875,,2267.93310546875,,2267.93310546875,,0.5703125,,256.0,,0.1591796875,,0.17228639125823975,,0.0078125,,,,,,,,,,,,,,
5,66549,,-0.2634090781211853,,781.220703125,,2254.88818359375,,8.0,,2.965979814529419,,0.125,,2.965979814529419,,2153.251708984375,,482.67620849609375,,212.37265014648438,,114.87789916992188,,1473.6673583984375,,-1.1380592584609985,,0.515625,,2257.854248046875,,2257.854248046875,,0.484375,,256.0,,0.357421875,,0.3305776119232178,,0.00390625,,,,,,,,,,,,,,
5,66599,,-0.26274991035461426,,1000.909423828125,,34125.640625,,8.0,,2.904344081878662,,0.375,,2.904344081878662,,2293.421875,,341.2320251464844,,269.4894714355469,,132.33636474609375,,33124.73046875,,14.351001739501953,,0.4765625,,34128.546875,,34128.546875,,0.5234375,,256.0,,0.16015625,,0.14052802324295044,,0.00390625,,,,,,,,,,,,,,
5,66649,,-0.26204320788383484,,854.1336669921875,,2416.21630859375,,8.0,,3.1780343055725098,,0.125,,3.1780343055725098,,2184.44775390625,,718.3524169921875,,175.4540252685547,,94.88481140136719,,1562.082763671875,,-12.333192825317383,,0.5,,2419.394287109375,,2419.394287109375,,0.5,,256.0,,0.2041015625,,0.18805038928985596,,0.00390625,,,,,,,,,,,,,,
5,66699,,-0.27728137373924255,,968.6446533203125,,32474.439453125,,8.0,,3.001481294631958,,0.0,,3.001481294631958,,2139.5244140625,,522.5029907226562,,294.1865234375,,91.41705322265625,,31505.794921875,,12.812150955200195,,0.5390625,,32477.44140625,,32477.44140625,,0.4609375,,256.0,,0.171875,,0.14533822238445282,,0.00390625,,,,,,,,,,,,,,
5,66749,,-0.26179954409599304,,1086.04931640625,,49812.7265625,,8.0,,3.105114221572876,,0.0,,3.105114221572876,,2090.3134765625,,307.6901550292969,,240.53656005859375,,103.39965057373047,,48726.67578125,,16.078886032104492,,0.56640625,,49815.83203125,,49815.83203125,,0.43359375,,256.0,,0.1337890625,,0.11488523334264755,,0.0078125,,,,,,,,,,,,,,
5,66799,,-0.2673308551311493,,890.6842041015625,,2550.46728515625,,8.0,,3.2009057998657227,,0.125,,3.2009057998657227,,2418.83544921875,,319.2677307128906,,248.84976196289062,,120.58846282958984,,1659.783203125,,-4.81254243850708,,0.51171875,,2553.668212890625,,2553.668212890625,,0.48828125,,256.0,,0.310546875,,0.3139306306838989,,0.0,,,,,,,,,,,,,,
5,66849,,-0.2603815197944641,,948.5350952148438,,23810.29296875,,8.0,,3.2716426849365234,,0.0,,3.2716426849365234,,2375.0810546875,,564.3085327148438,,246.4764404296875,,107.71267700195312,,22861.7578125,,17.642353057861328,,0.4921875,,23813.564453125,,23813.564453125,,0.5078125,,256.0,,0.189453125,,0.19047331809997559,,0.00390625,,,,,,,,,,,,,,
5,66899,,-0.26546287536621094,,1184.40869140625,,70692.1953125,,8.0,,3.189762830734253,,0.125,,3.189762830734253,,2269.8251953125,,475.5258483886719,,194.23861694335938,,118.0033187866211,,69507.7890625,,27.538434982299805,,0.484375,,70695.3828125,,70695.3828125,,0.515625,,256.0,,0.33203125,,0.31045132875442505,,0.0078125,,,,,,,,,,,,,,
5,66949,,-0.2707795798778534,,793.37158203125,,2345.560546875,,8.0,,3.1616415977478027,,0.25,,3.1616415977478027,,2156.089599609375,,449.16162109375,,262.25152587890625,,127.73401641845703,,1552.18896484375,,-4.575919151306152,,0.484375,,2348.72216796875,,2348.72216796875,,0.515625,,256.0,,0.302734375,,0.3055265545845032,,0.00390625,,,,,,,,,,,,,,
5,66999,,-0.25767040252685547,,1398.75341796875,,113128.25,,8.0,,2.8603107929229736,,0.125,,2.8603107929229736,,2019.8450927734375,,539.392333984375,,284.82012939453125,,111.31842803955078,,111729.5,,46.28495788574219,,0.51171875,,113131.109375,,113131.109375,,0.48828125,,256.0,,0.283203125,,0.27570563554763794,,0.015625,,,,,,,,,,,,,,
5,67049,,-0.27015361189842224,,1146.4248046875,,42017.51953125,,8.0,,3.1290228366851807,,0.0,,3.1290228366851807,,2165.016845703125,,362.57843017578125,,314.0042724609375,,108.8370361328125,,40871.09375,,18.395851135253906,,0.4609375,,42020.6484375,,42020.6484375,,0.5390625,,256.0,,0.22265625,,0.24976694583892822,,0.0078125,,,,,,,,,,,,,,
5,67099,,-0.2590051293373108,,911.78955078125,,2589.2734375,,8.0,,3.0521116256713867,,0.0,,3.0521116256713867,,2159.77587890625,,530.8977661132812,,249.37110900878906,,123.22980499267578,,1677.4837646484375,,0.4100482761859894,,0.5234375,,2592.325439453125,,2592.325439453125,,0.4765625,,256.0,,0.154296875,,0.15016698837280273,,0.00390625,,,,,,,,,,,,,,
5,67149,,-0.24725721776485443,,913.0830078125,,26398.5078125,,8.0,,3.232304573059082,,0.0,,3.232304573059082,,2045.054443359375,,467.6372375488281,,325.89886474609375,,100.10102081298828,,25485.42578125,,10.741878509521484,,0.4921875,,26401.740234375,,26401.740234375,,0.5078125,,256.0,,0.2099609375,,0.224505215883255,,0.00390625,,,,,,,,,,,,,,
5,67199,,-0.26237261295318604,,995.7011108398438,,40006.9140625,,8.0,,3.0576558113098145,,0.0,,3.0576558113098145,,2318.648681640625,,242.9935760498047,,295.64508056640625,,107.1787338256836,,39011.21484375,,12.606080055236816,,0.45703125,,40009.97265625,,40009.97265625,,0.54296875,,256.0,,0.2060546875,,0.20954839885234833,,0.01171875,,,,,,,,,,,,,,
5,67249,,-0.2572452127933502,,779.019775390625,,2088.6953125,,8.0,,3.0510544776916504,,0.25,,3.0510544776916504,,2402.05419921875,,400.9836730957031,,223.78353881835938,,111.32471466064453,,1309.6756591796875,,-6.200202941894531,,0.55078125,,2091.746337890625,,2091.746337890625,,0.44921875,,256.0,,0.23046875,,0.28633782267570496,,0.0,,,,,,,,,,,,,,
5,67299,,-0.25844377279281616,,905.886474609375,,2189.91748046875,,8.0,,3.2205770015716553,,0.0,,3.2205770015716553,,2085.7900390625,,674.0995483398438,,267.0065002441406,,112.23097229003906,,1284.031005859375,,-3.216064453125,,0.51953125,,2193.137939453125,,2193.137939453125,,0.48046875,,256.0,,0.22265625,,0.2268354594707489,,0.00390625,,,,,,,,,,,,,,
5,67349,,-0.26416802406311035,,866.3773803710938,,1812.4423828125,,8.0,,3.1007978916168213,,0.125,,3.1007978916168213,,2020.0596923828125,,659.4144897460938,,267.29248046875,,110.75562286376953,,946.06494140625,,1.2961071729660034,,0.51171875,,1815.543212890625,,1815.543212890625,,0.48828125,,256.0,,0.1689453125,,0.18405193090438843,,0.00390625,,,,,,,,,,,,,,
5,67399,,-0.2745605707168579,,1023.6270141601562,,42409.1875,,8.0,,3.1508259773254395,,0.0,,3.1508259773254395,,2098.904296875,,561.5872192382812,,224.80307006835938,,109.96382904052734,,41385.55859375,,9.704208374023438,,0.5,,42412.33984375,,42412.33984375,,0.5,,256.0,,0.2080078125,,0.21435436606407166,,0.00390625,,,,,,,,,,,,,,
5,67449,,-0.25822579860687256,,1195.99609375,,77876.734375,,8.0,,3.1931581497192383,,0.0,,3.1931581497192383,,2402.810791015625,,283.0124206542969,,171.93145751953125,,121.3519287109375,,76680.734375,,23.855270385742188,,0.49609375,,77879.9296875,,77879.9296875,,0.50390625,,256.0,,0.1982421875,,0.2124580591917038,,0.015625,,,,,,,,,,,,,,
5,67499,,-0.2657369375228882,,769.79296875,,2087.9404296875,,8.0,,3.0847055912017822,,0.125,,3.0847055912017822,,1969.3212890625,,561.491455078125,,242.73175048828125,,108.61207580566406,,1318.1474609375,,-0.2552525997161865,,0.46875,,2091.025146484375,,2091.025146484375,,0.53125,,256.0,,0.2373046875,,0.259252667427063,,0.0,,,,,,,,,,,,,,
5,67549,,-0.2701457142829895,,976.0991821289062,,42508.13671875,,8.0,,3.1356287002563477,,0.0,,3.1356287002563477,,2181.37158203125,,273.8469543457031,,270.194091796875,,112.55052185058594,,41532.0390625,,8.277843475341797,,0.5,,42511.2734375,,42511.2734375,,0.5,,256.0,,0.177734375,,0.18584972620010376,,0.00390625,,,,,,,,,,,,,,
5,67599,,-0.2714717388153076,,848.9400024414062,,2124.90380859375,,8.0,,2.9896674156188965,,0.125,,2.9896674156188965,,2364.941650390625,,385.93377685546875,,247.33416748046875,,100.95358276367188,,1275.9637451171875,,0.3106004297733307,,0.4140625,,2127.8935546875,,2127.8935546875,,0.5859375,,256.0,,0.16015625,,0.14580906927585602,,0.0,,,,,,,,,,,,,,
5,67649,,-0.25975435972213745,,968.5090942382812,,2930.131591796875,,8.0,,2.9865288734436035,,0.25,,2.9865288734436035,,2359.3271484375,,347.9867858886719,,218.4146270751953,,135.25782775878906,,1961.6224365234375,,0.600407063961029,,0.453125,,2933.1181640625,,2933.1181640625,,0.546875,,256.0,,0.2177734375,,0.25898033380508423,,0.01171875,,,,,,,,,,,,,,
5,67699,,-0.2638320326805115,,803.9359741210938,,2458.011962890625,,8.0,,3.1110095977783203,,0.125,,3.1110095977783203,,2291.73388671875,,271.12518310546875,,256.15771484375,,117.08362579345703,,1654.075927734375,,-1.2343729734420776,,0.46875,,2461.123046875,,2461.123046875,,0.53125,,256.0,,0.1279296875,,0.1338849663734436,,0.0,,,,,,,,,,,,,,
5,67749,,-0.25499555468559265,,1058.0037841796875,,35382.921875,,8.0,,3.2193455696105957,,0.125,,3.2193455696105957,,2088.105712890625,,666.19873046875,,234.06385803222656,,134.89793395996094,,34324.91796875,,12.535675048828125,,0.484375,,35386.140625,,35386.140625,,0.515625,,256.0,,0.208984375,,0.1868404597043991,,0.0078125,,,,,,,,,,,,,,
5,67799,,-0.25761640071868896,,846.205810546875,,2964.43115234375,,8.0,,3.235373020172119,,0.125,,3.235373020172119,,2004.28564453125,,526.344482421875,,238.28028869628906,,138.5965118408203,,2118.225341796875,,-0.515912652015686,,0.50390625,,2967.66650390625,,2967.66650390625,,0.49609375,,256.0,,0.2353515625,,0.25805896520614624,,0.00390625,,,,,,,,,,,,,,
5,67849,,-0.26393789052963257,,824.4390869140625,,2560.0,,8.0,,3.417511463165283,,0.125,,3.417511463165283,,2155.998779296875,,388.6198425292969,,281.9180908203125,,120.33422088623047,,1735.5609130859375,,-8.029606819152832,,0.4453125,,2563.41748046875,,2563.41748046875,,0.5546875,,256.0,,0.16015625,,0.16861478984355927,,0.0,,,,,,,,,,,,,,
5,67899,,-0.24917343258857727,,1049.8739013671875,,44967.85546875,,8.0,,3.223989963531494,,0.125,,3.223989963531494,,2372.99169921875,,218.42657470703125,,233.38690185546875,,107.30321502685547,,43917.98046875,,8.731992721557617,,0.53515625,,44971.078125,,44971.078125,,0.46484375,,256.0,,0.205078125,,0.1950204074382782,,0.0078125,,,,,,,,,,,,,,
5,67949,,-0.2545100748538971,,834.477294921875,,3387.977294921875,,8.0,,3.110515594482422,,0.125,,3.110515594482422,,2123.30419921875,,591.5538330078125,,270.8681640625,,119.65277099609375,,2553.5,,-8.863958358764648,,0.52734375,,3391.087890625,,3391.087890625,,0.47265625,,256.0,,0.2255859375,,0.2288026511669159,,0.00390625,,,,,,,,,,,,,,
5,67999,,-0.26795071363449097,,881.6779174804688,,2162.456298828125,,8.0,,3.085523843765259,,0.0,,3.085523843765259,,2129.927978515625,,347.4189453125,,245.93426513671875,,125.92640686035156,,1280.7783203125,,-1.901483178138733,,0.47265625,,2165.541748046875,,2165.541748046875,,0.52734375,,256.0,,0.2265625,,0.2300088107585907,,0.00390625,,,,,,,,,,,,,,
5,68049,,-0.26608026027679443,,761.8143310546875,,2992.79833984375,,8.0,,3.126229763031006,,0.0,,3.126229763031006,,2141.89599609375,,492.6273498535156,,253.14772033691406,,115.64776611328125,,2230.98388671875,,-5.110849857330322,,0.53125,,2995.924560546875,,2995.924560546875,,0.46875,,256.0,,0.19140625,,0.2351635992527008,,0.0,,,,,,,,,,,,,,
5,68099,,-0.27281296253204346,,886.3348388671875,,2359.154541015625,,8.0,,2.9863970279693604,,0.375,,2.9863970279693604,,2387.326171875,,438.8081359863281,,217.640625,,123.23361206054688,,1472.8197021484375,,-5.857686996459961,,0.4296875,,2362.140869140625,,2362.140869140625,,0.5703125,,256.0,,0.2197265625,,0.20675772428512573,,0.00390625,,,,,,,,,,,,,,
5,68149,,-0.26508843898773193,,1087.293701171875,,75849.2109375,,8.0,,3.033574104309082,,0.125,,3.033574104309082,,2338.3115234375,,240.88363647460938,,217.27276611328125,,110.79164123535156,,74761.9140625,,27.985395431518555,,0.46875,,75852.2421875,,75852.2421875,,0.53125,,256.0,,0.2021484375,,0.21319769322872162,,0.01171875,,,,,,,,,,,,,,
5,68199,,-0.2641593813896179,,827.360595703125,,1871.375,,8.0,,3.09061861038208,,0.125,,3.09061861038208,,2408.22021484375,,185.12548828125,,205.8931884765625,,125.37263488769531,,1044.014404296875,,-5.033262252807617,,0.47265625,,1874.465576171875,,1874.465576171875,,0.52734375,,256.0,,0.150390625,,0.13668964803218842,,0.00390625,,,,,,,,,,,,,,
5,68249,,-0.2617811858654022,,866.7769165039062,,2921.080322265625,,8.0,,3.13775897026062,,0.0,,3.13775897026062,,2150.591796875,,201.25379943847656,,241.7069091796875,,128.971923828125,,2054.303466796875,,-7.8356852531433105,,0.4609375,,2924.218017578125,,2924.218017578125,,0.5390625,,256.0,,0.2412109375,,0.20114946365356445,,0.00390625,,,,,,,,,,,,,,
5,68299,,-0.2479954957962036,,842.7904663085938,,2105.0634765625,,8.0,,3.079862117767334,,0.125,,3.079862117767334,,2117.947998046875,,544.17822265625,,278.73773193359375,,95.3628921508789,,1262.2730712890625,,-0.9172816276550293,,0.46875,,2108.143310546875,,2108.143310546875,,0.53125,,256.0,,0.197265625,,0.20329275727272034,,0.0,,,,,,,,,,,,,,
5,68349,,-0.2402588129043579,,772.2758178710938,,2267.245361328125,,8.0,,3.285355806350708,,0.0,,3.285355806350708,,2198.09912109375,,691.0372924804688,,262.29864501953125,,124.2886962890625,,1494.9696044921875,,-8.236732482910156,,0.50390625,,2270.53076171875,,2270.53076171875,,0.49609375,,256.0,,0.1796875,,0.21855604648590088,,0.0,,,,,,,,,,,,,,
5,68399,,-0.26255637407302856,,1036.5673828125,,43791.6796875,,8.0,,3.281635284423828,,0.125,,3.281635284423828,,2224.92333984375,,482.8402404785156,,269.41351318359375,,115.69635772705078,,42755.11328125,,14.375494003295898,,0.5,,43794.9609375,,43794.9609375,,0.5,,256.0,,0.146484375,,0.16647326946258545,,0.0078125,,,,,,,,,,,,,,
5,68449,,-0.2700483202934265,,858.2969970703125,,32077.970703125,,8.0,,3.167969226837158,,0.125,,3.167969226837158,,1801.495361328125,,654.097900390625,,282.25714111328125,,143.04283142089844,,31219.673828125,,6.253905296325684,,0.53125,,32081.138671875,,32081.138671875,,0.46875,,256.0,,0.2041015625,,0.22584864497184753,,0.00390625,,,,,,,,,,,,,,
5,68499,,-0.24886319041252136,,950.0560913085938,,52217.40625,,8.0,,3.0089292526245117,,0.25,,3.0089292526245117,,2288.0869140625,,352.5926513671875,,202.3465118408203,,116.91735076904297,,51267.3515625,,20.960542678833008,,0.484375,,52220.4140625,,52220.4140625,,0.515625,,256.0,,0.2412109375,,0.21842841804027557,,0.00390625,,,,,,,,,,,,,,
5,68549,,-0.25497299432754517,,997.8472290039062,,44423.19140625,,8.0,,3.2047595977783203,,0.0,,3.2047595977783203,,2140.61376953125,,471.6776123046875,,218.0148162841797,,124.39832305908203,,43425.34375,,7.610126495361328,,0.46875,,44426.39453125,,44426.39453125,,0.53125,,256.0,,0.185546875,,0.18806962668895721,,0.00390625,,,,,,,,,,,,,,
5,68599,,-0.28166481852531433,,1060.7425537109375,,45272.734375,,8.0,,2.9616875648498535,,0.25,,2.9616875648498535,,2138.96923828125,,262.7629089355469,,286.4803161621094,,105.73855590820312,,44211.9921875,,9.733342170715332,,0.5234375,,45275.6953125,,45275.6953125,,0.4765625,,256.0,,0.1513671875,,0.16373148560523987,,0.00390625,,,,,,,,,,,,,,
5,68649,,-0.25108426809310913,,805.9561767578125,,2389.81884765625,,8.0,,3.15621280670166,,0.0,,3.15621280670166,,2422.5537109375,,160.8995361328125,,232.8472442626953,,119.66801452636719,,1583.86279296875,,-2.7164244651794434,,0.4921875,,2392.97509765625,,2392.97509765625,,0.5078125,,256.0,,0.15234375,,0.1805500090122223,,0.00390625,,,,,,,,,,,,,,
5,68699,,-0.25295349955558777,,916.915283203125,,3007.0703125,,8.0,,3.1195764541625977,,0.125,,3.1195764541625977,,2444.81494140625,,225.74880981445312,,173.96737670898438,,95.77096557617188,,2090.155029296875,,-4.296730995178223,,0.46484375,,3010.18994140625,,3010.18994140625,,0.53515625,,256.0,,0.1533203125,,0.13089558482170105,,0.00390625,,,,,,,,,,,,,,
5,68749,,-0.2733572721481323,,959.8938598632812,,30816.716796875,,8.0,,3.1354055404663086,,0.125,,3.1354055404663086,,2228.7587890625,,309.6250915527344,,270.35302734375,,126.150634765625,,29856.822265625,,10.661822319030762,,0.515625,,30819.8515625,,30819.8515625,,0.484375,,256.0,,0.06640625,,0.05264655500650406,,0.00390625,,,,,,,,,,,,,,
5,68799,,-0.2580692768096924,,879.3851318359375,,2310.17138671875,,8.0,,3.1262412071228027,,0.125,,3.1262412071228027,,2242.20947265625,,550.7044677734375,,223.82431030273438,,133.3459014892578,,1430.786376953125,,-2.6695120334625244,,0.49609375,,2313.297607421875,,2313.297607421875,,0.50390625,,256.0,,0.251953125,,0.27987515926361084,,0.0,,,,,,,,,,,,,,
5,68849,,-0.2637537717819214,,784.7306518554688,,2837.4130859375,,8.0,,2.941329002380371,,0.125,,2.941329002380371,,2225.480224609375,,241.989013671875,,247.77760314941406,,124.0870361328125,,2052.682373046875,,3.0185749530792236,,0.5078125,,2840.3544921875,,2840.3544921875,,0.4921875,,256.0,,0.1884765625,,0.15877294540405273,,0.0,,,,,,,,,,,,,,
5,68899,,-0.26636236906051636,,906.78662109375,,2191.4248046875,,8.0,,3.0018534660339355,,0.25,,3.0018534660339355,,2313.59765625,,284.1416015625,,190.15216064453125,,124.59529113769531,,1284.63818359375,,-1.7784583568572998,,0.5078125,,2194.4267578125,,2194.4267578125,,0.4921875,,256.0,,0.21484375,,0.2075228989124298,,0.00390625,,,,,,,,,,,,,,
5,68949,,-0.25011321902275085,,833.1300048828125,,2440.68359375,,8.0,,3.1155552864074707,,0.125,,3.1155552864074707,,2287.538818359375,,284.1495666503906,,213.17001342773438,,96.79578399658203,,1607.5535888671875,,-1.1320772171020508,,0.48828125,,2443.799072265625,,2443.799072265625,,0.51171875,,256.0,,0.2158203125,,0.19493958353996277,,0.00390625,,,,,,,,,,,,,,
5,68999,,-0.25724712014198303,,747.2492065429688,,2653.738525390625,,8.0,,3.0224223136901855,,0.125,,3.0224223136901855,,2183.939453125,,288.0948486328125,,296.437255859375,,97.66504669189453,,1906.4892578125,,-0.7647316455841064,,0.5703125,,2656.760986328125,,2656.760986328125,,0.4296875,,256.0,,0.26171875,,0.2767517566680908,,0.0,,,,,,,,,,,,,,
5,69049,,-0.26798179745674133,,940.5482177734375,,2660.177734375,,8.0,,3.055920124053955,,0.125,,3.055920124053955,,2150.14794921875,,628.3673706054688,,234.42791748046875,,139.85780334472656,,1719.629638671875,,-1.1265010833740234,,0.4609375,,2663.233642578125,,2663.233642578125,,0.5390625,,256.0,,0.125,,0.11568433046340942,,0.01171875,,,,,,,,,,,,,,
5,69099,,-0.24610011279582977,,1197.885986328125,,87163.4453125,,8.0,,3.2426819801330566,,0.125,,3.2426819801330566,,2349.41015625,,426.03704833984375,,243.67222595214844,,118.98519134521484,,85965.5625,,32.01239776611328,,0.515625,,87166.6875,,87166.6875,,0.484375,,256.0,,0.2265625,,0.20021799206733704,,0.0078125,,,,,,,,,,,,,,
5,69149,,-0.2606503367424011,,1205.22265625,,62336.421875,,8.0,,3.202021360397339,,0.0,,3.202021360397339,,2235.18359375,,620.2236938476562,,233.888427734375,,131.3677520751953,,61131.19921875,,30.092498779296875,,0.5,,62339.625,,62339.625,,0.5,,256.0,,0.2373046875,,0.211679145693779,,0.01953125,,,,,,,,,,,,,,
5,69199,,-0.2755890190601349,,1054.1419677734375,,64393.90234375,,8.0,,3.292987585067749,,0.0,,3.292987585067749,,2001.5860595703125,,493.94610595703125,,278.90533447265625,,113.59497833251953,,63339.76171875,,28.42976951599121,,0.5078125,,64397.1953125,,64397.1953125,,0.4921875,,256.0,,0.185546875,,0.21037325263023376,,0.01171875,,,,,,,,,,,,,,
5,69249,,-0.246066614985466,,1246.861083984375,,121873.2578125,,8.0,,2.9333348274230957,,0.125,,2.9333348274230957,,2360.01171875,,477.8301086425781,,243.70181274414062,,115.31614685058594,,120626.3984375,,46.490848541259766,,0.47265625,,121876.1875,,121876.1875,,0.52734375,,256.0,,0.279296875,,0.2642921209335327,,0.01171875,,,,,,,,,,,,,,
5,69299,,-0.25700363516807556,,1089.2099609375,,55839.1796875,,8.0,,3.333223581314087,,0.0,,3.333223581314087,,2151.07080078125,,433.7508850097656,,254.37545776367188,,127.81163787841797,,54749.96875,,19.031246185302734,,0.484375,,55842.51171875,,55842.51171875,,0.515625,,256.0,,0.283203125,,0.28689056634902954,,0.01171875,,,,,,,,,,,,,,
5,69349,,-0.25909972190856934,,1043.034912109375,,33470.1875,,8.0,,2.972346782684326,,0.125,,2.972346782684326,,2400.83935546875,,228.98439025878906,,290.3780822753906,,114.52815246582031,,32427.15234375,,12.983590126037598,,0.453125,,33473.16015625,,33473.16015625,,0.546875,,256.0,,0.18359375,,0.18834595382213593,,0.00390625,,,,,,,,,,,,,,
5,69399,,-0.27124208211898804,,1071.220458984375,,32337.27734375,,8.0,,2.973694324493408,,0.375,,2.973694324493408,,2102.00146484375,,400.4241638183594,,242.1741943359375,,108.69085693359375,,31266.056640625,,16.86594009399414,,0.4921875,,32340.251953125,,32340.251953125,,0.5078125,,256.0,,0.28125,,0.24226908385753632,,0.0078125,,,,,,,,,,,,,,
5,69449,,-0.24366305768489838,,809.116455078125,,2043.326171875,,8.0,,3.094010353088379,,0.125,,3.094010353088379,,2503.52587890625,,268.5974426269531,,184.30511474609375,,98.15767669677734,,1234.209716796875,,-5.79804801940918,,0.5703125,,2046.420166015625,,2046.420166015625,,0.4296875,,256.0,,0.271484375,,0.26191920042037964,,0.00390625,,,,,,,,,,,,,,
5,69499,,-0.25291699171066284,,840.5081787109375,,2322.559326171875,,8.0,,3.0775723457336426,,0.125,,3.0775723457336426,,2149.89599609375,,614.3848266601562,,254.61624145507812,,140.47891235351562,,1482.0511474609375,,-8.17591667175293,,0.4609375,,2325.636962890625,,2325.636962890625,,0.5390625,,256.0,,0.11669921875,,0.11663272231817245,,0.0,,,,,,,,,,,,,,
5,69549,,-0.2649340331554413,,1039.7373046875,,36887.44921875,,8.0,,3.2125754356384277,,0.0,,3.2125754356384277,,2432.038818359375,,240.2445831298828,,228.22744750976562,,125.15348815917969,,35847.7109375,,16.07145881652832,,0.55859375,,36890.66015625,,36890.66015625,,0.44140625,,256.0,,0.2333984375,,0.2072254866361618,,0.0078125,,,,,,,,,,,,,,
5,69599,,-0.2733108103275299,,1156.49169921875,,67351.828125,,8.0,,3.3404152393341064,,0.0,,3.3404152393341064,,1697.3553466796875,,620.9160766601562,,292.69598388671875,,102.0862045288086,,66195.3359375,,28.23397445678711,,0.546875,,67355.171875,,67355.171875,,0.453125,,256.0,,0.2021484375,,0.19465941190719604,,0.01171875,,,,,,,,,,,,,,
5,69649,,-0.2615985870361328,,889.4173583984375,,2813.16455078125,,8.0,,3.093949794769287,,0.0,,3.093949794769287,,2273.64990234375,,542.4047241210938,,276.09423828125,,134.79322814941406,,1923.7471923828125,,-11.136549949645996,,0.48828125,,2816.258544921875,,2816.258544921875,,0.51171875,,256.0,,0.1640625,,0.16628330945968628,,0.01171875,,,,,,,,,,,,,,
5,69699,,-0.25299474596977234,,1101.433837890625,,80415.34375,,8.0,,3.305950880050659,,0.0,,3.305950880050659,,2216.380126953125,,502.831298828125,,245.98202514648438,,122.41456604003906,,79313.90625,,34.4555549621582,,0.48046875,,80418.6484375,,80418.6484375,,0.51953125,,256.0,,0.259765625,,0.24319997429847717,,0.0078125,,,,,,,,,,,,,,
5,69749,,-0.2666063606739044,,1132.47119140625,,79450.5,,8.0,,3.2176918983459473,,0.125,,3.2176918983459473,,2463.63330078125,,236.3638916015625,,271.418212890625,,123.50606536865234,,78318.03125,,37.286590576171875,,0.49609375,,79453.71875,,79453.71875,,0.50390625,,256.0,,0.25,,0.22044941782951355,,0.0078125,,,,,,,,,,,,,,
5,69799,,-0.24637500941753387,,808.2080078125,,2129.7763671875,,8.0,,3.398559093475342,,0.0,,3.398559093475342,,1990.0074462890625,,527.8202514648438,,298.3044738769531,,128.44691467285156,,1321.568359375,,-6.211211204528809,,0.48828125,,2133.1748046875,,2133.1748046875,,0.51171875,,256.0,,0.185546875,,0.20949459075927734,,0.0,,,,,,,,,,,,,,
5,69849,,-0.2620479464530945,,821.8756103515625,,2886.287109375,,8.0,,3.0495197772979736,,0.25,,3.0495197772979736,,2264.183837890625,,386.36676025390625,,303.2603454589844,,123.66740417480469,,2064.411376953125,,-5.536818981170654,,0.5390625,,2889.336669921875,,2889.336669921875,,0.4609375,,256.0,,0.07080078125,,0.06074836105108261,,0.0,,,,,,,,,,,,,,
5,69899,,-0.27263355255126953,,1048.465087890625,,39493.578125,,8.0,,2.9052796363830566,,0.125,,2.9052796363830566,,2151.965576171875,,664.135498046875,,303.3502197265625,,114.47576141357422,,38445.11328125,,15.24581527709961,,0.52734375,,39496.484375,,39496.484375,,0.47265625,,256.0,,0.1640625,,0.14304247498512268,,0.0078125,,,,,,,,,,,,,,
5,69949,,-0.27063342928886414,,787.4756469726562,,3164.654052734375,,8.0,,3.1353564262390137,,0.125,,3.1353564262390137,,2347.473388671875,,523.9337158203125,,208.6944122314453,,127.92903137207031,,2377.178466796875,,-7.310755729675293,,0.484375,,3167.789306640625,,3167.789306640625,,0.515625,,256.0,,0.189453125,,0.17656803131103516,,0.0,,,,,,,,,,,,,,
5,69999,,-0.25569257140159607,,1063.4366455078125,,60683.859375,,8.0,,3.0767946243286133,,0.25,,3.0767946243286133,,2389.541015625,,212.8302459716797,,226.34701538085938,,103.53269958496094,,59620.421875,,29.209074020385742,,0.48046875,,60686.9375,,60686.9375,,0.51953125,,256.0,,0.08251953125,,0.10207265615463257,,0.01171875,,,,,,,,,,,,,,
5,70049,,-0.26336631178855896,,770.9744873046875,,2633.4013671875,,8.0,,3.1850790977478027,,0.125,,3.1850790977478027,,2255.938232421875,,653.2838745117188,,257.7809753417969,,113.41455841064453,,1862.4268798828125,,-1.2089314460754395,,0.52734375,,2636.58642578125,,2636.58642578125,,0.47265625,,256.0,,0.11572265625,,0.08277624100446701,,0.0,,,,,,,,,,,,,,
5,70099,,-0.25791066884994507,,912.9320678710938,,2951.986572265625,,8.0,,3.373655319213867,,0.0,,3.373655319213867,,1667.755615234375,,628.8115234375,,280.09796142578125,,106.84002685546875,,2039.054443359375,,-6.355626583099365,,0.5390625,,2955.360107421875,,2955.360107421875,,0.4609375,,256.0,,0.1572265625,,0.14721012115478516,,0.00390625,,,,,,,,,,,,,,
5,70149,,-0.2658989429473877,,965.397705078125,,42855.11328125,,8.0,,3.1470894813537598,,0.0,,3.1470894813537598,,2215.29150390625,,503.198486328125,,248.46971130371094,,131.2107696533203,,41889.71484375,,7.242409706115723,,0.453125,,42858.26171875,,42858.26171875,,0.546875,,256.0,,0.138671875,,0.12189362943172455,,0.0078125,,,,,,,,,,,,,,
5,70199,,-0.26428258419036865,,936.5250244140625,,42660.39453125,,8.0,,3.119276285171509,,0.125,,3.119276285171509,,2290.79296875,,195.04678344726562,,276.51800537109375,,118.40545654296875,,41723.87109375,,18.31963539123535,,0.4921875,,42663.515625,,42663.515625,,0.5078125,,256.0,,0.1337890625,,0.15295784175395966,,0.00390625,,,,,,,,,,,,,,
5,70249,,-0.264938086271286,,885.3980102539062,,2192.216064453125,,8.0,,3.1566009521484375,,0.0,,3.1566009521484375,,2272.35400390625,,304.12261962890625,,238.83221435546875,,116.12187957763672,,1306.818115234375,,1.2446142435073853,,0.46875,,2195.37255859375,,2195.37255859375,,0.53125,,256.0,,0.1142578125,,0.15171344578266144,,0.00390625,,,,,,,,,,,,,,
5,70299,,-0.257485568523407,,780.756103515625,,2833.6298828125,,8.0,,3.1471316814422607,,0.0,,3.1471316814422607,,2449.6787109375,,407.9386291503906,,255.84552001953125,,131.60362243652344,,2052.873779296875,,-8.79006290435791,,0.5234375,,2836.777099609375,,2836.777099609375,,0.4765625,,256.0,,0.1669921875,,0.181380495429039,,0.0,,,,,,,,,,,,,,
5,70349,,-0.26448947191238403,,1096.651611328125,,30364.990234375,,8.0,,3.2212958335876465,,0.0,,3.2212958335876465,,2151.3564453125,,663.3702392578125,,277.8084411621094,,120.62515258789062,,29268.337890625,,11.874354362487793,,0.53515625,,30368.2109375,,30368.2109375,,0.46484375,,256.0,,0.2138671875,,0.1893271654844284,,0.01171875,,,,,,,,,,,,,,
5,70399,,-0.2527236342430115,,861.251953125,,2620.27978515625,,8.0,,3.1139144897460938,,0.0,,3.1139144897460938,,2105.9970703125,,539.682861328125,,296.2342529296875,,106.53480529785156,,1759.0277099609375,,-2.8813042640686035,,0.515625,,2623.393798828125,,2623.393798828125,,0.484375,,256.0,,0.2578125,,0.2620067596435547,,0.00390625,,,,,,,,,,,,,,
5,70449,,-0.2551061511039734,,856.60400390625,,2351.9951171875,,8.0,,3.03233003616333,,0.125,,3.03233003616333,,2528.2509765625,,320.8643493652344,,179.23117065429688,,117.03496551513672,,1495.3912353515625,,-4.696489334106445,,0.5,,2355.02734375,,2355.02734375,,0.5,,256.0,,0.234375,,0.23922674357891083,,0.0078125,,,,,,,,,,,,,,
5,70499,,-0.2509554922580719,,794.0504760742188,,1946.355224609375,,8.0,,3.1539053916931152,,0.0,,3.1539053916931152,,2057.591796875,,513.5100708007812,,287.28070068359375,,105.60407257080078,,1152.3046875,,0.8789687752723694,,0.4921875,,1949.5091552734375,,1949.5091552734375,,0.5078125,,256.0,,0.203125,,0.21009914577007294,,0.0,,,,,,,,,,,,,,
5,70549,,-0.25657719373703003,,846.6334228515625,,2297.3603515625,,8.0,,3.164181709289551,,0.0,,3.164181709289551,,2347.337890625,,183.0037078857422,,225.8779296875,,116.72698211669922,,1450.72705078125,,-6.088259220123291,,0.4921875,,2300.5244140625,,2300.5244140625,,0.5078125,,256.0,,0.111328125,,0.10822372138500214,,0.0,,,,,,,,,,,,,,
5,70599,,-0.2688508629798889,,1020.1744384765625,,38430.18359375,,8.0,,3.050276756286621,,0.0,,3.050276756286621,,2057.52978515625,,393.34698486328125,,291.234130859375,,134.2255859375,,37410.0078125,,14.673551559448242,,0.5234375,,38433.234375,,38433.234375,,0.4765625,,256.0,,0.2177734375,,0.19633671641349792,,0.0078125,,,,,,,,,,,,,,
5,70649,,-0.26445120573043823,,869.867431640625,,2111.6259765625,,8.0,,2.9861927032470703,,0.125,,2.9861927032470703,,2296.7841796875,,304.12451171875,,227.14541625976562,,115.13282775878906,,1241.7586669921875,,-5.319183826446533,,0.4765625,,2114.612060546875,,2114.612060546875,,0.5234375,,256.0,,0.10986328125,,0.08321213722229004,,0.00390625,,,,,,,,,,,,,,
5,70699,,-0.25511422753334045,,828.3519897460938,,3019.948974609375,,8.0,,3.151735782623291,,0.0,,3.151735782623291,,2378.7998046875,,183.31756591796875,,248.7076416015625,,104.68468475341797,,2191.596923828125,,-10.248353004455566,,0.453125,,3023.100830078125,,3023.100830078125,,0.546875,,256.0,,0.138671875,,0.13768650591373444,,0.00390625,,,,,,,,,,,,,,
5,70749,,-0.2615068256855011,,876.7409057617188,,2580.384765625,,8.0,,3.033045768737793,,0.125,,3.033045768737793,,2414.11279296875,,312.4307556152344,,213.69944763183594,,125.23147583007812,,1703.643798828125,,-0.3208239674568176,,0.47265625,,2583.417724609375,,2583.417724609375,,0.52734375,,256.0,,0.1953125,,0.1972545087337494,,0.0,,,,,,,,,,,,,,
5,70799,,-0.2671996057033539,,858.0223388671875,,1831.46630859375,,8.0,,3.134538173675537,,0.125,,3.134538173675537,,1968.204833984375,,547.0761108398438,,246.48703002929688,,111.80362701416016,,973.4439086914062,,2.186187982559204,,0.47265625,,1834.600830078125,,1834.600830078125,,0.52734375,,256.0,,0.228515625,,0.2012966126203537,,0.0,,,,,,,,,,,,,,
5,70849,,-0.2532542645931244,,973.1497802734375,,29546.912109375,,8.0,,3.057567596435547,,0.125,,3.057567596435547,,2274.907470703125,,643.4908447265625,,246.22372436523438,,112.8581314086914,,28573.76171875,,13.783482551574707,,0.5234375,,29549.96875,,29549.96875,,0.4765625,,256.0,,0.23046875,,0.2120000123977661,,0.00390625,,,,,,,,,,,,,,
5,70899,,-0.2484857738018036,,730.305419921875,,1998.524658203125,,8.0,,3.127281665802002,,0.0,,3.127281665802002,,2096.76318359375,,415.4181823730469,,256.68365478515625,,132.34825134277344,,1268.21923828125,,-0.6105058789253235,,0.48046875,,2001.6519775390625,,2001.6519775390625,,0.51953125,,256.0,,0.279296875,,0.2470436990261078,,0.0,,,,,,,,,,,,,,
5,70949,,-0.2550433874130249,,811.5074462890625,,2947.73974609375,,8.0,,3.1102757453918457,,0.0,,3.1102757453918457,,2072.052734375,,532.60205078125,,276.60150146484375,,149.6870574951172,,2136.232177734375,,-12.247817039489746,,0.44921875,,2950.85009765625,,2950.85009765625,,0.55078125,,256.0,,0.158203125,,0.1304071545600891,,0.0,,,,,,,,,,,,,,
5,70999,,-0.26345425844192505,,949.3950805664062,,34211.0078125,,8.0,,3.0210843086242676,,0.0,,3.0210843086242676,,2262.7294921875,,327.7528381347656,,235.76406860351562,,104.51821899414062,,33261.61328125,,14.811788558959961,,0.4921875,,34214.02734375,,34214.02734375,,0.5078125,,256.0,,0.224609375,,0.20039229094982147,,0.0078125,,,,,,,,,,,,,,
5,71049,,-0.2637542486190796,,930.95849609375,,2635.490478515625,,8.0,,3.1602983474731445,,0.125,,3.1602983474731445,,2230.283935546875,,324.6526794433594,,209.5408935546875,,104.63614654541016,,1704.531982421875,,-5.474742889404297,,0.56640625,,2638.65087890625,,2638.65087890625,,0.43359375,,256.0,,0.2578125,,0.26627951860427856,,0.0,,,,,,,,,,,,,,
5,71099,,-0.24939237534999847,,782.4885864257812,,2345.502685546875,,8.0,,2.9273173809051514,,0.375,,2.9273173809051514,,1965.482666015625,,543.5892944335938,,287.4807434082031,,123.99408721923828,,1563.01416015625,,-9.180257797241211,,0.48046875,,2348.429931640625,,2348.429931640625,,0.51953125,,256.0,,0.173828125,,0.17919152975082397,,0.0,,,,,,,,,,,,,,
5,71149,,-0.2583364248275757,,847.2369384765625,,26235.76171875,,8.0,,3.1908533573150635,,0.0,,3.1908533573150635,,2203.60009765625,,506.7021179199219,,271.6823425292969,,127.86137390136719,,25388.525390625,,17.222126007080078,,0.47265625,,26238.953125,,26238.953125,,0.52734375,,256.0,,0.2099609375,,0.18410848081111908,,0.00390625,,,,,,,,,,,,,,
5,71199,,-0.2669118642807007,,864.0733642578125,,2347.7822265625,,8.0,,3.143073081970215,,0.25,,3.143073081970215,,2312.23779296875,,488.4460754394531,,233.38943481445312,,131.20779418945312,,1483.708984375,,-4.736269950866699,,0.546875,,2350.92529296875,,2350.92529296875,,0.453125,,256.0,,0.279296875,,0.2406350076198578,,0.00390625,,,,,,,,,,,,,,
5,71249,,-0.268804669380188,,760.8857421875,,1864.418701171875,,8.0,,3.1919362545013428,,0.125,,3.1919362545013428,,2159.9462890625,,269.3117370605469,,261.9423522949219,,132.69635009765625,,1103.532958984375,,-8.911001205444336,,0.5,,1867.610595703125,,1867.610595703125,,0.5,,256.0,,0.1494140625,,0.14821964502334595,,0.0,,,,,,,,,,,,,,
5,71299,,-0.2635325789451599,,915.049560546875,,43196.28515625,,8.0,,3.247521162033081,,0.25,,3.247521162033081,,2186.043212890625,,301.16937255859375,,271.87969970703125,,101.48487091064453,,42281.234375,,15.125371932983398,,0.4296875,,43199.53125,,43199.53125,,0.5703125,,256.0,,0.2734375,,0.28027114272117615,,0.00390625,,,,,,,,,,,,,,
5,71349,,-0.27012476325035095,,930.5859375,,34325.3046875,,8.0,,3.0875980854034424,,0.0,,3.0875980854034424,,2371.7470703125,,300.38909912109375,,249.01519775390625,,122.26365661621094,,33394.71875,,10.679630279541016,,0.5,,34328.390625,,34328.390625,,0.5,,256.0,,0.1396484375,,0.15127675235271454,,0.00390625,,,,,,,,,,,,,,
5,71399,,-0.26596599817276,,794.9472045898438,,2244.4189453125,,8.0,,2.9115700721740723,,0.125,,2.9115700721740723,,2496.71728515625,,450.50958251953125,,226.58023071289062,,120.70741271972656,,1449.4718017578125,,-0.8356133699417114,,0.50390625,,2247.33056640625,,2247.33056640625,,0.49609375,,256.0,,0.296875,,0.28429293632507324,,0.0,,,,,,,,,,,,,,
5,71449,,-0.25743839144706726,,936.5203247070312,,26377.556640625,,8.0,,3.2757630348205566,,0.0,,3.2757630348205566,,1781.108642578125,,438.80010986328125,,319.8328857421875,,104.78016662597656,,25441.037109375,,7.777385711669922,,0.46875,,26380.83203125,,26380.83203125,,0.53125,,256.0,,0.267578125,,0.21554206311702728,,0.0078125,,,,,,,,,,,,,,
5,71499,,-0.25857236981391907,,1025.369140625,,55093.59375,,8.0,,3.0613279342651367,,0.25,,3.0613279342651367,,2136.96728515625,,729.0018920898438,,239.71226501464844,,113.69404602050781,,54068.22265625,,28.24591636657715,,0.51953125,,55096.65625,,55096.65625,,0.48046875,,256.0,,0.26171875,,0.24295157194137573,,0.0078125,,,,,,,,,,,,,,
5,71549,,-0.25923284888267517,,895.1876831054688,,2243.248046875,,8.0,,3.045987129211426,,0.125,,3.045987129211426,,2264.88330078125,,444.84356689453125,,192.86978149414062,,106.84827423095703,,1348.0604248046875,,-5.137808799743652,,0.47265625,,2246.2939453125,,2246.2939453125,,0.52734375,,256.0,,0.2333984375,,0.2218244969844818,,0.01171875,,,,,,,,,,,,,,
5,71599,,-0.2563875913619995,,1075.90087890625,,57052.76953125,,8.0,,3.1785268783569336,,0.125,,3.1785268783569336,,2069.679931640625,,288.4559326171875,,312.03472900390625,,113.22599029541016,,55976.8671875,,13.960246086120605,,0.46484375,,57055.94921875,,57055.94921875,,0.53515625,,256.0,,0.244140625,,0.24750667810440063,,0.00390625,,,,,,,,,,,,,,
5,71649,,-0.2586882710456848,,1198.566650390625,,74327.3515625,,8.0,,3.066946506500244,,0.0,,3.066946506500244,,2046.0892333984375,,626.5284423828125,,293.4860534667969,,117.30158233642578,,73128.78125,,28.211355209350586,,0.5625,,74330.421875,,74330.421875,,0.4375,,256.0,,0.2275390625,,0.2183520793914795,,0.0078125,,,,,,,,,,,,,,
5,71699,,-0.26172947883605957,,781.1488037109375,,2547.79833984375,,8.0,,3.177216053009033,,0.125,,3.177216053009033,,2109.62158203125,,629.625732421875,,221.28738403320312,,121.41173553466797,,1766.6494140625,,1.1243548393249512,,0.53515625,,2550.9755859375,,2550.9755859375,,0.46484375,,256.0,,0.20703125,,0.21697670221328735,,0.0,,,,,,,,,,,,,,
5,71749,,-0.25357598066329956,,795.561767578125,,1981.1351318359375,,8.0,,3.038113594055176,,0.0,,3.038113594055176,,2152.706298828125,,513.1787719726562,,276.8389587402344,,116.52798461914062,,1185.5733642578125,,-4.168196678161621,,0.4609375,,1984.1732177734375,,1984.1732177734375,,0.5390625,,256.0,,0.216796875,,0.21162955462932587,,0.0,,,,,,,,,,,,,,
5,71799,,-0.264677494764328,,850.738525390625,,2470.547119140625,,8.0,,2.9569835662841797,,0.125,,2.9569835662841797,,2119.557861328125,,387.3885192871094,,259.2330017089844,,117.5591049194336,,1619.80859375,,-6.218101978302002,,0.49609375,,2473.504150390625,,2473.504150390625,,0.50390625,,256.0,,0.232421875,,0.23517131805419922,,0.00390625,,,,,,,,,,,,,,
5,71849,,-0.2563382089138031,,817.29052734375,,2070.38037109375,,8.0,,3.073230504989624,,0.125,,3.073230504989624,,2418.9755859375,,121.62147521972656,,284.1313171386719,,121.0203628540039,,1253.08984375,,2.8213794231414795,,0.49609375,,2073.45361328125,,2073.45361328125,,0.50390625,,256.0,,0.1806640625,,0.1824406385421753,,0.0,,,,,,,,,,,,,,
5,71899,,-0.2647092342376709,,840.0184326171875,,2066.9931640625,,8.0,,3.165127992630005,,0.0,,3.165127992630005,,2305.92919921875,,137.4423065185547,,286.7991638183594,,97.9627456665039,,1226.9747314453125,,-5.888889312744141,,0.515625,,2070.158203125,,2070.158203125,,0.484375,,256.0,,0.1884765625,,0.1754894107580185,,0.0,,,,,,,,,,,,,,
5,71949,,-0.2637840211391449,,1179.3790283203125,,82165.203125,,8.0,,3.0133216381073,,0.0,,3.0133216381073,,2303.481201171875,,364.00799560546875,,282.2539367675781,,140.5576171875,,80985.8203125,,34.730613708496094,,0.50390625,,82168.21875,,82168.21875,,0.49609375,,256.0,,0.1572265625,,0.16881082952022552,,0.0078125,,,,,,,,,,,,,,
5,71999,,-0.26074135303497314,,839.9417724609375,,2621.87353515625,,8.0,,3.1048622131347656,,0.125,,3.1048622131347656,,2357.50927734375,,350.59613037109375,,226.90821838378906,,122.5108871459961,,1781.931884765625,,-4.436203956604004,,0.515625,,2624.978515625,,2624.978515625,,0.484375,,256.0,,0.0908203125,,0.12177644670009613,,0.00390625,,,,,,,,,,,,,,
5,72049,,-0.2551261782646179,,999.2066650390625,,55826.92578125,,8.0,,3.0019216537475586,,0.25,,3.0019216537475586,,2323.11279296875,,208.387939453125,,161.2793426513672,,100.38410949707031,,54827.71875,,24.303224563598633,,0.453125,,55829.92578125,,55829.92578125,,0.546875,,256.0,,0.244140625,,0.2320246696472168,,0.00390625,,,,,,,,,,,,,,
5,72099,,-0.257280170917511,,967.9817504882812,,43432.359375,,8.0,,3.16454815864563,,0.0,,3.16454815864563,,2380.83251953125,,408.3124084472656,,272.6346435546875,,130.8599853515625,,42464.37890625,,12.100580215454102,,0.5078125,,43435.5234375,,43435.5234375,,0.4921875,,256.0,,0.353515625,,0.3182068169116974,,0.00390625,,,,,,,,,,,,,,
5,72149,,-0.2761489450931549,,1172.037841796875,,78234.375,,8.0,,3.230983257293701,,0.125,,3.230983257293701,,2015.13916015625,,421.7093505859375,,280.26007080078125,,102.91761016845703,,77062.3359375,,28.38975715637207,,0.54296875,,78237.609375,,78237.609375,,0.45703125,,256.0,,0.1875,,0.1623750925064087,,0.0078125,,,,,,,,,,,,,,
5,72199,,-0.2785049080848694,,874.0040283203125,,2713.50634765625,,8.0,,3.0140130519866943,,0.125,,3.0140130519866943,,2439.4267578125,,245.74546813964844,,248.7914276123047,,137.97853088378906,,1839.50244140625,,-8.223257064819336,,0.53515625,,2716.520263671875,,2716.520263671875,,0.46484375,,256.0,,0.11474609375,,0.12962555885314941,,0.00390625,,,,,,,,,,,,,,
5,72249,,-0.26620882749557495,,893.0469970703125,,2338.021728515625,,8.0,,3.180558204650879,,0.0,,3.180558204650879,,2058.61572265625,,545.1947021484375,,313.6925048828125,,101.12925720214844,,1444.9747314453125,,-3.1370596885681152,,0.52734375,,2341.202392578125,,2341.202392578125,,0.47265625,,256.0,,0.216796875,,0.21474425494670868,,0.0,,,,,,,,,,,,,,
5,72299,,-0.24451415240764618,,813.8356323242188,,2699.755859375,,8.0,,3.2365505695343018,,0.0,,3.2365505695343018,,2392.17236328125,,309.5037841796875,,162.84201049804688,,106.21932220458984,,1885.920166015625,,-4.100488185882568,,0.5078125,,2702.992431640625,,2702.992431640625,,0.4921875,,256.0,,0.31640625,,0.3079594373703003,,0.0,,,,,,,,,,,,,,
5,72349,,-0.2662663459777832,,1078.72119140625,,73598.515625,,8.0,,2.958958148956299,,0.125,,2.958958148956299,,2198.5498046875,,489.0409240722656,,234.26583862304688,,135.68212890625,,72519.796875,,32.06993865966797,,0.4296875,,73601.4765625,,73601.4765625,,0.5703125,,256.0,,0.2060546875,,0.1644950956106186,,0.01171875,,,,,,,,,,,,,,
5,72399,,-0.25221893191337585,,802.8363647460938,,2662.08056640625,,8.0,,3.1005001068115234,,0.125,,3.1005001068115234,,2100.41455078125,,415.16448974609375,,250.04393005371094,,117.42152404785156,,1859.244140625,,-1.7410156726837158,,0.46875,,2665.18115234375,,2665.18115234375,,0.53125,,256.0,,0.1943359375,,0.1690313220024109,,0.0,,,,,,,,,,,,,,
5,72449,,-0.2598194479942322,,784.7578125,,2624.404541015625,,8.0,,3.2595293521881104,,0.125,,3.2595293521881104,,2244.6484375,,436.2879333496094,,223.06814575195312,,135.3880157470703,,1839.646728515625,,-9.603476524353027,,0.51171875,,2627.6640625,,2627.6640625,,0.48828125,,256.0,,0.2734375,,0.27532923221588135,,0.0,,,,,,,,,,,,,,
5,72499,,-0.25513482093811035,,900.6917724609375,,1926.00244140625,,8.0,,3.049503803253174,,0.375,,3.049503803253174,,2274.1005859375,,385.640869140625,,220.4551239013672,,92.56900024414062,,1025.3106689453125,,-5.20847225189209,,0.54296875,,1929.052001953125,,1929.052001953125,,0.45703125,,256.0,,0.30859375,,0.3032037913799286,,0.0078125,,,,,,,,,,,,,,
5,72549,,-0.23726646602153778,,1049.46435546875,,66307.3984375,,8.0,,3.1906509399414062,,0.0,,3.1906509399414062,,2179.28076171875,,331.2330322265625,,224.38418579101562,,103.68264770507812,,65257.93359375,,24.67926788330078,,0.5546875,,66310.5859375,,66310.5859375,,0.4453125,,256.0,,0.2099609375,,0.21181480586528778,,0.0078125,,,,,,,,,,,,,,
5,72599,,-0.26118597388267517,,1051.241455078125,,66806.7421875,,8.0,,3.0436792373657227,,0.125,,3.0436792373657227,,2238.748046875,,367.3392639160156,,238.45770263671875,,133.39308166503906,,65755.5,,21.60523223876953,,0.51953125,,66809.7890625,,66809.7890625,,0.48046875,,256.0,,0.1708984375,,0.1882658302783966,,0.0078125,,,,,,,,,,,,,,
5,72649,,-0.2609461545944214,,857.4628295898438,,2071.55029296875,,8.0,,3.0368595123291016,,0.0,,3.0368595123291016,,2251.850341796875,,409.47802734375,,165.12567138671875,,101.06452178955078,,1214.0875244140625,,-4.567991256713867,,0.51171875,,2074.587158203125,,2074.587158203125,,0.48828125,,256.0,,0.1884765625,,0.20177102088928223,,0.0,,,,,,,,,,,,,,
5,72699,,-0.25913119316101074,,918.5499267578125,,35919.69921875,,8.0,,3.1619532108306885,,0.125,,3.1619532108306885,,2229.65966796875,,223.4124298095703,,261.3951416015625,,127.46438598632812,,35001.1484375,,19.039018630981445,,0.51171875,,35922.859375,,35922.859375,,0.48828125,,256.0,,0.2119140625,,0.2419319599866867,,0.00390625,,,,,,,,,,,,,,
5,72749,,-0.2580499053001404,,1179.4891357421875,,72046.15625,,8.0,,3.1625819206237793,,0.25,,3.1625819206237793,,1863.349853515625,,578.585693359375,,214.06491088867188,,118.23609924316406,,70866.6640625,,28.28548240661621,,0.5078125,,72049.3203125,,72049.3203125,,0.4921875,,256.0,,0.26953125,,0.25706201791763306,,0.0078125,,,,,,,,,,,,,,
5,72799,,-0.25045111775398254,,970.8277587890625,,48363.23828125,,8.0,,3.252380847930908,,0.125,,3.252380847930908,,2242.660888671875,,396.7375183105469,,263.1724548339844,,128.41098022460938,,47392.41015625,,17.34329605102539,,0.4921875,,48366.4921875,,48366.4921875,,0.5078125,,256.0,,0.1298828125,,0.1677519977092743,,0.0078125,,,,,,,,,,,,,,
5,72849,,-0.2686415910720825,,1215.49755859375,,105399.46875,,8.0,,3.1473402976989746,,0.0,,3.1473402976989746,,2116.5771484375,,731.7576293945312,,253.47235107421875,,127.40093994140625,,104183.96875,,42.29219436645508,,0.44921875,,105402.6171875,,105402.6171875,,0.55078125,,256.0,,0.2109375,,0.22251281142234802,,0.0078125,,,,,,,,,,,,,,
5,72899,,-0.2719745337963104,,839.877197265625,,2305.572509765625,,8.0,,3.1796512603759766,,0.0,,3.1796512603759766,,2050.792724609375,,591.3711547851562,,271.302490234375,,124.80793762207031,,1465.6953125,,4.077003002166748,,0.46875,,2308.752197265625,,2308.752197265625,,0.53125,,256.0,,0.15625,,0.161842480301857,,0.0,,,,,,,,,,,,,,
5,72949,,-0.24892175197601318,,1123.4434814453125,,70382.5234375,,8.0,,3.2550582885742188,,0.125,,3.2550582885742188,,2311.018798828125,,283.32061767578125,,244.37579345703125,,123.93791198730469,,69259.078125,,29.253576278686523,,0.46484375,,70385.78125,,70385.78125,,0.53515625,,256.0,,0.2021484375,,0.19188013672828674,,0.01171875,,,,,,,,,,,,,,
5,72999,,-0.24748001992702484,,851.1563720703125,,2585.319091796875,,8.0,,3.0577614307403564,,0.0,,3.0577614307403564,,2412.401123046875,,318.3555908203125,,267.25360107421875,,115.9527587890625,,1734.1627197265625,,-3.5094449520111084,,0.5234375,,2588.376953125,,2588.376953125,,0.4765625,,256.0,,0.2060546875,,0.20716527104377747,,0.00390625,,,,,,,,,,,,,,
5,73049,,-0.2657468914985657,,909.8314208984375,,2571.04638671875,,8.0,,3.1792497634887695,,0.125,,3.1792497634887695,,2223.71533203125,,664.5547485351562,,296.50091552734375,,130.16148376464844,,1661.21484375,,-4.996562957763672,,0.49609375,,2574.2255859375,,2574.2255859375,,0.50390625,,256.0,,0.1162109375,,0.11959515511989594,,0.00390625,,,,,,,,,,,,,,
5,73099,,-0.2649390697479248,,1011.43603515625,,52001.25,,8.0,,3.054028034210205,,0.0,,3.054028034210205,,2479.13623046875,,271.0779724121094,,224.94146728515625,,104.59877014160156,,50989.8125,,16.859228134155273,,0.42578125,,52004.3046875,,52004.3046875,,0.57421875,,256.0,,0.08544921875,,0.08645804971456528,,0.0078125,,,,,,,,,,,,,,
5,73149,,-0.2557585835456848,,978.1787109375,,33555.38671875,,8.0,,3.204629898071289,,0.125,,3.204629898071289,,2290.370849609375,,284.849853515625,,243.13705444335938,,131.3044891357422,,32577.208984375,,16.358200073242188,,0.4140625,,33558.58984375,,33558.58984375,,0.5859375,,256.0,,0.2041015625,,0.18766388297080994,,0.0078125,,,,,,,,,,,,,,
5,73199,,-0.2664581537246704,,773.4149169921875,,2271.969482421875,,8.0,,3.245314121246338,,0.0,,3.245314121246338,,2262.626953125,,417.86029052734375,,233.9299774169922,,133.36209106445312,,1498.5545654296875,,1.0274871587753296,,0.53515625,,2275.21484375,,2275.21484375,,0.46484375,,256.0,,0.2265625,,0.2075762003660202,,0.0,,,,,,,,,,,,,,
5,73249,,-0.2581538259983063,,972.2575073242188,,42002.1171875,,8.0,,3.2235705852508545,,0.125,,3.2235705852508545,,2194.24853515625,,252.03851318359375,,237.4708251953125,,116.48234558105469,,41029.859375,,14.673670768737793,,0.50390625,,42005.33984375,,42005.33984375,,0.49609375,,256.0,,0.265625,,0.2547100782394409,,0.0078125,,,,,,,,,,,,,,
5,73299,,-0.2613872289657593,,756.36669921875,,2072.1259765625,,8.0,,3.1650402545928955,,0.0,,3.1650402545928955,,2138.27685546875,,496.6642150878906,,248.8119354248047,,119.13693237304688,,1315.7591552734375,,2.084170341491699,,0.48046875,,2075.291015625,,2075.291015625,,0.51953125,,256.0,,0.275390625,,0.24201443791389465,,0.0,,,,,,,,,,,,,,
5,73349,,-0.2601824998855591,,988.1316528320312,,40164.8046875,,8.0,,3.2060365676879883,,0.25,,3.2060365676879883,,1825.4696044921875,,660.5022583007812,,322.2243957519531,,115.560546875,,39176.671875,,7.151647567749023,,0.48046875,,40168.01171875,,40168.01171875,,0.51953125,,256.0,,0.1826171875,,0.17839357256889343,,0.0078125,,,,,,,,,,,,,,
5,73399,,-0.2574375569820404,,999.7197265625,,35394.7890625,,8.0,,3.0040435791015625,,0.25,,3.0040435791015625,,2524.804931640625,,260.96978759765625,,216.6747589111328,,124.63361358642578,,34395.0703125,,11.793600082397461,,0.48046875,,35397.79296875,,35397.79296875,,0.51953125,,256.0,,0.2138671875,,0.229246586561203,,0.00390625,,,,,,,,,,,,,,
5,73449,,-0.2606084644794464,,940.3023681640625,,39797.56640625,,8.0,,3.1699979305267334,,0.125,,3.1699979305267334,,2432.89892578125,,244.55972290039062,,261.20068359375,,119.39032745361328,,38857.265625,,11.38082504272461,,0.48046875,,39800.73828125,,39800.73828125,,0.51953125,,256.0,,0.2255859375,,0.2149488627910614,,0.00390625,,,,,,,,,,,,,,
5,73499,,-0.2709019184112549,,1169.2864990234375,,86223.7265625,,8.0,,3.13966703414917,,0.0,,3.13966703414917,,2125.16015625,,637.2156982421875,,315.49053955078125,,118.76676177978516,,85054.4375,,31.64636993408203,,0.5234375,,86226.8671875,,86226.8671875,,0.4765625,,256.0,,0.2119140625,,0.23347574472427368,,0.0078125,,,,,,,,,,,,,,
5,73549,,-0.25858402252197266,,928.2723999023438,,35164.93359375,,8.0,,3.07658314704895,,0.125,,3.07658314704895,,2368.4912109375,,241.9926300048828,,199.200439453125,,124.99150848388672,,34236.66015625,,14.89796257019043,,0.55078125,,35168.01171875,,35168.01171875,,0.44921875,,256.0,,0.1953125,,0.18959824740886688,,0.00390625,,,,,,,,,,,,,,
5,73599,,-0.26661133766174316,,869.3204345703125,,1847.53125,,8.0,,3.1802282333374023,,0.0,,3.1802282333374023,,2347.1728515625,,233.0998992919922,,209.09181213378906,,118.6104736328125,,978.2108764648438,,-1.443019151687622,,0.48828125,,1850.71142578125,,1850.71142578125,,0.51171875,,256.0,,0.2314453125,,0.20861540734767914,,0.0,,,,,,,,,,,,,,
5,73649,,-0.2639133930206299,,1025.7611083984375,,27847.2421875,,8.0,,3.0629873275756836,,0.125,,3.0629873275756836,,2082.945556640625,,395.29730224609375,,236.484619140625,,137.79730224609375,,26821.48046875,,6.4223527908325195,,0.4609375,,27850.3046875,,27850.3046875,,0.5390625,,256.0,,0.10791015625,,0.09574931859970093,,0.00390625,,,,,,,,,,,,,,
5,73699,,-0.27640801668167114,,794.4281616210938,,2175.641845703125,,8.0,,3.140806198120117,,0.0,,3.140806198120117,,2364.18798828125,,569.9200439453125,,235.5631103515625,,110.40258026123047,,1381.2137451171875,,0.44304946064949036,,0.453125,,2178.78271484375,,2178.78271484375,,0.546875,,256.0,,0.240234375,,0.2275172919034958,,0.0,,,,,,,,,,,,,,
5,73749,,-0.2624523639678955,,1015.268310546875,,51632.5703125,,8.0,,3.1625418663024902,,0.125,,3.1625418663024902,,2326.6669921875,,378.1731872558594,,244.39825439453125,,114.36637115478516,,50617.30078125,,17.32961654663086,,0.51171875,,51635.734375,,51635.734375,,0.48828125,,256.0,,0.1650390625,,0.17020198702812195,,0.00390625,,,,,,,,,,,,,,
5,73799,,-0.25914686918258667,,1143.79931640625,,73097.3359375,,8.0,,3.31504487991333,,0.0,,3.31504487991333,,2024.685546875,,457.4937438964844,,290.40179443359375,,109.6959457397461,,71953.5390625,,33.38943099975586,,0.51171875,,73100.6484375,,73100.6484375,,0.48828125,,256.0,,0.2197265625,,0.20212683081626892,,0.01171875,,,,,,,,,,,,,,
5,73849,,-0.26954782009124756,,896.2785034179688,,2492.205810546875,,8.0,,3.1681036949157715,,0.0,,3.1681036949157715,,2423.259033203125,,469.04119873046875,,234.146240234375,,132.120849609375,,1595.92724609375,,-5.075362682342529,,0.484375,,2495.3740234375,,2495.3740234375,,0.515625,,256.0,,0.115234375,,0.15343064069747925,,0.0,,,,,,,,,,,,,,
5,73899,,-0.2713472247123718,,948.386474609375,,35441.2890625,,8.0,,3.2314505577087402,,0.125,,3.2314505577087402,,2303.0380859375,,350.47198486328125,,226.0247802734375,,121.51240539550781,,34492.90234375,,11.403078079223633,,0.5,,35444.51953125,,35444.51953125,,0.5,,256.0,,0.232421875,,0.24293500185012817,,0.0078125,,,,,,,,,,,,,,
5,73949,,-0.27480894327163696,,734.96240234375,,1935.8770751953125,,8.0,,3.235863447189331,,0.125,,3.235863447189331,,1971.31591796875,,537.7149047851562,,290.487060546875,,107.70213317871094,,1200.9146728515625,,-2.859067678451538,,0.53515625,,1939.1129150390625,,1939.1129150390625,,0.46484375,,256.0,,0.21484375,,0.22687284648418427,,0.0,,,,,,,,,,,,,,
5,73999,,-0.26753026247024536,,887.681884765625,,2325.02099609375,,8.0,,3.216366767883301,,0.125,,3.216366767883301,,2346.4091796875,,236.86380004882812,,226.52569580078125,,114.80329895019531,,1437.3389892578125,,-2.321894884109497,,0.45703125,,2328.2373046875,,2328.2373046875,,0.54296875,,256.0,,0.2158203125,,0.26129013299942017,,0.00390625,,,,,,,,,,,,,,
5,74049,,-0.2629011571407318,,764.233642578125,,2100.01123046875,,8.0,,3.1156973838806152,,0.0,,3.1156973838806152,,2589.3154296875,,224.02398681640625,,211.0333251953125,,134.4884490966797,,1335.777587890625,,-3.483567476272583,,0.52734375,,2103.126953125,,2103.126953125,,0.47265625,,256.0,,0.310546875,,0.2927142381668091,,0.0,,,,,,,,,,,,,,
5,74099,,-0.2588113844394684,,1054.30908203125,,70319.234375,,8.0,,3.0165841579437256,,0.125,,3.0165841579437256,,2303.81689453125,,210.88677978515625,,273.43035888671875,,108.13390350341797,,69264.921875,,25.279603958129883,,0.546875,,70322.25,,70322.25,,0.453125,,256.0,,0.220703125,,0.21602007746696472,,0.01171875,,,,,,,,,,,,,,
5,74149,,-0.25965219736099243,,1374.470703125,,115674.4296875,,8.0,,3.190499782562256,,0.0,,3.190499782562256,,2474.28564453125,,288.1579284667969,,200.91946411132812,,120.5922622680664,,114299.9609375,,43.78107452392578,,0.4921875,,115677.6171875,,115677.6171875,,0.5078125,,256.0,,0.197265625,,0.19312629103660583,,0.015625,,,,,,,,,,,,,,
5,74199,,-0.26233968138694763,,843.9402465820312,,3394.099365234375,,8.0,,2.9890506267547607,,0.0,,2.9890506267547607,,2455.609375,,367.2271423339844,,206.72933959960938,,97.36760711669922,,2550.1591796875,,-5.0738844871521,,0.54296875,,3397.08837890625,,3397.08837890625,,0.45703125,,256.0,,0.19921875,,0.19896332919597626,,0.0,,,,,,,,,,,,,,
5,74249,,-0.27287328243255615,,1052.5283203125,,28836.7421875,,8.0,,3.145944356918335,,0.25,,3.145944356918335,,2195.831787109375,,344.1379699707031,,277.6106872558594,,108.91844177246094,,27784.212890625,,10.117762565612793,,0.5390625,,28839.888671875,,28839.888671875,,0.4609375,,256.0,,0.26171875,,0.25285714864730835,,0.015625,,,,,,,,,,,,,,
5,74299,,-0.27146679162979126,,916.67041015625,,39398.6640625,,8.0,,3.1244759559631348,,0.0,,3.1244759559631348,,2202.066162109375,,212.56495666503906,,251.24871826171875,,115.4761962890625,,38481.9921875,,16.0844783782959,,0.453125,,39401.7890625,,39401.7890625,,0.546875,,256.0,,0.189453125,,0.18005704879760742,,0.00390625,,,,,,,,,,,,,,
5,74349,,-0.25324732065200806,,826.4365844726562,,1954.068359375,,8.0,,3.120978355407715,,0.0,,3.120978355407715,,2353.813720703125,,347.5461730957031,,241.14312744140625,,110.29803466796875,,1127.6318359375,,-7.903212070465088,,0.46484375,,1957.1893310546875,,1957.1893310546875,,0.53515625,,256.0,,0.16796875,,0.1842857450246811,,0.0,,,,,,,,,,,,,,
5,74399,,-0.26733851432800293,,842.837158203125,,34320.734375,,8.0,,2.962355375289917,,0.25,,2.962355375289917,,2115.87548828125,,220.43280029296875,,280.79351806640625,,119.81314086914062,,33477.8984375,,5.724437236785889,,0.51171875,,34323.6953125,,34323.6953125,,0.48828125,,256.0,,0.208984375,,0.19899067282676697,,0.0078125,,,,,,,,,,,,,,
5,74449,,-0.2525020241737366,,887.8479614257812,,28659.435546875,,8.0,,3.0712032318115234,,0.125,,3.0712032318115234,,2297.52490234375,,267.23590087890625,,260.5083923339844,,135.69834899902344,,27771.587890625,,13.973596572875977,,0.54296875,,28662.505859375,,28662.505859375,,0.45703125,,256.0,,0.2021484375,,0.18373696506023407,,0.00390625,,,,,,,,,,,,,,
5,74499,,-0.2734268009662628,,960.4830932617188,,33888.4765625,,8.0,,2.968832492828369,,0.125,,2.968832492828369,,2415.796875,,182.45774841308594,,227.2908172607422,,139.6854705810547,,32927.9921875,,6.644618034362793,,0.5234375,,33891.4453125,,33891.4453125,,0.4765625,,256.0,,0.181640625,,0.206179678440094,,0.00390625,,,,,,,,,,,,,,
5,74549,,-0.24762575328350067,,905.3212890625,,2729.035888671875,,8.0,,3.289257526397705,,0.125,,3.289257526397705,,2310.77099609375,,561.2484741210938,,229.33651733398438,,125.92572784423828,,1823.714599609375,,-2.9588065147399902,,0.49609375,,2732.3251953125,,2732.3251953125,,0.50390625,,256.0,,0.263671875,,0.25390809774398804,,0.00390625,,,,,,,,,,,,,,
5,74599,,-0.256475567817688,,1076.4952392578125,,62448.15234375,,8.0,,3.051687717437744,,0.0,,3.051687717437744,,2245.56494140625,,386.1912841796875,,206.07672119140625,,121.12821960449219,,61371.65625,,22.47378158569336,,0.53515625,,62451.203125,,62451.203125,,0.46484375,,256.0,,0.234375,,0.1933094710111618,,0.01171875,,,,,,,,,,,,,,
5,74649,,-0.26537808775901794,,863.5333251953125,,3333.12109375,,8.0,,3.3184196949005127,,0.0,,3.3184196949005127,,2218.701416015625,,365.87823486328125,,248.6219482421875,,129.26834106445312,,2469.587890625,,-7.54929780960083,,0.48046875,,3336.439453125,,3336.439453125,,0.51953125,,256.0,,0.185546875,,0.17740510404109955,,0.00390625,,,,,,,,,,,,,,
5,74699,,-0.2489287108182907,,896.0169067382812,,31355.986328125,,8.0,,3.126312255859375,,0.125,,3.126312255859375,,2385.048095703125,,249.70716857910156,,230.34500122070312,,133.1340789794922,,30459.96875,,16.32023811340332,,0.515625,,31359.11328125,,31359.11328125,,0.484375,,256.0,,0.3359375,,0.3423336446285248,,0.0078125,,,,,,,,,,,,,,
5,74749,,-0.25570863485336304,,796.6541748046875,,2165.206787109375,,8.0,,3.062319278717041,,0.0,,3.062319278717041,,2300.8193359375,,346.67620849609375,,235.86428833007812,,114.91851043701172,,1368.5526123046875,,-3.3409337997436523,,0.46484375,,2168.26904296875,,2168.26904296875,,0.53515625,,256.0,,0.1572265625,,0.12047095596790314,,0.0,,,,,,,,,,,,,,
5,74799,,-0.2656654715538025,,815.8218383789062,,2410.036865234375,,8.0,,2.994382619857788,,0.125,,2.994382619857788,,2269.25634765625,,220.2963409423828,,217.09765625,,130.3112335205078,,1594.215087890625,,-6.355279922485352,,0.4609375,,2413.03125,,2413.03125,,0.5390625,,256.0,,0.1376953125,,0.14507727324962616,,0.00390625,,,,,,,,,,,,,,
5,74849,,-0.26647552847862244,,923.1798706054688,,33982.453125,,8.0,,3.1797525882720947,,0.125,,3.1797525882720947,,1975.597412109375,,793.8365478515625,,243.61929321289062,,121.55804443359375,,33059.2734375,,11.872700691223145,,0.49609375,,33985.6328125,,33985.6328125,,0.50390625,,256.0,,0.171875,,0.1463344693183899,,0.0078125,,,,,,,,,,,,,,
5,74899,,-0.26461261510849,,894.6654052734375,,39433.4765625,,8.0,,3.098252058029175,,0.25,,3.098252058029175,,2018.947021484375,,373.87774658203125,,306.23333740234375,,125.83406066894531,,38538.8125,,17.90511131286621,,0.4453125,,39436.57421875,,39436.57421875,,0.5546875,,256.0,,0.1708984375,,0.15906228125095367,,0.00390625,,,,,,,,,,,,,,
5,74949,,-0.2652443051338196,,1023.729736328125,,37796.38671875,,8.0,,3.094458818435669,,0.125,,3.094458818435669,,2267.07373046875,,471.57147216796875,,256.9366149902344,,127.2991714477539,,36772.65625,,13.212175369262695,,0.5078125,,37799.48046875,,37799.48046875,,0.4921875,,256.0,,0.158203125,,0.144260972738266,,0.0078125,,,,,,,,,,,,,,
5,74999,,-0.2692805826663971,,774.9110717773438,,2371.1005859375,,8.0,,3.088283061981201,,0.25,,3.088283061981201,,2024.2783203125,,567.3422241210938,,314.87109375,,120.72430419921875,,1596.189453125,,0.0941612645983696,,0.4921875,,2374.18896484375,,2374.18896484375,,0.5078125,,256.0,,0.294921875,,0.2931358814239502,,0.0,,,,,,,,,,,,,,
5,75049,,-0.27081021666526794,,855.0018310546875,,2383.58935546875,,8.0,,2.9239678382873535,,0.125,,2.9239678382873535,,2503.18603515625,,318.4217834472656,,233.42616271972656,,118.61563873291016,,1528.58740234375,,4.431334972381592,,0.5,,2386.513427734375,,2386.513427734375,,0.5,,256.0,,0.2431640625,,0.21337394416332245,,0.00390625,,,,,,,,,,,,,,
5,75099,,-0.25226715207099915,,847.123046875,,1899.9925537109375,,8.0,,3.167419672012329,,0.0,,3.167419672012329,,2476.9697265625,,277.0076904296875,,223.47463989257812,,130.67881774902344,,1052.8695068359375,,-4.304909706115723,,0.45703125,,1903.1600341796875,,1903.1600341796875,,0.54296875,,256.0,,0.1748046875,,0.17299704253673553,,0.00390625,,,,,,,,,,,,,,
5,75149,,-0.2662055492401123,,830.193359375,,2462.810546875,,8.0,,3.305917978286743,,0.125,,3.305917978286743,,2288.490478515625,,612.9595336914062,,227.31381225585938,,131.33180236816406,,1632.6171875,,-8.706871032714844,,0.50390625,,2466.116455078125,,2466.116455078125,,0.49609375,,256.0,,0.1611328125,,0.1617565155029297,,0.00390625,,,,,,,,,,,,,,
5,75199,,-0.2640675902366638,,880.512451171875,,2144.19091796875,,8.0,,3.040130615234375,,0.125,,3.040130615234375,,2380.685791015625,,414.2328186035156,,246.09271240234375,,129.78866577148438,,1263.6783447265625,,-3.58166241645813,,0.4921875,,2147.23095703125,,2147.23095703125,,0.5078125,,256.0,,0.275390625,,0.21887437999248505,,0.00390625,,,,,,,,,,,,,,
5,75249,,-0.25261133909225464,,1189.0860595703125,,74215.46875,,8.0,,3.3734357357025146,,0.0,,3.3734357357025146,,2404.26806640625,,178.06741333007812,,250.1964111328125,,111.07299041748047,,73026.3828125,,35.627872467041016,,0.47265625,,74218.84375,,74218.84375,,0.52734375,,256.0,,0.283203125,,0.2892828583717346,,0.01171875,,,,,,,,,,,,,,
5,75299,,-0.26646482944488525,,765.5775146484375,,2541.6376953125,,8.0,,3.156099796295166,,0.0,,3.156099796295166,,2315.71533203125,,520.8497924804688,,240.18099975585938,,122.12210845947266,,1776.0601806640625,,5.415111541748047,,0.45703125,,2544.793701171875,,2544.793701171875,,0.54296875,,256.0,,0.1728515625,,0.15934930741786957,,0.0,,,,,,,,,,,,,,
5,75349,,-0.24551217257976532,,929.08837890625,,31810.029296875,,8.0,,3.1980395317077637,,0.125,,3.1980395317077637,,2303.41357421875,,571.966796875,,223.45208740234375,,117.38255310058594,,30880.94140625,,6.167426586151123,,0.4765625,,31813.2265625,,31813.2265625,,0.5234375,,256.0,,0.1171875,,0.1471131294965744,,0.0078125,,,,,,,,,,,,,,
5,75399,,-0.2528480291366577,,1298.7947998046875,,140968.84375,,8.0,,3.12612247467041,,0.125,,3.12612247467041,,2397.003662109375,,230.6417999267578,,147.6095428466797,,90.63499450683594,,139670.046875,,53.97901153564453,,0.4765625,,140971.96875,,140971.96875,,0.5234375,,256.0,,0.1689453125,,0.1675647795200348,,0.01171875,,,,,,,,,,,,,,
5,75449,,-0.25212979316711426,,913.6207275390625,,1986.435546875,,8.0,,3.0856049060821533,,0.125,,3.0856049060821533,,2120.99609375,,553.47705078125,,228.44915771484375,,117.24018096923828,,1072.8148193359375,,0.5536401867866516,,0.48828125,,1989.5211181640625,,1989.5211181640625,,0.51171875,,256.0,,0.1318359375,,0.150636225938797,,0.01171875,,,,,,,,,,,,,,
5,75499,,-0.2575908303260803,,1176.654296875,,68183.6953125,,8.0,,3.1001062393188477,,0.25,,3.1001062393188477,,2137.189453125,,255.17938232421875,,309.6727294921875,,95.28781127929688,,67007.0390625,,34.60495376586914,,0.50390625,,68186.796875,,68186.796875,,0.49609375,,256.0,,0.28125,,0.262800008058548,,0.01171875,,,,,,,,,,,,,,
5,75549,,-0.2533707022666931,,785.8345947265625,,2642.27587890625,,8.0,,3.0152549743652344,,0.375,,3.0152549743652344,,2110.11083984375,,673.1309204101562,,268.27862548828125,,125.92558288574219,,1856.4412841796875,,-5.548293113708496,,0.46484375,,2645.291015625,,2645.291015625,,0.53515625,,256.0,,0.2470703125,,0.24316637217998505,,0.0,,,,,,,,,,,,,,
5,75599,,-0.26466110348701477,,805.3068237304688,,2443.30712890625,,8.0,,3.2553205490112305,,0.0,,3.2553205490112305,,2269.220458984375,,371.80450439453125,,214.14646911621094,,126.00189971923828,,1638.0003662109375,,1.4950891733169556,,0.4921875,,2446.5625,,2446.5625,,0.5078125,,256.0,,0.11328125,,0.08800913393497467,,0.00390625,,,,,,,,,,,,,,
5,75649,,-0.25387510657310486,,832.51513671875,,2310.66552734375,,8.0,,3.197504997253418,,0.0,,3.197504997253418,,2391.58349609375,,563.1294555664062,,237.69236755371094,,107.76241302490234,,1478.1505126953125,,1.445857048034668,,0.453125,,2313.863037109375,,2313.863037109375,,0.546875,,256.0,,0.1953125,,0.20740899443626404,,0.0078125,,,,,,,,,,,,,,
5,75699,,-0.2581809163093567,,800.8756103515625,,2026.5556640625,,8.0,,3.076341152191162,,0.0,,3.076341152191162,,2320.61083984375,,217.10458374023438,,254.26406860351562,,111.71257781982422,,1225.6800537109375,,-1.7138392925262451,,0.48046875,,2029.6319580078125,,2029.6319580078125,,0.51953125,,256.0,,0.23828125,,0.19382119178771973,,0.0,,,,,,,,,,,,,,
5,75749,,-0.267478346824646,,877.9696044921875,,2312.149658203125,,8.0,,3.070099353790283,,0.0,,3.070099353790283,,2157.088134765625,,617.1676025390625,,269.7741394042969,,130.72215270996094,,1434.1800537109375,,-3.5186877250671387,,0.453125,,2315.2197265625,,2315.2197265625,,0.546875,,256.0,,0.07958984375,,0.06419315189123154,,0.0078125,,,,,,,,,,,,,,
5,75799,,-0.2645159959793091,,858.97802734375,,1995.1702880859375,,8.0,,3.2916805744171143,,0.0,,3.2916805744171143,,1948.892333984375,,629.2650756835938,,277.23583984375,,114.28898620605469,,1136.1922607421875,,-4.3702778816223145,,0.48046875,,1998.4619140625,,1998.4619140625,,0.51953125,,256.0,,0.255859375,,0.24880240857601166,,0.00390625,,,,,,,,,,,,,,
5,75849,,-0.2654876708984375,,854.2215576171875,,28737.767578125,,8.0,,3.202627658843994,,0.125,,3.202627658843994,,2344.0537109375,,206.89682006835938,,208.12734985351562,,120.10317993164062,,27883.546875,,5.974043846130371,,0.5546875,,28740.970703125,,28740.970703125,,0.4453125,,256.0,,0.1591796875,,0.19897781312465668,,0.00390625,,,,,,,,,,,,,,
5,75899,,-0.25253087282180786,,1085.6236572265625,,49032.30859375,,8.0,,3.136237621307373,,0.375,,3.136237621307373,,2146.039306640625,,296.4190368652344,,218.1510009765625,,101.14434814453125,,47946.68359375,,19.259546279907227,,0.45703125,,49035.4453125,,49035.4453125,,0.54296875,,256.0,,0.265625,,0.2523263692855835,,0.0078125,,,,,,,,,,,,,,
5,75949,,-0.2697708010673523,,880.37890625,,2308.520751953125,,8.0,,2.993274211883545,,0.125,,2.993274211883545,,2060.624267578125,,731.6077880859375,,223.77447509765625,,123.38644409179688,,1428.141845703125,,-3.9958269596099854,,0.5078125,,2311.513916015625,,2311.513916015625,,0.4921875,,256.0,,0.1259765625,,0.13613466918468475,,0.00390625,,,,,,,,,,,,,,
5,75999,,-0.2607036530971527,,913.21044921875,,42907.0390625,,8.0,,3.1926376819610596,,0.0,,3.1926376819610596,,2402.05224609375,,211.1820831298828,,273.0656433105469,,140.08755493164062,,41993.828125,,12.89970874786377,,0.51171875,,42910.23046875,,42910.23046875,,0.48828125,,256.0,,0.2451171875,,0.2585471570491791,,0.00390625,,,,,,,,,,,,,,
5,76049,,-0.2562379837036133,,867.0469360351562,,40787.31640625,,8.0,,3.3362441062927246,,0.0,,3.3362441062927246,,2305.771484375,,282.28607177734375,,220.66925048828125,,130.47666931152344,,39920.26953125,,14.604757308959961,,0.47265625,,40790.65234375,,40790.65234375,,0.52734375,,256.0,,0.2060546875,,0.21292857825756073,,0.00390625,,,,,,,,,,,,,,
5,76099,,-0.265101820230484,,846.7825317382812,,2367.0009765625,,8.0,,2.991006374359131,,0.125,,2.991006374359131,,2295.2373046875,,576.7177734375,,201.17263793945312,,117.941162109375,,1520.218505859375,,-1.4918725490570068,,0.4609375,,2369.991943359375,,2369.991943359375,,0.5390625,,256.0,,0.197265625,,0.1740114986896515,,0.0,,,,,,,,,,,,,,
5,76149,,-0.26452022790908813,,843.6746826171875,,37777.76171875,,8.0,,3.0991978645324707,,0.375,,3.0991978645324707,,2391.19482421875,,279.3160705566406,,289.84869384765625,,98.90335083007812,,36934.0859375,,10.899426460266113,,0.47265625,,37780.859375,,37780.859375,,0.52734375,,256.0,,0.1923828125,,0.19551394879817963,,0.00390625,,,,,,,,,,,,,,
5,76199,,-0.25624269247055054,,750.865966796875,,2345.3818359375,,8.0,,3.1503028869628906,,0.125,,3.1503028869628906,,1822.621337890625,,683.8309326171875,,291.2403564453125,,112.61498260498047,,1594.515869140625,,-2.2844290733337402,,0.4609375,,2348.5322265625,,2348.5322265625,,0.5390625,,256.0,,0.2080078125,,0.20926326513290405,,0.0,,,,,,,,,,,,,,
5,76249,,-0.2752717137336731,,814.435546875,,2160.3154296875,,8.0,,3.048668384552002,,0.0,,3.048668384552002,,2460.437255859375,,311.5619201660156,,250.72601318359375,,138.0581817626953,,1345.8798828125,,-4.1680588722229,,0.51171875,,2163.364013671875,,2163.364013671875,,0.48828125,,256.0,,0.2275390625,,0.23675481975078583,,0.0,,,,,,,,,,,,,,
5,76299,,-0.26904821395874023,,855.2835693359375,,2687.1748046875,,8.0,,3.1478257179260254,,0.0,,3.1478257179260254,,2275.101806640625,,479.0429382324219,,244.83270263671875,,123.91712188720703,,1831.891357421875,,-7.736289024353027,,0.5,,2690.322509765625,,2690.322509765625,,0.5,,256.0,,0.1357421875,,0.15332844853401184,,0.0,,,,,,,,,,,,,,
5,76349,,-0.2600787878036499,,1088.1917724609375,,71801.9296875,,8.0,,3.117539405822754,,0.125,,3.117539405822754,,2249.671630859375,,477.19708251953125,,324.7420654296875,,86.62911987304688,,70713.734375,,33.04079818725586,,0.49609375,,71805.046875,,71805.046875,,0.50390625,,256.0,,0.09619140625,,0.08007019758224487,,0.0078125,,,,,,,,,,,,,,
5,76399,,-0.2757840156555176,,1048.658447265625,,31378.40625,,8.0,,3.0072813034057617,,0.125,,3.0072813034057617,,2530.75830078125,,250.90504455566406,,271.03558349609375,,121.13501739501953,,30329.748046875,,9.665499687194824,,0.53125,,31381.4140625,,31381.4140625,,0.46875,,256.0,,0.1015625,,0.12600909173488617,,0.0078125,,,,,,,,,,,,,,
5,76449,,-0.2500629425048828,,919.4913330078125,,51134.3203125,,8.0,,3.127241611480713,,0.0,,3.127241611480713,,2194.611083984375,,660.4194946289062,,286.59442138671875,,125.38973236083984,,50214.828125,,16.039264678955078,,0.43359375,,51137.44921875,,51137.44921875,,0.56640625,,256.0,,0.16015625,,0.1503208577632904,,0.00390625,,,,,,,,,,,,,,
5,76499,,-0.2503049671649933,,837.3679809570312,,2337.78564453125,,8.0,,3.2479090690612793,,0.125,,3.2479090690612793,,2280.349365234375,,336.6769714355469,,278.6062316894531,,121.4079818725586,,1500.4176025390625,,1.5388596057891846,,0.484375,,2341.033447265625,,2341.033447265625,,0.515625,,256.0,,0.2080078125,,0.219579815864563,,0.0,,,,,,,,,,,,,,
5,76549,,-0.26735231280326843,,1134.174072265625,,68156.6484375,,8.0,,3.190394401550293,,0.0,,3.190394401550293,,2545.44189453125,,337.0918273925781,,235.14932250976562,,143.1204376220703,,67022.4765625,,27.303667068481445,,0.46875,,68159.8359375,,68159.8359375,,0.53125,,256.0,,0.2421875,,0.22670088708400726,,0.01171875,,,,,,,,,,,,,,
5,76599,,-0.2708469033241272,,878.9471435546875,,2907.24072265625,,8.0,,3.120452642440796,,0.0,,3.120452642440796,,2450.71533203125,,379.8889465332031,,238.8273468017578,,105.43035888671875,,2028.2935791015625,,-10.751401901245117,,0.51953125,,2910.361083984375,,2910.361083984375,,0.48046875,,256.0,,0.1796875,,0.16295787692070007,,0.00390625,,,,,,,,,,,,,,
5,76649,,-0.2678629159927368,,935.298583984375,,36850.609375,,8.0,,3.150339365005493,,0.125,,3.150339365005493,,2266.91455078125,,558.2376708984375,,235.06846618652344,,109.63006591796875,,35915.3125,,18.423542022705078,,0.515625,,36853.7578125,,36853.7578125,,0.484375,,256.0,,0.1220703125,,0.12408830970525742,,0.00390625,,,,,,,,,,,,,,
5,76699,,-0.2671149671077728,,801.4051513671875,,2404.57666015625,,8.0,,3.2365851402282715,,0.0,,3.2365851402282715,,2204.109375,,372.2266540527344,,286.95587158203125,,111.02058410644531,,1603.171630859375,,2.684964895248413,,0.4765625,,2407.813232421875,,2407.813232421875,,0.5234375,,256.0,,0.263671875,,0.2465885877609253,,0.0,,,,,,,,,,,,,,
5,76749,,-0.26081180572509766,,875.193359375,,19760.20703125,,8.0,,3.134352207183838,,0.125,,3.134352207183838,,2519.6630859375,,224.1166229248047,,192.13525390625,,110.71047973632812,,18885.013671875,,13.447768211364746,,0.48828125,,19763.341796875,,19763.341796875,,0.51171875,,256.0,,0.1875,,0.1975019872188568,,0.0078125,,,,,,,,,,,,,,
5,76775,,,,,,,,,,,,,,,,,,,,,,,,,,,,,,,,,,,,,,,,,,,-0.2606545090675354,833.8717651367188,6702.865234375,0.0,5868.99267578125,-4.802099227905273,0.4998077154159546,833.8717651367188,6702.865234375,0.5001922845840454,255.98416137695312,0.16367778182029724,0.18232963979244232,0.0010014981962740421
5,76775,-0.26090919971466064,,934.24365234375,,25451.220703125,,8.0,,3.1288623809814453,,0.09266567975282669,,3.1288623809814453,,2225.775390625,,420.35064697265625,,249.18910217285156,,118.4591293334961,,24516.974609375,,7.014496803283691,,0.5000571012496948,,25454.296875,,25454.296875,,0.49994292855262756,,256.0,,0.2018774151802063,,0.1986922025680542,,0.005077575333416462,,,,,,,,,,,,,,,
6,76799,,-0.28743427991867065,,866.7118530273438,,2208.861083984375,,8.0,,3.3424062728881836,,0.0,,3.3424062728881836,,2271.3369140625,,508.4550476074219,,222.30416870117188,,124.44656372070312,,1342.149169921875,,-4.683529853820801,,0.515625,,2212.203369140625,,2212.203369140625,,0.484375,,256.0,,0.181640625,,0.19326794147491455,,0.0,,,,,,,,,,,,,,
6,76849,,-0.25638219714164734,,925.050537109375,,2448.9365234375,,8.0,,3.2204208374023438,,0.0,,3.2204208374023438,,2092.7666015625,,428.3664245605469,,265.406494140625,,103.91714477539062,,1523.8861083984375,,-6.336826324462891,,0.5078125,,2452.156982421875,,2452.156982421875,,0.4921875,,256.0,,0.18359375,,0.14375989139080048,,0.00390625,,,,,,,,,,,,,,
6,76899,,-0.2733437120914459,,877.877685546875,,2328.197265625,,8.0,,3.208345413208008,,0.0,,3.208345413208008,,2202.08984375,,506.01141357421875,,200.28282165527344,,125.45311737060547,,1450.3194580078125,,0.863235592842102,,0.44921875,,2331.405517578125,,2331.405517578125,,0.55078125,,256.0,,0.1806640625,,0.14015287160873413,,0.00390625,,,,,,,,,,,,,,
6,76949,,-0.2717607021331787,,1258.3551025390625,,72194.8671875,,8.0,,3.2692668437957764,,0.0,,3.2692668437957764,,2272.64990234375,,309.4237976074219,,259.15911865234375,,112.53707122802734,,70936.515625,,33.831825256347656,,0.4921875,,72198.1328125,,72198.1328125,,0.5078125,,256.0,,0.216796875,,0.19934913516044617,,0.015625,,,,,,,,,,,,,,
6,76999,,-0.24804632365703583,,884.4215698242188,,2513.653076171875,,8.0,,3.147779941558838,,0.0,,3.147779941558838,,2244.404052734375,,343.69818115234375,,241.7213897705078,,111.86166381835938,,1629.2315673828125,,-5.64275598526001,,0.5546875,,2516.80078125,,2516.80078125,,0.4453125,,256.0,,0.236328125,,0.25633662939071655,,0.00390625,,,,,,,,,,,,,,
6,77049,,-0.2559363842010498,,793.1694946289062,,2183.22119140625,,8.0,,2.956435441970825,,0.0,,2.956435441970825,,2251.751953125,,426.8998107910156,,224.1691131591797,,139.05252075195312,,1390.0517578125,,-8.764052391052246,,0.51171875,,2186.177734375,,2186.177734375,,0.48828125,,256.0,,0.2294921875,,0.20671620965003967,,0.0,,,,,,,,,,,,,,
6,77099,,-0.249010369181633,,959.2290649414062,,2582.071533203125,,8.0,,3.122421979904175,,0.0,,3.122421979904175,,2071.87451171875,,473.4547424316406,,222.59828186035156,,101.68360900878906,,1622.842529296875,,-6.033090591430664,,0.46875,,2585.19384765625,,2585.19384765625,,0.53125,,256.0,,0.25390625,,0.2342056930065155,,0.0078125,,,,,,,,,,,,,,
6,77149,,-0.26250261068344116,,801.1921997070312,,2499.325439453125,,8.0,,3.068624258041382,,0.125,,3.068624258041382,,2171.171630859375,,351.8095397949219,,239.96832275390625,,99.36412048339844,,1698.13330078125,,-7.892440319061279,,0.46875,,2502.39404296875,,2502.39404296875,,0.53125,,256.0,,0.26953125,,0.2466776818037033,,0.0,,,,,,,,,,,,,,
6,77199,,-0.26249170303344727,,891.1718139648438,,2704.783203125,,8.0,,3.133791923522949,,0.125,,3.133791923522949,,2149.610107421875,,611.4837646484375,,283.1211853027344,,130.9355926513672,,1813.6114501953125,,-3.7811217308044434,,0.50390625,,2707.9169921875,,2707.9169921875,,0.49609375,,256.0,,0.189453125,,0.1989748477935791,,0.00390625,,,,,,,,,,,,,,
6,77249,,-0.2514081597328186,,1125.68701171875,,74256.890625,,8.0,,3.1043801307678223,,0.0,,3.1043801307678223,,2233.504150390625,,302.6458740234375,,223.47259521484375,,97.83654022216797,,73131.203125,,31.116304397583008,,0.55078125,,74259.9921875,,74259.9921875,,0.44921875,,256.0,,0.15234375,,0.14453983306884766,,0.01171875,,,,,,,,,,,,,,
6,77299,,-0.26442259550094604,,908.0233764648438,,39200.21484375,,8.0,,3.049785614013672,,0.25,,3.049785614013672,,2156.54443359375,,503.1779479980469,,263.6383361816406,,115.87747192382812,,38292.19140625,,15.83619213104248,,0.48828125,,39203.265625,,39203.265625,,0.51171875,,256.0,,0.2265625,,0.1923084259033203,,0.00390625,,,,,,,,,,,,,,
6,77349,,-0.27079901099205017,,785.9298706054688,,2432.211669921875,,8.0,,3.1121819019317627,,0.0,,3.1121819019317627,,2125.546142578125,,538.3006591796875,,176.9752655029297,,109.92884063720703,,1646.28173828125,,-10.713409423828125,,0.5234375,,2435.32373046875,,2435.32373046875,,0.4765625,,256.0,,0.1689453125,,0.1678353250026703,,0.0,,,,,,,,,,,,,,
6,77399,,-0.26703473925590515,,843.13134765625,,2819.82763671875,,8.0,,3.0800554752349854,,0.0,,3.0800554752349854,,2319.091796875,,384.92071533203125,,187.09085083007812,,113.884765625,,1976.6962890625,,-2.4319939613342285,,0.5234375,,2822.90771484375,,2822.90771484375,,0.4765625,,256.0,,0.2490234375,,0.24408766627311707,,0.00390625,,,,,,,,,,,,,,
6,77449,,-0.26264482736587524,,935.5150146484375,,39144.69921875,,8.0,,3.3026342391967773,,0.0,,3.3026342391967773,,1932.6416015625,,532.3432006835938,,279.2874755859375,,91.61760711669922,,38209.18359375,,7.186165809631348,,0.4921875,,39148.0,,39148.0,,0.5078125,,256.0,,0.06689453125,,0.09240472316741943,,0.00390625,,,,,,,,,,,,,,
6,77499,,-0.2727782130241394,,1027.3466796875,,46137.50390625,,8.0,,2.954127073287964,,0.25,,2.954127073287964,,2183.3984375,,361.51788330078125,,241.69305419921875,,123.77251434326172,,45110.15625,,22.938928604125977,,0.453125,,46140.45703125,,46140.45703125,,0.546875,,256.0,,0.197265625,,0.18053577840328217,,0.00390625,,,,,,,,,,,,,,
6,77549,,-0.2690943479537964,,769.153076171875,,2520.10107421875,,8.0,,3.0803284645080566,,0.0,,3.0803284645080566,,2336.27880859375,,590.0800170898438,,258.39410400390625,,137.53359985351562,,1750.947998046875,,-2.0220789909362793,,0.46875,,2523.181396484375,,2523.181396484375,,0.53125,,256.0,,0.1630859375,,0.1944718211889267,,0.0,,,,,,,,,,,,,,
6,77599,,-0.25651443004608154,,807.7864990234375,,2650.7822265625,,8.0,,3.076259136199951,,0.125,,3.076259136199951,,2208.9765625,,522.55224609375,,232.9415283203125,,115.10037231445312,,1842.9957275390625,,0.8126891255378723,,0.55078125,,2653.8583984375,,2653.8583984375,,0.44921875,,256.0,,0.154296875,,0.17268912494182587,,0.0,,,,,,,,,,,,,,
6,77649,,-0.2595493197441101,,949.0978393554688,,33064.70703125,,8.0,,3.288529396057129,,0.0,,3.288529396057129,,1975.444580078125,,787.8783569335938,,255.8070831298828,,134.20608520507812,,32115.607421875,,10.430603981018066,,0.5234375,,33067.99609375,,33067.99609375,,0.4765625,,256.0,,0.193359375,,0.19361738860607147,,0.00390625,,,,,,,,,,,,,,
6,77699,,-0.26600074768066406,,980.3399658203125,,44568.3671875,,8.0,,3.142223596572876,,0.0,,3.142223596572876,,2105.446533203125,,458.9237365722656,,244.01490783691406,,128.47262573242188,,43588.02734375,,4.848626613616943,,0.45703125,,44571.5078125,,44571.5078125,,0.54296875,,256.0,,0.15234375,,0.15507355332374573,,0.0078125,,,,,,,,,,,,,,
6,77749,,-0.26941826939582825,,794.9652099609375,,2308.732177734375,,8.0,,3.215028762817383,,0.25,,3.215028762817383,,2139.2060546875,,480.1000061035156,,253.8944854736328,,113.3196029663086,,1513.7669677734375,,-1.951338768005371,,0.5,,2311.947265625,,2311.947265625,,0.5,,256.0,,0.16015625,,0.15244194865226746,,0.0,,,,,,,,,,,,,,
6,77799,,-0.2584609091281891,,1019.3846435546875,,41986.76171875,,8.0,,3.255049705505371,,0.125,,3.255049705505371,,2405.484375,,178.6610870361328,,197.972412109375,,97.41262817382812,,40967.37890625,,15.337969779968262,,0.52734375,,41990.015625,,41990.015625,,0.47265625,,256.0,,0.1162109375,,0.1072181984782219,,0.0078125,,,,,,,,,,,,,,
6,77849,,-0.2551581561565399,,849.1181030273438,,1829.43603515625,,8.0,,3.1495890617370605,,0.0,,3.1495890617370605,,2259.73046875,,212.1415557861328,,282.99359130859375,,125.33930206298828,,980.3179321289062,,-6.853079319000244,,0.4765625,,1832.5855712890625,,1832.5855712890625,,0.5234375,,256.0,,0.1025390625,,0.1220531091094017,,0.00390625,,,,,,,,,,,,,,
6,77899,,-0.26337236166000366,,1086.3577880859375,,40631.1796875,,8.0,,3.059326648712158,,0.125,,3.059326648712158,,2309.00927734375,,295.8052978515625,,185.88571166992188,,104.79560852050781,,39544.8203125,,14.184691429138184,,0.5078125,,40634.23828125,,40634.23828125,,0.4921875,,256.0,,0.1455078125,,0.13466966152191162,,0.01171875,,,,,,,,,,,,,,
6,77949,,-0.25144845247268677,,1187.7174072265625,,88308.109375,,8.0,,3.222433090209961,,0.0,,3.222433090209961,,2382.4306640625,,179.17086791992188,,202.7667694091797,,111.83934783935547,,87120.390625,,41.07615661621094,,0.51953125,,88311.328125,,88311.328125,,0.48046875,,256.0,,0.07568359375,,0.06542867422103882,,0.01953125,,,,,,,,,,,,,,
6,77999,,-0.25645190477371216,,825.9124145507812,,2656.81103515625,,8.0,,3.089813232421875,,0.125,,3.089813232421875,,1994.6121826171875,,462.8125305175781,,282.08074951171875,,112.75724029541016,,1830.898681640625,,-14.825380325317383,,0.4765625,,2659.90087890625,,2659.90087890625,,0.5234375,,256.0,,0.189453125,,0.17440864443778992,,0.0,,,,,,,,,,,,,,
6,78049,,-0.26901403069496155,,800.6651611328125,,2816.232177734375,,8.0,,3.1154637336730957,,0.0,,3.1154637336730957,,2403.176025390625,,403.85955810546875,,204.56930541992188,,130.7154998779297,,2015.5670166015625,,-8.941911697387695,,0.45703125,,2819.34765625,,2819.34765625,,0.54296875,,256.0,,0.140625,,0.14576640725135803,,0.0,,,,,,,,,,,,,,
6,78099,,-0.26321208477020264,,832.494873046875,,2691.419189453125,,8.0,,3.127418041229248,,0.25,,3.127418041229248,,1944.32763671875,,580.44921875,,268.1813049316406,,102.71004486083984,,1858.92431640625,,-6.910547256469727,,0.4296875,,2694.546630859375,,2694.546630859375,,0.5703125,,256.0,,0.1650390625,,0.17198309302330017,,0.00390625,,,,,,,,,,,,,,
6,78149,,-0.27070608735084534,,1080.13623046875,,68399.1015625,,8.0,,3.1703693866729736,,0.0,,3.1703693866729736,,2245.41845703125,,248.9803924560547,,228.3203582763672,,123.95590209960938,,67318.96875,,25.38933563232422,,0.53125,,68402.2734375,,68402.2734375,,0.46875,,256.0,,0.1865234375,,0.16756181418895721,,0.0078125,,,,,,,,,,,,,,
6,78199,,-0.2622091770172119,,813.2962646484375,,2368.36376953125,,8.0,,3.0863897800445557,,0.125,,3.0863897800445557,,2153.370361328125,,362.71075439453125,,250.2777099609375,,110.3695297241211,,1555.0673828125,,-6.526469707489014,,0.5625,,2371.4501953125,,2371.4501953125,,0.4375,,256.0,,0.1865234375,,0.1712038516998291,,0.00390625,,,,,,,,,,,,,,
6,78249,,-0.26470428705215454,,1001.5687255859375,,36395.4609375,,8.0,,3.1618757247924805,,0.0,,3.1618757247924805,,2384.451904296875,,225.55926513671875,,239.63333129882812,,123.83690643310547,,35393.890625,,10.911417961120605,,0.50390625,,36398.62109375,,36398.62109375,,0.49609375,,256.0,,0.201171875,,0.19542750716209412,,0.015625,,,,,,,,,,,,,,
6,78299,,-0.2670247554779053,,1129.5303955078125,,44435.0390625,,8.0,,3.248948097229004,,0.125,,3.248948097229004,,1788.864013671875,,602.4454956054688,,274.2053527832031,,114.12580108642578,,43305.5078125,,14.574321746826172,,0.51953125,,44438.2890625,,44438.2890625,,0.48046875,,256.0,,0.169921875,,0.1658470183610916,,0.01171875,,,,,,,,,,,,,,
6,78349,,-0.26038259267807007,,929.5919189453125,,32616.044921875,,8.0,,3.1740880012512207,,0.125,,3.1740880012512207,,2139.927734375,,497.7464599609375,,292.89544677734375,,151.385009765625,,31686.453125,,12.489384651184082,,0.54296875,,32619.21875,,32619.21875,,0.45703125,,256.0,,0.2578125,,0.26293569803237915,,0.00390625,,,,,,,,,,,,,,
6,78399,,-0.25875359773635864,,927.30224609375,,36039.83984375,,8.0,,3.0238144397735596,,0.0,,3.0238144397735596,,2244.49169921875,,370.0138854980469,,270.2272644042969,,108.22209167480469,,35112.5390625,,22.633865356445312,,0.52734375,,36042.86328125,,36042.86328125,,0.47265625,,256.0,,0.10791015625,,0.11581826210021973,,0.0078125,,,,,,,,,,,,,,
6,78449,,-0.26095491647720337,,987.1195678710938,,44840.9921875,,8.0,,3.114220142364502,,0.0,,3.114220142364502,,2224.358154296875,,626.6157836914062,,226.00228881835938,,109.51570129394531,,43853.87109375,,15.600761413574219,,0.46484375,,44844.10546875,,44844.10546875,,0.53515625,,256.0,,0.05859375,,0.04777789115905762,,0.00390625,,,,,,,,,,,,,,
6,78499,,-0.25695499777793884,,807.7120361328125,,2368.92333984375,,8.0,,2.972707986831665,,0.125,,2.972707986831665,,2441.41552734375,,292.0177917480469,,239.22726440429688,,120.12922668457031,,1561.2113037109375,,5.484327793121338,,0.47265625,,2371.89599609375,,2371.89599609375,,0.52734375,,256.0,,0.140625,,0.14993667602539062,,0.0,,,,,,,,,,,,,,
6,78549,,-0.26135942339897156,,973.1578979492188,,35251.3125,,8.0,,3.0444579124450684,,0.375,,3.0444579124450684,,1775.500244140625,,681.1783447265625,,306.88055419921875,,114.16233825683594,,34278.15625,,11.052157402038574,,0.484375,,35254.35546875,,35254.35546875,,0.515625,,256.0,,0.1142578125,,0.11656789481639862,,0.00390625,,,,,,,,,,,,,,
6,78599,,-0.25638264417648315,,712.7131958007812,,2117.123291015625,,8.0,,3.154843330383301,,0.0,,3.154843330383301,,2016.8604736328125,,524.195068359375,,253.82107543945312,,137.1500244140625,,1404.4100341796875,,6.368819236755371,,0.484375,,2120.278076171875,,2120.278076171875,,0.515625,,256.0,,0.2041015625,,0.17968420684337616,,0.0,,,,,,,,,,,,,,
6,78649,,-0.25553590059280396,,987.265380859375,,57567.421875,,8.0,,2.9181578159332275,,0.0,,2.9181578159332275,,2287.19580078125,,203.41732788085938,,276.50201416015625,,90.14168548583984,,56580.15625,,21.720468521118164,,0.4765625,,57570.33984375,,57570.33984375,,0.5234375,,256.0,,0.208984375,,0.20273050665855408,,0.01171875,,,,,,,,,,,,,,
6,78699,,-0.25014621019363403,,1179.637451171875,,89788.703125,,8.0,,3.305875062942505,,0.0,,3.305875062942505,,2361.116943359375,,446.5791931152344,,273.17718505859375,,109.83397674560547,,88609.0625,,38.62793731689453,,0.5390625,,89792.0078125,,89792.0078125,,0.4609375,,256.0,,0.1865234375,,0.20140904188156128,,0.01171875,,,,,,,,,,,,,,
6,78749,,-0.25906452536582947,,773.2110595703125,,2429.10986328125,,8.0,,3.075249195098877,,0.125,,3.075249195098877,,2106.90625,,529.6829833984375,,228.1641082763672,,130.72613525390625,,1655.898681640625,,-8.37255573272705,,0.4921875,,2432.18505859375,,2432.18505859375,,0.5078125,,256.0,,0.1806640625,,0.2133421152830124,,0.0,,,,,,,,,,,,,,
6,78799,,-0.27331018447875977,,887.7169189453125,,35889.75390625,,8.0,,3.0557308197021484,,0.0,,3.0557308197021484,,1921.8426513671875,,689.9951782226562,,242.77919006347656,,128.7596893310547,,35002.03515625,,10.581520080566406,,0.515625,,35892.80859375,,35892.80859375,,0.484375,,256.0,,0.1767578125,,0.17615431547164917,,0.00390625,,,,,,,,,,,,,,
6,78849,,-0.24963270127773285,,1141.566162109375,,75027.0078125,,8.0,,3.2504067420959473,,0.0,,3.2504067420959473,,2203.27392578125,,535.1336059570312,,245.436767578125,,118.66193389892578,,73885.4453125,,33.1628303527832,,0.5,,75030.2578125,,75030.2578125,,0.5,,256.0,,0.08154296875,,0.1083613857626915,,0.01171875,,,,,,,,,,,,,,
6,78899,,-0.26043009757995605,,772.9661865234375,,2798.0,,8.0,,3.1809825897216797,,0.0,,3.1809825897216797,,2284.3203125,,254.67706298828125,,267.9376220703125,,125.558349609375,,2025.033935546875,,-6.457111835479736,,0.48828125,,2801.180908203125,,2801.180908203125,,0.51171875,,256.0,,0.1552734375,,0.15019594132900238,,0.0,,,,,,,,,,,,,,
6,78949,,-0.25243669748306274,,970.6339111328125,,43091.0390625,,8.0,,2.8054847717285156,,0.125,,2.8054847717285156,,2298.69873046875,,606.93408203125,,253.87388610839844,,112.86386108398438,,42120.40625,,7.449334621429443,,0.47265625,,43093.84375,,43093.84375,,0.52734375,,256.0,,0.244140625,,0.2354596108198166,,0.00390625,,,,,,,,,,,,,,
6,78999,,-0.2720780372619629,,785.0672607421875,,2319.1708984375,,8.0,,3.0429880619049072,,0.125,,3.0429880619049072,,2316.94921875,,183.5666046142578,,261.3356018066406,,100.19178009033203,,1534.1036376953125,,-4.228972911834717,,0.48046875,,2322.2138671875,,2322.2138671875,,0.51953125,,256.0,,0.2158203125,,0.18075919151306152,,0.0,,,,,,,,,,,,,,
6,79049,,-0.262982577085495,,778.798828125,,2100.982421875,,8.0,,3.1669723987579346,,0.0,,3.1669723987579346,,2207.007080078125,,582.0560302734375,,234.27255249023438,,120.93353271484375,,1322.1837158203125,,0.31364279985427856,,0.5234375,,2104.1494140625,,2104.1494140625,,0.4765625,,256.0,,0.25,,0.23653164505958557,,0.0,,,,,,,,,,,,,,
6,79099,,-0.2571702003479004,,891.19482421875,,32337.5703125,,8.0,,3.0876266956329346,,0.0,,3.0876266956329346,,2388.270751953125,,195.54248046875,,158.34628295898438,,91.14556121826172,,31446.375,,5.083192825317383,,0.546875,,32340.658203125,,32340.658203125,,0.453125,,256.0,,0.18359375,,0.1964392513036728,,0.00390625,,,,,,,,,,,,,,
6,79149,,-0.25956594944000244,,886.2877197265625,,2050.31689453125,,8.0,,3.0943055152893066,,0.0,,3.0943055152893066,,1893.663818359375,,538.5145263671875,,294.89776611328125,,122.03711700439453,,1164.029296875,,2.2890639305114746,,0.5078125,,2053.4111328125,,2053.4111328125,,0.4921875,,256.0,,0.1474609375,,0.157509446144104,,0.00390625,,,,,,,,,,,,,,
6,79199,,-0.2677239179611206,,781.7371826171875,,2375.103759765625,,8.0,,3.1735990047454834,,0.0,,3.1735990047454834,,2335.662109375,,401.642333984375,,276.0672607421875,,126.18498229980469,,1593.3665771484375,,-0.027847709134221077,,0.42578125,,2378.27734375,,2378.27734375,,0.57421875,,256.0,,0.130859375,,0.11483322083950043,,0.0,,,,,,,,,,,,,,
6,79249,,-0.2516654431819916,,1035.489990234375,,44717.11328125,,8.0,,3.1784310340881348,,0.125,,3.1784310340881348,,2255.0126953125,,447.57830810546875,,202.91062927246094,,110.48381805419922,,43681.625,,9.189796447753906,,0.5234375,,44720.29296875,,44720.29296875,,0.4765625,,256.0,,0.154296875,,0.16762399673461914,,0.0078125,,,,,,,,,,,,,,
6,79299,,-0.274488627910614,,916.6119384765625,,2970.77001953125,,8.0,,3.0934510231018066,,0.25,,3.0934510231018066,,2318.334716796875,,315.7347717285156,,228.44908142089844,,122.74376678466797,,2054.158203125,,-10.497472763061523,,0.5234375,,2973.863525390625,,2973.863525390625,,0.4765625,,256.0,,0.185546875,,0.1953863501548767,,0.0078125,,,,,,,,,,,,,,
6,79349,,-0.2508953809738159,,1307.7476806640625,,116212.2578125,,8.0,,3.0439271926879883,,0.0,,3.0439271926879883,,2460.222900390625,,170.09425354003906,,299.31561279296875,,95.78754425048828,,114904.5078125,,44.20781707763672,,0.515625,,116215.3046875,,116215.3046875,,0.484375,,256.0,,0.2734375,,0.27742597460746765,,0.01171875,,,,,,,,,,,,,,
6,79399,,-0.2584186792373657,,847.8817138671875,,2458.211181640625,,8.0,,3.1144659519195557,,0.25,,3.1144659519195557,,2145.689453125,,516.9920043945312,,294.6102600097656,,109.72135162353516,,1610.3294677734375,,-10.15784740447998,,0.4921875,,2461.32568359375,,2461.32568359375,,0.5078125,,256.0,,0.1982421875,,0.19503220915794373,,0.00390625,,,,,,,,,,,,,,
6,79449,,-0.2642887234687805,,1164.70703125,,96087.796875,,8.0,,3.0035436153411865,,0.25,,3.0035436153411865,,2557.72314453125,,215.4841766357422,,225.1573944091797,,123.38831329345703,,94923.09375,,46.9267692565918,,0.48828125,,96090.796875,,96090.796875,,0.51171875,,256.0,,0.2041015625,,0.19806882739067078,,0.01171875,,,,,,,,,,,,,,
6,79499,,-0.25747543573379517,,894.8699951171875,,22045.671875,,8.0,,3.125739574432373,,0.125,,3.125739574432373,,2130.400634765625,,611.85595703125,,237.73721313476562,,127.86808013916016,,21150.802734375,,11.479544639587402,,0.546875,,22048.796875,,22048.796875,,0.453125,,256.0,,0.17578125,,0.13233470916748047,,0.0078125,,,,,,,,,,,,,,
6,79549,,-0.2740965485572815,,830.8124389648438,,2547.0283203125,,8.0,,3.087181568145752,,0.0,,3.087181568145752,,2129.954345703125,,389.3769836425781,,269.570068359375,,129.1225128173828,,1716.2159423828125,,-9.923295974731445,,0.52734375,,2550.115478515625,,2550.115478515625,,0.47265625,,256.0,,0.2119140625,,0.20375347137451172,,0.0,,,,,,,,,,,,,,
6,79599,,-0.26864153146743774,,874.8573608398438,,2299.86376953125,,8.0,,3.166576862335205,,0.125,,3.166576862335205,,2284.045166015625,,280.9418029785156,,206.17108154296875,,134.05714416503906,,1425.0064697265625,,-4.042614936828613,,0.515625,,2303.0302734375,,2303.0302734375,,0.484375,,256.0,,0.23046875,,0.25060027837753296,,0.0078125,,,,,,,,,,,,,,
6,79649,,-0.2588709890842438,,947.1013793945312,,35918.078125,,8.0,,3.1342005729675293,,0.0,,3.1342005729675293,,2175.585693359375,,500.05242919921875,,243.581787109375,,130.36671447753906,,34970.9765625,,12.002589225769043,,0.4375,,35921.2109375,,35921.2109375,,0.5625,,256.0,,0.049072265625,,0.05894414335489273,,0.00390625,,,,,,,,,,,,,,
6,79699,,-0.2618827819824219,,1182.26318359375,,85559.84375,,8.0,,3.0710926055908203,,0.125,,3.0710926055908203,,2214.876953125,,246.19366455078125,,296.50384521484375,,111.03315734863281,,84377.578125,,29.710439682006836,,0.484375,,85562.9140625,,85562.9140625,,0.515625,,256.0,,0.1416015625,,0.1322047859430313,,0.0078125,,,,,,,,,,,,,,
6,79749,,-0.2647721469402313,,771.9335327148438,,2288.724853515625,,8.0,,2.952458381652832,,0.125,,2.952458381652832,,2475.709228515625,,340.2250671386719,,253.50035095214844,,133.3918914794922,,1516.7913818359375,,-3.8413572311401367,,0.5234375,,2291.67724609375,,2291.67724609375,,0.4765625,,256.0,,0.2080078125,,0.22544986009597778,,0.0,,,,,,,,,,,,,,
6,79799,,-0.268522709608078,,1107.513671875,,84122.015625,,8.0,,3.0106515884399414,,0.125,,3.0106515884399414,,2023.87109375,,828.9647827148438,,240.06619262695312,,123.96133422851562,,83014.5,,35.23026657104492,,0.44921875,,84125.0234375,,84125.0234375,,0.55078125,,256.0,,0.1416015625,,0.1352621167898178,,0.01171875,,,,,,,,,,,,,,
6,79849,,-0.26457688212394714,,816.9656372070312,,2416.70166015625,,8.0,,3.266385078430176,,0.125,,3.266385078430176,,2142.8837890625,,425.1999816894531,,207.70071411132812,,131.97073364257812,,1599.736083984375,,-7.460198402404785,,0.5078125,,2419.968017578125,,2419.968017578125,,0.4921875,,256.0,,0.150390625,,0.13606838881969452,,0.0,,,,,,,,,,,,,,
6,79899,,-0.2624022662639618,,777.501708984375,,2402.7744140625,,8.0,,3.120917797088623,,0.0,,3.120917797088623,,2257.8154296875,,465.3172912597656,,237.79214477539062,,121.69587707519531,,1625.272705078125,,-7.74021053314209,,0.50390625,,2405.895263671875,,2405.895263671875,,0.49609375,,256.0,,0.25390625,,0.2551253139972687,,0.0,,,,,,,,,,,,,,
6,79949,,-0.25276973843574524,,794.7134399414062,,1725.943603515625,,8.0,,3.090477466583252,,0.125,,3.090477466583252,,2301.20361328125,,343.4616394042969,,218.110595703125,,137.7434539794922,,931.2301025390625,,-4.558237075805664,,0.4453125,,1729.0340576171875,,1729.0340576171875,,0.5546875,,256.0,,0.205078125,,0.223843514919281,,0.00390625,,,,,,,,,,,,,,
6,79999,,-0.25395262241363525,,1053.702392578125,,76109.609375,,8.0,,2.9501278400421143,,0.375,,2.9501278400421143,,2211.2646484375,,442.1916809082031,,292.3535461425781,,99.410400390625,,75055.90625,,30.33382225036621,,0.51953125,,76112.5625,,76112.5625,,0.48046875,,256.0,,0.189453125,,0.18984626233577728,,0.015625,,,,,,,,,,,,,,
6,80049,,-0.263638973236084,,1004.7984619140625,,60916.82421875,,8.0,,3.485806941986084,,0.0,,3.485806941986084,,2136.102783203125,,413.9726257324219,,226.38719177246094,,126.24468994140625,,59912.02734375,,23.265316009521484,,0.49609375,,60920.30859375,,60920.30859375,,0.50390625,,256.0,,0.154296875,,0.154723659157753,,0.0078125,,,,,,,,,,,,,,
6,80099,,-0.25737160444259644,,840.4915771484375,,1814.523193359375,,8.0,,3.059643268585205,,0.125,,3.059643268585205,,2414.802001953125,,175.52032470703125,,213.7752227783203,,115.91942596435547,,974.0315551757812,,1.7646679878234863,,0.46484375,,1817.5828857421875,,1817.5828857421875,,0.53515625,,256.0,,0.28515625,,0.2893671989440918,,0.00390625,,,,,,,,,,,,,,
6,80149,,-0.2602868974208832,,844.63232421875,,2240.52880859375,,8.0,,3.3418796062469482,,0.125,,3.3418796062469482,,2042.3192138671875,,290.068603515625,,347.9755859375,,98.09024047851562,,1395.8966064453125,,-4.409519672393799,,0.46875,,2243.87060546875,,2243.87060546875,,0.53125,,256.0,,0.12255859375,,0.11755036562681198,,0.0,,,,,,,,,,,,,,
6,80199,,-0.26195022463798523,,924.80810546875,,42413.98828125,,8.0,,2.99454402923584,,0.125,,2.99454402923584,,2466.201171875,,292.9961853027344,,217.98973083496094,,119.96539306640625,,41489.1796875,,16.405080795288086,,0.4921875,,42416.984375,,42416.984375,,0.5078125,,256.0,,0.12890625,,0.132762148976326,,0.01171875,,,,,,,,,,,,,,
6,80249,,-0.26499536633491516,,789.88525390625,,2772.79833984375,,8.0,,3.020602226257324,,0.0,,3.020602226257324,,2087.74169921875,,760.3705444335938,,252.2247772216797,,121.64276885986328,,1982.9132080078125,,-5.9936699867248535,,0.5078125,,2775.81884765625,,2775.81884765625,,0.4921875,,256.0,,0.2041015625,,0.19201450049877167,,0.0,,,,,,,,,,,,,,
6,80299,,-0.24896883964538574,,775.441650390625,,1965.0396728515625,,8.0,,3.297910213470459,,0.0,,3.297910213470459,,2196.0478515625,,537.1819458007812,,224.07940673828125,,132.9232635498047,,1189.5980224609375,,-4.665860176086426,,0.46875,,1968.3375244140625,,1968.3375244140625,,0.53125,,256.0,,0.1953125,,0.1756361424922943,,0.00390625,,,,,,,,,,,,,,
6,80349,,-0.2518119812011719,,1093.0919189453125,,74066.5,,8.0,,3.1152048110961914,,0.0,,3.1152048110961914,,2444.359130859375,,438.064697265625,,183.85272216796875,,134.8363494873047,,72973.40625,,40.73305130004883,,0.5078125,,74069.6171875,,74069.6171875,,0.4921875,,256.0,,0.2158203125,,0.21005427837371826,,0.0078125,,,,,,,,,,,,,,
6,80399,,-0.2592396140098572,,951.82861328125,,41459.51171875,,8.0,,3.139198064804077,,0.125,,3.139198064804077,,2231.042236328125,,562.2869873046875,,194.84658813476562,,108.98540496826172,,40507.68359375,,11.567094802856445,,0.515625,,41462.65234375,,41462.65234375,,0.484375,,256.0,,0.19140625,,0.1927316039800644,,0.00390625,,,,,,,,,,,,,,
6,80449,,-0.2673329710960388,,1088.77099609375,,67048.4140625,,8.0,,3.268746852874756,,0.0,,3.268746852874756,,2336.162841796875,,265.447265625,,249.6859588623047,,122.05787658691406,,65959.640625,,28.30988121032715,,0.484375,,67051.6796875,,67051.6796875,,0.515625,,256.0,,0.23828125,,0.23727814853191376,,0.01171875,,,,,,,,,,,,,,
6,80499,,-0.2599186599254608,,1382.775634765625,,124165.15625,,8.0,,3.215625762939453,,0.125,,3.215625762939453,,2385.542236328125,,306.5909729003906,,209.95135498046875,,105.19713592529297,,122782.3828125,,53.85873794555664,,0.46484375,,124168.375,,124168.375,,0.53515625,,256.0,,0.1806640625,,0.14418593049049377,,0.015625,,,,,,,,,,,,,,
6,80549,,-0.2528572082519531,,988.984375,,41585.87890625,,8.0,,3.3507168292999268,,0.125,,3.3507168292999268,,2052.03857421875,,466.09661865234375,,231.89703369140625,,142.2126007080078,,40596.89453125,,13.134085655212402,,0.44140625,,41589.23046875,,41589.23046875,,0.55859375,,256.0,,0.1435546875,,0.14138077199459076,,0.00390625,,,,,,,,,,,,,,
6,80599,,-0.2643303871154785,,818.3685302734375,,2486.978271484375,,8.0,,3.1745150089263916,,0.25,,3.1745150089263916,,2146.17041015625,,401.24169921875,,280.5628967285156,,108.8982162475586,,1668.6097412109375,,-2.3518621921539307,,0.48046875,,2490.15283203125,,2490.15283203125,,0.51953125,,256.0,,0.146484375,,0.13530606031417847,,0.0,,,,,,,,,,,,,,
6,80649,,-0.2586977183818817,,1157.6514892578125,,73168.640625,,8.0,,3.080291748046875,,0.0,,3.080291748046875,,2472.85546875,,259.2898254394531,,190.04989624023438,,128.34642028808594,,72010.9921875,,33.00314712524414,,0.4765625,,73171.71875,,73171.71875,,0.5234375,,256.0,,0.19921875,,0.2177232950925827,,0.0078125,,,,,,,,,,,,,,
6,80699,,-0.26572519540786743,,981.5497436523438,,40797.53515625,,8.0,,3.020807981491089,,0.125,,3.020807981491089,,2333.11376953125,,235.45223999023438,,252.6362762451172,,107.90486145019531,,39815.984375,,17.16840171813965,,0.43359375,,40800.5546875,,40800.5546875,,0.56640625,,256.0,,0.181640625,,0.18913069367408752,,0.00390625,,,,,,,,,,,,,,
6,80749,,-0.2598457932472229,,959.3624267578125,,41433.55859375,,8.0,,3.2548904418945312,,0.0,,3.2548904418945312,,2307.68798828125,,442.3719787597656,,233.1431427001953,,113.98957824707031,,40474.1953125,,11.34626293182373,,0.52734375,,41436.8125,,41436.8125,,0.47265625,,256.0,,0.201171875,,0.19579288363456726,,0.0078125,,,,,,,,,,,,,,
6,80799,,-0.25254642963409424,,812.0391845703125,,2467.815185546875,,8.0,,3.2591025829315186,,0.0,,3.2591025829315186,,2105.557373046875,,481.6922302246094,,308.5931396484375,,109.61165618896484,,1655.7760009765625,,-12.781689643859863,,0.4609375,,2471.07421875,,2471.07421875,,0.5390625,,256.0,,0.2734375,,0.23588663339614868,,0.00390625,,,,,,,,,,,,,,
6,80849,,-0.24339811503887177,,854.495849609375,,2618.8427734375,,8.0,,3.437565803527832,,0.0,,3.437565803527832,,1955.8525390625,,663.3621826171875,,301.32232666015625,,123.1993637084961,,1764.346923828125,,-0.9325861930847168,,0.5078125,,2622.2802734375,,2622.2802734375,,0.4921875,,256.0,,0.1875,,0.17853796482086182,,0.00390625,,,,,,,,,,,,,,
6,80899,,-0.2524963319301605,,862.1547241210938,,30851.97265625,,8.0,,3.1055386066436768,,0.125,,3.1055386066436768,,2357.886962890625,,482.5488586425781,,215.9678192138672,,117.23672485351562,,29989.818359375,,11.694243431091309,,0.54296875,,30855.078125,,30855.078125,,0.45703125,,256.0,,0.185546875,,0.1725015640258789,,0.00390625,,,,,,,,,,,,,,
6,80949,,-0.26463207602500916,,848.2354125976562,,2211.118896484375,,8.0,,3.3217291831970215,,0.0,,3.3217291831970215,,2299.4677734375,,382.979736328125,,261.83197021484375,,128.794189453125,,1362.883544921875,,-2.65211820602417,,0.51171875,,2214.440673828125,,2214.440673828125,,0.48828125,,256.0,,0.158203125,,0.1548101305961609,,0.00390625,,,,,,,,,,,,,,
6,80999,,-0.25950825214385986,,861.9529418945312,,1822.1673583984375,,8.0,,2.9385008811950684,,0.0,,2.9385008811950684,,2091.71240234375,,463.1312561035156,,309.86572265625,,117.46339416503906,,960.2144165039062,,-1.4033184051513672,,0.5,,1825.1058349609375,,1825.1058349609375,,0.5,,256.0,,0.158203125,,0.15731805562973022,,0.0078125,,,,,,,,,,,,,,
6,81049,,-0.26925063133239746,,860.5284423828125,,1917.04931640625,,8.0,,3.1314051151275635,,0.125,,3.1314051151275635,,2636.6484375,,305.9931335449219,,161.94602966308594,,101.09870910644531,,1056.5208740234375,,1.8561601638793945,,0.4921875,,1920.1806640625,,1920.1806640625,,0.5078125,,256.0,,0.0908203125,,0.07104384899139404,,0.0078125,,,,,,,,,,,,,,
6,81099,,-0.26906558871269226,,761.9283447265625,,2182.219482421875,,8.0,,3.1315340995788574,,0.375,,3.1315340995788574,,2433.979248046875,,275.67413330078125,,255.88304138183594,,111.86048889160156,,1420.2911376953125,,-4.080728530883789,,0.515625,,2185.35107421875,,2185.35107421875,,0.484375,,256.0,,0.19921875,,0.17778943479061127,,0.0,,,,,,,,,,,,,,
6,81149,,-0.2663493752479553,,807.6558227539062,,2160.61181640625,,8.0,,3.133204460144043,,0.25,,3.133204460144043,,2286.759765625,,344.6422424316406,,246.37452697753906,,100.45233154296875,,1352.9559326171875,,0.6738418340682983,,0.5390625,,2163.7451171875,,2163.7451171875,,0.4609375,,256.0,,0.337890625,,0.3236146569252014,,0.00390625,,,,,,,,,,,,,,
6,81199,,-0.26759064197540283,,698.251708984375,,2253.02294921875,,8.0,,3.218348503112793,,0.25,,3.218348503112793,,2176.323974609375,,600.2758178710938,,279.7537841796875,,122.32872772216797,,1554.7713623046875,,-5.3877081871032715,,0.546875,,2256.2412109375,,2256.2412109375,,0.453125,,256.0,,0.1455078125,,0.14961229264736176,,0.0,,,,,,,,,,,,,,
6,81249,,-0.2555207908153534,,808.572998046875,,2708.94140625,,8.0,,3.1704952716827393,,0.125,,3.1704952716827393,,2174.181884765625,,484.98486328125,,226.62429809570312,,126.03925323486328,,1900.3682861328125,,-0.2655283212661743,,0.48828125,,2712.11181640625,,2712.11181640625,,0.51171875,,256.0,,0.2353515625,,0.2274179905653,,0.0,,,,,,,,,,,,,,
6,81299,,-0.2526969313621521,,908.940673828125,,33513.0,,8.0,,2.9550857543945312,,0.0,,2.9550857543945312,,2261.39501953125,,554.0106811523438,,225.76040649414062,,124.18192291259766,,32604.060546875,,10.593400001525879,,0.49609375,,33515.95703125,,33515.95703125,,0.50390625,,256.0,,0.2353515625,,0.22593235969543457,,0.0078125,,,,,,,,,,,,,,
6,81349,,-0.26464706659317017,,808.2290649414062,,2411.94775390625,,8.0,,3.104985237121582,,0.125,,3.104985237121582,,2267.27587890625,,360.6983947753906,,188.18698120117188,,111.01095581054688,,1603.7186279296875,,-8.025198936462402,,0.4765625,,2415.052734375,,2415.052734375,,0.5234375,,256.0,,0.111328125,,0.10042327642440796,,0.0,,,,,,,,,,,,,,
6,81399,,-0.27474266290664673,,877.532958984375,,39249.71875,,8.0,,3.2061338424682617,,0.125,,3.2061338424682617,,2052.461669921875,,531.7547607421875,,229.0865478515625,,130.9996795654297,,38372.1875,,14.38739013671875,,0.4765625,,39252.92578125,,39252.92578125,,0.5234375,,256.0,,0.11572265625,,0.15471649169921875,,0.0078125,,,,,,,,,,,,,,
6,81449,,-0.2688943147659302,,789.2556762695312,,2490.190185546875,,8.0,,3.1358606815338135,,0.0,,3.1358606815338135,,2222.00341796875,,317.94171142578125,,201.15579223632812,,124.7780990600586,,1700.9345703125,,-4.040449619293213,,0.5,,2493.325927734375,,2493.325927734375,,0.5,,256.0,,0.150390625,,0.14406722784042358,,0.0,,,,,,,,,,,,,,
6,81499,,-0.2684113383293152,,916.4664306640625,,45996.4921875,,8.0,,3.282740592956543,,0.0,,3.282740592956543,,2359.70947265625,,212.6359100341797,,295.4510192871094,,109.16718292236328,,45080.02734375,,13.639131546020508,,0.4765625,,45999.7734375,,45999.7734375,,0.5234375,,256.0,,0.1572265625,,0.1740889996290207,,0.00390625,,,,,,,,,,,,,,
6,81549,,-0.26281172037124634,,706.9354248046875,,2262.610595703125,,8.0,,3.1067326068878174,,0.25,,3.1067326068878174,,2411.76513671875,,219.7494354248047,,213.58522033691406,,130.20553588867188,,1555.6751708984375,,-1.1726182699203491,,0.50390625,,2265.71728515625,,2265.71728515625,,0.49609375,,256.0,,0.2265625,,0.25109148025512695,,0.0,,,,,,,,,,,,,,
6,81599,,-0.2804029583930969,,807.5661010742188,,2300.79541015625,,8.0,,3.0424342155456543,,0.0,,3.0424342155456543,,2184.853759765625,,398.2684326171875,,208.57913208007812,,126.34770202636719,,1493.229248046875,,-3.5194411277770996,,0.48828125,,2303.837890625,,2303.837890625,,0.51171875,,256.0,,0.18359375,,0.18955260515213013,,0.0,,,,,,,,,,,,,,
6,81649,,-0.2592894434928894,,918.55126953125,,25499.87890625,,8.0,,3.087002754211426,,0.0,,3.087002754211426,,2189.146240234375,,438.1607360839844,,221.0961456298828,,103.54265594482422,,24581.328125,,4.878055095672607,,0.5546875,,25502.966796875,,25502.966796875,,0.4453125,,256.0,,0.37890625,,0.3365015387535095,,0.00390625,,,,,,,,,,,,,,
6,81699,,-0.271045446395874,,899.0189208984375,,2346.08935546875,,8.0,,3.0152835845947266,,0.125,,3.0152835845947266,,2375.728515625,,352.34881591796875,,241.29177856445312,,112.66886901855469,,1447.0704345703125,,-5.079944133758545,,0.4453125,,2349.104736328125,,2349.104736328125,,0.5546875,,256.0,,0.1884765625,,0.17874670028686523,,0.01171875,,,,,,,,,,,,,,
6,81749,,-0.24607644975185394,,765.7600708007812,,1908.811767578125,,8.0,,3.0217952728271484,,0.25,,3.0217952728271484,,2442.850830078125,,300.6055908203125,,179.30282592773438,,108.4600601196289,,1143.0516357421875,,2.4761712551116943,,0.4375,,1911.8336181640625,,1911.8336181640625,,0.5625,,256.0,,0.26953125,,0.25857436656951904,,0.0,,,,,,,,,,,,,,
6,81799,,-0.24225780367851257,,839.574951171875,,31245.7109375,,8.0,,3.0321478843688965,,0.25,,3.0321478843688965,,2125.59326171875,,617.0486450195312,,241.6684112548828,,134.3200225830078,,30406.13671875,,12.993812561035156,,0.51171875,,31248.7421875,,31248.7421875,,0.48828125,,256.0,,0.162109375,,0.1498575061559677,,0.00390625,,,,,,,,,,,,,,
6,81849,,-0.2589389681816101,,1363.388671875,,131538.296875,,8.0,,3.205432415008545,,0.0,,3.205432415008545,,2309.1162109375,,270.09228515625,,237.2325439453125,,131.34548950195312,,130174.9140625,,58.99799728393555,,0.50390625,,131541.5,,131541.5,,0.49609375,,256.0,,0.1533203125,,0.1441473364830017,,0.01171875,,,,,,,,,,,,,,
6,81899,,-0.2654663324356079,,779.364990234375,,2072.132568359375,,8.0,,3.0562398433685303,,0.25,,3.0562398433685303,,2503.472900390625,,274.4010009765625,,247.12005615234375,,112.2367935180664,,1292.767578125,,-2.3874940872192383,,0.52734375,,2075.188720703125,,2075.188720703125,,0.47265625,,256.0,,0.2294921875,,0.22059130668640137,,0.0,,,,,,,,,,,,,,
6,81949,,-0.251646488904953,,869.4402465820312,,2338.180908203125,,8.0,,3.1997947692871094,,0.0,,3.1997947692871094,,2313.537109375,,246.9874725341797,,207.6434326171875,,127.76172637939453,,1468.74072265625,,-4.843690395355225,,0.43359375,,2341.380615234375,,2341.380615234375,,0.56640625,,256.0,,0.08544921875,,0.11254166066646576,,0.0,,,,,,,,,,,,,,
6,81999,,-0.2518392503261566,,1188.307861328125,,75429.125,,8.0,,3.081967830657959,,0.0,,3.081967830657959,,2480.925048828125,,276.54486083984375,,268.34112548828125,,128.53909301757812,,74240.8203125,,34.5223274230957,,0.45703125,,75432.203125,,75432.203125,,0.54296875,,256.0,,0.2177734375,,0.22465693950653076,,0.0078125,,,,,,,,,,,,,,
6,82049,,-0.2590596675872803,,801.6775512695312,,2329.576904296875,,8.0,,3.0590081214904785,,0.25,,3.0590081214904785,,2221.27001953125,,445.01483154296875,,260.20208740234375,,119.82882690429688,,1527.8992919921875,,-4.896575450897217,,0.515625,,2332.635986328125,,2332.635986328125,,0.484375,,256.0,,0.134765625,,0.12745067477226257,,0.00390625,,,,,,,,,,,,,,
6,82099,,-0.26167023181915283,,987.0874633789062,,39005.03125,,8.0,,3.2060537338256836,,0.0,,3.2060537338256836,,2203.60693359375,,462.85308837890625,,230.8250274658203,,116.0810546875,,38017.9453125,,13.838851928710938,,0.46875,,39008.23828125,,39008.23828125,,0.53125,,256.0,,0.1337890625,,0.1261283904314041,,0.0078125,,,,,,,,,,,,,,
6,82149,,-0.2447499930858612,,981.4647216796875,,36006.578125,,8.0,,3.1324996948242188,,0.125,,3.1324996948242188,,2229.93408203125,,368.41192626953125,,254.72999572753906,,108.471923828125,,35025.11328125,,12.871101379394531,,0.484375,,36009.7109375,,36009.7109375,,0.515625,,256.0,,0.1689453125,,0.19249042868614197,,0.00390625,,,,,,,,,,,,,,
6,82199,,-0.26805028319358826,,773.3936767578125,,2021.9853515625,,8.0,,3.273543357849121,,0.125,,3.273543357849121,,2238.815185546875,,465.6811218261719,,259.6531982421875,,104.06495666503906,,1248.5916748046875,,-5.7742743492126465,,0.5625,,2025.2589111328125,,2025.2589111328125,,0.4375,,256.0,,0.13671875,,0.12565895915031433,,0.0,,,,,,,,,,,,,,
6,82249,,-0.25285661220550537,,1039.4007568359375,,75929.265625,,8.0,,3.016289234161377,,0.125,,3.016289234161377,,2183.101318359375,,539.0269165039062,,203.04769897460938,,124.05829620361328,,74889.8671875,,30.006641387939453,,0.4453125,,75932.28125,,75932.28125,,0.5546875,,256.0,,0.2119140625,,0.20015881955623627,,0.01171875,,,,,,,,,,,,,,
6,82299,,-0.25664427876472473,,980.7257690429688,,37698.5234375,,8.0,,3.172351360321045,,0.0,,3.172351360321045,,1999.6439208984375,,673.34326171875,,296.07440185546875,,112.90499877929688,,36717.796875,,16.2297306060791,,0.46875,,37701.6953125,,37701.6953125,,0.53125,,256.0,,0.0966796875,,0.11705373227596283,,0.00390625,,,,,,,,,,,,,,
6,82349,,-0.2620236873626709,,790.2005004882812,,2275.973876953125,,8.0,,3.156538248062134,,0.125,,3.156538248062134,,2348.40478515625,,214.68824768066406,,215.5187530517578,,144.43890380859375,,1485.7733154296875,,-6.102114677429199,,0.48828125,,2279.13037109375,,2279.13037109375,,0.51171875,,256.0,,0.205078125,,0.1922697275876999,,0.00390625,,,,,,,,,,,,,,
6,82399,,-0.26800036430358887,,788.7276611328125,,2163.95166015625,,8.0,,3.1258106231689453,,0.25,,3.1258106231689453,,2260.836669921875,,513.0516967773438,,215.2119598388672,,119.56109619140625,,1375.223876953125,,-7.529025554656982,,0.5,,2167.077392578125,,2167.077392578125,,0.5,,256.0,,0.259765625,,0.22859033942222595,,0.0078125,,,,,,,,,,,,,,
6,82449,,-0.2621784210205078,,886.2970581054688,,34024.23046875,,8.0,,3.0891823768615723,,0.0,,3.0891823768615723,,2450.475341796875,,193.0607452392578,,240.3564453125,,95.58385467529297,,33137.93359375,,11.52324390411377,,0.51171875,,34027.3203125,,34027.3203125,,0.48828125,,256.0,,0.1953125,,0.17958995699882507,,0.00390625,,,,,,,,,,,,,,
6,82499,,-0.25763610005378723,,836.88525390625,,2277.1259765625,,8.0,,2.9534530639648438,,0.25,,2.9534530639648438,,2307.409912109375,,357.1109924316406,,167.21249389648438,,99.82390594482422,,1440.2408447265625,,-3.9429359436035156,,0.5,,2280.079345703125,,2280.079345703125,,0.5,,256.0,,0.1884765625,,0.1789119839668274,,0.0,,,,,,,,,,,,,,
6,82549,,-0.25946351885795593,,1332.32275390625,,137004.6875,,8.0,,3.1572351455688477,,0.0,,3.1572351455688477,,2275.2744140625,,156.57080078125,,225.20985412597656,,122.97373962402344,,135672.359375,,58.858665466308594,,0.50390625,,137007.84375,,137007.84375,,0.49609375,,256.0,,0.28125,,0.2725426256656647,,0.01953125,,,,,,,,,,,,,,
6,82599,,-0.27095848321914673,,1149.617919921875,,84367.0,,8.0,,3.3307509422302246,,0.0,,3.3307509422302246,,1822.90087890625,,612.0813598632812,,293.2738952636719,,118.82949829101562,,83217.3828125,,28.57575035095215,,0.4609375,,84370.328125,,84370.328125,,0.5390625,,256.0,,0.154296875,,0.16997429728507996,,0.0078125,,,,,,,,,,,,,,
6,82649,,-0.26643532514572144,,800.8162231445312,,1773.32373046875,,8.0,,3.130636692047119,,0.25,,3.130636692047119,,2181.0302734375,,312.8963623046875,,269.5710754394531,,130.28082275390625,,972.5074462890625,,-0.27933740615844727,,0.5,,1776.454345703125,,1776.454345703125,,0.5,,256.0,,0.267578125,,0.24755315482616425,,0.00390625,,,,,,,,,,,,,,
6,82699,,-0.2724439799785614,,850.610107421875,,37504.01171875,,8.0,,3.0300590991973877,,0.0,,3.0300590991973877,,2335.068603515625,,341.82159423828125,,238.31057739257812,,114.98995971679688,,36653.40234375,,16.83498191833496,,0.4921875,,37507.04296875,,37507.04296875,,0.5078125,,256.0,,0.1953125,,0.18165352940559387,,0.00390625,,,,,,,,,,,,,,
6,82749,,-0.2545856535434723,,822.5703735351562,,2190.347900390625,,8.0,,2.929016351699829,,0.25,,2.929016351699829,,2054.87109375,,496.2668151855469,,299.99676513671875,,106.72229766845703,,1367.777587890625,,1.0302270650863647,,0.50390625,,2193.27685546875,,2193.27685546875,,0.49609375,,256.0,,0.181640625,,0.1651802361011505,,0.0,,,,,,,,,,,,,,
6,82799,,-0.25524598360061646,,732.5835571289062,,1979.895263671875,,8.0,,3.07094144821167,,0.125,,3.07094144821167,,2120.69287109375,,579.6845703125,,249.9883575439453,,136.61514282226562,,1247.3116455078125,,-2.551851987838745,,0.5234375,,1982.9661865234375,,1982.9661865234375,,0.4765625,,256.0,,0.1982421875,,0.2085258960723877,,0.0,,,,,,,,,,,,,,
6,82849,,-0.254672110080719,,1098.031005859375,,73230.203125,,8.0,,2.886786460876465,,0.125,,2.886786460876465,,2224.22705078125,,335.95758056640625,,287.6707763671875,,109.5137710571289,,72132.171875,,33.515846252441406,,0.5,,73233.09375,,73233.09375,,0.5,,256.0,,0.166015625,,0.19044271111488342,,0.01171875,,,,,,,,,,,,,,
6,82899,,-0.26942509412765503,,866.8593139648438,,2607.992919921875,,8.0,,3.139695167541504,,0.0,,3.139695167541504,,2232.146484375,,486.1583557128906,,275.3414306640625,,113.97615051269531,,1741.133544921875,,-0.07286887615919113,,0.50390625,,2611.132568359375,,2611.132568359375,,0.49609375,,256.0,,0.1953125,,0.21364998817443848,,0.0,,,,,,,,,,,,,,
6,82949,,-0.25739920139312744,,865.24365234375,,35207.765625,,8.0,,3.1912379264831543,,0.0,,3.1912379264831543,,1970.032958984375,,423.1167297363281,,250.18826293945312,,98.28985595703125,,34342.5234375,,16.21310806274414,,0.51171875,,35210.95703125,,35210.95703125,,0.48828125,,256.0,,0.1787109375,,0.1669338345527649,,0.00390625,,,,,,,,,,,,,,
6,82999,,-0.26994436979293823,,949.4825439453125,,32526.255859375,,8.0,,3.1317648887634277,,0.125,,3.1317648887634277,,2311.315185546875,,520.7284545898438,,242.46559143066406,,120.81684112548828,,31576.7734375,,13.918140411376953,,0.5546875,,32529.38671875,,32529.38671875,,0.4453125,,256.0,,0.1845703125,,0.179275244474411,,0.00390625,,,,,,,,,,,,,,
6,83049,,-0.24721239507198334,,774.40966796875,,2241.9521484375,,8.0,,3.295506477355957,,0.0,,3.295506477355957,,2271.599609375,,491.2518615722656,,206.15965270996094,,120.66635131835938,,1467.54248046875,,-5.2528815269470215,,0.51171875,,2245.24755859375,,2245.24755859375,,0.48828125,,256.0,,0.2197265625,,0.24085772037506104,,0.00390625,,,,,,,,,,,,,,
6,83099,,-0.2572266757488251,,828.4578247070312,,2224.865478515625,,8.0,,3.2743778228759766,,0.0,,3.2743778228759766,,2341.35986328125,,574.2650146484375,,244.3551788330078,,123.16172790527344,,1396.4075927734375,,0.2392098605632782,,0.546875,,2228.139892578125,,2228.139892578125,,0.453125,,256.0,,0.169921875,,0.1874372810125351,,0.00390625,,,,,,,,,,,,,,
6,83149,,-0.24361459910869598,,814.205322265625,,2172.1357421875,,8.0,,2.933408260345459,,0.125,,2.933408260345459,,2450.0830078125,,285.9037780761719,,227.63009643554688,,129.5063934326172,,1357.9305419921875,,-5.735149383544922,,0.46875,,2175.069091796875,,2175.069091796875,,0.53125,,256.0,,0.11279296875,,0.12911993265151978,,0.0,,,,,,,,,,,,,,
6,83199,,-0.2640269994735718,,751.9149780273438,,1716.2181396484375,,8.0,,3.113048791885376,,0.25,,3.113048791885376,,2187.1494140625,,578.8158569335938,,229.0902557373047,,109.32392120361328,,964.3031616210938,,-6.957517623901367,,0.53515625,,1719.3311767578125,,1719.3311767578125,,0.46484375,,256.0,,0.1494140625,,0.12910984456539154,,0.0,,,,,,,,,,,,,,
6,83249,,-0.25895628333091736,,859.7203369140625,,2187.7275390625,,8.0,,3.156909942626953,,0.25,,3.156909942626953,,1892.8603515625,,675.2485961914062,,308.054931640625,,119.09397888183594,,1328.00732421875,,-7.079287052154541,,0.51953125,,2190.884521484375,,2190.884521484375,,0.48046875,,256.0,,0.2421875,,0.20847973227500916,,0.00390625,,,,,,,,,,,,,,
6,83299,,-0.2558158040046692,,928.9503173828125,,30072.384765625,,8.0,,3.0463833808898926,,0.0,,3.0463833808898926,,2216.845703125,,284.3625183105469,,320.4159851074219,,119.4136734008789,,29143.43359375,,12.477137565612793,,0.515625,,30075.431640625,,30075.431640625,,0.484375,,256.0,,0.25390625,,0.2500162124633789,,0.0078125,,,,,,,,,,,,,,
6,83349,,-0.2733849883079529,,976.49462890625,,41726.79296875,,8.0,,3.2269692420959473,,0.0,,3.2269692420959473,,2122.698974609375,,399.0240173339844,,211.90184020996094,,112.40691375732422,,40750.296875,,12.159650802612305,,0.515625,,41730.01953125,,41730.01953125,,0.484375,,256.0,,0.228515625,,0.21086761355400085,,0.00390625,,,,,,,,,,,,,,
6,83399,,-0.2619929909706116,,1071.876953125,,71927.828125,,8.0,,3.1213297843933105,,0.0,,3.1213297843933105,,2383.963623046875,,436.1289978027344,,191.6056365966797,,124.00450897216797,,70855.953125,,29.330076217651367,,0.46875,,71930.953125,,71930.953125,,0.53125,,256.0,,0.25390625,,0.2863321006298065,,0.0078125,,,,,,,,,,,,,,
6,83449,,-0.2675725817680359,,882.3357543945312,,32811.63671875,,8.0,,3.1037309169769287,,0.125,,3.1037309169769287,,2461.53662109375,,402.5224914550781,,198.17520141601562,,135.48353576660156,,31929.30078125,,9.522712707519531,,0.51953125,,32814.7421875,,32814.7421875,,0.48046875,,256.0,,0.10009765625,,0.11798255890607834,,0.00390625,,,,,,,,,,,,,,
6,83499,,-0.25217413902282715,,1094.5899658203125,,38628.05859375,,8.0,,3.1169028282165527,,0.25,,3.1169028282165527,,2356.2880859375,,406.5238952636719,,235.4742431640625,,122.4095230102539,,37533.46875,,14.785791397094727,,0.51953125,,38631.17578125,,38631.17578125,,0.48046875,,256.0,,0.138671875,,0.14218124747276306,,0.0078125,,,,,,,,,,,,,,
6,83549,,-0.24813511967658997,,792.7601928710938,,1917.312255859375,,8.0,,3.0111818313598633,,0.0,,3.0111818313598633,,2285.07275390625,,573.6705322265625,,240.86709594726562,,129.8446044921875,,1124.5521240234375,,-3.7619078159332275,,0.51171875,,1920.323486328125,,1920.323486328125,,0.48828125,,256.0,,0.263671875,,0.23906120657920837,,0.0,,,,,,,,,,,,,,
6,83599,,-0.2607637345790863,,814.0799560546875,,2088.03759765625,,8.0,,3.1725387573242188,,0.0,,3.1725387573242188,,2213.525390625,,216.35044860839844,,220.33790588378906,,130.7330780029297,,1273.9576416015625,,-5.4660964012146,,0.5078125,,2091.210205078125,,2091.210205078125,,0.4921875,,256.0,,0.26171875,,0.28805217146873474,,0.00390625,,,,,,,,,,,,,,
6,83649,,-0.25815945863723755,,772.1021118164062,,2393.95263671875,,8.0,,3.186288833618164,,0.125,,3.186288833618164,,2119.001220703125,,351.50506591796875,,318.465087890625,,101.43750762939453,,1621.8504638671875,,-7.137106418609619,,0.53515625,,2397.138916015625,,2397.138916015625,,0.46484375,,256.0,,0.25390625,,0.2771696448326111,,0.0,,,,,,,,,,,,,,
6,83699,,-0.2526705861091614,,820.7529907226562,,2617.04150390625,,8.0,,3.0843257904052734,,0.0,,3.0843257904052734,,2237.97412109375,,435.1029968261719,,263.283447265625,,123.71434020996094,,1796.2884521484375,,-8.056382179260254,,0.52734375,,2620.125732421875,,2620.125732421875,,0.47265625,,256.0,,0.1259765625,,0.12925750017166138,,0.00390625,,,,,,,,,,,,,,
6,83749,,-0.25605717301368713,,1033.806396484375,,38697.12890625,,8.0,,3.230759859085083,,0.125,,3.230759859085083,,2392.75537109375,,295.5693359375,,236.45277404785156,,115.32735443115234,,37663.32421875,,8.618698120117188,,0.484375,,38700.359375,,38700.359375,,0.515625,,256.0,,0.1220703125,,0.09756767749786377,,0.0078125,,,,,,,,,,,,,,
6,83799,,-0.2618793249130249,,908.3800048828125,,43389.0546875,,8.0,,3.169299364089966,,0.125,,3.169299364089966,,2538.67041015625,,259.9290466308594,,267.355712890625,,127.12845611572266,,42480.67578125,,13.152185440063477,,0.45703125,,43392.22265625,,43392.22265625,,0.54296875,,256.0,,0.1904296875,,0.17010948061943054,,0.00390625,,,,,,,,,,,,,,
6,83849,,-0.26881498098373413,,1019.4597778320312,,2909.992431640625,,8.0,,3.2521228790283203,,0.125,,3.2521228790283203,,2364.247802734375,,329.6418151855469,,240.7380828857422,,121.65209197998047,,1890.53271484375,,-0.7063112258911133,,0.48046875,,2913.24462890625,,2913.24462890625,,0.51953125,,256.0,,0.1689453125,,0.16653291881084442,,0.0078125,,,,,,,,,,,,,,
6,83899,,-0.26616668701171875,,921.7957153320312,,2099.362060546875,,8.0,,3.3472325801849365,,0.0,,3.3472325801849365,,2333.431640625,,310.8285217285156,,182.2044677734375,,100.80027770996094,,1177.5662841796875,,1.9486796855926514,,0.5390625,,2102.709228515625,,2102.709228515625,,0.4609375,,256.0,,0.20703125,,0.2133239507675171,,0.0078125,,,,,,,,,,,,,,
6,83949,,-0.2501688599586487,,678.1884765625,,2197.515625,,8.0,,3.0361440181732178,,0.375,,3.0361440181732178,,2136.22998046875,,558.158447265625,,248.4907684326172,,123.98316192626953,,1519.3270263671875,,0.1798936128616333,,0.5078125,,2200.5517578125,,2200.5517578125,,0.4921875,,256.0,,0.1923828125,,0.18992236256599426,,0.0,,,,,,,,,,,,,,
6,83999,,-0.27039834856987,,1012.8994140625,,60247.92578125,,8.0,,3.221303701400757,,0.0,,3.221303701400757,,1868.131591796875,,758.1930541992188,,279.65185546875,,108.11315155029297,,59235.02734375,,27.225078582763672,,0.5,,60251.1484375,,60251.1484375,,0.5,,256.0,,0.1591796875,,0.17307299375534058,,0.0078125,,,,,,,,,,,,,,
6,84049,,-0.2485976666212082,,1096.5693359375,,79417.515625,,8.0,,3.2370052337646484,,0.0,,3.2370052337646484,,2284.611083984375,,215.39349365234375,,291.0572814941406,,108.19091796875,,78320.9453125,,37.54354476928711,,0.51953125,,79420.75,,79420.75,,0.48046875,,256.0,,0.22265625,,0.21787422895431519,,0.01171875,,,,,,,,,,,,,,
6,84099,,-0.26168689131736755,,900.6961669921875,,29905.154296875,,8.0,,3.096825122833252,,0.125,,3.096825122833252,,2373.6533203125,,187.8409423828125,,178.11209106445312,,123.66047668457031,,29004.458984375,,15.353545188903809,,0.51171875,,29908.251953125,,29908.251953125,,0.48828125,,256.0,,0.185546875,,0.2081226408481598,,0.015625,,,,,,,,,,,,,,
6,84149,,-0.2572348117828369,,775.415283203125,,2036.215087890625,,8.0,,2.931903839111328,,0.0,,2.931903839111328,,2203.112548828125,,550.45751953125,,261.6863098144531,,106.87557220458984,,1260.7998046875,,-0.7835047841072083,,0.4765625,,2039.14697265625,,2039.14697265625,,0.5234375,,256.0,,0.20703125,,0.18685099482536316,,0.0,,,,,,,,,,,,,,
6,84199,,-0.2808690667152405,,1143.869873046875,,65651.015625,,8.0,,3.1080117225646973,,0.0,,3.1080117225646973,,2153.8046875,,542.4042358398438,,302.8925476074219,,109.12451934814453,,64507.14453125,,24.97022247314453,,0.51953125,,65654.125,,65654.125,,0.48046875,,256.0,,0.2138671875,,0.2045142501592636,,0.0078125,,,,,,,,,,,,,,
6,84249,,-0.2640441358089447,,882.6038818359375,,38142.0234375,,8.0,,3.0372607707977295,,0.0,,3.0372607707977295,,2253.87646484375,,250.77020263671875,,217.74200439453125,,141.1924591064453,,37259.41796875,,14.636468887329102,,0.515625,,38145.0625,,38145.0625,,0.484375,,256.0,,0.2265625,,0.23868870735168457,,0.00390625,,,,,,,,,,,,,,
6,84299,,-0.27402353286743164,,851.322998046875,,1973.1337890625,,8.0,,3.153630256652832,,0.125,,3.153630256652832,,1992.5911865234375,,341.0765380859375,,330.9974365234375,,109.48120880126953,,1121.810791015625,,0.4222893714904785,,0.5,,1976.2874755859375,,1976.2874755859375,,0.5,,256.0,,0.283203125,,0.27069419622421265,,0.00390625,,,,,,,,,,,,,,
6,84349,,-0.26226478815078735,,735.134765625,,1703.777587890625,,8.0,,3.173980712890625,,0.125,,3.173980712890625,,2240.375,,276.2579650878906,,255.5108642578125,,110.10733032226562,,968.6428833007812,,-3.0812184810638428,,0.515625,,1706.9515380859375,,1706.9515380859375,,0.484375,,256.0,,0.1767578125,,0.17059968411922455,,0.0,,,,,,,,,,,,,,
6,84399,,-0.2554073929786682,,751.17578125,,2486.60888671875,,8.0,,3.0290448665618896,,0.125,,3.0290448665618896,,2445.545166015625,,438.7660827636719,,230.14401245117188,,131.49676513671875,,1735.4329833984375,,-3.8079826831817627,,0.48828125,,2489.637939453125,,2489.637939453125,,0.51171875,,256.0,,0.26953125,,0.28376084566116333,,0.0,,,,,,,,,,,,,,
6,84449,,-0.2678963243961334,,805.8097534179688,,2187.432861328125,,8.0,,3.1363518238067627,,0.25,,3.1363518238067627,,2219.08349609375,,547.9280395507812,,248.5413360595703,,112.71134185791016,,1381.623046875,,-4.0857696533203125,,0.546875,,2190.569091796875,,2190.569091796875,,0.453125,,256.0,,0.2890625,,0.2897651195526123,,0.0,,,,,,,,,,,,,,
6,84499,,-0.2631833553314209,,827.52001953125,,2158.2158203125,,8.0,,3.261082172393799,,0.0,,3.261082172393799,,2156.482421875,,491.2139587402344,,297.43719482421875,,110.9153060913086,,1330.6959228515625,,-4.746742248535156,,0.47265625,,2161.476806640625,,2161.476806640625,,0.52734375,,256.0,,0.1796875,,0.1766204833984375,,0.00390625,,,,,,,,,,,,,,
6,84549,,-0.27382194995880127,,724.181884765625,,2112.40380859375,,8.0,,3.162961483001709,,0.0,,3.162961483001709,,2303.56103515625,,539.5924072265625,,225.34228515625,,118.5621337890625,,1388.2218017578125,,3.471855878829956,,0.484375,,2115.566650390625,,2115.566650390625,,0.515625,,256.0,,0.33203125,,0.3122134208679199,,0.0,,,,,,,,,,,,,,
6,84599,,-0.2545545995235443,,799.548583984375,,2895.6611328125,,8.0,,3.191344738006592,,0.0,,3.191344738006592,,2412.350830078125,,358.9200744628906,,250.82032775878906,,120.49512481689453,,2096.112548828125,,-1.1799153089523315,,0.52734375,,2898.8525390625,,2898.8525390625,,0.47265625,,256.0,,0.1943359375,,0.1835242509841919,,0.0,,,,,,,,,,,,,,
6,84649,,-0.26671239733695984,,1361.880126953125,,82703.0703125,,8.0,,3.025177240371704,,0.0,,3.025177240371704,,2394.550048828125,,580.67041015625,,214.0218505859375,,111.60779571533203,,81341.1875,,30.674455642700195,,0.55859375,,82706.09375,,82706.09375,,0.44140625,,256.0,,0.2265625,,0.2147451639175415,,0.01953125,,,,,,,,,,,,,,
6,84699,,-0.2499561309814453,,840.3936767578125,,29143.068359375,,8.0,,3.0347821712493896,,0.125,,3.0347821712493896,,2252.46533203125,,576.7748413085938,,264.49444580078125,,129.57872009277344,,28302.673828125,,8.441244125366211,,0.4921875,,29146.103515625,,29146.103515625,,0.5078125,,256.0,,0.228515625,,0.2335970252752304,,0.00390625,,,,,,,,,,,,,,
6,84749,,-0.26489996910095215,,756.0520629882812,,2223.989990234375,,8.0,,2.9926910400390625,,0.25,,2.9926910400390625,,2405.626953125,,284.1106872558594,,180.6962890625,,95.7253189086914,,1467.9378662109375,,-0.3349123001098633,,0.48046875,,2226.982666015625,,2226.982666015625,,0.51953125,,256.0,,0.1904296875,,0.20937669277191162,,0.0,,,,,,,,,,,,,,
6,84799,,-0.25164374709129333,,875.9833984375,,2256.7626953125,,8.0,,3.3583643436431885,,0.0,,3.3583643436431885,,2344.151123046875,,193.5736541748047,,269.50421142578125,,135.11373901367188,,1380.779296875,,-8.185282707214355,,0.4921875,,2260.12109375,,2260.12109375,,0.5078125,,256.0,,0.287109375,,0.28443190455436707,,0.00390625,,,,,,,,,,,,,,
6,84849,,-0.26429086923599243,,1168.10791015625,,49023.30859375,,8.0,,3.0584070682525635,,0.25,,3.0584070682525635,,2324.939697265625,,463.88421630859375,,343.4351806640625,,107.58264923095703,,47855.19921875,,15.546475410461426,,0.51953125,,49026.3671875,,49026.3671875,,0.48046875,,256.0,,0.21484375,,0.2117064893245697,,0.01171875,,,,,,,,,,,,,,
6,84899,,-0.2693868577480316,,1007.8147583007812,,39262.05859375,,8.0,,3.088958978652954,,0.0,,3.088958978652954,,2273.443115234375,,309.7766418457031,,253.15328979492188,,96.79701232910156,,38254.2421875,,7.1644182205200195,,0.48046875,,39265.1484375,,39265.1484375,,0.51953125,,256.0,,0.2109375,,0.20766310393810272,,0.0078125,,,,,,,,,,,,,,
6,84949,,-0.2720490097999573,,838.096435546875,,26044.4609375,,8.0,,2.968400001525879,,0.0,,2.968400001525879,,2000.289794921875,,500.5798034667969,,239.2095947265625,,93.03766632080078,,25206.365234375,,15.373882293701172,,0.4765625,,26047.4296875,,26047.4296875,,0.5234375,,256.0,,0.107421875,,0.14216458797454834,,0.00390625,,,,,,,,,,,,,,
6,84999,,-0.26007014513015747,,746.6673583984375,,2496.9873046875,,8.0,,3.0703389644622803,,0.25,,3.0703389644622803,,2313.32666015625,,383.7518005371094,,242.75576782226562,,122.52252960205078,,1750.31982421875,,-5.360861778259277,,0.51953125,,2500.0576171875,,2500.0576171875,,0.48046875,,256.0,,0.232421875,,0.20780251920223236,,0.0,,,,,,,,,,,,,,
6,85049,,-0.25107094645500183,,954.8327026367188,,2358.6533203125,,8.0,,3.1509757041931152,,0.0,,3.1509757041931152,,2287.743896484375,,340.27288818359375,,276.96502685546875,,125.9990005493164,,1403.820556640625,,-9.021929740905762,,0.4453125,,2361.80419921875,,2361.80419921875,,0.5546875,,256.0,,0.205078125,,0.20552539825439453,,0.01171875,,,,,,,,,,,,,,
6,85099,,-0.26483154296875,,849.7935791015625,,36112.12890625,,8.0,,2.9589526653289795,,0.125,,2.9589526653289795,,2518.2451171875,,357.5214538574219,,190.3855438232422,,121.91252899169922,,35262.3359375,,14.310158729553223,,0.49609375,,36115.0859375,,36115.0859375,,0.50390625,,256.0,,0.185546875,,0.19190585613250732,,0.00390625,,,,,,,,,,,,,,
6,85149,,-0.2759875953197479,,882.16259765625,,2403.10400390625,,8.0,,3.2721288204193115,,0.125,,3.2721288204193115,,2105.050537109375,,549.6611938476562,,262.97723388671875,,112.5001220703125,,1520.94140625,,-6.542092800140381,,0.54296875,,2406.376220703125,,2406.376220703125,,0.45703125,,256.0,,0.259765625,,0.24946075677871704,,0.0,,,,,,,,,,,,,,
6,85199,,-0.2596329152584076,,813.4157104492188,,2448.607666015625,,8.0,,3.0821571350097656,,0.125,,3.0821571350097656,,2178.63623046875,,239.11033630371094,,295.0282287597656,,114.83589172363281,,1635.1920166015625,,-4.539034843444824,,0.41015625,,2451.68994140625,,2451.68994140625,,0.58984375,,256.0,,0.0299072265625,,0.027618929743766785,,0.0,,,,,,,,,,,,,,
6,85249,,-0.2624027132987976,,934.4833984375,,31241.08203125,,8.0,,3.112797260284424,,0.125,,3.112797260284424,,2102.625,,275.3994140625,,233.03256225585938,,97.6274642944336,,30306.599609375,,16.672348022460938,,0.4765625,,31244.1953125,,31244.1953125,,0.5234375,,256.0,,0.0712890625,,0.06687745451927185,,0.00390625,,,,,,,,,,,,,,
6,85299,,-0.26196426153182983,,838.90185546875,,2187.576904296875,,8.0,,2.969430446624756,,0.375,,2.969430446624756,,2326.026611328125,,515.0809936523438,,255.72015380859375,,111.61157989501953,,1348.675048828125,,5.82700777053833,,0.47265625,,2190.54638671875,,2190.54638671875,,0.52734375,,256.0,,0.197265625,,0.1785544753074646,,0.0,,,,,,,,,,,,,,
6,85349,,-0.25270387530326843,,1095.1875,,35399.0703125,,8.0,,3.0738320350646973,,0.25,,3.0738320350646973,,2313.33251953125,,494.5442810058594,,268.76116943359375,,116.1999740600586,,34303.8828125,,6.957518100738525,,0.5078125,,35402.14453125,,35402.14453125,,0.4921875,,256.0,,0.193359375,,0.19725659489631653,,0.01171875,,,,,,,,,,,,,,
6,85399,,-0.27808818221092224,,773.6531982421875,,2384.0595703125,,8.0,,2.9639029502868652,,0.25,,2.9639029502868652,,2371.533935546875,,299.1092529296875,,182.68186950683594,,80.9713134765625,,1610.4063720703125,,-4.251162052154541,,0.4765625,,2387.0234375,,2387.0234375,,0.5234375,,256.0,,0.294921875,,0.29515230655670166,,0.0,,,,,,,,,,,,,,
6,85449,,-0.26505744457244873,,782.9266357421875,,2662.6572265625,,8.0,,3.1126561164855957,,0.0,,3.1126561164855957,,2186.139404296875,,444.5488586425781,,199.06442260742188,,121.30426788330078,,1879.730712890625,,-4.183793067932129,,0.49609375,,2665.769775390625,,2665.769775390625,,0.50390625,,256.0,,0.130859375,,0.11460912227630615,,0.00390625,,,,,,,,,,,,,,
6,85499,,-0.24699348211288452,,1073.025146484375,,59138.8125,,8.0,,3.19512677192688,,0.0,,3.19512677192688,,2275.295654296875,,386.6129455566406,,234.49444580078125,,133.0150909423828,,58065.7890625,,27.141063690185547,,0.51953125,,59142.0078125,,59142.0078125,,0.48046875,,256.0,,0.1923828125,,0.20605388283729553,,0.01171875,,,,,,,,,,,,,,
6,85549,,-0.2643432021141052,,849.464599609375,,2695.21240234375,,8.0,,3.180123805999756,,0.125,,3.180123805999756,,2482.405517578125,,150.81304931640625,,213.6890411376953,,125.83787536621094,,1845.747802734375,,-0.24239034950733185,,0.51953125,,2698.392578125,,2698.392578125,,0.48046875,,256.0,,0.24609375,,0.23287217319011688,,0.00390625,,,,,,,,,,,,,,
6,85599,,-0.26379138231277466,,1058.28857421875,,43666.16015625,,8.0,,3.10874605178833,,0.25,,3.10874605178833,,2306.38037109375,,325.048095703125,,268.2947082519531,,131.0481414794922,,42607.87109375,,14.819950103759766,,0.546875,,43669.26953125,,43669.26953125,,0.453125,,256.0,,0.142578125,,0.1357046663761139,,0.01171875,,,,,,,,,,,,,,
6,85649,,-0.26599937677383423,,895.957763671875,,2553.18701171875,,8.0,,3.135143995285034,,0.25,,3.135143995285034,,2012.8466796875,,424.22412109375,,341.9617004394531,,105.50090026855469,,1657.229248046875,,-6.259828567504883,,0.5234375,,2556.322265625,,2556.322265625,,0.4765625,,256.0,,0.0869140625,,0.10403314232826233,,0.0,,,,,,,,,,,,,,
6,85699,,-0.2615088224411011,,775.0733032226562,,2074.277587890625,,8.0,,3.090662717819214,,0.0,,3.090662717819214,,2595.48388671875,,256.16497802734375,,170.4860382080078,,127.28084564208984,,1299.2042236328125,,-0.6537767648696899,,0.47265625,,2077.3681640625,,2077.3681640625,,0.52734375,,256.0,,0.2373046875,,0.2416650354862213,,0.0,,,,,,,,,,,,,,
6,85749,,-0.2530994415283203,,904.8487548828125,,32493.556640625,,8.0,,3.1169533729553223,,0.25,,3.1169533729553223,,2197.98828125,,594.595458984375,,230.09274291992188,,130.1572265625,,31588.70703125,,18.160017013549805,,0.46484375,,32496.673828125,,32496.673828125,,0.53515625,,256.0,,0.2578125,,0.2423470914363861,,0.00390625,,,,,,,,,,,,,,
6,85799,,-0.2621496915817261,,1323.163818359375,,122111.9453125,,8.0,,3.046278476715088,,0.25,,3.046278476715088,,2259.9912109375,,283.4971618652344,,239.38980102539062,,144.06002807617188,,120788.78125,,54.1395378112793,,0.5234375,,122114.9921875,,122114.9921875,,0.4765625,,256.0,,0.19921875,,0.20038101077079773,,0.01171875,,,,,,,,,,,,,,
6,85849,,-0.26488953828811646,,725.3778076171875,,2240.75634765625,,8.0,,3.0702648162841797,,0.25,,3.0702648162841797,,2260.76123046875,,293.4309997558594,,183.0668182373047,,114.51287078857422,,1515.378662109375,,-4.680535793304443,,0.50390625,,2243.82666015625,,2243.82666015625,,0.49609375,,256.0,,0.259765625,,0.2488863468170166,,0.0,,,,,,,,,,,,,,
6,85899,,-0.25831201672554016,,771.27294921875,,2570.45556640625,,8.0,,3.121938705444336,,0.0,,3.121938705444336,,2308.818359375,,300.1075439453125,,247.31532287597656,,121.49755859375,,1799.1826171875,,-4.00773286819458,,0.51953125,,2573.577392578125,,2573.577392578125,,0.48046875,,256.0,,0.11181640625,,0.10636003315448761,,0.0,,,,,,,,,,,,,,
6,85949,,-0.26535576581954956,,762.7117919921875,,2022.3253173828125,,8.0,,3.1161088943481445,,0.25,,3.1161088943481445,,2240.798828125,,297.08953857421875,,293.3706359863281,,117.4023666381836,,1259.613525390625,,-7.323065757751465,,0.4453125,,2025.44140625,,2025.44140625,,0.5546875,,256.0,,0.1630859375,,0.1433652937412262,,0.0,,,,,,,,,,,,,,
6,85999,,-0.27052778005599976,,781.3692626953125,,1748.9775390625,,8.0,,3.135441780090332,,0.0,,3.135441780090332,,2255.546875,,595.51123046875,,268.04046630859375,,102.73274230957031,,967.6083374023438,,-9.507515907287598,,0.484375,,1752.113037109375,,1752.113037109375,,0.515625,,256.0,,0.1728515625,,0.15767551958560944,,0.0,,,,,,,,,,,,,,
6,86049,,-0.24564802646636963,,924.8460693359375,,34090.83203125,,8.0,,3.34863018989563,,0.0,,3.34863018989563,,2335.0166015625,,266.4836730957031,,245.2310028076172,,120.14656829833984,,33165.984375,,14.768157958984375,,0.4453125,,34094.1796875,,34094.1796875,,0.5546875,,256.0,,0.2265625,,0.21142110228538513,,0.00390625,,,,,,,,,,,,,,
6,86099,,-0.2521984279155731,,809.61474609375,,2087.53662109375,,8.0,,3.0250210762023926,,0.125,,3.0250210762023926,,2253.67431640625,,342.34991455078125,,266.8560791015625,,103.04104614257812,,1277.9219970703125,,-0.6819216012954712,,0.453125,,2090.5615234375,,2090.5615234375,,0.546875,,256.0,,0.181640625,,0.18680474162101746,,0.00390625,,,,,,,,,,,,,,
6,86149,,-0.25920993089675903,,967.851318359375,,30151.509765625,,8.0,,3.210109233856201,,0.0,,3.210109233856201,,2225.69873046875,,596.3341674804688,,276.85943603515625,,119.5760726928711,,29183.658203125,,18.10765838623047,,0.51953125,,30154.720703125,,30154.720703125,,0.48046875,,256.0,,0.166015625,,0.17150674760341644,,0.01171875,,,,,,,,,,,,,,
6,86199,,-0.25682491064071655,,888.2550048828125,,20979.931640625,,8.0,,3.248499870300293,,0.125,,3.248499870300293,,1895.22509765625,,320.6448974609375,,307.1122741699219,,94.90510559082031,,20091.67578125,,9.636874198913574,,0.53515625,,20983.1796875,,20983.1796875,,0.46484375,,256.0,,0.3125,,0.3278191387653351,,0.00390625,,,,,,,,,,,,,,
6,86249,,-0.2674140930175781,,993.4122314453125,,37371.0234375,,8.0,,3.07352352142334,,0.125,,3.07352352142334,,2200.3037109375,,304.9245910644531,,263.1169128417969,,106.47460174560547,,36377.609375,,8.641019821166992,,0.46484375,,37374.09765625,,37374.09765625,,0.53515625,,256.0,,0.140625,,0.1387457549571991,,0.0078125,,,,,,,,,,,,,,
6,86299,,-0.27522435784339905,,964.5960693359375,,2237.677734375,,8.0,,3.0965590476989746,,0.0,,3.0965590476989746,,2388.66748046875,,334.87060546875,,265.42169189453125,,106.12684631347656,,1273.0816650390625,,-2.7421481609344482,,0.49609375,,2240.7744140625,,2240.7744140625,,0.50390625,,256.0,,0.21484375,,0.21710175275802612,,0.0078125,,,,,,,,,,,,,,
6,86349,,-0.25717252492904663,,826.5874633789062,,2747.476318359375,,8.0,,3.1010327339172363,,0.0,,3.1010327339172363,,1994.7945556640625,,526.1774291992188,,311.1501159667969,,79.28598022460938,,1920.888916015625,,-9.156756401062012,,0.41796875,,2750.577392578125,,2750.577392578125,,0.58203125,,256.0,,0.234375,,0.21530744433403015,,0.00390625,,,,,,,,,,,,,,
6,86399,,-0.2495691478252411,,910.8182983398438,,30644.234375,,8.0,,3.2682082653045654,,0.125,,3.2682082653045654,,2070.2783203125,,254.5165252685547,,226.30517578125,,130.90359497070312,,29733.416015625,,14.33256721496582,,0.44140625,,30647.501953125,,30647.501953125,,0.55859375,,256.0,,0.267578125,,0.2528815269470215,,0.0078125,,,,,,,,,,,,,,
6,86449,,-0.24887946248054504,,981.8411865234375,,32452.00390625,,8.0,,3.2407350540161133,,0.125,,3.2407350540161133,,2345.895751953125,,321.4127197265625,,258.08624267578125,,125.92948150634766,,31470.162109375,,10.246861457824707,,0.5078125,,32455.244140625,,32455.244140625,,0.4921875,,256.0,,0.208984375,,0.21644054353237152,,0.0078125,,,,,,,,,,,,,,
6,86499,,-0.2538650929927826,,822.8046875,,2043.8450927734375,,8.0,,3.081742286682129,,0.125,,3.081742286682129,,2490.7900390625,,255.50070190429688,,240.57301330566406,,124.53805541992188,,1221.0404052734375,,2.9949965476989746,,0.5,,2046.9268798828125,,2046.9268798828125,,0.5,,256.0,,0.1142578125,,0.12255849689245224,,0.0,,,,,,,,,,,,,,
6,86549,,-0.2641213536262512,,777.6541748046875,,1947.35693359375,,8.0,,2.927783489227295,,0.25,,2.927783489227295,,2162.17724609375,,634.8528442382812,,276.7646789550781,,135.5775909423828,,1169.7027587890625,,-2.9440019130706787,,0.50390625,,1950.28466796875,,1950.28466796875,,0.49609375,,256.0,,0.2490234375,,0.22520112991333008,,0.0,,,,,,,,,,,,,,
6,86599,,-0.24948100745677948,,789.5633544921875,,1937.179931640625,,8.0,,3.0574967861175537,,0.0,,3.0574967861175537,,2037.2640380859375,,371.37762451171875,,306.96514892578125,,86.5821762084961,,1147.6165771484375,,-4.731341361999512,,0.50390625,,1940.2374267578125,,1940.2374267578125,,0.49609375,,256.0,,0.09228515625,,0.10657660663127899,,0.0,,,,,,,,,,,,,,
6,86649,,-0.24371246993541718,,1047.336181640625,,61264.39453125,,8.0,,3.2624082565307617,,0.125,,3.2624082565307617,,2043.6156005859375,,640.177001953125,,248.724609375,,108.45986938476562,,60217.05859375,,17.744035720825195,,0.5078125,,61267.65625,,61267.65625,,0.4921875,,256.0,,0.18359375,,0.1709708571434021,,0.01171875,,,,,,,,,,,,,,
6,86699,,-0.2588750123977661,,815.3124389648438,,2298.61279296875,,8.0,,3.179640769958496,,0.25,,3.179640769958496,,2129.8681640625,,360.2311706542969,,251.37469482421875,,132.10076904296875,,1483.30029296875,,-0.6275511384010315,,0.42578125,,2301.79248046875,,2301.79248046875,,0.57421875,,256.0,,0.11279296875,,0.11819293349981308,,0.00390625,,,,,,,,,,,,,,
6,86749,,-0.27037063241004944,,718.6609497070312,,1580.590087890625,,8.0,,3.199084997177124,,0.0,,3.199084997177124,,2322.998046875,,290.9510803222656,,227.66946411132812,,128.3771209716797,,861.9290771484375,,-1.6745685338974,,0.5078125,,1583.7891845703125,,1583.7891845703125,,0.4921875,,256.0,,0.17578125,,0.17866301536560059,,0.0,,,,,,,,,,,,,,
6,86799,,-0.2446887195110321,,877.7722778320312,,32420.25390625,,8.0,,3.2588391304016113,,0.0,,3.2588391304016113,,1863.5921630859375,,731.0225219726562,,280.2960205078125,,142.73251342773438,,31542.482421875,,10.573260307312012,,0.57421875,,32423.513671875,,32423.513671875,,0.42578125,,256.0,,0.189453125,,0.2082030475139618,,0.00390625,,,,,,,,,,,,,,
6,86849,,-0.26891374588012695,,994.4781494140625,,36056.80078125,,8.0,,3.190030574798584,,0.125,,3.190030574798584,,2084.430419921875,,471.9569091796875,,262.3492126464844,,131.11936950683594,,35062.32421875,,12.361007690429688,,0.48828125,,36059.9921875,,36059.9921875,,0.51171875,,256.0,,0.10302734375,,0.11444880068302155,,0.0078125,,,,,,,,,,,,,,
6,86899,,-0.2536472678184509,,750.3218994140625,,2149.051025390625,,8.0,,3.3747658729553223,,0.0,,3.3747658729553223,,2350.54150390625,,272.3132019042969,,238.68865966796875,,116.02085876464844,,1398.7291259765625,,1.1087064743041992,,0.5,,2152.42578125,,2152.42578125,,0.5,,256.0,,0.1572265625,,0.16741161048412323,,0.0,,,,,,,,,,,,,,
6,86949,,-0.2558506429195404,,952.3070068359375,,34643.9140625,,8.0,,3.065647602081299,,0.0,,3.065647602081299,,2105.205810546875,,343.3831481933594,,311.81658935546875,,107.64508819580078,,33691.60546875,,13.555229187011719,,0.4765625,,34646.98046875,,34646.98046875,,0.5234375,,256.0,,0.10595703125,,0.13234451413154602,,0.0078125,,,,,,,,,,,,,,
6,86999,,-0.26365676522254944,,769.4510498046875,,2543.208740234375,,8.0,,3.072068691253662,,0.0,,3.072068691253662,,2202.754638671875,,288.509765625,,228.42449951171875,,118.73165893554688,,1773.7576904296875,,-1.7318538427352905,,0.5234375,,2546.28076171875,,2546.28076171875,,0.4765625,,256.0,,0.1904296875,,0.20450513064861298,,0.0,,,,,,,,,,,,,,
6,87049,,-0.24906247854232788,,1048.32421875,,61301.99609375,,8.0,,3.0911154747009277,,0.125,,3.0911154747009277,,2054.623291015625,,386.7875061035156,,287.15289306640625,,102.6301040649414,,60253.671875,,27.964134216308594,,0.4921875,,61305.0859375,,61305.0859375,,0.5078125,,256.0,,0.197265625,,0.19351820647716522,,0.01171875,,,,,,,,,,,,,,
6,87099,,-0.2556576132774353,,982.0057983398438,,26546.462890625,,8.0,,3.0565338134765625,,0.25,,3.0565338134765625,,2066.261474609375,,460.14447021484375,,254.86634826660156,,137.6820831298828,,25564.45703125,,12.441916465759277,,0.47265625,,26549.51953125,,26549.51953125,,0.52734375,,256.0,,0.1376953125,,0.125871479511261,,0.0078125,,,,,,,,,,,,,,
6,87149,,-0.2615334391593933,,941.9810180664062,,31402.521484375,,8.0,,3.260150909423828,,0.0,,3.260150909423828,,2252.006591796875,,611.9556274414062,,278.7291259765625,,135.6767578125,,30460.541015625,,14.41963005065918,,0.43359375,,31405.78125,,31405.78125,,0.56640625,,256.0,,0.189453125,,0.16377615928649902,,0.0078125,,,,,,,,,,,,,,
6,87199,,-0.26883432269096375,,782.7291259765625,,2265.86279296875,,8.0,,3.021221160888672,,0.375,,3.021221160888672,,2086.86767578125,,534.7420654296875,,218.3676300048828,,141.65591430664062,,1483.1336669921875,,-5.486971855163574,,0.5,,2268.884033203125,,2268.884033203125,,0.5,,256.0,,0.2734375,,0.27986958622932434,,0.0,,,,,,,,,,,,,,
6,87249,,-0.2614315450191498,,1210.40478515625,,85623.9140625,,8.0,,3.0801820755004883,,0.0,,3.0801820755004883,,2164.044677734375,,562.4996948242188,,244.05076599121094,,124.15193176269531,,84413.5078125,,37.832401275634766,,0.453125,,85626.9921875,,85626.9921875,,0.546875,,256.0,,0.12890625,,0.1313425749540329,,0.01171875,,,,,,,,,,,,,,
6,87299,,-0.2581060528755188,,821.6179809570312,,2140.98486328125,,8.0,,3.0508816242218018,,0.125,,3.0508816242218018,,2179.693359375,,294.2347717285156,,302.30352783203125,,95.7001953125,,1319.3668212890625,,0.6953263878822327,,0.48046875,,2144.03564453125,,2144.03564453125,,0.51953125,,256.0,,0.236328125,,0.22370150685310364,,0.0078125,,,,,,,,,,,,,,
6,87349,,-0.25277572870254517,,882.6016845703125,,24912.818359375,,8.0,,3.3251967430114746,,0.125,,3.3251967430114746,,2302.296630859375,,500.46978759765625,,233.94354248046875,,142.459716796875,,24030.216796875,,7.5839009284973145,,0.5078125,,24916.14453125,,24916.14453125,,0.4921875,,256.0,,0.2119140625,,0.20302078127861023,,0.0078125,,,,,,,,,,,,,,
6,87399,,-0.25442373752593994,,789.3451538085938,,2610.13134765625,,8.0,,3.0914950370788574,,0.125,,3.0914950370788574,,2181.693115234375,,338.7466125488281,,257.355224609375,,118.1815414428711,,1820.7862548828125,,-9.195228576660156,,0.46875,,2613.222900390625,,2613.222900390625,,0.53125,,256.0,,0.23828125,,0.2549278438091278,,0.0,,,,,,,,,,,,,,
6,87449,,-0.2607995867729187,,1038.773681640625,,26595.98046875,,8.0,,3.2212862968444824,,0.0,,3.2212862968444824,,2162.840087890625,,423.9327087402344,,325.91424560546875,,111.68878936767578,,25557.20703125,,11.488791465759277,,0.52734375,,26599.201171875,,26599.201171875,,0.47265625,,256.0,,0.10693359375,,0.10400210320949554,,0.01171875,,,,,,,,,,,,,,
6,87499,,-0.26827627420425415,,817.27978515625,,2747.759033203125,,8.0,,3.142686367034912,,0.25,,3.142686367034912,,2461.492919921875,,241.24952697753906,,226.38909912109375,,150.3434295654297,,1930.479248046875,,-0.0036776838824152946,,0.56640625,,2750.901611328125,,2750.901611328125,,0.43359375,,256.0,,0.1826171875,,0.18109002709388733,,0.0,,,,,,,,,,,,,,
6,87549,,-0.2582457363605499,,1023.7239990234375,,68589.0625,,8.0,,3.0593338012695312,,0.0,,3.0593338012695312,,2008.916259765625,,567.40380859375,,233.52589416503906,,119.76663208007812,,67565.3359375,,28.316322326660156,,0.4765625,,68592.125,,68592.125,,0.5234375,,256.0,,0.259765625,,0.2619684636592865,,0.0078125,,,,,,,,,,,,,,
6,87599,,-0.26149892807006836,,876.1428833007812,,2642.5400390625,,8.0,,3.2705960273742676,,0.0,,3.2705960273742676,,2198.234130859375,,321.3597717285156,,342.7131042480469,,110.81629180908203,,1766.397216796875,,-4.262670516967773,,0.45703125,,2645.810546875,,2645.810546875,,0.54296875,,256.0,,0.1591796875,,0.17356517910957336,,0.0,,,,,,,,,,,,,,
6,87649,,-0.2659503221511841,,1349.1136474609375,,57757.953125,,8.0,,3.1126792430877686,,0.125,,3.1126792430877686,,2442.732421875,,290.14361572265625,,178.52059936523438,,99.7236328125,,56408.83984375,,27.073453903198242,,0.4609375,,57761.06640625,,57761.06640625,,0.5390625,,256.0,,0.2353515625,,0.2105323076248169,,0.0234375,,,,,,,,,,,,,,
6,87699,,-0.2511797845363617,,1088.4052734375,,60799.7109375,,8.0,,3.280369758605957,,0.0,,3.280369758605957,,2185.447021484375,,605.8634643554688,,225.0310821533203,,114.45825958251953,,59711.3046875,,27.65033531188965,,0.46484375,,60802.9921875,,60802.9921875,,0.53515625,,256.0,,0.1640625,,0.18191508948802948,,0.015625,,,,,,,,,,,,,,
6,87749,,-0.2633046805858612,,948.4961547851562,,43361.04296875,,8.0,,3.0494847297668457,,0.125,,3.0494847297668457,,1970.23046875,,587.582275390625,,269.62615966796875,,121.28314208984375,,42412.546875,,16.129777908325195,,0.50390625,,43364.09375,,43364.09375,,0.49609375,,256.0,,0.23046875,,0.24686120450496674,,0.00390625,,,,,,,,,,,,,,
6,87799,,-0.2632126212120056,,1052.410400390625,,36895.85546875,,8.0,,3.202080726623535,,0.0,,3.202080726623535,,2034.0830078125,,499.4427185058594,,277.86224365234375,,114.20665740966797,,35843.4453125,,10.792529106140137,,0.4375,,36899.05859375,,36899.05859375,,0.5625,,256.0,,0.0830078125,,0.08358719944953918,,0.0078125,,,,,,,,,,,,,,
6,87849,,-0.2725081443786621,,1082.816162109375,,36232.6953125,,8.0,,3.180039882659912,,0.0,,3.180039882659912,,2210.88720703125,,507.2282409667969,,275.553466796875,,128.56455993652344,,35149.87890625,,12.357704162597656,,0.54296875,,36235.875,,36235.875,,0.45703125,,256.0,,0.2314453125,,0.22959153354167938,,0.0078125,,,,,,,,,,,,,,
6,87899,,-0.2621159553527832,,830.4502563476562,,2027.704833984375,,8.0,,3.299470901489258,,0.0,,3.299470901489258,,2101.01025390625,,569.1427612304688,,232.71432495117188,,117.35616302490234,,1197.254638671875,,-1.166077733039856,,0.43359375,,2031.0042724609375,,2031.0042724609375,,0.56640625,,256.0,,0.25,,0.22152583301067352,,0.00390625,,,,,,,,,,,,,,
6,87949,,-0.2554488778114319,,1078.095703125,,30339.580078125,,8.0,,3.230243682861328,,0.125,,3.230243682861328,,2374.67626953125,,637.9269409179688,,243.69752502441406,,122.6926040649414,,29261.484375,,13.88747501373291,,0.42578125,,30342.810546875,,30342.810546875,,0.57421875,,256.0,,0.28515625,,0.2729873061180115,,0.015625,,,,,,,,,,,,,,
6,87999,,-0.2586600184440613,,687.1563720703125,,1840.1494140625,,8.0,,2.992219924926758,,0.375,,2.992219924926758,,2236.587158203125,,504.8933410644531,,285.08209228515625,,114.4732437133789,,1152.9930419921875,,-6.569792747497559,,0.5078125,,1843.1416015625,,1843.1416015625,,0.4921875,,256.0,,0.1025390625,,0.11756392568349838,,0.0,,,,,,,,,,,,,,
6,88049,,-0.26085364818573,,970.149658203125,,37837.57421875,,8.0,,3.1694729328155518,,0.125,,3.1694729328155518,,2500.88818359375,,297.24896240234375,,244.8765869140625,,125.9854736328125,,36867.42578125,,14.407220840454102,,0.5546875,,37840.7421875,,37840.7421875,,0.4453125,,256.0,,0.1728515625,,0.16378700733184814,,0.00390625,,,,,,,,,,,,,,
6,88099,,-0.25631940364837646,,780.0272216796875,,1750.47509765625,,8.0,,3.2373766899108887,,0.0,,3.2373766899108887,,2085.947998046875,,367.1998596191406,,275.3599853515625,,140.48428344726562,,970.4478149414062,,-6.014230251312256,,0.53125,,1753.7125244140625,,1753.7125244140625,,0.46875,,256.0,,0.1123046875,,0.13075238466262817,,0.0,,,,,,,,,,,,,,
6,88149,,-0.24727022647857666,,855.9697265625,,29221.98046875,,8.0,,3.177183151245117,,0.0,,3.177183151245117,,2250.8125,,442.707275390625,,263.6342468261719,,126.78800964355469,,28366.01171875,,13.534138679504395,,0.52734375,,29225.158203125,,29225.158203125,,0.47265625,,256.0,,0.240234375,,0.25551778078079224,,0.0078125,,,,,,,,,,,,,,
6,88199,,-0.2623123526573181,,772.3721313476562,,2124.38916015625,,8.0,,3.191586971282959,,0.0,,3.191586971282959,,2023.21435546875,,530.0242309570312,,241.46173095703125,,142.35667419433594,,1352.0169677734375,,-7.402680397033691,,0.56640625,,2127.580810546875,,2127.580810546875,,0.43359375,,256.0,,0.1455078125,,0.11458688974380493,,0.0,,,,,,,,,,,,,,
6,88249,,-0.26231321692466736,,868.4830322265625,,1909.8485107421875,,8.0,,3.0277934074401855,,0.0,,3.0277934074401855,,2334.892578125,,583.6425170898438,,225.64747619628906,,116.1948471069336,,1041.365478515625,,-1.995043396949768,,0.50390625,,1912.8763427734375,,1912.8763427734375,,0.49609375,,256.0,,0.1923828125,,0.18853633105754852,,0.00390625,,,,,,,,,,,,,,
6,88299,,-0.26011767983436584,,950.180908203125,,37502.5625,,8.0,,3.1431453227996826,,0.125,,3.1431453227996826,,2199.923828125,,526.0633544921875,,236.0223388671875,,133.6046905517578,,36552.3828125,,10.862914085388184,,0.52734375,,37505.70703125,,37505.70703125,,0.47265625,,256.0,,0.244140625,,0.23747143149375916,,0.00390625,,,,,,,,,,,,,,
6,88349,,-0.26308703422546387,,821.3717041015625,,2311.80712890625,,8.0,,3.14786958694458,,0.125,,3.14786958694458,,2243.341064453125,,602.024169921875,,252.907470703125,,124.1192626953125,,1490.435546875,,-1.6651301383972168,,0.4453125,,2314.955078125,,2314.955078125,,0.5546875,,256.0,,0.263671875,,0.2793998122215271,,0.0,,,,,,,,,,,,,,
6,88399,,-0.26370877027511597,,952.0599365234375,,41153.21484375,,8.0,,3.2332043647766113,,0.0,,3.2332043647766113,,2400.28564453125,,372.2292785644531,,195.58287048339844,,122.68303680419922,,40201.15625,,16.262676239013672,,0.47265625,,41156.44921875,,41156.44921875,,0.52734375,,256.0,,0.2890625,,0.29894524812698364,,0.0078125,,,,,,,,,,,,,,
6,88449,,-0.2476910650730133,,807.9659423828125,,2252.75732421875,,8.0,,2.9698686599731445,,0.125,,2.9698686599731445,,2258.16064453125,,258.7020568847656,,300.4604797363281,,92.57022857666016,,1444.7913818359375,,-8.501983642578125,,0.50390625,,2255.727294921875,,2255.727294921875,,0.49609375,,256.0,,0.19921875,,0.19214706122875214,,0.0078125,,,,,,,,,,,,,,
6,88499,,-0.26372581720352173,,849.9431762695312,,2093.4169921875,,8.0,,3.1436922550201416,,0.25,,3.1436922550201416,,1993.252197265625,,612.1971435546875,,290.4021911621094,,116.10231018066406,,1243.4737548828125,,-1.50483238697052,,0.55859375,,2096.560791015625,,2096.560791015625,,0.44140625,,256.0,,0.2197265625,,0.1884457916021347,,0.00390625,,,,,,,,,,,,,,
6,88549,,-0.25635668635368347,,772.0291748046875,,3026.13525390625,,8.0,,3.115344762802124,,0.125,,3.115344762802124,,2262.33251953125,,409.16046142578125,,259.81768798828125,,138.57252502441406,,2254.10595703125,,-5.848278045654297,,0.453125,,3029.25048828125,,3029.25048828125,,0.546875,,256.0,,0.130859375,,0.12245485186576843,,0.0,,,,,,,,,,,,,,
6,88599,,-0.25537651777267456,,1013.4979248046875,,32634.427734375,,8.0,,3.1068146228790283,,0.0,,3.1068146228790283,,2079.6298828125,,580.1495971679688,,204.55645751953125,,116.21214294433594,,31620.9296875,,8.75732135772705,,0.4921875,,32637.53515625,,32637.53515625,,0.5078125,,256.0,,0.1123046875,,0.1153259128332138,,0.015625,,,,,,,,,,,,,,
6,88649,,-0.2662927508354187,,786.0111083984375,,1942.3468017578125,,8.0,,2.972429037094116,,0.375,,2.972429037094116,,2071.14697265625,,502.66259765625,,252.29916381835938,,119.48980712890625,,1156.335693359375,,1.2519562244415283,,0.54296875,,1945.3192138671875,,1945.3192138671875,,0.45703125,,256.0,,0.224609375,,0.22593256831169128,,0.0,,,,,,,,,,,,,,
6,88699,,-0.2588057219982147,,690.4427490234375,,1725.6512451171875,,8.0,,3.1443185806274414,,0.25,,3.1443185806274414,,2459.93408203125,,420.0801086425781,,173.9412078857422,,120.42579650878906,,1035.20849609375,,0.884213924407959,,0.50390625,,1728.7955322265625,,1728.7955322265625,,0.49609375,,256.0,,0.2080078125,,0.23419074714183807,,0.0,,,,,,,,,,,,,,
6,88749,,-0.2612834870815277,,816.4791259765625,,2329.14306640625,,8.0,,3.0462498664855957,,0.0,,3.0462498664855957,,2359.5087890625,,419.4017639160156,,237.32606506347656,,141.65745544433594,,1512.6639404296875,,-2.1787734031677246,,0.5390625,,2332.189208984375,,2332.189208984375,,0.4609375,,256.0,,0.1611328125,,0.1536686271429062,,0.0,,,,,,,,,,,,,,
6,88799,,-0.2697632908821106,,834.591552734375,,2227.882568359375,,8.0,,3.2308034896850586,,0.0,,3.2308034896850586,,2296.89990234375,,601.3895874023438,,225.06781005859375,,126.0981674194336,,1393.291015625,,-10.87525749206543,,0.46875,,2231.11328125,,2231.11328125,,0.53125,,256.0,,0.1533203125,,0.17361435294151306,,0.0,,,,,,,,,,,,,,
6,88849,,-0.26851630210876465,,791.9673461914062,,2112.7607421875,,8.0,,3.035306215286255,,0.25,,3.035306215286255,,2211.85302734375,,442.42169189453125,,287.36029052734375,,115.87216186523438,,1320.79345703125,,1.435291051864624,,0.48828125,,2115.796142578125,,2115.796142578125,,0.51171875,,256.0,,0.2119140625,,0.20321743190288544,,0.0,,,,,,,,,,,,,,
6,88899,,-0.2599445581436157,,828.57861328125,,2181.7705078125,,8.0,,3.1564252376556396,,0.25,,3.1564252376556396,,2271.8720703125,,542.9342041015625,,255.597412109375,,104.2717056274414,,1353.19189453125,,-6.124851703643799,,0.48046875,,2184.927001953125,,2184.927001953125,,0.51953125,,256.0,,0.240234375,,0.23962488770484924,,0.00390625,,,,,,,,,,,,,,
6,88949,,-0.25548553466796875,,723.2901611328125,,2282.123046875,,8.0,,3.140855550765991,,0.125,,3.140855550765991,,2601.056884765625,,322.8597106933594,,139.3770751953125,,88.31673431396484,,1558.8328857421875,,-1.9937959909439087,,0.55078125,,2285.263916015625,,2285.263916015625,,0.44921875,,256.0,,0.23046875,,0.2139841914176941,,0.0,,,,,,,,,,,,,,
6,88999,,-0.2639947235584259,,950.5900268554688,,2723.566650390625,,8.0,,3.1796464920043945,,0.125,,3.1796464920043945,,2158.3095703125,,461.50244140625,,291.44378662109375,,124.79336547851562,,1772.9765625,,-6.610544681549072,,0.51953125,,2726.746337890625,,2726.746337890625,,0.48046875,,256.0,,0.173828125,,0.16746938228607178,,0.00390625,,,,,,,,,,,,,,
6,89049,,-0.2599976062774658,,1065.541015625,,69055.7578125,,8.0,,3.1608998775482178,,0.125,,3.1608998775482178,,2236.635986328125,,312.4947509765625,,290.87750244140625,,124.57442474365234,,67990.21875,,33.602760314941406,,0.54296875,,69058.921875,,69058.921875,,0.45703125,,256.0,,0.2197265625,,0.1944836974143982,,0.0078125,,,,,,,,,,,,,,
6,89099,,-0.27931225299835205,,1007.097412109375,,2740.711669921875,,8.0,,2.979726791381836,,0.125,,2.979726791381836,,2119.64208984375,,418.4411926269531,,234.033935546875,,101.87572479248047,,1733.6142578125,,1.1702394485473633,,0.4765625,,2743.69140625,,2743.69140625,,0.5234375,,256.0,,0.2451171875,,0.25796395540237427,,0.015625,,,,,,,,,,,,,,
6,89149,,-0.25940704345703125,,802.1737670898438,,1922.005859375,,8.0,,3.1517419815063477,,0.125,,3.1517419815063477,,2098.23681640625,,635.7142333984375,,246.4280242919922,,123.73023223876953,,1119.8321533203125,,-3.2238821983337402,,0.46484375,,1925.1575927734375,,1925.1575927734375,,0.53515625,,256.0,,0.162109375,,0.1631569117307663,,0.0,,,,,,,,,,,,,,
6,89199,,-0.2840242385864258,,837.2490844726562,,2342.999267578125,,8.0,,3.349825382232666,,0.125,,3.349825382232666,,2187.01513671875,,566.9904174804688,,300.0301818847656,,107.64859008789062,,1505.7501220703125,,-2.353536605834961,,0.4765625,,2346.34912109375,,2346.34912109375,,0.5234375,,256.0,,0.25,,0.22907337546348572,,0.0,,,,,,,,,,,,,,
6,89249,,-0.25789424777030945,,915.49365234375,,34948.7890625,,8.0,,3.245927333831787,,0.125,,3.245927333831787,,2033.6239013671875,,574.1128540039062,,330.15374755859375,,79.50098419189453,,34033.296875,,12.428750038146973,,0.4609375,,34952.03515625,,34952.03515625,,0.5390625,,256.0,,0.12353515625,,0.1130116805434227,,0.00390625,,,,,,,,,,,,,,
6,89299,,-0.26179569959640503,,1112.8076171875,,42760.83984375,,8.0,,3.0947718620300293,,0.0,,3.0947718620300293,,2385.81884765625,,366.4126892089844,,196.00880432128906,,122.1947021484375,,41648.03125,,15.071168899536133,,0.484375,,42763.93359375,,42763.93359375,,0.515625,,256.0,,0.19140625,,0.1714005470275879,,0.015625,,,,,,,,,,,,,,
6,89349,,-0.25781047344207764,,953.7293701171875,,42563.4765625,,8.0,,3.1097464561462402,,0.25,,3.1097464561462402,,2235.2080078125,,540.631103515625,,235.5883026123047,,113.81991577148438,,41609.74609375,,16.831933975219727,,0.453125,,42566.5859375,,42566.5859375,,0.546875,,256.0,,0.306640625,,0.31030479073524475,,0.00390625,,,,,,,,,,,,,,
6,89399,,-0.2495402991771698,,875.547607421875,,33186.96484375,,8.0,,3.0093631744384766,,0.125,,3.0093631744384766,,2309.53466796875,,277.9502868652344,,177.91864013671875,,110.42742919921875,,32311.416015625,,9.062226295471191,,0.4921875,,33189.97265625,,33189.97265625,,0.5078125,,256.0,,0.29296875,,0.2799881398677826,,0.00390625,,,,,,,,,,,,,,
6,89449,,-0.2618200182914734,,812.367919921875,,2138.7197265625,,8.0,,2.876194477081299,,0.125,,2.876194477081299,,2573.001953125,,215.5904998779297,,220.5537872314453,,133.21559143066406,,1326.351806640625,,-8.654221534729004,,0.484375,,2141.595947265625,,2141.595947265625,,0.515625,,256.0,,0.1875,,0.18085066974163055,,0.0,,,,,,,,,,,,,,
6,89499,,-0.2504906952381134,,724.7171630859375,,1851.991455078125,,8.0,,2.975736379623413,,0.25,,2.975736379623413,,2025.7578125,,464.1556701660156,,209.81362915039062,,108.18700408935547,,1127.2742919921875,,-6.982998371124268,,0.51953125,,1854.9671630859375,,1854.9671630859375,,0.48046875,,256.0,,0.20703125,,0.1945112943649292,,0.0,,,,,,,,,,,,,,
6,89549,,-0.26564258337020874,,992.942138671875,,28821.3671875,,8.0,,3.08487868309021,,0.0,,3.08487868309021,,2023.1500244140625,,554.8070068359375,,290.8345947265625,,113.82146453857422,,27828.42578125,,13.467667579650879,,0.45703125,,28824.451171875,,28824.451171875,,0.54296875,,256.0,,0.2119140625,,0.21652373671531677,,0.01171875,,,,,,,,,,,,,,
6,89571,,,,,,,,,,,,,,,,,,,,,,,,,,,,,,,,,,,,,,,,,,,-0.2606545090675354,823.5252685546875,6586.2236328125,0.0,5762.70068359375,0.034769874066114426,0.4998077154159546,823.5252685546875,6586.2236328125,0.5001922845840454,255.98416137695312,0.2058289498090744,0.20424562692642212,0.0010014981962740421
6,89571,-0.26072144508361816,,916.119873046875,,25478.16015625,,8.0,,3.129969835281372,,0.09173765033483505,,3.129969835281372,,2223.8076171875,,420.8177795410156,,248.8668212890625,,118.46369171142578,,24562.06640625,,7.270029544830322,,0.4992862641811371,,25481.294921875,,25481.294921875,,0.5007137060165405,,256.0,,0.19341354072093964,,0.19014392793178558,,0.0051496196538209915,,,,,,,,,,,,,,,
7,89599,,-0.25731703639030457,,1067.72265625,,56118.67578125,,8.0,,3.061647891998291,,0.0,,3.061647891998291,,2158.2705078125,,478.6357421875,,227.21368408203125,,112.57644653320312,,55050.953125,,24.289749145507812,,0.51171875,,56121.73828125,,56121.73828125,,0.48828125,,256.0,,0.154296875,,0.16408869624137878,,0.01171875,,,,,,,,,,,,,,
7,89649,,-0.270440936088562,,848.0125122070312,,25240.125,,8.0,,3.053525924682617,,0.25,,3.053525924682617,,2266.6708984375,,512.142822265625,,234.28916931152344,,110.5365219116211,,24392.11328125,,5.369632720947266,,0.54296875,,25243.177734375,,25243.177734375,,0.45703125,,256.0,,0.208984375,,0.21561738848686218,,0.00390625,,,,,,,,,,,,,,
7,89699,,-0.2566096782684326,,845.633056640625,,2387.716796875,,8.0,,3.3165769577026367,,0.0,,3.3165769577026367,,2111.363037109375,,478.86517333984375,,289.901611328125,,120.16326904296875,,1542.0838623046875,,-5.58115291595459,,0.53125,,2391.033447265625,,2391.033447265625,,0.46875,,256.0,,0.265625,,0.27689117193222046,,0.00390625,,,,,,,,,,,,,,
7,89749,,-0.2459946572780609,,1002.638427734375,,59088.71875,,8.0,,3.150707244873047,,0.125,,3.150707244873047,,2066.214111328125,,465.09075927734375,,222.4570770263672,,110.44084930419922,,58086.08203125,,30.229949951171875,,0.50390625,,59091.87109375,,59091.87109375,,0.49609375,,256.0,,0.1376953125,,0.15904498100280762,,0.0078125,,,,,,,,,,,,,,
7,89799,,-0.2676871418952942,,764.8829956054688,,2076.869384765625,,8.0,,3.146251678466797,,0.125,,3.146251678466797,,2327.677734375,,325.6209411621094,,256.78643798828125,,130.54345703125,,1311.9864501953125,,-1.060652256011963,,0.44140625,,2080.015625,,2080.015625,,0.55859375,,256.0,,0.26171875,,0.2821342349052429,,0.0,,,,,,,,,,,,,,
7,89849,,-0.2650375962257385,,858.3502197265625,,2410.04638671875,,8.0,,2.9481043815612793,,0.125,,2.9481043815612793,,2235.9794921875,,549.8021240234375,,237.35824584960938,,147.40965270996094,,1551.6962890625,,2.8495821952819824,,0.515625,,2412.994384765625,,2412.994384765625,,0.484375,,256.0,,0.251953125,,0.2533515989780426,,0.00390625,,,,,,,,,,,,,,
7,89899,,-0.2572982907295227,,1133.227294921875,,75340.7109375,,8.0,,3.03730845451355,,0.125,,3.03730845451355,,1720.458740234375,,562.5198364257812,,304.9527893066406,,99.51579284667969,,74207.484375,,29.855392456054688,,0.484375,,75343.75,,75343.75,,0.515625,,256.0,,0.1279296875,,0.13537846505641937,,0.0078125,,,,,,,,,,,,,,
7,89949,,-0.25965067744255066,,1150.840087890625,,73161.4921875,,8.0,,3.108829975128174,,0.125,,3.108829975128174,,2028.32861328125,,467.587646484375,,234.1058807373047,,99.53501892089844,,72010.6484375,,31.865503311157227,,0.48828125,,73164.6015625,,73164.6015625,,0.51171875,,256.0,,0.23046875,,0.25639790296554565,,0.0078125,,,,,,,,,,,,,,
7,89999,,-0.25802069902420044,,773.251708984375,,2197.0458984375,,8.0,,2.9068446159362793,,0.125,,2.9068446159362793,,2414.68408203125,,356.9106750488281,,227.97555541992188,,121.18920135498047,,1423.794189453125,,-5.6683173179626465,,0.46484375,,2199.95263671875,,2199.95263671875,,0.53515625,,256.0,,0.2451171875,,0.22742432355880737,,0.0,,,,,,,,,,,,,,
7,90049,,-0.2610689103603363,,783.0733642578125,,1941.2608642578125,,8.0,,3.280890464782715,,0.125,,3.280890464782715,,2293.140625,,347.71539306640625,,237.4927520751953,,119.72198486328125,,1158.1875,,-5.743233680725098,,0.53125,,1944.541748046875,,1944.541748046875,,0.46875,,256.0,,0.1865234375,,0.2026103138923645,,0.0,,,,,,,,,,,,,,
7,90099,,-0.2543523609638214,,1254.2996826171875,,88610.9453125,,8.0,,3.196484088897705,,0.0,,3.196484088897705,,2257.86865234375,,326.8475341796875,,235.73757934570312,,117.76451110839844,,87356.6484375,,29.436006546020508,,0.5390625,,88614.140625,,88614.140625,,0.4609375,,256.0,,0.1767578125,,0.1905488222837448,,0.01171875,,,,,,,,,,,,,,
7,90149,,-0.261932373046875,,774.1834716796875,,2202.572998046875,,8.0,,3.1035614013671875,,0.125,,3.1035614013671875,,2463.768798828125,,215.1683807373047,,206.56849670410156,,129.95689392089844,,1428.3895263671875,,1.8375613689422607,,0.4765625,,2205.676513671875,,2205.676513671875,,0.5234375,,256.0,,0.126953125,,0.09552216529846191,,0.0,,,,,,,,,,,,,,
7,90199,,-0.2627227008342743,,1008.7838745117188,,39001.05859375,,8.0,,3.072218894958496,,0.25,,3.072218894958496,,1910.7139892578125,,514.693115234375,,319.0166320800781,,117.10681915283203,,37992.2734375,,15.0604829788208,,0.421875,,39004.12890625,,39004.12890625,,0.578125,,256.0,,0.21875,,0.21397683024406433,,0.0078125,,,,,,,,,,,,,,
7,90249,,-0.25681623816490173,,918.1285400390625,,42939.16796875,,8.0,,2.981517791748047,,0.25,,2.981517791748047,,2194.55419921875,,552.1609497070312,,297.42950439453125,,92.78619384765625,,42021.0390625,,15.065092086791992,,0.48828125,,42942.1484375,,42942.1484375,,0.51171875,,256.0,,0.21875,,0.20973992347717285,,0.00390625,,,,,,,,,,,,,,
7,90299,,-0.25582629442214966,,773.7141723632812,,2251.357666015625,,8.0,,3.283851146697998,,0.0,,3.283851146697998,,2363.1181640625,,297.2142028808594,,226.7072296142578,,114.40209197998047,,1477.6434326171875,,-2.7937774658203125,,0.5,,2254.6416015625,,2254.6416015625,,0.5,,256.0,,0.2197265625,,0.21526238322257996,,0.0,,,,,,,,,,,,,,
7,90349,,-0.279086709022522,,942.3204345703125,,2015.2816162109375,,8.0,,3.099142551422119,,0.0,,3.099142551422119,,2227.91552734375,,413.6156005859375,,274.158203125,,142.743408203125,,1072.961181640625,,-0.8883309364318848,,0.5,,2018.3807373046875,,2018.3807373046875,,0.5,,256.0,,0.2265625,,0.21980300545692444,,0.0078125,,,,,,,,,,,,,,
7,90399,,-0.263180136680603,,886.98828125,,45660.6171875,,8.0,,2.982938051223755,,0.25,,2.982938051223755,,2076.962890625,,397.396728515625,,242.41165161132812,,102.86593627929688,,44773.62890625,,19.251611709594727,,0.49609375,,45663.6015625,,45663.6015625,,0.50390625,,256.0,,0.291015625,,0.27706992626190186,,0.00390625,,,,,,,,,,,,,,
7,90449,,-0.2624625563621521,,842.9541015625,,2034.9268798828125,,8.0,,2.868753671646118,,0.25,,2.868753671646118,,2201.0048828125,,631.4293212890625,,264.8954162597656,,135.177490234375,,1191.9727783203125,,-4.366952419281006,,0.5078125,,2037.795654296875,,2037.795654296875,,0.4921875,,256.0,,0.2119140625,,0.1945119947195053,,0.00390625,,,,,,,,,,,,,,
7,90499,,-0.2793206572532654,,976.04296875,,36388.12890625,,8.0,,3.04875111579895,,0.25,,3.04875111579895,,2340.48193359375,,540.49365234375,,270.5670471191406,,127.49844360351562,,35412.0859375,,19.75765037536621,,0.515625,,36391.17578125,,36391.17578125,,0.484375,,256.0,,0.1357421875,,0.14101633429527283,,0.00390625,,,,,,,,,,,,,,
7,90549,,-0.26225340366363525,,1270.404541015625,,105905.46875,,8.0,,3.0748486518859863,,0.125,,3.0748486518859863,,2177.293212890625,,430.8674621582031,,243.45921325683594,,115.57488250732422,,104635.0625,,38.705501556396484,,0.5390625,,105908.546875,,105908.546875,,0.4609375,,256.0,,0.265625,,0.24473810195922852,,0.01171875,,,,,,,,,,,,,,
7,90599,,-0.26942646503448486,,1050.0321044921875,,57663.18359375,,8.0,,3.2830593585968018,,0.0,,3.2830593585968018,,1768.512451171875,,522.1463012695312,,337.42608642578125,,90.5572280883789,,56613.15234375,,29.496355056762695,,0.5546875,,57666.46484375,,57666.46484375,,0.4453125,,256.0,,0.2119140625,,0.21722206473350525,,0.0078125,,,,,,,,,,,,,,
7,90649,,-0.2660185694694519,,765.1502685546875,,1932.427734375,,8.0,,2.9638283252716064,,0.125,,2.9638283252716064,,2269.263671875,,429.7587890625,,287.8621520996094,,112.36808013916016,,1167.2774658203125,,-0.17744986712932587,,0.484375,,1935.3916015625,,1935.3916015625,,0.515625,,256.0,,0.142578125,,0.15510044991970062,,0.0,,,,,,,,,,,,,,
7,90699,,-0.2547138035297394,,798.6685791015625,,2109.184326171875,,8.0,,3.1307973861694336,,0.125,,3.1307973861694336,,2415.5068359375,,440.0970764160156,,193.25640869140625,,129.40029907226562,,1310.5157470703125,,-0.4917502999305725,,0.52734375,,2112.315185546875,,2112.315185546875,,0.47265625,,256.0,,0.1875,,0.19838456809520721,,0.0,,,,,,,,,,,,,,
7,90749,,-0.2640305459499359,,868.5733642578125,,26360.654296875,,8.0,,3.3133316040039062,,0.0,,3.3133316040039062,,2225.817626953125,,249.39901733398438,,262.48406982421875,,115.6595458984375,,25492.080078125,,13.535133361816406,,0.5078125,,26363.966796875,,26363.966796875,,0.4921875,,256.0,,0.201171875,,0.18219885230064392,,0.00390625,,,,,,,,,,,,,,
7,90799,,-0.28399044275283813,,839.6197509765625,,1969.4378662109375,,8.0,,2.9619808197021484,,0.125,,2.9619808197021484,,2287.39306640625,,381.6898498535156,,275.4831237792969,,142.4022216796875,,1129.818115234375,,-4.059986591339111,,0.4765625,,1972.39990234375,,1972.39990234375,,0.5234375,,256.0,,0.220703125,,0.2200620472431183,,0.00390625,,,,,,,,,,,,,,
7,90849,,-0.2703004479408264,,879.4891967773438,,2343.39306640625,,8.0,,3.241563558578491,,0.125,,3.241563558578491,,2233.224365234375,,378.1184997558594,,313.3065185546875,,116.35607147216797,,1463.90380859375,,3.8015670776367188,,0.55859375,,2346.634521484375,,2346.634521484375,,0.44140625,,256.0,,0.224609375,,0.2414754033088684,,0.00390625,,,,,,,,,,,,,,
7,90899,,-0.27062317728996277,,808.3030395507812,,2751.276611328125,,8.0,,3.104191303253174,,0.125,,3.104191303253174,,2037.360107421875,,577.4548950195312,,248.3074188232422,,129.6897735595703,,1942.9736328125,,-11.832369804382324,,0.49609375,,2754.380859375,,2754.380859375,,0.50390625,,256.0,,0.2060546875,,0.23119297623634338,,0.0,,,,,,,,,,,,,,
7,90949,,-0.2803451418876648,,714.7920532226562,,1959.86083984375,,8.0,,3.1185736656188965,,0.25,,3.1185736656188965,,2383.99658203125,,314.81817626953125,,181.4386444091797,,114.6225814819336,,1245.06884765625,,-3.384727716445923,,0.49609375,,1962.9793701171875,,1962.9793701171875,,0.50390625,,256.0,,0.314453125,,0.3157269358634949,,0.0,,,,,,,,,,,,,,
7,90999,,-0.25259625911712646,,1315.5390625,,111256.1484375,,8.0,,3.0102639198303223,,0.0,,3.0102639198303223,,2156.52490234375,,502.8687744140625,,261.4532775878906,,128.94810485839844,,109940.609375,,49.09585952758789,,0.4921875,,111259.15625,,111259.15625,,0.5078125,,256.0,,0.2265625,,0.22992530465126038,,0.01171875,,,,,,,,,,,,,,
7,91049,,-0.25974974036216736,,1043.4227294921875,,41297.59765625,,8.0,,3.1543757915496826,,0.125,,3.1543757915496826,,2105.65673828125,,429.241455078125,,257.5966491699219,,130.30677795410156,,40254.17578125,,17.623769760131836,,0.515625,,41300.75390625,,41300.75390625,,0.484375,,256.0,,0.1748046875,,0.20145297050476074,,0.00390625,,,,,,,,,,,,,,
7,91099,,-0.2546345889568329,,925.793701171875,,38771.890625,,8.0,,3.192842960357666,,0.0,,3.192842960357666,,2349.1533203125,,239.80238342285156,,263.89862060546875,,132.02874755859375,,37846.09765625,,10.795374870300293,,0.5078125,,38775.08203125,,38775.08203125,,0.4921875,,256.0,,0.19921875,,0.21221348643302917,,0.00390625,,,,,,,,,,,,,,
7,91149,,-0.2664870023727417,,897.427978515625,,33766.83203125,,8.0,,3.120077133178711,,0.125,,3.120077133178711,,2047.9627685546875,,533.5595092773438,,302.8681640625,,149.34181213378906,,32869.40234375,,16.42514991760254,,0.5078125,,33769.953125,,33769.953125,,0.4921875,,256.0,,0.197265625,,0.1819653958082199,,0.00390625,,,,,,,,,,,,,,
7,91199,,-0.2657988667488098,,1065.1263427734375,,26597.908203125,,8.0,,3.0524215698242188,,0.0,,3.0524215698242188,,2274.82080078125,,382.7649841308594,,250.30279541015625,,134.5504150390625,,25532.78125,,6.189509391784668,,0.578125,,26600.9609375,,26600.9609375,,0.421875,,256.0,,0.2490234375,,0.2539905309677124,,0.01171875,,,,,,,,,,,,,,
7,91249,,-0.24876563251018524,,1060.64453125,,74269.140625,,8.0,,3.0326521396636963,,0.125,,3.0326521396636963,,2376.59765625,,321.079345703125,,193.49960327148438,,108.2281494140625,,73208.5,,34.28853225708008,,0.48046875,,74272.171875,,74272.171875,,0.51953125,,256.0,,0.302734375,,0.28556740283966064,,0.0078125,,,,,,,,,,,,,,
7,91299,,-0.25678861141204834,,996.8576049804688,,41525.32421875,,8.0,,3.1399617195129395,,0.0,,3.1399617195129395,,2308.65380859375,,248.22265625,,256.16339111328125,,117.40889739990234,,40528.46484375,,10.838926315307617,,0.484375,,41528.46484375,,41528.46484375,,0.515625,,256.0,,0.234375,,0.19495825469493866,,0.01171875,,,,,,,,,,,,,,
7,91349,,-0.25822100043296814,,753.7733764648438,,1949.65478515625,,8.0,,3.3192567825317383,,0.0,,3.3192567825317383,,2337.7412109375,,390.03955078125,,245.91812133789062,,101.43958282470703,,1195.88134765625,,-3.3416497707366943,,0.5390625,,1952.9739990234375,,1952.9739990234375,,0.4609375,,256.0,,0.2734375,,0.2646400034427643,,0.0,,,,,,,,,,,,,,
7,91399,,-0.2671281099319458,,1159.2652587890625,,62402.65234375,,8.0,,3.2325549125671387,,0.0,,3.2325549125671387,,2037.68994140625,,451.2745056152344,,228.14569091796875,,103.9151840209961,,61243.38671875,,21.034996032714844,,0.5234375,,62405.88671875,,62405.88671875,,0.4765625,,256.0,,0.1787109375,,0.18336153030395508,,0.01171875,,,,,,,,,,,,,,
7,91449,,-0.26824748516082764,,1090.8287353515625,,45971.34375,,8.0,,3.062760353088379,,0.0,,3.062760353088379,,2270.972900390625,,299.4271240234375,,313.4244384765625,,124.42152404785156,,44880.515625,,16.6828556060791,,0.484375,,45974.40625,,45974.40625,,0.515625,,256.0,,0.2890625,,0.27506399154663086,,0.00390625,,,,,,,,,,,,,,
7,91499,,-0.2644045352935791,,757.9774169921875,,2067.24462890625,,8.0,,3.066906452178955,,0.125,,3.066906452178955,,2474.62353515625,,197.49252319335938,,172.53311157226562,,114.64505004882812,,1309.26708984375,,-3.22357439994812,,0.44921875,,2070.3115234375,,2070.3115234375,,0.55078125,,256.0,,0.099609375,,0.11209285259246826,,0.0,,,,,,,,,,,,,,
7,91549,,-0.2698562741279602,,848.0792236328125,,2598.660400390625,,8.0,,3.0842528343200684,,0.0,,3.0842528343200684,,2344.287353515625,,307.4225769042969,,200.18406677246094,,96.10293579101562,,1750.5811767578125,,-1.1909881830215454,,0.49609375,,2601.74462890625,,2601.74462890625,,0.50390625,,256.0,,0.1787109375,,0.18866926431655884,,0.0078125,,,,,,,,,,,,,,
7,91599,,-0.26355496048927307,,894.3619995117188,,37466.546875,,8.0,,3.1862192153930664,,0.0,,3.1862192153930664,,2048.1572265625,,547.7774047851562,,253.84573364257812,,124.61062622070312,,36572.18359375,,9.845426559448242,,0.5,,37469.734375,,37469.734375,,0.5,,256.0,,0.1845703125,,0.17569652199745178,,0.00390625,,,,,,,,,,,,,,
7,91649,,-0.26014262437820435,,756.1138916015625,,2290.7783203125,,8.0,,3.10378098487854,,0.125,,3.10378098487854,,1841.779052734375,,468.3619079589844,,276.4004211425781,,109.20565795898438,,1534.664306640625,,0.43980494141578674,,0.48828125,,2293.882080078125,,2293.882080078125,,0.51171875,,256.0,,0.255859375,,0.26826876401901245,,0.0,,,,,,,,,,,,,,
7,91699,,-0.26082852482795715,,1219.275634765625,,65901.6640625,,8.0,,3.1364364624023438,,0.25,,3.1364364624023438,,2185.97216796875,,527.8599853515625,,231.18283081054688,,131.7414093017578,,64682.390625,,25.363874435424805,,0.5078125,,65904.796875,,65904.796875,,0.4921875,,256.0,,0.3046875,,0.2915433347225189,,0.01953125,,,,,,,,,,,,,,
7,91749,,-0.2602481245994568,,875.8469848632812,,2238.7861328125,,8.0,,3.1860604286193848,,0.25,,3.1860604286193848,,2481.153076171875,,589.9446411132812,,190.3824920654297,,118.94847869873047,,1362.939208984375,,6.920029163360596,,0.46875,,2241.97216796875,,2241.97216796875,,0.53125,,256.0,,0.26171875,,0.2640288770198822,,0.0,,,,,,,,,,,,,,
7,91799,,-0.26979684829711914,,778.662841796875,,2050.015869140625,,8.0,,3.2227556705474854,,0.125,,3.2227556705474854,,2387.73779296875,,444.8180847167969,,178.5674591064453,,135.4680938720703,,1271.35302734375,,-4.334053039550781,,0.4296875,,2053.238525390625,,2053.238525390625,,0.5703125,,256.0,,0.09423828125,,0.07982414215803146,,0.00390625,,,,,,,,,,,,,,
7,91849,,-0.2594165802001953,,844.6134643554688,,2412.895751953125,,8.0,,3.0476021766662598,,0.25,,3.0476021766662598,,2319.578369140625,,295.31256103515625,,258.29156494140625,,123.69052124023438,,1568.2822265625,,-11.398876190185547,,0.44921875,,2415.943359375,,2415.943359375,,0.55078125,,256.0,,0.1767578125,,0.18481425940990448,,0.00390625,,,,,,,,,,,,,,
7,91899,,-0.2745785117149353,,815.7658081054688,,2295.29150390625,,8.0,,3.1063365936279297,,0.25,,3.1063365936279297,,2180.085693359375,,614.521728515625,,283.87799072265625,,131.83575439453125,,1479.525634765625,,-6.446944713592529,,0.4921875,,2298.39794921875,,2298.39794921875,,0.5078125,,256.0,,0.1796875,,0.16224901378154755,,0.0,,,,,,,,,,,,,,
7,91949,,-0.2715194523334503,,807.8012084960938,,2256.67578125,,8.0,,2.902377128601074,,0.125,,2.902377128601074,,2449.38623046875,,276.09906005859375,,257.7093811035156,,147.1156768798828,,1448.87451171875,,-6.701510429382324,,0.50390625,,2259.578125,,2259.578125,,0.49609375,,256.0,,0.1435546875,,0.15087221562862396,,0.0,,,,,,,,,,,,,,
7,91999,,-0.2634679675102234,,893.51416015625,,2548.6865234375,,8.0,,3.083101511001587,,0.0,,3.083101511001587,,1905.164306640625,,713.1741943359375,,312.0730285644531,,116.51675415039062,,1655.1724853515625,,-6.077938079833984,,0.52734375,,2551.76953125,,2551.76953125,,0.47265625,,256.0,,0.2890625,,0.2889900207519531,,0.0078125,,,,,,,,,,,,,,
7,92049,,-0.26178789138793945,,920.336181640625,,23700.841796875,,8.0,,3.137378692626953,,0.0,,3.137378692626953,,2216.20703125,,512.283203125,,240.72935485839844,,104.36998748779297,,22780.505859375,,10.095934867858887,,0.50390625,,23703.978515625,,23703.978515625,,0.49609375,,256.0,,0.21484375,,0.21839764714241028,,0.0078125,,,,,,,,,,,,,,
7,92099,,-0.259809285402298,,865.9827880859375,,27062.84765625,,8.0,,3.1395888328552246,,0.0,,3.1395888328552246,,2047.172119140625,,444.46673583984375,,258.6802978515625,,84.0960693359375,,26196.865234375,,6.1553168296813965,,0.51953125,,27065.986328125,,27065.986328125,,0.48046875,,256.0,,0.15625,,0.16275964677333832,,0.0078125,,,,,,,,,,,,,,
7,92149,,-0.2621636986732483,,789.0344848632812,,2400.551025390625,,8.0,,3.1740033626556396,,0.125,,3.1740033626556396,,2016.759033203125,,527.8345947265625,,311.891845703125,,79.37571716308594,,1611.5166015625,,-3.879554033279419,,0.421875,,2403.72509765625,,2403.72509765625,,0.578125,,256.0,,0.1435546875,,0.1521870344877243,,0.0,,,,,,,,,,,,,,
7,92199,,-0.2527352571487427,,792.4534301757812,,2381.107177734375,,8.0,,3.103435516357422,,0.125,,3.103435516357422,,2166.927734375,,554.7962036132812,,248.8882598876953,,149.51470947265625,,1588.65380859375,,-1.2971010208129883,,0.4609375,,2384.210693359375,,2384.210693359375,,0.5390625,,256.0,,0.248046875,,0.24848799407482147,,0.0,,,,,,,,,,,,,,
7,92249,,-0.2448333501815796,,757.7052001953125,,2288.538330078125,,8.0,,3.2673211097717285,,0.0,,3.2673211097717285,,2233.701171875,,305.4314880371094,,250.6649169921875,,117.92169952392578,,1530.8331298828125,,-2.325371742248535,,0.4765625,,2291.8056640625,,2291.8056640625,,0.5234375,,256.0,,0.279296875,,0.26511791348457336,,0.0,,,,,,,,,,,,,,
7,92299,,-0.2533608078956604,,1248.96337890625,,95398.171875,,8.0,,3.2387404441833496,,0.125,,3.2387404441833496,,2027.857421875,,569.9420166015625,,257.31903076171875,,121.25577545166016,,94149.2109375,,34.911678314208984,,0.546875,,95401.4140625,,95401.4140625,,0.453125,,256.0,,0.2060546875,,0.2078373283147812,,0.015625,,,,,,,,,,,,,,
7,92349,,-0.25624436140060425,,923.3890991210938,,30693.689453125,,8.0,,3.2333574295043945,,0.125,,3.2333574295043945,,2220.455810546875,,232.35873413085938,,264.6691589355469,,121.92070007324219,,29770.30078125,,11.211018562316895,,0.53125,,30696.921875,,30696.921875,,0.46875,,256.0,,0.26171875,,0.25224781036376953,,0.00390625,,,,,,,,,,,,,,
7,92399,,-0.26970374584198,,926.9600219726562,,2330.427490234375,,8.0,,3.1417503356933594,,0.125,,3.1417503356933594,,2172.30615234375,,523.17919921875,,257.4886779785156,,126.23220825195312,,1403.467529296875,,-1.0603785514831543,,0.46875,,2333.5693359375,,2333.5693359375,,0.53125,,256.0,,0.263671875,,0.24991564452648163,,0.00390625,,,,,,,,,,,,,,
7,92449,,-0.2615529000759125,,832.1705322265625,,2238.31640625,,8.0,,3.170222282409668,,0.0,,3.170222282409668,,2351.814453125,,231.74423217773438,,240.34616088867188,,112.45307922363281,,1406.14599609375,,-6.336920738220215,,0.48046875,,2241.486572265625,,2241.486572265625,,0.51953125,,256.0,,0.1953125,,0.18057510256767273,,0.0078125,,,,,,,,,,,,,,
7,92499,,-0.2496732473373413,,908.6800537109375,,31257.58984375,,8.0,,3.193437099456787,,0.125,,3.193437099456787,,2338.3955078125,,326.7025451660156,,274.142578125,,140.68678283691406,,30348.91015625,,9.781712532043457,,0.546875,,31260.783203125,,31260.783203125,,0.453125,,256.0,,0.2578125,,0.24850837886333466,,0.00390625,,,,,,,,,,,,,,
7,92549,,-0.25355446338653564,,808.1912231445312,,2258.420166015625,,8.0,,3.3537278175354004,,0.0,,3.3537278175354004,,2163.13525390625,,313.8459777832031,,258.98394775390625,,94.40126037597656,,1450.22900390625,,3.265022039413452,,0.515625,,2261.77392578125,,2261.77392578125,,0.484375,,256.0,,0.173828125,,0.1808805912733078,,0.0,,,,,,,,,,,,,,
7,92599,,-0.2631416320800781,,860.4343872070312,,2250.671142578125,,8.0,,3.117588520050049,,0.125,,3.117588520050049,,2447.91455078125,,371.73760986328125,,186.36871337890625,,106.97785949707031,,1390.2366943359375,,-0.4003407657146454,,0.4921875,,2253.788818359375,,2253.788818359375,,0.5078125,,256.0,,0.1533203125,,0.1429184079170227,,0.00390625,,,,,,,,,,,,,,
7,92649,,-0.2534826695919037,,986.8028564453125,,39462.95703125,,8.0,,3.3037312030792236,,0.0,,3.3037312030792236,,2414.659912109375,,336.3925476074219,,234.9884033203125,,127.69992065429688,,38476.15234375,,10.258892059326172,,0.56640625,,39466.26171875,,39466.26171875,,0.43359375,,256.0,,0.228515625,,0.22232258319854736,,0.00390625,,,,,,,,,,,,,,
7,92699,,-0.24886521697044373,,771.5062255859375,,2742.464599609375,,8.0,,3.3061437606811523,,0.0,,3.3061437606811523,,2398.62939453125,,629.2684936523438,,221.39749145507812,,119.57991027832031,,1970.9583740234375,,-6.924036979675293,,0.5,,2745.770751953125,,2745.770751953125,,0.5,,256.0,,0.1279296875,,0.12400075793266296,,0.0,,,,,,,,,,,,,,
7,92749,,-0.25839680433273315,,1154.1116943359375,,57153.00390625,,8.0,,2.875197410583496,,0.125,,2.875197410583496,,2312.972900390625,,398.9952697753906,,233.02804565429688,,135.82937622070312,,55998.890625,,30.926645278930664,,0.52734375,,57155.87890625,,57155.87890625,,0.47265625,,256.0,,0.2177734375,,0.1900329291820526,,0.01953125,,,,,,,,,,,,,,
7,92799,,-0.26232606172561646,,953.1292114257812,,41964.41015625,,8.0,,3.1430587768554688,,0.0,,3.1430587768554688,,2065.961669921875,,724.682373046875,,246.66180419921875,,135.81251525878906,,41011.28125,,16.045230865478516,,0.5234375,,41967.5546875,,41967.5546875,,0.4765625,,256.0,,0.16796875,,0.20311281085014343,,0.0078125,,,,,,,,,,,,,,
7,92849,,-0.2652239501476288,,949.7213134765625,,35455.1171875,,8.0,,3.2677977085113525,,0.125,,3.2677977085113525,,2411.213134765625,,337.0634460449219,,210.14404296875,,116.24044799804688,,34505.39453125,,10.669900894165039,,0.51171875,,35458.38671875,,35458.38671875,,0.48828125,,256.0,,0.1982421875,,0.2204192727804184,,0.0078125,,,,,,,,,,,,,,
7,92899,,-0.25618940591812134,,1083.4910888671875,,80630.5390625,,8.0,,3.0979065895080566,,0.125,,3.0979065895080566,,2468.6123046875,,319.41033935546875,,216.73211669921875,,114.81353759765625,,79547.046875,,32.19194793701172,,0.5078125,,80633.640625,,80633.640625,,0.4921875,,256.0,,0.12060546875,,0.12730644643306732,,0.0078125,,,,,,,,,,,,,,
7,92949,,-0.2661033868789673,,865.0816040039062,,2486.532958984375,,8.0,,3.253206729888916,,0.125,,3.253206729888916,,2176.162109375,,436.2884521484375,,261.8320007324219,,124.62440490722656,,1621.451416015625,,-2.818204641342163,,0.484375,,2489.7861328125,,2489.7861328125,,0.515625,,256.0,,0.181640625,,0.16463272273540497,,0.0,,,,,,,,,,,,,,
7,92999,,-0.26233142614364624,,960.7296752929688,,37705.94140625,,8.0,,3.24930477142334,,0.0,,3.24930477142334,,2165.52490234375,,276.73681640625,,208.95632934570312,,135.8197479248047,,36745.2109375,,15.616164207458496,,0.5,,37709.19140625,,37709.19140625,,0.5,,256.0,,0.24609375,,0.24715778231620789,,0.0078125,,,,,,,,,,,,,,
7,93049,,-0.2658945620059967,,933.3402099609375,,31243.59765625,,8.0,,3.1844136714935303,,0.0,,3.1844136714935303,,2156.00439453125,,297.1722717285156,,259.14654541015625,,136.7088623046875,,30310.2578125,,13.618236541748047,,0.52734375,,31246.78125,,31246.78125,,0.47265625,,256.0,,0.138671875,,0.14318418502807617,,0.00390625,,,,,,,,,,,,,,
7,93099,,-0.2606534957885742,,781.2327880859375,,2113.87890625,,8.0,,3.263136386871338,,0.0,,3.263136386871338,,2213.4033203125,,309.1094055175781,,266.212646484375,,124.99571990966797,,1332.6461181640625,,-3.462003231048584,,0.51953125,,2117.14208984375,,2117.14208984375,,0.48046875,,256.0,,0.11279296875,,0.12171304225921631,,0.0,,,,,,,,,,,,,,
7,93149,,-0.2583354711532593,,869.5716552734375,,25052.353515625,,8.0,,3.2095212936401367,,0.0,,3.2095212936401367,,2225.87451171875,,327.8886413574219,,278.3906555175781,,105.55833435058594,,24182.78125,,14.744049072265625,,0.50390625,,25055.5625,,25055.5625,,0.49609375,,256.0,,0.1455078125,,0.13688887655735016,,0.0078125,,,,,,,,,,,,,,
7,93199,,-0.27127939462661743,,810.8058471679688,,27097.587890625,,8.0,,2.8929624557495117,,0.375,,2.8929624557495117,,2361.83349609375,,269.40576171875,,240.29583740234375,,111.81716918945312,,26286.78125,,9.4904146194458,,0.51953125,,27100.48046875,,27100.48046875,,0.48046875,,256.0,,0.1806640625,,0.18477222323417664,,0.00390625,,,,,,,,,,,,,,
7,93249,,-0.24492406845092773,,964.53173828125,,36097.70703125,,8.0,,3.089539051055908,,0.25,,3.089539051055908,,2182.896728515625,,444.44708251953125,,224.63507080078125,,123.16995239257812,,35133.17578125,,14.886441230773926,,0.5625,,36100.796875,,36100.796875,,0.4375,,256.0,,0.18359375,,0.18429963290691376,,0.01171875,,,,,,,,,,,,,,
7,93299,,-0.2702638804912567,,911.1671142578125,,30229.94921875,,8.0,,3.0313057899475098,,0.25,,3.0313057899475098,,2105.431640625,,586.1341552734375,,258.2296447753906,,112.05680847167969,,29318.78125,,6.700867176055908,,0.51171875,,30232.98046875,,30232.98046875,,0.48828125,,256.0,,0.1904296875,,0.18166431784629822,,0.00390625,,,,,,,,,,,,,,
7,93349,,-0.238224595785141,,823.0089721679688,,2226.235107421875,,8.0,,3.2665958404541016,,0.125,,3.2665958404541016,,2258.666748046875,,328.92462158203125,,199.49288940429688,,122.12773132324219,,1403.22607421875,,-1.7587918043136597,,0.5234375,,2229.501708984375,,2229.501708984375,,0.4765625,,256.0,,0.28515625,,0.2627655565738678,,0.0078125,,,,,,,,,,,,,,
7,93399,,-0.2626428008079529,,802.5042114257812,,2125.255615234375,,8.0,,3.284332752227783,,0.0,,3.284332752227783,,2317.935546875,,273.2948913574219,,234.58328247070312,,124.73370361328125,,1322.75146484375,,-4.681943416595459,,0.515625,,2128.5400390625,,2128.5400390625,,0.484375,,256.0,,0.1669921875,,0.17184428870677948,,0.0,,,,,,,,,,,,,,
7,93449,,-0.2545468807220459,,968.4237670898438,,35955.01953125,,8.0,,3.36498761177063,,0.0,,3.36498761177063,,2256.529541015625,,519.2379150390625,,286.13946533203125,,114.13636016845703,,34986.59765625,,17.18917465209961,,0.55078125,,35958.3828125,,35958.3828125,,0.44921875,,256.0,,0.2373046875,,0.226075679063797,,0.0078125,,,,,,,,,,,,,,
7,93499,,-0.24973003566265106,,996.2494506835938,,42145.34375,,8.0,,3.0299124717712402,,0.125,,3.0299124717712402,,2053.716796875,,409.9272155761719,,284.96990966796875,,132.7195587158203,,41149.09375,,16.769643783569336,,0.5,,42148.375,,42148.375,,0.5,,256.0,,0.1337890625,,0.13598941266536713,,0.0078125,,,,,,,,,,,,,,
7,93549,,-0.2650928497314453,,1078.240966796875,,81082.5859375,,8.0,,3.028855562210083,,0.0,,3.028855562210083,,2573.51708984375,,296.5849304199219,,229.10211181640625,,109.76618957519531,,80004.34375,,31.324462890625,,0.515625,,81085.6171875,,81085.6171875,,0.484375,,256.0,,0.1552734375,,0.13735264539718628,,0.0078125,,,,,,,,,,,,,,
7,93599,,-0.27529117465019226,,1117.503173828125,,78909.5625,,8.0,,3.180614948272705,,0.0,,3.180614948272705,,2322.31884765625,,381.3722839355469,,265.6578369140625,,121.99541473388672,,77792.0625,,21.13121223449707,,0.48828125,,78912.7421875,,78912.7421875,,0.51171875,,256.0,,0.1328125,,0.14207564294338226,,0.0078125,,,,,,,,,,,,,,
7,93649,,-0.2622793912887573,,896.0137939453125,,27586.47265625,,8.0,,3.069441080093384,,0.25,,3.069441080093384,,1959.17236328125,,524.0169677734375,,299.614990234375,,104.25279235839844,,26690.458984375,,3.846155881881714,,0.53125,,27589.54296875,,27589.54296875,,0.46875,,256.0,,0.1748046875,,0.18591126799583435,,0.00390625,,,,,,,,,,,,,,
7,93699,,-0.2583942413330078,,843.4851684570312,,27523.201171875,,8.0,,3.064493417739868,,0.125,,3.064493417739868,,2204.17626953125,,317.78497314453125,,228.0724639892578,,130.4206085205078,,26679.716796875,,9.737000465393066,,0.5234375,,27526.265625,,27526.265625,,0.4765625,,256.0,,0.1943359375,,0.17113816738128662,,0.00390625,,,,,,,,,,,,,,
7,93749,,-0.2663130462169647,,773.4276123046875,,3118.1357421875,,8.0,,3.08461856842041,,0.125,,3.08461856842041,,2214.6708984375,,684.3602294921875,,199.14089965820312,,108.4730224609375,,2344.708251953125,,-1.486850380897522,,0.546875,,3121.220458984375,,3121.220458984375,,0.453125,,256.0,,0.189453125,,0.20404919981956482,,0.0,,,,,,,,,,,,,,
7,93799,,-0.2679181694984436,,744.0851440429688,,2197.771728515625,,8.0,,3.254248857498169,,0.0,,3.254248857498169,,2020.8187255859375,,643.1550903320312,,282.8764343261719,,112.4212646484375,,1453.6866455078125,,-5.548562049865723,,0.4765625,,2201.02587890625,,2201.02587890625,,0.5234375,,256.0,,0.19921875,,0.17583540081977844,,0.00390625,,,,,,,,,,,,,,
7,93849,,-0.2520042657852173,,938.8204956054688,,33054.671875,,8.0,,3.1665611267089844,,0.125,,3.1665611267089844,,2299.19580078125,,484.2858581542969,,221.30462646484375,,129.21847534179688,,32115.8515625,,9.528640747070312,,0.4921875,,33057.83984375,,33057.83984375,,0.5078125,,256.0,,0.1416015625,,0.13648180663585663,,0.00390625,,,,,,,,,,,,,,
7,93899,,-0.2765694558620453,,811.6958618164062,,2185.340576171875,,8.0,,3.17175030708313,,0.25,,3.17175030708313,,2025.8831787109375,,405.87664794921875,,309.4879150390625,,125.97620391845703,,1373.6446533203125,,-6.034824848175049,,0.50390625,,2188.51220703125,,2188.51220703125,,0.49609375,,256.0,,0.203125,,0.19905130565166473,,0.0,,,,,,,,,,,,,,
7,93949,,-0.26948195695877075,,945.184814453125,,40657.2265625,,8.0,,3.1879804134368896,,0.125,,3.1879804134368896,,2240.699951171875,,302.4642639160156,,252.68905639648438,,126.15038299560547,,39712.04296875,,16.089540481567383,,0.46875,,40660.4140625,,40660.4140625,,0.53125,,256.0,,0.1865234375,,0.17782652378082275,,0.0078125,,,,,,,,,,,,,,
7,93999,,-0.2581486999988556,,1058.552978515625,,71605.7421875,,8.0,,3.00557279586792,,0.25,,3.00557279586792,,2363.3115234375,,352.8111267089844,,262.629638671875,,122.88805389404297,,70547.1875,,28.02914810180664,,0.51171875,,71608.75,,71608.75,,0.48828125,,256.0,,0.234375,,0.23771485686302185,,0.0078125,,,,,,,,,,,,,,
7,94049,,-0.2627759873867035,,853.94970703125,,24385.037109375,,8.0,,2.95841646194458,,0.25,,2.95841646194458,,2365.905517578125,,354.38446044921875,,259.405029296875,,118.52942657470703,,23531.087890625,,8.611133575439453,,0.51171875,,24387.99609375,,24387.99609375,,0.48828125,,256.0,,0.208984375,,0.22820620238780975,,0.00390625,,,,,,,,,,,,,,
7,94099,,-0.2567678689956665,,898.5519409179688,,28570.8203125,,8.0,,3.0510005950927734,,0.0,,3.0510005950927734,,2277.85791015625,,297.8351745605469,,297.1280822753906,,107.21463012695312,,27672.267578125,,9.218108177185059,,0.5234375,,28573.87109375,,28573.87109375,,0.4765625,,256.0,,0.29296875,,0.27904513478279114,,0.0078125,,,,,,,,,,,,,,
7,94149,,-0.26069408655166626,,945.8977661132812,,31413.06640625,,8.0,,3.1268715858459473,,0.0,,3.1268715858459473,,1601.313232421875,,658.028076171875,,301.289794921875,,116.79988861083984,,30467.16796875,,15.481684684753418,,0.51953125,,31416.193359375,,31416.193359375,,0.48046875,,256.0,,0.0986328125,,0.11368825286626816,,0.0078125,,,,,,,,,,,,,,
7,94199,,-0.2658272981643677,,726.6123046875,,2130.6494140625,,8.0,,3.1761460304260254,,0.25,,3.1761460304260254,,2258.58203125,,326.0964660644531,,204.53453063964844,,111.68650817871094,,1404.0369873046875,,-8.038365364074707,,0.51171875,,2133.825439453125,,2133.825439453125,,0.48828125,,256.0,,0.2373046875,,0.2363889217376709,,0.00390625,,,,,,,,,,,,,,
7,94249,,-0.26180845499038696,,693.7872314453125,,2498.61865234375,,8.0,,3.05224609375,,0.125,,3.05224609375,,2250.1259765625,,382.673095703125,,239.68966674804688,,143.64735412597656,,1804.8314208984375,,-7.257584095001221,,0.46875,,2501.6708984375,,2501.6708984375,,0.53125,,256.0,,0.1474609375,,0.15303224325180054,,0.00390625,,,,,,,,,,,,,,
7,94299,,-0.2601329982280731,,937.2337036132812,,43544.26953125,,8.0,,3.0697531700134277,,0.125,,3.0697531700134277,,2074.74072265625,,594.2846069335938,,239.72799682617188,,117.18096160888672,,42607.03515625,,12.033531188964844,,0.53125,,43547.33984375,,43547.33984375,,0.46875,,256.0,,0.1748046875,,0.18297886848449707,,0.00390625,,,,,,,,,,,,,,
7,94349,,-0.2557198405265808,,989.9461059570312,,57822.06640625,,8.0,,2.951856851577759,,0.125,,2.951856851577759,,2345.26220703125,,169.61148071289062,,167.66891479492188,,109.89940643310547,,56832.12109375,,21.728580474853516,,0.4921875,,57825.01953125,,57825.01953125,,0.5078125,,256.0,,0.2275390625,,0.22984856367111206,,0.0078125,,,,,,,,,,,,,,
7,94399,,-0.2756860852241516,,827.4300537109375,,2628.94482421875,,8.0,,3.0764856338500977,,0.0,,3.0764856338500977,,2485.60595703125,,223.78176879882812,,228.27456665039062,,115.67407989501953,,1801.5146484375,,-11.646925926208496,,0.46875,,2632.021240234375,,2632.021240234375,,0.53125,,256.0,,0.08056640625,,0.058379873633384705,,0.00390625,,,,,,,,,,,,,,
7,94449,,-0.2670164108276367,,790.287841796875,,1764.634765625,,8.0,,3.1246776580810547,,0.0,,3.1246776580810547,,2275.2900390625,,323.55145263671875,,194.28378295898438,,118.14683532714844,,974.3468627929688,,-3.202132225036621,,0.53125,,1767.7593994140625,,1767.7593994140625,,0.46875,,256.0,,0.17578125,,0.17307071387767792,,0.0,,,,,,,,,,,,,,
7,94499,,-0.25895237922668457,,790.4957885742188,,2317.016357421875,,8.0,,3.128671169281006,,0.25,,3.128671169281006,,2453.0048828125,,368.9372863769531,,231.86764526367188,,128.59205627441406,,1526.5206298828125,,-1.474473237991333,,0.52734375,,2320.14501953125,,2320.14501953125,,0.47265625,,256.0,,0.25,,0.25567084550857544,,0.0,,,,,,,,,,,,,,
7,94549,,-0.26161450147628784,,947.83544921875,,2537.88232421875,,8.0,,3.122152090072632,,0.125,,3.122152090072632,,2500.111328125,,385.3567810058594,,201.94921875,,114.06839752197266,,1590.046875,,-5.171694755554199,,0.52734375,,2541.00439453125,,2541.00439453125,,0.47265625,,256.0,,0.2333984375,,0.23992419242858887,,0.0078125,,,,,,,,,,,,,,
7,94599,,-0.2656404972076416,,1078.1824951171875,,37774.62109375,,8.0,,3.176849603652954,,0.0,,3.176849603652954,,2241.332275390625,,379.14959716796875,,204.2438201904297,,124.90865325927734,,36696.4375,,16.00279426574707,,0.54296875,,37777.796875,,37777.796875,,0.45703125,,256.0,,0.15625,,0.1553686559200287,,0.0078125,,,,,,,,,,,,,,
7,94649,,-0.2683248519897461,,1012.7513427734375,,46902.8828125,,8.0,,3.0296714305877686,,0.125,,3.0296714305877686,,2390.53955078125,,250.78948974609375,,227.351318359375,,136.5267333984375,,45890.1328125,,14.994874000549316,,0.4765625,,46905.9140625,,46905.9140625,,0.5234375,,256.0,,0.1572265625,,0.1383456289768219,,0.00390625,,,,,,,,,,,,,,
7,94699,,-0.2422522008419037,,977.932373046875,,35622.0390625,,8.0,,3.071735143661499,,0.0,,3.071735143661499,,2359.322998046875,,165.9635009765625,,277.9434509277344,,104.21269989013672,,34644.10546875,,13.99018669128418,,0.5234375,,35625.109375,,35625.109375,,0.4765625,,256.0,,0.259765625,,0.25329992175102234,,0.0078125,,,,,,,,,,,,,,
7,94749,,-0.2674545645713806,,1169.55810546875,,72647.5703125,,8.0,,2.9785327911376953,,0.125,,2.9785327911376953,,1963.939208984375,,524.3101806640625,,239.69686889648438,,114.28756713867188,,71478.015625,,35.078887939453125,,0.49609375,,72650.546875,,72650.546875,,0.50390625,,256.0,,0.2392578125,,0.2287558764219284,,0.01171875,,,,,,,,,,,,,,
7,94799,,-0.2664981484413147,,896.299072265625,,28000.5234375,,8.0,,3.3188796043395996,,0.0,,3.3188796043395996,,2418.06103515625,,511.7847900390625,,226.72085571289062,,146.91661071777344,,27104.224609375,,10.215819358825684,,0.51171875,,28003.841796875,,28003.841796875,,0.48828125,,256.0,,0.1650390625,,0.1939919888973236,,0.0078125,,,,,,,,,,,,,,
7,94849,,-0.2566690146923065,,706.3140869140625,,1749.7117919921875,,8.0,,3.1135759353637695,,0.125,,3.1135759353637695,,2382.80224609375,,173.3476104736328,,293.39923095703125,,114.73566436767578,,1043.397705078125,,-2.809577703475952,,0.4765625,,1752.8253173828125,,1752.8253173828125,,0.5234375,,256.0,,0.1826171875,,0.18041101098060608,,0.0,,,,,,,,,,,,,,
7,94899,,-0.2611810863018036,,895.7913818359375,,31682.962890625,,8.0,,3.054408550262451,,0.5,,3.054408550262451,,2275.517333984375,,313.9773254394531,,269.99859619140625,,126.94538879394531,,30787.171875,,7.520666122436523,,0.56640625,,31686.017578125,,31686.017578125,,0.43359375,,256.0,,0.1328125,,0.11741681396961212,,0.00390625,,,,,,,,,,,,,,
7,94949,,-0.2579825520515442,,710.4798583984375,,2034.516357421875,,8.0,,3.1914172172546387,,0.0,,3.1914172172546387,,2352.944091796875,,478.4537048339844,,196.03631591796875,,125.07931518554688,,1324.0364990234375,,1.1613247394561768,,0.5390625,,2037.707763671875,,2037.707763671875,,0.4609375,,256.0,,0.1806640625,,0.18580447137355804,,0.0,,,,,,,,,,,,,,
7,94999,,-0.2612389922142029,,788.6497802734375,,2297.75341796875,,8.0,,3.116577625274658,,0.0,,3.116577625274658,,2049.271240234375,,598.2191772460938,,234.06692504882812,,117.31939697265625,,1509.1036376953125,,-2.5283727645874023,,0.48046875,,2300.8701171875,,2300.8701171875,,0.51953125,,256.0,,0.2099609375,,0.18878667056560516,,0.00390625,,,,,,,,,,,,,,
7,95049,,-0.2628275752067566,,827.567626953125,,2555.383544921875,,8.0,,3.0679736137390137,,0.0,,3.0679736137390137,,2279.6455078125,,372.4949951171875,,253.05096435546875,,124.4822998046875,,1727.81591796875,,-7.066974639892578,,0.48828125,,2558.451416015625,,2558.451416015625,,0.51171875,,256.0,,0.11572265625,,0.11425197124481201,,0.0078125,,,,,,,,,,,,,,
7,95099,,-0.2674204707145691,,777.6430053710938,,2192.275146484375,,8.0,,3.0787458419799805,,0.0,,3.0787458419799805,,2119.734375,,466.929931640625,,237.70663452148438,,108.94163513183594,,1414.6322021484375,,0.49375468492507935,,0.44140625,,2195.35400390625,,2195.35400390625,,0.55859375,,256.0,,0.1650390625,,0.17735856771469116,,0.0,,,,,,,,,,,,,,
7,95149,,-0.26132509112358093,,933.263427734375,,38817.06640625,,8.0,,3.1807377338409424,,0.125,,3.1807377338409424,,2274.060546875,,215.96401977539062,,230.8327178955078,,119.89458465576172,,37883.8046875,,15.307537078857422,,0.46875,,38820.24609375,,38820.24609375,,0.53125,,256.0,,0.08642578125,,0.09364412724971771,,0.00390625,,,,,,,,,,,,,,
7,95199,,-0.2623136639595032,,760.142822265625,,1917.03076171875,,8.0,,3.3005309104919434,,0.0,,3.3005309104919434,,1901.706298828125,,526.0822143554688,,350.67144775390625,,58.09793472290039,,1156.887939453125,,-2.7831852436065674,,0.48046875,,1920.331298828125,,1920.331298828125,,0.51953125,,256.0,,0.1767578125,,0.16426728665828705,,0.0,,,,,,,,,,,,,,
7,95249,,-0.25828123092651367,,786.3096313476562,,2186.978515625,,8.0,,3.216500997543335,,0.0,,3.216500997543335,,2272.7138671875,,181.31727600097656,,294.12371826171875,,112.45022583007812,,1400.6688232421875,,-3.69820237159729,,0.4765625,,2190.195068359375,,2190.195068359375,,0.5234375,,256.0,,0.2021484375,,0.20163094997406006,,0.0,,,,,,,,,,,,,,
7,95299,,-0.2551788091659546,,799.0216064453125,,2602.2158203125,,8.0,,3.232661247253418,,0.0,,3.232661247253418,,2231.65185546875,,526.615966796875,,218.98756408691406,,120.92911529541016,,1803.194091796875,,1.2556612491607666,,0.4765625,,2605.448486328125,,2605.448486328125,,0.5234375,,256.0,,0.23046875,,0.21755048632621765,,0.0,,,,,,,,,,,,,,
7,95349,,-0.2631133198738098,,985.1898193359375,,32696.962890625,,8.0,,3.2174620628356934,,0.0,,3.2174620628356934,,2026.7022705078125,,601.6970825195312,,197.23187255859375,,110.57608795166016,,31711.7734375,,10.848398208618164,,0.52734375,,32700.1796875,,32700.1796875,,0.47265625,,256.0,,0.1640625,,0.16473335027694702,,0.0078125,,,,,,,,,,,,,,
7,95399,,-0.26964592933654785,,862.53369140625,,1979.9423828125,,8.0,,3.2770023345947266,,0.0,,3.2770023345947266,,2265.39892578125,,358.96722412109375,,232.015380859375,,141.38351440429688,,1117.40869140625,,-6.246489524841309,,0.5,,1983.2193603515625,,1983.2193603515625,,0.5,,256.0,,0.17578125,,0.17002642154693604,,0.0,,,,,,,,,,,,,,
7,95449,,-0.25561290979385376,,1095.83837890625,,73319.171875,,8.0,,3.1698431968688965,,0.0,,3.1698431968688965,,2178.891845703125,,485.2757873535156,,232.64022827148438,,125.02507781982422,,72223.3359375,,28.435325622558594,,0.5,,73322.34375,,73322.34375,,0.5,,256.0,,0.1748046875,,0.16437089443206787,,0.01171875,,,,,,,,,,,,,,
7,95499,,-0.25455379486083984,,794.1935424804688,,2475.02783203125,,8.0,,3.2431740760803223,,0.0,,3.2431740760803223,,2221.791259765625,,357.2516174316406,,300.4293212890625,,102.86702728271484,,1680.8343505859375,,-7.087651252746582,,0.484375,,2478.27099609375,,2478.27099609375,,0.515625,,256.0,,0.20703125,,0.1870826780796051,,0.0,,,,,,,,,,,,,,
7,95549,,-0.2543751895427704,,828.3590087890625,,2004.5714111328125,,8.0,,3.150824546813965,,0.25,,3.150824546813965,,2446.2412109375,,430.358642578125,,232.90457153320312,,121.20759582519531,,1176.21240234375,,-11.822559356689453,,0.4765625,,2007.7222900390625,,2007.7222900390625,,0.5234375,,256.0,,0.2236328125,,0.22153514623641968,,0.00390625,,,,,,,,,,,,,,
7,95599,,-0.2583376169204712,,990.9852905273438,,42200.7734375,,8.0,,3.080389976501465,,0.25,,3.080389976501465,,2088.2744140625,,511.23333740234375,,293.4625244140625,,119.31135559082031,,41209.7890625,,5.640097141265869,,0.45703125,,42203.85546875,,42203.85546875,,0.54296875,,256.0,,0.181640625,,0.16985973715782166,,0.00390625,,,,,,,,,,,,,,
7,95649,,-0.25219330191612244,,804.7456665039062,,2467.239990234375,,8.0,,3.2526190280914307,,0.0,,3.2526190280914307,,1728.156494140625,,547.41845703125,,306.4645690917969,,116.71382141113281,,1662.494384765625,,0.371756911277771,,0.4921875,,2470.49267578125,,2470.49267578125,,0.5078125,,256.0,,0.2314453125,,0.21566590666770935,,0.0078125,,,,,,,,,,,,,,
7,95699,,-0.24757973849773407,,759.4163818359375,,2043.6036376953125,,8.0,,3.211723804473877,,0.125,,3.211723804473877,,2217.238037109375,,687.364501953125,,237.7384490966797,,114.58769226074219,,1284.187255859375,,-2.1708481311798096,,0.5078125,,2046.8153076171875,,2046.8153076171875,,0.4921875,,256.0,,0.1396484375,,0.139774888753891,,0.0,,,,,,,,,,,,,,
7,95749,,-0.2636111378669739,,1169.3330078125,,64577.703125,,8.0,,2.9518301486968994,,0.25,,2.9518301486968994,,2010.406005859375,,657.6920776367188,,293.81524658203125,,116.11981201171875,,63408.37109375,,25.67645263671875,,0.51171875,,64580.65625,,64580.65625,,0.48828125,,256.0,,0.2421875,,0.2615962028503418,,0.0078125,,,,,,,,,,,,,,
7,95799,,-0.27336281538009644,,987.7263793945312,,48926.6484375,,8.0,,3.1862893104553223,,0.125,,3.1862893104553223,,2112.2685546875,,629.0451049804688,,211.62322998046875,,122.9439926147461,,47938.921875,,10.558527946472168,,0.4921875,,48929.8359375,,48929.8359375,,0.5078125,,256.0,,0.1513671875,,0.13176578283309937,,0.00390625,,,,,,,,,,,,,,
7,95849,,-0.25520169734954834,,801.379638671875,,1726.369140625,,8.0,,3.1063618659973145,,0.0,,3.1063618659973145,,2267.389892578125,,411.558837890625,,246.39697265625,,110.30887603759766,,924.9894409179688,,-2.1802470684051514,,0.51953125,,1729.4754638671875,,1729.4754638671875,,0.48046875,,256.0,,0.265625,,0.2603248357772827,,0.0,,,,,,,,,,,,,,
7,95899,,-0.27264803647994995,,750.2742309570312,,1705.923828125,,8.0,,3.079324722290039,,0.0,,3.079324722290039,,2074.302734375,,421.78936767578125,,274.32843017578125,,113.28315734863281,,955.649658203125,,-3.985316038131714,,0.5234375,,1709.003173828125,,1709.003173828125,,0.4765625,,256.0,,0.205078125,,0.20203378796577454,,0.0,,,,,,,,,,,,,,
7,95949,,-0.26361674070358276,,759.2703857421875,,2793.21044921875,,8.0,,2.8923683166503906,,0.25,,2.8923683166503906,,2193.65625,,463.75946044921875,,235.62881469726562,,110.27922058105469,,2033.93994140625,,-0.5841456651687622,,0.546875,,2796.102783203125,,2796.102783203125,,0.453125,,256.0,,0.193359375,,0.18216034770011902,,0.0,,,,,,,,,,,,,,
7,95999,,-0.2507365345954895,,790.1117553710938,,2136.729736328125,,8.0,,3.243607997894287,,0.0,,3.243607997894287,,2435.57080078125,,217.56507873535156,,206.8538818359375,,136.171875,,1346.617919921875,,-0.3887574076652527,,0.49609375,,2139.973388671875,,2139.973388671875,,0.50390625,,256.0,,0.166015625,,0.16338759660720825,,0.0,,,,,,,,,,,,,,
7,96049,,-0.25355204939842224,,1170.168212890625,,68656.9375,,8.0,,3.117093086242676,,0.125,,3.117093086242676,,2327.27001953125,,392.8865051269531,,244.37252807617188,,116.03567504882812,,67486.765625,,28.352455139160156,,0.51171875,,68660.0546875,,68660.0546875,,0.48828125,,256.0,,0.205078125,,0.20544688403606415,,0.01171875,,,,,,,,,,,,,,
7,96099,,-0.25978729128837585,,882.3914794921875,,1873.9539794921875,,8.0,,3.061992883682251,,0.125,,3.061992883682251,,2266.88623046875,,548.5729370117188,,255.94561767578125,,115.5414047241211,,991.5625,,-4.917935371398926,,0.50390625,,1877.0159912109375,,1877.0159912109375,,0.49609375,,256.0,,0.22265625,,0.22197899222373962,,0.00390625,,,,,,,,,,,,,,
7,96149,,-0.2597372531890869,,831.3504638671875,,2151.7412109375,,8.0,,3.1371493339538574,,0.125,,3.1371493339538574,,2424.3828125,,268.010986328125,,271.9610595703125,,144.9390411376953,,1320.390869140625,,-1.6015733480453491,,0.4609375,,2154.87841796875,,2154.87841796875,,0.5390625,,256.0,,0.1474609375,,0.14787009358406067,,0.00390625,,,,,,,,,,,,,,
7,96199,,-0.26567012071609497,,734.059326171875,,1878.849609375,,8.0,,3.21671724319458,,0.0,,3.21671724319458,,2251.578125,,330.0484313964844,,269.64691162109375,,129.5134735107422,,1144.790283203125,,-6.598816394805908,,0.5234375,,1882.0662841796875,,1882.0662841796875,,0.4765625,,256.0,,0.234375,,0.22054171562194824,,0.0,,,,,,,,,,,,,,
7,96249,,-0.26575392484664917,,956.184814453125,,45900.0859375,,8.0,,3.33668851852417,,0.0,,3.33668851852417,,2370.09521484375,,199.45156860351562,,240.763916015625,,137.90127563476562,,44943.90234375,,13.863699913024902,,0.5234375,,45903.421875,,45903.421875,,0.4765625,,256.0,,0.244140625,,0.2578662931919098,,0.0078125,,,,,,,,,,,,,,
7,96299,,-0.2526145875453949,,820.8225708007812,,2145.210205078125,,8.0,,3.175750255584717,,0.125,,3.175750255584717,,1925.7156982421875,,597.8486328125,,282.15570068359375,,116.30104064941406,,1324.3875732421875,,0.5768832564353943,,0.44140625,,2148.385986328125,,2148.385986328125,,0.55859375,,256.0,,0.1845703125,,0.18075871467590332,,0.0,,,,,,,,,,,,,,
7,96349,,-0.2536214292049408,,786.9913940429688,,1936.953369140625,,8.0,,3.185309648513794,,0.125,,3.185309648513794,,2395.22607421875,,352.87255859375,,275.94659423828125,,126.2575912475586,,1149.9619140625,,5.725891590118408,,0.4921875,,1940.138671875,,1940.138671875,,0.5078125,,256.0,,0.1435546875,,0.12497870624065399,,0.0,,,,,,,,,,,,,,
7,96399,,-0.26784393191337585,,844.736572265625,,28601.00390625,,8.0,,2.9170756340026855,,0.125,,2.9170756340026855,,1982.44677734375,,579.9052124023438,,268.7978820800781,,114.9140396118164,,27756.267578125,,11.378240585327148,,0.55078125,,28603.921875,,28603.921875,,0.44921875,,256.0,,0.1640625,,0.15670059621334076,,0.00390625,,,,,,,,,,,,,,
7,96449,,-0.2637905478477478,,981.1024169921875,,31437.3125,,8.0,,3.2265546321868896,,0.125,,3.2265546321868896,,2214.14013671875,,334.5247802734375,,221.5877685546875,,114.89322662353516,,30456.2109375,,9.590267181396484,,0.46484375,,31440.5390625,,31440.5390625,,0.53515625,,256.0,,0.095703125,,0.10153233259916306,,0.0078125,,,,,,,,,,,,,,
7,96499,,-0.2561112642288208,,743.059326171875,,1954.6121826171875,,8.0,,3.2423861026763916,,0.0,,3.2423861026763916,,2127.65478515625,,533.5140380859375,,291.7957763671875,,118.74800872802734,,1211.5528564453125,,0.31599920988082886,,0.53125,,1957.8546142578125,,1957.8546142578125,,0.46875,,256.0,,0.1552734375,,0.16375331580638885,,0.0,,,,,,,,,,,,,,
7,96549,,-0.26378434896469116,,836.5010986328125,,1798.1240234375,,8.0,,2.9597530364990234,,0.125,,2.9597530364990234,,2390.32470703125,,252.31771850585938,,237.97128295898438,,125.84767150878906,,961.6228637695312,,0.547168493270874,,0.46875,,1801.083740234375,,1801.083740234375,,0.53125,,256.0,,0.126953125,,0.11428403854370117,,0.00390625,,,,,,,,,,,,,,
7,96599,,-0.27433544397354126,,1229.8055419921875,,72435.3828125,,8.0,,2.9947240352630615,,0.25,,2.9947240352630615,,2111.27978515625,,450.5279541015625,,248.69448852539062,,117.06533813476562,,71205.578125,,29.557861328125,,0.484375,,72438.375,,72438.375,,0.515625,,256.0,,0.138671875,,0.13347220420837402,,0.01171875,,,,,,,,,,,,,,
7,96649,,-0.25429609417915344,,1155.677001953125,,31794.818359375,,8.0,,3.3252625465393066,,0.0,,3.3252625465393066,,1883.326171875,,643.77099609375,,272.8820495605469,,112.69649505615234,,30639.140625,,11.23945140838623,,0.49609375,,31798.14453125,,31798.14453125,,0.50390625,,256.0,,0.19140625,,0.19962410628795624,,0.01171875,,,,,,,,,,,,,,
7,96699,,-0.2592141926288605,,790.4735717773438,,1938.41455078125,,8.0,,3.0511858463287354,,0.0,,3.0511858463287354,,2337.5,,662.361328125,,235.31964111328125,,117.84021759033203,,1147.9410400390625,,-3.6015496253967285,,0.4609375,,1941.4656982421875,,1941.4656982421875,,0.5390625,,256.0,,0.2197265625,,0.23146824538707733,,0.0078125,,,,,,,,,,,,,,
7,96749,,-0.2681330442428589,,1181.84423828125,,102353.1640625,,8.0,,3.156846523284912,,0.125,,3.156846523284912,,2265.708984375,,428.2052307128906,,252.52774047851562,,115.23464965820312,,101171.3203125,,34.17384719848633,,0.515625,,102356.3203125,,102356.3203125,,0.484375,,256.0,,0.158203125,,0.17094503343105316,,0.0078125,,,,,,,,,,,,,,
7,96799,,-0.2649831175804138,,1054.2286376953125,,36282.55859375,,8.0,,3.2363555431365967,,0.0,,3.2363555431365967,,2224.208740234375,,434.56451416015625,,249.1002197265625,,126.44432830810547,,35228.328125,,13.835688591003418,,0.48828125,,36285.796875,,36285.796875,,0.51171875,,256.0,,0.265625,,0.2465096414089203,,0.0078125,,,,,,,,,,,,,,
7,96849,,-0.2547250986099243,,757.6473388671875,,1964.50732421875,,8.0,,3.1503114700317383,,0.125,,3.1503114700317383,,2316.0361328125,,448.73992919921875,,213.166015625,,122.44319915771484,,1206.8599853515625,,-5.754201412200928,,0.4921875,,1967.6575927734375,,1967.6575927734375,,0.5078125,,256.0,,0.2578125,,0.2485470473766327,,0.00390625,,,,,,,,,,,,,,
7,96899,,-0.25437110662460327,,719.3162841796875,,1916.4649658203125,,8.0,,3.341475486755371,,0.0,,3.341475486755371,,2254.326171875,,305.1820983886719,,232.280517578125,,83.1355972290039,,1197.148681640625,,-2.2460851669311523,,0.48828125,,1919.806396484375,,1919.806396484375,,0.51171875,,256.0,,0.1826171875,,0.17479966580867767,,0.00390625,,,,,,,,,,,,,,
7,96949,,-0.26871833205223083,,909.716796875,,47275.0703125,,8.0,,3.296597719192505,,0.125,,3.296597719192505,,2257.1083984375,,578.9293212890625,,232.54171752929688,,112.3232192993164,,46365.3515625,,17.63705062866211,,0.421875,,47278.3671875,,47278.3671875,,0.578125,,256.0,,0.1591796875,,0.13966311514377594,,0.00390625,,,,,,,,,,,,,,
7,96999,,-0.25562357902526855,,983.9049072265625,,36533.953125,,8.0,,3.153165340423584,,0.25,,3.153165340423584,,2379.33447265625,,545.9913940429688,,220.54022216796875,,135.81793212890625,,35550.046875,,8.559637069702148,,0.51171875,,36537.10546875,,36537.10546875,,0.48828125,,256.0,,0.10888671875,,0.09990653395652771,,0.01171875,,,,,,,,,,,,,,
7,97049,,-0.2600882649421692,,801.7120361328125,,2135.421142578125,,8.0,,2.8853278160095215,,0.125,,2.8853278160095215,,2594.02685546875,,257.6632995605469,,218.99635314941406,,104.48798370361328,,1333.7091064453125,,-0.20942774415016174,,0.48828125,,2138.306396484375,,2138.306396484375,,0.51171875,,256.0,,0.1484375,,0.12452589720487595,,0.0,,,,,,,,,,,,,,
7,97099,,-0.271526038646698,,1157.9000244140625,,69839.765625,,8.0,,3.0383267402648926,,0.0,,3.0383267402648926,,2049.022216796875,,479.45074462890625,,259.3639831542969,,120.56613159179688,,68681.8671875,,29.241376876831055,,0.5390625,,69842.8046875,,69842.8046875,,0.4609375,,256.0,,0.043701171875,,0.06067357584834099,,0.0078125,,,,,,,,,,,,,,
7,97149,,-0.2745530605316162,,950.2266845703125,,2751.7822265625,,8.0,,3.155404806137085,,0.0,,3.155404806137085,,2304.495849609375,,327.79248046875,,253.2539520263672,,126.8194580078125,,1801.5555419921875,,-8.562232971191406,,0.546875,,2754.937744140625,,2754.937744140625,,0.453125,,256.0,,0.162109375,,0.14168499410152435,,0.00390625,,,,,,,,,,,,,,
7,97199,,-0.26049116253852844,,1091.8599853515625,,63372.72265625,,8.0,,3.117746353149414,,0.0,,3.117746353149414,,2158.808837890625,,369.5173645019531,,264.9193115234375,,117.00767517089844,,62280.86328125,,24.887712478637695,,0.46875,,63375.83984375,,63375.83984375,,0.53125,,256.0,,0.20703125,,0.19270066916942596,,0.0078125,,,,,,,,,,,,,,
7,97249,,-0.23928451538085938,,707.5773315429688,,1982.26318359375,,8.0,,3.083742141723633,,0.125,,3.083742141723633,,2288.009765625,,642.725341796875,,282.32342529296875,,113.91094207763672,,1274.685791015625,,-6.755736351013184,,0.53125,,1985.346923828125,,1985.346923828125,,0.46875,,256.0,,0.10498046875,,0.09020207822322845,,0.0,,,,,,,,,,,,,,
7,97299,,-0.24816541373729706,,731.8199462890625,,2354.46337890625,,8.0,,3.3000266551971436,,0.0,,3.3000266551971436,,2514.744140625,,274.3523254394531,,232.99624633789062,,121.15570831298828,,1622.6434326171875,,-4.51266622543335,,0.54296875,,2357.763427734375,,2357.763427734375,,0.45703125,,256.0,,0.240234375,,0.23007021844387054,,0.0,,,,,,,,,,,,,,
7,97349,,-0.26441627740859985,,813.140380859375,,2557.900146484375,,8.0,,3.0940513610839844,,0.375,,3.0940513610839844,,2336.927001953125,,487.5369873046875,,214.3536376953125,,115.60070037841797,,1744.759765625,,-4.5238566398620605,,0.4609375,,2560.994140625,,2560.994140625,,0.5390625,,256.0,,0.169921875,,0.19267281889915466,,0.0,,,,,,,,,,,,,,
7,97399,,-0.2720813751220703,,926.1531372070312,,29134.3828125,,8.0,,2.923956871032715,,0.0,,2.923956871032715,,2206.012939453125,,550.9152221679688,,274.33575439453125,,126.51116943359375,,28208.23046875,,9.780659675598145,,0.48828125,,29137.306640625,,29137.306640625,,0.51171875,,256.0,,0.150390625,,0.1615544706583023,,0.01171875,,,,,,,,,,,,,,
7,97449,,-0.25492799282073975,,905.869873046875,,2374.56396484375,,8.0,,3.1862258911132812,,0.0,,3.1862258911132812,,2334.400390625,,375.92779541015625,,251.62796020507812,,128.42335510253906,,1468.6942138671875,,3.397794008255005,,0.515625,,2377.750244140625,,2377.750244140625,,0.484375,,256.0,,0.1826171875,,0.15256723761558533,,0.0078125,,,,,,,,,,,,,,
7,97499,,-0.25480327010154724,,1097.209228515625,,41228.4296875,,8.0,,3.1460461616516113,,0.0,,3.1460461616516113,,2367.3447265625,,211.91734313964844,,183.95477294921875,,127.84024047851562,,40131.21875,,15.296783447265625,,0.5234375,,41231.57421875,,41231.57421875,,0.4765625,,256.0,,0.2216796875,,0.2129124104976654,,0.01171875,,,,,,,,,,,,,,
7,97549,,-0.2537258565425873,,951.466064453125,,38217.16015625,,8.0,,3.1792101860046387,,0.0,,3.1792101860046387,,1809.954345703125,,598.077392578125,,269.1040344238281,,118.98467254638672,,37265.6953125,,7.333835601806641,,0.51953125,,38220.33984375,,38220.33984375,,0.48046875,,256.0,,0.12451171875,,0.11033549159765244,,0.00390625,,,,,,,,,,,,,,
7,97599,,-0.27133551239967346,,836.359130859375,,2138.7451171875,,8.0,,3.0341320037841797,,0.375,,3.0341320037841797,,2221.72509765625,,332.16912841796875,,235.69061279296875,,144.68246459960938,,1302.3858642578125,,-1.8668880462646484,,0.46484375,,2141.779296875,,2141.779296875,,0.53515625,,256.0,,0.1748046875,,0.16014337539672852,,0.0,,,,,,,,,,,,,,
7,97649,,-0.25848597288131714,,948.5223999023438,,53995.6171875,,8.0,,2.980259418487549,,0.25,,2.980259418487549,,2150.064208984375,,532.5113525390625,,229.17694091796875,,127.05119323730469,,53047.09375,,12.793343544006348,,0.49609375,,53998.59765625,,53998.59765625,,0.50390625,,256.0,,0.162109375,,0.15531741082668304,,0.00390625,,,,,,,,,,,,,,
7,97699,,-0.27241086959838867,,910.3411865234375,,35363.8046875,,8.0,,3.2072134017944336,,0.125,,3.2072134017944336,,2294.712890625,,320.3645324707031,,219.05657958984375,,122.71322631835938,,34453.46484375,,10.954319953918457,,0.46875,,35367.01171875,,35367.01171875,,0.53125,,256.0,,0.248046875,,0.24588730931282043,,0.00390625,,,,,,,,,,,,,,
7,97749,,-0.26436781883239746,,748.6556396484375,,1775.2421875,,8.0,,3.167448043823242,,0.0,,3.167448043823242,,2337.5654296875,,221.1102294921875,,249.09390258789062,,96.29905700683594,,1026.5865478515625,,-1.4992176294326782,,0.55859375,,1778.40966796875,,1778.40966796875,,0.44140625,,256.0,,0.212890625,,0.22042149305343628,,0.00390625,,,,,,,,,,,,,,
7,97799,,-0.2735728621482849,,780.700439453125,,1960.042724609375,,8.0,,3.2808451652526855,,0.125,,3.2808451652526855,,2024.103759765625,,477.1985168457031,,290.4976501464844,,100.13462829589844,,1179.34228515625,,-7.395439624786377,,0.51171875,,1963.3236083984375,,1963.3236083984375,,0.48828125,,256.0,,0.2578125,,0.2500326931476593,,0.00390625,,,,,,,,,,,,,,
7,97849,,-0.25482016801834106,,755.5804443359375,,1997.1005859375,,8.0,,3.176792621612549,,0.125,,3.176792621612549,,2268.2021484375,,340.26165771484375,,209.91610717773438,,125.29772186279297,,1241.5201416015625,,-2.37593936920166,,0.4921875,,2000.27734375,,2000.27734375,,0.5078125,,256.0,,0.1669921875,,0.15505382418632507,,0.0,,,,,,,,,,,,,,
7,97899,,-0.25262147188186646,,811.4341430664062,,1840.3466796875,,8.0,,3.087697744369507,,0.0,,3.087697744369507,,2362.511474609375,,239.61903381347656,,199.00411987304688,,116.33723449707031,,1028.9124755859375,,-1.686564326286316,,0.5078125,,1843.434326171875,,1843.434326171875,,0.4921875,,256.0,,0.1650390625,,0.15164338052272797,,0.00390625,,,,,,,,,,,,,,
7,97949,,-0.2576541304588318,,776.4923095703125,,2137.6083984375,,8.0,,3.085928201675415,,0.125,,3.085928201675415,,2183.64208984375,,616.4977416992188,,209.60610961914062,,102.64276123046875,,1361.1160888671875,,-4.802350997924805,,0.5234375,,2140.6943359375,,2140.6943359375,,0.4765625,,256.0,,0.306640625,,0.31181973218917847,,0.0,,,,,,,,,,,,,,
7,97999,,-0.2638919949531555,,1044.017578125,,60754.8359375,,8.0,,3.1200718879699707,,0.125,,3.1200718879699707,,2171.143310546875,,432.57879638671875,,229.2489471435547,,121.41138458251953,,59710.8203125,,23.75387191772461,,0.51953125,,60757.95703125,,60757.95703125,,0.48046875,,256.0,,0.142578125,,0.14795637130737305,,0.0078125,,,,,,,,,,,,,,
7,98049,,-0.2633515000343323,,857.5028076171875,,2326.52685546875,,8.0,,3.165987730026245,,0.125,,3.165987730026245,,1992.1558837890625,,632.5001831054688,,268.8779296875,,92.39494323730469,,1469.02392578125,,-10.731260299682617,,0.515625,,2329.69287109375,,2329.69287109375,,0.484375,,256.0,,0.173828125,,0.1950312852859497,,0.00390625,,,,,,,,,,,,,,
7,98099,,-0.2731268107891083,,1183.50830078125,,74036.0078125,,8.0,,3.2622830867767334,,0.0,,3.2622830867767334,,2119.860107421875,,602.5317993164062,,262.02001953125,,118.11732482910156,,72852.5,,27.035249710083008,,0.48046875,,74039.2734375,,74039.2734375,,0.51953125,,256.0,,0.2412109375,,0.2325420081615448,,0.01171875,,,,,,,,,,,,,,
7,98149,,-0.25477486848831177,,908.627685546875,,41788.93359375,,8.0,,3.0851893424987793,,0.125,,3.0851893424987793,,2151.7607421875,,582.3766479492188,,276.0418395996094,,138.83651733398438,,40880.3046875,,18.879608154296875,,0.48046875,,41792.01953125,,41792.01953125,,0.51953125,,256.0,,0.1953125,,0.1873575747013092,,0.0078125,,,,,,,,,,,,,,
7,98199,,-0.24802133440971375,,804.1803588867188,,1819.5643310546875,,8.0,,2.9545047283172607,,0.125,,2.9545047283172607,,2275.941162109375,,312.31170654296875,,234.7029266357422,,143.7203369140625,,1015.3839721679688,,-2.6771633625030518,,0.5390625,,1822.518798828125,,1822.518798828125,,0.4609375,,256.0,,0.154296875,,0.1490829586982727,,0.0,,,,,,,,,,,,,,
7,98249,,-0.25247621536254883,,1226.458251953125,,65777.03125,,8.0,,3.182676315307617,,0.125,,3.182676315307617,,1873.90966796875,,626.8357543945312,,272.5733642578125,,97.08341979980469,,64550.5703125,,23.769166946411133,,0.52734375,,65780.2109375,,65780.2109375,,0.47265625,,256.0,,0.232421875,,0.20178315043449402,,0.01953125,,,,,,,,,,,,,,
7,98299,,-0.25426357984542847,,1052.4954833984375,,69673.65625,,8.0,,3.153172016143799,,0.0,,3.153172016143799,,2040.5634765625,,444.8490905761719,,279.61639404296875,,109.18701171875,,68621.1640625,,31.32427978515625,,0.5234375,,69676.8125,,69676.8125,,0.4765625,,256.0,,0.201171875,,0.18937890231609344,,0.0078125,,,,,,,,,,,,,,
7,98349,,-0.25676506757736206,,961.4220581054688,,33012.26171875,,8.0,,3.0116782188415527,,0.0,,3.0116782188415527,,2438.652587890625,,413.9966735839844,,223.73519897460938,,133.63125610351562,,32050.83984375,,5.7981977462768555,,0.48828125,,33015.2734375,,33015.2734375,,0.51171875,,256.0,,0.1748046875,,0.18004123866558075,,0.0078125,,,,,,,,,,,,,,
7,98399,,-0.26337695121765137,,1055.46240234375,,40736.08203125,,8.0,,3.105729341506958,,0.0,,3.105729341506958,,2312.93017578125,,436.2579650878906,,209.0338134765625,,111.15642547607422,,39680.62109375,,12.313935279846191,,0.484375,,40739.1875,,40739.1875,,0.515625,,256.0,,0.1572265625,,0.12379192560911179,,0.0078125,,,,,,,,,,,,,,
7,98449,,-0.27841857075691223,,810.1846923828125,,2108.84033203125,,8.0,,3.1084084510803223,,0.0,,3.1084084510803223,,2445.43212890625,,238.2815399169922,,239.0311279296875,,116.40764617919922,,1298.655517578125,,1.8464601039886475,,0.49609375,,2111.94873046875,,2111.94873046875,,0.50390625,,256.0,,0.1787109375,,0.16960088908672333,,0.0078125,,,,,,,,,,,,,,
7,98499,,-0.24875879287719727,,678.77587890625,,1609.240966796875,,8.0,,3.2164254188537598,,0.125,,3.2164254188537598,,2155.751220703125,,243.6049041748047,,296.4648742675781,,104.84736633300781,,930.4650268554688,,-2.859381914138794,,0.4765625,,1612.4573974609375,,1612.4573974609375,,0.5234375,,256.0,,0.328125,,0.33907413482666016,,0.0,,,,,,,,,,,,,,
7,98549,,-0.2610737383365631,,806.4749755859375,,2017.572998046875,,8.0,,2.8294546604156494,,0.25,,2.8294546604156494,,2382.260498046875,,253.261962890625,,291.3760986328125,,118.62217712402344,,1211.0980224609375,,-9.536247253417969,,0.4921875,,2020.4024658203125,,2020.4024658203125,,0.5078125,,256.0,,0.205078125,,0.21123676002025604,,0.0,,,,,,,,,,,,,,
7,98599,,-0.2594214379787445,,904.1326904296875,,2790.5400390625,,8.0,,3.0448720455169678,,0.0,,3.0448720455169678,,2306.8076171875,,472.5059814453125,,201.4514923095703,,122.67328643798828,,1886.4072265625,,-7.719929218292236,,0.5,,2793.5849609375,,2793.5849609375,,0.5,,256.0,,0.205078125,,0.19982239603996277,,0.0078125,,,,,,,,,,,,,,
7,98649,,-0.2631699740886688,,879.92529296875,,2459.689453125,,8.0,,3.1417441368103027,,0.0,,3.1417441368103027,,2284.0029296875,,526.0070190429688,,289.667724609375,,111.9083023071289,,1579.7642822265625,,-6.84617805480957,,0.484375,,2462.831298828125,,2462.831298828125,,0.515625,,256.0,,0.232421875,,0.22067022323608398,,0.0,,,,,,,,,,,,,,
7,98699,,-0.26345354318618774,,783.953857421875,,2004.2156982421875,,8.0,,3.198526620864868,,0.0,,3.198526620864868,,2299.40625,,371.3550109863281,,262.5097351074219,,114.97126770019531,,1220.2618408203125,,-6.512890338897705,,0.45703125,,2007.4141845703125,,2007.4141845703125,,0.54296875,,256.0,,0.1845703125,,0.16713909804821014,,0.0,,,,,,,,,,,,,,
7,98749,,-0.2862113118171692,,950.8765258789062,,32944.109375,,8.0,,3.0122499465942383,,0.0,,3.0122499465942383,,2143.66162109375,,421.1333923339844,,269.9000549316406,,107.90924072265625,,31993.232421875,,14.05810260772705,,0.53125,,32947.12109375,,32947.12109375,,0.46875,,256.0,,0.181640625,,0.18989960849285126,,0.00390625,,,,,,,,,,,,,,
7,98799,,-0.24997922778129578,,747.89990234375,,1740.16796875,,8.0,,3.149531364440918,,0.25,,3.149531364440918,,2253.46728515625,,466.78558349609375,,269.11639404296875,,146.27651977539062,,992.26806640625,,-1.4725532531738281,,0.57421875,,1743.3175048828125,,1743.3175048828125,,0.42578125,,256.0,,0.0859375,,0.07465246319770813,,0.0,,,,,,,,,,,,,,
7,98849,,-0.25374835729599,,751.9827880859375,,1730.505859375,,8.0,,3.2142202854156494,,0.0,,3.2142202854156494,,2324.91943359375,,628.8318481445312,,201.79904174804688,,125.46672058105469,,978.5230712890625,,-0.7470849752426147,,0.50390625,,1733.7200927734375,,1733.7200927734375,,0.49609375,,256.0,,0.1044921875,,0.10101459920406342,,0.0,,,,,,,,,,,,,,
7,98899,,-0.2728876769542694,,866.801025390625,,2432.895263671875,,8.0,,2.93345308303833,,0.125,,2.93345308303833,,2439.525390625,,379.8089904785156,,233.12338256835938,,118.82343292236328,,1566.09423828125,,-0.8956640958786011,,0.48046875,,2435.82861328125,,2435.82861328125,,0.51953125,,256.0,,0.189453125,,0.18365544080734253,,0.0078125,,,,,,,,,,,,,,
7,98949,,-0.2720073461532593,,1052.069580078125,,60787.1015625,,8.0,,3.09395694732666,,0.0,,3.09395694732666,,2399.408203125,,372.65032958984375,,193.46363830566406,,105.03180694580078,,59735.03125,,26.37923812866211,,0.5,,60790.1953125,,60790.1953125,,0.5,,256.0,,0.1923828125,,0.19581374526023865,,0.0078125,,,,,,,,,,,,,,
7,98999,,-0.281282514333725,,789.6004638671875,,2654.8896484375,,8.0,,3.2586898803710938,,0.25,,3.2586898803710938,,2217.28173828125,,367.0926208496094,,250.1514434814453,,98.0023193359375,,1865.2890625,,-2.059565544128418,,0.5,,2658.1484375,,2658.1484375,,0.5,,256.0,,0.181640625,,0.17867779731750488,,0.0,,,,,,,,,,,,,,
7,99049,,-0.26554128527641296,,1080.2965087890625,,44182.09375,,8.0,,3.0318617820739746,,0.25,,3.0318617820739746,,2207.64453125,,365.86395263671875,,256.93402099609375,,128.53262329101562,,43101.796875,,14.871652603149414,,0.48828125,,44185.125,,44185.125,,0.51171875,,256.0,,0.2197265625,,0.2330656498670578,,0.0078125,,,,,,,,,,,,,,
7,99099,,-0.26844221353530884,,891.673095703125,,33908.22265625,,8.0,,3.00093936920166,,0.125,,3.00093936920166,,2066.546142578125,,375.4128723144531,,267.47119140625,,104.59805297851562,,33016.55078125,,8.393404006958008,,0.50390625,,33911.22265625,,33911.22265625,,0.49609375,,256.0,,0.2060546875,,0.205982968211174,,0.00390625,,,,,,,,,,,,,,
7,99149,,-0.2387552261352539,,770.60009765625,,2138.037109375,,8.0,,3.191040515899658,,0.0,,3.191040515899658,,2491.05810546875,,250.27410888671875,,239.09466552734375,,118.76374816894531,,1367.4368896484375,,-6.966240882873535,,0.4765625,,2141.228271484375,,2141.228271484375,,0.5234375,,256.0,,0.0576171875,,0.06828853487968445,,0.00390625,,,,,,,,,,,,,,
7,99199,,-0.2643827795982361,,764.9769287109375,,1906.90576171875,,8.0,,3.3280580043792725,,0.125,,3.3280580043792725,,2161.669189453125,,403.4728088378906,,202.5889129638672,,115.65823364257812,,1141.9288330078125,,-6.259770393371582,,0.5078125,,1910.2337646484375,,1910.2337646484375,,0.4921875,,256.0,,0.1455078125,,0.1554587185382843,,0.0,,,,,,,,,,,,,,
7,99249,,-0.2777949571609497,,964.5432739257812,,37720.98828125,,8.0,,3.0652875900268555,,0.125,,3.0652875900268555,,2187.361572265625,,567.9346923828125,,257.44268798828125,,100.65670013427734,,36756.4453125,,6.012041091918945,,0.5078125,,37724.0546875,,37724.0546875,,0.4921875,,256.0,,0.1669921875,,0.16658693552017212,,0.0078125,,,,,,,,,,,,,,
7,99299,,-0.24887582659721375,,760.2592163085938,,2455.696533203125,,8.0,,2.9711039066314697,,0.0,,2.9711039066314697,,2552.6796875,,272.0827331542969,,149.422119140625,,96.11094665527344,,1695.437255859375,,-9.181527137756348,,0.51953125,,2458.667724609375,,2458.667724609375,,0.48046875,,256.0,,0.158203125,,0.16341233253479004,,0.00390625,,,,,,,,,,,,,,
7,99349,,-0.24201667308807373,,1026.087158203125,,70699.90625,,8.0,,3.144252061843872,,0.0,,3.144252061843872,,2524.203125,,256.1659240722656,,204.374755859375,,128.23268127441406,,69673.8203125,,26.496057510375977,,0.43359375,,70703.046875,,70703.046875,,0.56640625,,256.0,,0.224609375,,0.24624335765838623,,0.0078125,,,,,,,,,,,,,,
7,99399,,-0.26010480523109436,,813.6226806640625,,2291.4501953125,,8.0,,3.039785861968994,,0.25,,3.039785861968994,,2275.71240234375,,193.5232391357422,,196.99581909179688,,120.49778747558594,,1477.827392578125,,-0.2904084622859955,,0.5234375,,2294.489990234375,,2294.489990234375,,0.4765625,,256.0,,0.1396484375,,0.13227587938308716,,0.0,,,,,,,,,,,,,,
7,99449,,-0.2593851685523987,,970.8947143554688,,49161.01171875,,8.0,,3.255596160888672,,0.0,,3.255596160888672,,2128.23291015625,,233.5785675048828,,230.23580932617188,,106.45965576171875,,48190.1171875,,10.435063362121582,,0.48046875,,49164.265625,,49164.265625,,0.51953125,,256.0,,0.26171875,,0.2531024217605591,,0.00390625,,,,,,,,,,,,,,
7,99499,,-0.26468607783317566,,949.1607666015625,,40921.859375,,8.0,,3.115269660949707,,0.0,,3.115269660949707,,2104.87939453125,,563.5732421875,,241.10720825195312,,109.81819915771484,,39972.69921875,,18.212526321411133,,0.48828125,,40924.9765625,,40924.9765625,,0.51171875,,256.0,,0.123046875,,0.13042983412742615,,0.00390625,,,,,,,,,,,,,,
7,99549,,-0.2644338011741638,,976.5255126953125,,29660.416015625,,8.0,,3.2273902893066406,,0.0,,3.2273902893066406,,2184.4990234375,,536.2725219726562,,251.64602661132812,,120.25840759277344,,28683.890625,,13.517400741577148,,0.52734375,,29663.642578125,,29663.642578125,,0.47265625,,256.0,,0.158203125,,0.1589554399251938,,0.00390625,,,,,,,,,,,,,,
7,99599,,-0.24721519649028778,,817.944091796875,,1971.0106201171875,,8.0,,3.0633230209350586,,0.0,,3.0633230209350586,,2380.865234375,,494.55975341796875,,189.09593200683594,,101.60184478759766,,1153.0665283203125,,-0.30396562814712524,,0.51953125,,1974.073974609375,,1974.073974609375,,0.48046875,,256.0,,0.248046875,,0.24402213096618652,,0.00390625,,,,,,,,,,,,,,
7,99649,,-0.26145273447036743,,740.2669067382812,,2145.37255859375,,8.0,,3.23699951171875,,0.125,,3.23699951171875,,2484.560546875,,160.48728942871094,,234.02383422851562,,127.99369812011719,,1405.105712890625,,-5.029239177703857,,0.4609375,,2148.609619140625,,2148.609619140625,,0.5390625,,256.0,,0.2109375,,0.20079776644706726,,0.0,,,,,,,,,,,,,,
7,99699,,-0.2606378197669983,,994.49169921875,,3156.21533203125,,8.0,,2.9553911685943604,,0.25,,2.9553911685943604,,2025.3187255859375,,472.064453125,,217.40330505371094,,107.58914947509766,,2161.7236328125,,1.5487065315246582,,0.5078125,,3159.170654296875,,3159.170654296875,,0.4921875,,256.0,,0.044921875,,0.06001009792089462,,0.01171875,,,,,,,,,,,,,,
7,99749,,-0.2455788105726242,,1068.140625,,55353.9296875,,8.0,,3.0928072929382324,,0.125,,3.0928072929382324,,2196.19287109375,,354.9118957519531,,278.68536376953125,,116.87117767333984,,54285.7890625,,14.4560546875,,0.50390625,,55357.0234375,,55357.0234375,,0.49609375,,256.0,,0.201171875,,0.20883840322494507,,0.0078125,,,,,,,,,,,,,,
7,99799,,-0.2694474458694458,,850.9578857421875,,2333.431640625,,8.0,,3.3985707759857178,,0.0,,3.3985707759857178,,2350.6240234375,,357.83038330078125,,247.053466796875,,113.46286010742188,,1482.4737548828125,,-7.469213962554932,,0.4765625,,2336.830322265625,,2336.830322265625,,0.5234375,,256.0,,0.173828125,,0.18722903728485107,,0.0078125,,,,,,,,,,,,,,
7,99849,,-0.26219162344932556,,909.2205200195312,,47788.4609375,,8.0,,3.1050093173980713,,0.125,,3.1050093173980713,,2297.515869140625,,391.0690002441406,,250.4337921142578,,100.24564361572266,,46879.2421875,,17.349393844604492,,0.51953125,,47791.56640625,,47791.56640625,,0.48046875,,256.0,,0.189453125,,0.18276795744895935,,0.00390625,,,,,,,,,,,,,,
7,99899,,-0.27780675888061523,,801.677978515625,,1673.461669921875,,8.0,,3.306218385696411,,0.0,,3.306218385696411,,2287.9580078125,,414.25958251953125,,200.18577575683594,,127.69039154052734,,871.7837524414062,,-2.6777424812316895,,0.5234375,,1676.7679443359375,,1676.7679443359375,,0.4765625,,256.0,,0.21484375,,0.19153985381126404,,0.0,,,,,,,,,,,,,,
7,99949,,-0.26202285289764404,,1053.90283203125,,61914.34375,,8.0,,3.3848392963409424,,0.0,,3.3848392963409424,,1977.011474609375,,472.2345275878906,,322.73431396484375,,100.50704193115234,,60860.44140625,,29.98360824584961,,0.515625,,61917.73046875,,61917.73046875,,0.484375,,256.0,,0.2373046875,,0.23617351055145264,,0.0078125,,,,,,,,,,,,,,
7,99999,,-0.24436676502227783,,752.2528686523438,,1905.043701171875,,8.0,,3.1529810428619385,,0.0,,3.1529810428619385,,2310.781982421875,,739.5018310546875,,275.3893737792969,,123.72259521484375,,1152.7908935546875,,-6.786412239074707,,0.48828125,,1908.1966552734375,,1908.1966552734375,,0.51171875,,256.0,,0.2412109375,,0.24764399230480194,,0.0,,,,,,,,,,,,,,
7,100049,,-0.26694828271865845,,995.117919921875,,2432.6943359375,,8.0,,3.1287026405334473,,0.25,,3.1287026405334473,,2360.11962890625,,358.9402160644531,,220.70742797851562,,132.83837890625,,1437.576416015625,,-4.416862964630127,,0.5078125,,2435.822998046875,,2435.822998046875,,0.4921875,,256.0,,0.07470703125,,0.07349300384521484,,0.015625,,,,,,,,,,,,,,
7,100099,,-0.2699319124221802,,1079.0838623046875,,73299.1015625,,8.0,,2.884167194366455,,0.0,,2.884167194366455,,2354.55517578125,,572.5618896484375,,227.69468688964844,,113.59459686279297,,72220.015625,,34.66059494018555,,0.46875,,73301.984375,,73301.984375,,0.53125,,256.0,,0.1875,,0.18192820250988007,,0.0078125,,,,,,,,,,,,,,
7,100149,,-0.26000624895095825,,892.7906494140625,,2261.938720703125,,8.0,,3.126722812652588,,0.0,,3.126722812652588,,2328.67236328125,,219.69969177246094,,252.6376953125,,130.3180389404297,,1369.1480712890625,,-6.1404900550842285,,0.5234375,,2265.0654296875,,2265.0654296875,,0.4765625,,256.0,,0.20703125,,0.20324885845184326,,0.0078125,,,,,,,,,,,,,,
7,100199,,-0.2603433430194855,,1056.1768798828125,,40077.2734375,,8.0,,3.2847347259521484,,0.125,,3.2847347259521484,,2316.0009765625,,275.75665283203125,,248.2527313232422,,103.0137710571289,,39021.09765625,,11.213526725769043,,0.51171875,,40080.55859375,,40080.55859375,,0.48828125,,256.0,,0.2177734375,,0.20588406920433044,,0.015625,,,,,,,,,,,,,,
7,100249,,-0.2564147710800171,,1040.187255859375,,47908.3203125,,8.0,,3.142080783843994,,0.125,,3.142080783843994,,1933.09130859375,,503.7085266113281,,263.37249755859375,,117.21896362304688,,46868.1328125,,21.944416046142578,,0.49609375,,47911.4609375,,47911.4609375,,0.50390625,,256.0,,0.181640625,,0.17406746745109558,,0.015625,,,,,,,,,,,,,,
7,100299,,-0.2677769362926483,,999.5657958984375,,48963.6328125,,8.0,,3.0656840801239014,,0.25,,3.0656840801239014,,2018.37060546875,,486.43145751953125,,255.53367614746094,,125.4222412109375,,47964.06640625,,17.291460037231445,,0.46875,,48966.69921875,,48966.69921875,,0.53125,,256.0,,0.2060546875,,0.20686498284339905,,0.00390625,,,,,,,,,,,,,,
7,100349,,-0.25014179944992065,,886.3009033203125,,24790.73046875,,8.0,,3.1574883460998535,,0.125,,3.1574883460998535,,1937.939453125,,450.8063049316406,,292.0113525390625,,109.271484375,,23904.4296875,,13.247849464416504,,0.55078125,,24793.888671875,,24793.888671875,,0.44921875,,256.0,,0.2138671875,,0.20754176378250122,,0.0078125,,,,,,,,,,,,,,
7,100399,,-0.2527932822704315,,1158.9654541015625,,89290.3671875,,8.0,,3.122464179992676,,0.0,,3.122464179992676,,2621.798828125,,389.0343933105469,,207.72988891601562,,139.58843994140625,,88131.3984375,,38.225006103515625,,0.44921875,,89293.4921875,,89293.4921875,,0.55078125,,256.0,,0.1884765625,,0.18955174088478088,,0.01171875,,,,,,,,,,,,,,
7,100449,,-0.2708619236946106,,844.4317626953125,,2119.6171875,,8.0,,3.0447769165039062,,0.25,,3.0447769165039062,,2062.15087890625,,622.8707275390625,,254.06640625,,119.63778686523438,,1275.1854248046875,,0.7247328758239746,,0.515625,,2122.661865234375,,2122.661865234375,,0.484375,,256.0,,0.08447265625,,0.09503845870494843,,0.0,,,,,,,,,,,,,,
7,100499,,-0.26616746187210083,,945.7222900390625,,40746.66796875,,8.0,,3.094198226928711,,0.125,,3.094198226928711,,2287.097900390625,,519.2852783203125,,239.551025390625,,103.34542083740234,,39800.9453125,,14.867386817932129,,0.51171875,,40749.76171875,,40749.76171875,,0.48828125,,256.0,,0.15234375,,0.1611975133419037,,0.00390625,,,,,,,,,,,,,,
7,100549,,-0.26665982604026794,,794.0996704101562,,2503.052978515625,,8.0,,2.8790552616119385,,0.0,,2.8790552616119385,,2412.854736328125,,320.7053527832031,,196.91445922851562,,113.36189270019531,,1708.953369140625,,0.05310731381177902,,0.49609375,,2505.93212890625,,2505.93212890625,,0.50390625,,256.0,,0.142578125,,0.1474420726299286,,0.00390625,,,,,,,,,,,,,,
7,100599,,-0.27499517798423767,,836.5234375,,1803.488525390625,,8.0,,3.116689682006836,,0.0,,3.116689682006836,,2026.9114990234375,,439.0321960449219,,266.38641357421875,,100.93659210205078,,966.9651489257812,,-0.601989209651947,,0.484375,,1806.605224609375,,1806.605224609375,,0.515625,,256.0,,0.2421875,,0.24363963305950165,,0.0,,,,,,,,,,,,,,
7,100649,,-0.25979334115982056,,768.6944580078125,,2402.67919921875,,8.0,,3.2351291179656982,,0.0,,3.2351291179656982,,2233.55419921875,,301.553955078125,,309.4346923828125,,109.82752990722656,,1633.984619140625,,-3.302297353744507,,0.53125,,2405.914306640625,,2405.914306640625,,0.46875,,256.0,,0.1259765625,,0.1273006796836853,,0.0,,,,,,,,,,,,,,
7,100699,,-0.26049765944480896,,903.355224609375,,1733.179443359375,,8.0,,3.1467032432556152,,0.125,,3.1467032432556152,,2194.81787109375,,429.54052734375,,230.82601928710938,,127.99695587158203,,829.8241577148438,,-2.664945363998413,,0.45703125,,1736.326171875,,1736.326171875,,0.54296875,,256.0,,0.1826171875,,0.16110749542713165,,0.0078125,,,,,,,,,,,,,,
7,100749,,-0.2706313133239746,,853.86962890625,,2142.1748046875,,8.0,,3.1814332008361816,,0.25,,3.1814332008361816,,2007.5234375,,515.3040161132812,,240.69549560546875,,125.93093872070312,,1288.3052978515625,,-1.7904751300811768,,0.54296875,,2145.356201171875,,2145.356201171875,,0.45703125,,256.0,,0.251953125,,0.22929251194000244,,0.00390625,,,,,,,,,,,,,,
7,100799,,-0.2684691846370697,,1029.541015625,,29121.568359375,,8.0,,3.1513962745666504,,0.125,,3.1513962745666504,,2192.37255859375,,533.5877685546875,,272.6488952636719,,126.0814208984375,,28092.02734375,,10.255093574523926,,0.50390625,,29124.720703125,,29124.720703125,,0.49609375,,256.0,,0.2734375,,0.2670787572860718,,0.01171875,,,,,,,,,,,,,,
7,100849,,-0.26770734786987305,,901.88134765625,,42417.69921875,,8.0,,3.2619614601135254,,0.25,,3.2619614601135254,,2218.10595703125,,373.54669189453125,,173.10678100585938,,103.38007354736328,,41515.81640625,,13.505295753479004,,0.44921875,,42420.9609375,,42420.9609375,,0.55078125,,256.0,,0.1845703125,,0.18743309378623962,,0.00390625,,,,,,,,,,,,,,
7,100899,,-0.25980719923973083,,1132.231201171875,,88867.7265625,,8.0,,3.2179925441741943,,0.125,,3.2179925441741943,,2381.64501953125,,329.80108642578125,,253.94778442382812,,99.94860076904297,,87735.4921875,,33.31721496582031,,0.4765625,,88870.9453125,,88870.9453125,,0.5234375,,256.0,,0.12109375,,0.10713326930999756,,0.01171875,,,,,,,,,,,,,,
7,100949,,-0.26137250661849976,,1115.745849609375,,58955.828125,,8.0,,3.234504222869873,,0.0,,3.234504222869873,,2138.77001953125,,613.26611328125,,188.39048767089844,,111.58956146240234,,57840.08203125,,28.585857391357422,,0.5,,58959.0625,,58959.0625,,0.5,,256.0,,0.09912109375,,0.0980483889579773,,0.01171875,,,,,,,,,,,,,,
7,100999,,-0.2519201636314392,,766.8369140625,,2177.614013671875,,8.0,,3.0202198028564453,,0.125,,3.0202198028564453,,2234.279541015625,,406.21417236328125,,297.16290283203125,,140.3379669189453,,1410.777099609375,,-2.300902843475342,,0.51953125,,2180.63427734375,,2180.63427734375,,0.48046875,,256.0,,0.17578125,,0.1688556671142578,,0.00390625,,,,,,,,,,,,,,
7,101049,,-0.25726279616355896,,1032.074951171875,,33916.95703125,,8.0,,3.2706756591796875,,0.125,,3.2706756591796875,,2249.09814453125,,217.99307250976562,,218.94332885742188,,106.35226440429688,,32884.8828125,,11.734369277954102,,0.4921875,,33920.2265625,,33920.2265625,,0.5078125,,256.0,,0.173828125,,0.15776292979717255,,0.0078125,,,,,,,,,,,,,,
7,101099,,-0.26495829224586487,,817.349853515625,,2308.34326171875,,8.0,,3.2800636291503906,,0.0,,3.2800636291503906,,2208.0986328125,,424.1132507324219,,212.8565673828125,,121.94588470458984,,1490.9932861328125,,-4.474660396575928,,0.453125,,2311.623291015625,,2311.623291015625,,0.546875,,256.0,,0.1484375,,0.1314677894115448,,0.0,,,,,,,,,,,,,,
7,101149,,-0.2611871361732483,,829.2757568359375,,2218.573974609375,,8.0,,3.1742725372314453,,0.0,,3.1742725372314453,,2408.5,,505.7327575683594,,223.3783721923828,,151.56893920898438,,1389.2982177734375,,-4.665236473083496,,0.46875,,2221.748291015625,,2221.748291015625,,0.53125,,256.0,,0.19921875,,0.20843660831451416,,0.0,,,,,,,,,,,,,,
7,101199,,-0.24309425055980682,,842.1649169921875,,2120.4921875,,8.0,,3.154229164123535,,0.125,,3.154229164123535,,2419.658447265625,,350.62359619140625,,248.55917358398438,,142.1393585205078,,1278.327392578125,,-1.0279461145401,,0.5390625,,2123.646484375,,2123.646484375,,0.4609375,,256.0,,0.201171875,,0.1931045949459076,,0.00390625,,,,,,,,,,,,,,
7,101249,,-0.2589746415615082,,952.2896728515625,,38902.234375,,8.0,,3.1863393783569336,,0.0,,3.1863393783569336,,2377.989013671875,,196.24302673339844,,202.81005859375,,115.65701293945312,,37949.9453125,,16.98933219909668,,0.48828125,,38905.421875,,38905.421875,,0.51171875,,256.0,,0.20703125,,0.18872347474098206,,0.00390625,,,,,,,,,,,,,,
7,101299,,-0.2640255391597748,,969.8438110351562,,41854.140625,,8.0,,3.081918239593506,,0.125,,3.081918239593506,,2285.474609375,,304.2424621582031,,257.48504638671875,,138.05235290527344,,40884.296875,,11.712976455688477,,0.5078125,,41857.22265625,,41857.22265625,,0.4921875,,256.0,,0.267578125,,0.2736755609512329,,0.01171875,,,,,,,,,,,,,,
7,101349,,-0.2514589726924896,,763.83642578125,,1993.5252685546875,,8.0,,3.097263813018799,,0.125,,3.097263813018799,,2483.6787109375,,261.660400390625,,218.7540283203125,,125.5958251953125,,1229.6888427734375,,-8.912125587463379,,0.48828125,,1996.62255859375,,1996.62255859375,,0.51171875,,256.0,,0.1806640625,,0.15548346936702728,,0.0,,,,,,,,,,,,,,
7,101399,,-0.2584380805492401,,1202.55126953125,,75415.640625,,8.0,,2.8569159507751465,,0.25,,2.8569159507751465,,2159.6181640625,,544.64306640625,,257.4857482910156,,99.90597534179688,,74213.0859375,,27.837940216064453,,0.49609375,,75418.5,,75418.5,,0.50390625,,256.0,,0.26953125,,0.2527201771736145,,0.015625,,,,,,,,,,,,,,
7,101449,,-0.2511611878871918,,989.0059814453125,,32375.84375,,8.0,,3.1087732315063477,,0.125,,3.1087732315063477,,1960.9739990234375,,594.8473510742188,,297.49957275390625,,89.05921173095703,,31386.837890625,,7.315332889556885,,0.53125,,32378.953125,,32378.953125,,0.46875,,256.0,,0.36328125,,0.3638398349285126,,0.0078125,,,,,,,,,,,,,,
7,101499,,-0.2504592537879944,,1256.994873046875,,108903.3359375,,8.0,,3.1451780796051025,,0.25,,3.1451780796051025,,2291.41845703125,,618.0696411132812,,285.683349609375,,135.11936950683594,,107646.34375,,41.7999267578125,,0.5078125,,108906.484375,,108906.484375,,0.4921875,,256.0,,0.21484375,,0.2145000398159027,,0.01171875,,,,,,,,,,,,,,
7,101549,,-0.2412523478269577,,949.0506591796875,,37901.3203125,,8.0,,3.240312099456787,,0.0,,3.240312099456787,,2235.220703125,,229.0322265625,,239.14541625976562,,127.59809875488281,,36952.26953125,,11.452291488647461,,0.5,,37904.5625,,37904.5625,,0.5,,256.0,,0.08544921875,,0.07148410379886627,,0.0078125,,,,,,,,,,,,,,
7,101599,,-0.2671099305152893,,773.6285400390625,,1807.6900634765625,,8.0,,3.329549789428711,,0.125,,3.329549789428711,,2425.429931640625,,229.16275024414062,,175.14837646484375,,113.42842864990234,,1034.0615234375,,-5.03547477722168,,0.515625,,1811.0196533203125,,1811.0196533203125,,0.484375,,256.0,,0.1962890625,,0.19193637371063232,,0.00390625,,,,,,,,,,,,,,
7,101649,,-0.2583901882171631,,978.72021484375,,38876.58984375,,8.0,,3.237898826599121,,0.25,,3.237898826599121,,2014.22509765625,,579.061279296875,,262.7635498046875,,112.47139739990234,,37897.87109375,,13.313222885131836,,0.49609375,,38879.828125,,38879.828125,,0.50390625,,256.0,,0.2431640625,,0.22029118239879608,,0.0078125,,,,,,,,,,,,,,
7,101699,,-0.2600805461406708,,860.018798828125,,1994.21826171875,,8.0,,2.940601110458374,,0.125,,2.940601110458374,,2142.78857421875,,573.8554077148438,,288.0226135253906,,133.28790283203125,,1134.199462890625,,-6.14346981048584,,0.59375,,1997.1588134765625,,1997.1588134765625,,0.40625,,256.0,,0.2119140625,,0.1986301839351654,,0.00390625,,,,,,,,,,,,,,
7,101749,,-0.2602680027484894,,1167.5087890625,,31893.50390625,,8.0,,2.84216570854187,,0.25,,2.84216570854187,,2035.618896484375,,584.0615844726562,,297.85345458984375,,126.4640121459961,,30725.994140625,,11.042845726013184,,0.5234375,,31896.345703125,,31896.345703125,,0.4765625,,256.0,,0.26953125,,0.281634658575058,,0.015625,,,,,,,,,,,,,,
7,101799,,-0.2694123089313507,,1165.23046875,,67812.0,,8.0,,3.119457244873047,,0.125,,3.119457244873047,,2375.0244140625,,233.7972412109375,,210.45721435546875,,118.79772186279297,,66646.765625,,33.113704681396484,,0.51171875,,67815.1171875,,67815.1171875,,0.48828125,,256.0,,0.173828125,,0.19061152637004852,,0.01171875,,,,,,,,,,,,,,
7,101849,,-0.2529650628566742,,947.414794921875,,42514.65625,,8.0,,2.984092950820923,,0.125,,2.984092950820923,,2081.760009765625,,315.20379638671875,,270.2372131347656,,107.98480224609375,,41567.2421875,,11.124988555908203,,0.51171875,,42517.640625,,42517.640625,,0.48828125,,256.0,,0.2021484375,,0.18278750777244568,,0.00390625,,,,,,,,,,,,,,
7,101899,,-0.2561274766921997,,842.2838134765625,,2304.352783203125,,8.0,,3.106849431991577,,0.0,,3.106849431991577,,2337.4453125,,255.6046905517578,,154.79885864257812,,113.75016784667969,,1462.0689697265625,,-4.639128684997559,,0.52734375,,2307.459716796875,,2307.459716796875,,0.47265625,,256.0,,0.28125,,0.268033504486084,,0.0,,,,,,,,,,,,,,
7,101949,,-0.2556639611721039,,749.81298828125,,1940.09814453125,,8.0,,3.145907402038574,,0.0,,3.145907402038574,,2435.9345703125,,150.26217651367188,,221.528076171875,,112.33088684082031,,1190.28515625,,1.0938866138458252,,0.54296875,,1943.2440185546875,,1943.2440185546875,,0.45703125,,256.0,,0.193359375,,0.19101738929748535,,0.0,,,,,,,,,,,,,,
7,101999,,-0.2651664614677429,,1178.39697265625,,72739.3203125,,8.0,,3.308933734893799,,0.0,,3.308933734893799,,1925.32568359375,,666.2877807617188,,302.87384033203125,,125.80438995361328,,71560.921875,,32.21028518676758,,0.484375,,72742.6328125,,72742.6328125,,0.515625,,256.0,,0.2138671875,,0.21367678046226501,,0.01953125,,,,,,,,,,,,,,
7,102049,,-0.2660277485847473,,1093.984375,,32756.181640625,,8.0,,3.101290702819824,,0.125,,3.101290702819824,,2180.03173828125,,195.2323760986328,,241.24220275878906,,107.4625473022461,,31662.197265625,,12.855627059936523,,0.5234375,,32759.283203125,,32759.283203125,,0.4765625,,256.0,,0.2177734375,,0.19885407388210297,,0.01171875,,,,,,,,,,,,,,
7,102099,,-0.26325589418411255,,864.4423828125,,2461.484375,,8.0,,3.0888922214508057,,0.375,,3.0888922214508057,,1945.8525390625,,702.6572265625,,240.71551513671875,,140.01712036132812,,1597.0418701171875,,-5.952308654785156,,0.45703125,,2464.5732421875,,2464.5732421875,,0.54296875,,256.0,,0.158203125,,0.1721334457397461,,0.01171875,,,,,,,,,,,,,,
7,102149,,-0.2693227529525757,,858.9662475585938,,2175.107421875,,8.0,,3.1496787071228027,,0.125,,3.1496787071228027,,2113.509033203125,,661.7002563476562,,260.5196533203125,,123.63483428955078,,1316.1412353515625,,1.989681363105774,,0.453125,,2178.257080078125,,2178.257080078125,,0.546875,,256.0,,0.18359375,,0.17483583092689514,,0.01171875,,,,,,,,,,,,,,
7,102199,,-0.25307798385620117,,721.3499145507812,,1963.169677734375,,8.0,,3.248415470123291,,0.0,,3.248415470123291,,2192.91455078125,,452.352294921875,,309.55548095703125,,93.98999786376953,,1241.81982421875,,-2.9195895195007324,,0.48828125,,1966.4180908203125,,1966.4180908203125,,0.51171875,,256.0,,0.2109375,,0.20114007592201233,,0.0,,,,,,,,,,,,,,
7,102249,,-0.277113676071167,,800.4281616210938,,2364.008056640625,,8.0,,3.163435935974121,,0.0,,3.163435935974121,,2118.275390625,,431.1513977050781,,288.4783935546875,,119.97538757324219,,1563.579833984375,,-8.54555606842041,,0.46484375,,2367.17138671875,,2367.17138671875,,0.53515625,,256.0,,0.2314453125,,0.21687397360801697,,0.0,,,,,,,,,,,,,,
7,102299,,-0.2511657476425171,,923.242431640625,,43882.13671875,,8.0,,3.0626749992370605,,0.25,,3.0626749992370605,,1996.41455078125,,524.7949829101562,,280.0835266113281,,115.75445556640625,,42958.89453125,,9.831159591674805,,0.5,,43885.19921875,,43885.19921875,,0.5,,256.0,,0.193359375,,0.18655657768249512,,0.00390625,,,,,,,,,,,,,,
7,102349,,-0.2633785009384155,,860.8330078125,,2030.27783203125,,8.0,,3.2136690616607666,,0.25,,3.2136690616607666,,2360.302001953125,,203.08883666992188,,237.2476806640625,,121.19485473632812,,1169.44482421875,,-0.10615460574626923,,0.52734375,,2033.491455078125,,2033.491455078125,,0.47265625,,256.0,,0.1796875,,0.18032929301261902,,0.00390625,,,,,,,,,,,,,,
7,102367,,,,,,,,,,,,,,,,,,,,,,,,,,,,,,,,,,,,,,,,,,,-0.2606545090675354,817.4639892578125,6518.1240234375,0.0,5700.65185546875,0.26081323623657227,0.4998077154159546,817.4639892578125,6518.1240234375,0.5001922845840454,255.98416137695312,0.20235009491443634,0.19968102872371674,0.0010014981962740421
7,102367,-0.260818749666214,,906.0225219726562,,25173.06640625,,8.0,,3.131378650665283,,0.09183534234762192,,3.131378650665283,,2221.70458984375,,421.5325927734375,,249.23194885253906,,118.23140716552734,,24267.05859375,,7.257673263549805,,0.4995274543762207,,25176.142578125,,25176.142578125,,0.5004725456237793,,256.0,,0.1960172951221466,,0.19305555522441864,,0.005103828851133585,,,,,,,,,,,,,,,
8,102399,,-0.25773316621780396,,915.056884765625,,38805.35546875,,8.0,,3.176284074783325,,0.0,,3.176284074783325,,2140.59765625,,436.994384765625,,298.101318359375,,105.71095275878906,,37890.296875,,16.064245223999023,,0.4375,,38808.53125,,38808.53125,,0.5625,,256.0,,0.1923828125,,0.20079872012138367,,0.0078125,,,,,,,,,,,,,,
8,102449,,-0.25642141699790955,,872.8153076171875,,2124.125,,8.0,,3.1750590801239014,,0.0,,3.1750590801239014,,2421.302978515625,,191.75564575195312,,189.67079162597656,,114.01184844970703,,1251.3095703125,,-3.7326810359954834,,0.54296875,,2127.300048828125,,2127.300048828125,,0.45703125,,256.0,,0.25390625,,0.2612738013267517,,0.00390625,,,,,,,,,,,,,,
8,102499,,-0.26257795095443726,,681.3821411132812,,1776.432861328125,,8.0,,2.9947032928466797,,0.125,,2.9947032928466797,,2305.460693359375,,278.82843017578125,,263.14544677734375,,130.3357391357422,,1095.0506591796875,,-4.658380508422852,,0.50390625,,1779.4276123046875,,1779.4276123046875,,0.49609375,,256.0,,0.1376953125,,0.1223117932677269,,0.0,,,,,,,,,,,,,,
8,102549,,-0.25830575823783875,,1213.5570068359375,,83581.9375,,8.0,,3.2098388671875,,0.125,,3.2098388671875,,2128.31982421875,,468.3664245605469,,230.44461059570312,,135.23410034179688,,82368.3828125,,41.53681564331055,,0.5,,83585.1484375,,83585.1484375,,0.5,,256.0,,0.2041015625,,0.2111266851425171,,0.015625,,,,,,,,,,,,,,
8,102599,,-0.26313498616218567,,806.0289916992188,,2051.5458984375,,8.0,,2.9529824256896973,,0.375,,2.9529824256896973,,1736.5843505859375,,572.1974487304688,,299.2557678222656,,112.66372680664062,,1245.516845703125,,-0.8880585432052612,,0.484375,,2054.498779296875,,2054.498779296875,,0.515625,,256.0,,0.1572265625,,0.16873149573802948,,0.0,,,,,,,,,,,,,,
8,102649,,-0.25822263956069946,,757.6597900390625,,2023.2572021484375,,8.0,,3.046048641204834,,0.125,,3.046048641204834,,2375.1494140625,,415.04583740234375,,257.7471923828125,,123.19902038574219,,1265.597412109375,,1.6785030364990234,,0.5390625,,2026.30322265625,,2026.30322265625,,0.4609375,,256.0,,0.263671875,,0.2488776445388794,,0.0,,,,,,,,,,,,,,
8,102699,,-0.23950201272964478,,910.226318359375,,36376.234375,,8.0,,3.134934425354004,,0.0,,3.134934425354004,,2435.385009765625,,344.7753601074219,,189.02798461914062,,97.55683135986328,,35466.0078125,,8.639745712280273,,0.5234375,,36379.37109375,,36379.37109375,,0.4765625,,256.0,,0.30859375,,0.2982384264469147,,0.00390625,,,,,,,,,,,,,,
8,102749,,-0.26897621154785156,,1069.24267578125,,38338.7578125,,8.0,,3.2030773162841797,,0.0,,3.2030773162841797,,2177.42919921875,,517.722900390625,,320.14202880859375,,122.35330963134766,,37269.515625,,13.914261817932129,,0.50390625,,38341.9609375,,38341.9609375,,0.49609375,,256.0,,0.2255859375,,0.1993122547864914,,0.01171875,,,,,,,,,,,,,,
8,102799,,-0.26200324296951294,,1334.620361328125,,103101.015625,,8.0,,2.935405731201172,,0.25,,2.935405731201172,,2393.27587890625,,520.2240600585938,,184.41830444335938,,118.94058227539062,,101766.3984375,,49.552955627441406,,0.5234375,,103103.953125,,103103.953125,,0.4765625,,256.0,,0.15234375,,0.16397535800933838,,0.015625,,,,,,,,,,,,,,
8,102849,,-0.2514815926551819,,864.584228515625,,2001.6656494140625,,8.0,,3.196352005004883,,0.0,,3.196352005004883,,2102.53173828125,,279.8431701660156,,268.044921875,,111.39081573486328,,1137.0814208984375,,0.3027225434780121,,0.50390625,,2004.862060546875,,2004.862060546875,,0.49609375,,256.0,,0.1875,,0.18697354197502136,,0.00390625,,,,,,,,,,,,,,
8,102899,,-0.26793381571769714,,935.0392456054688,,28364.76953125,,8.0,,3.061337471008301,,0.0,,3.061337471008301,,2352.171142578125,,175.57528686523438,,274.55157470703125,,116.16709899902344,,27429.73046875,,9.475244522094727,,0.51171875,,28367.830078125,,28367.830078125,,0.48828125,,256.0,,0.2451171875,,0.21487072110176086,,0.0078125,,,,,,,,,,,,,,
8,102949,,-0.25133082270622253,,775.2305908203125,,1791.7589111328125,,8.0,,3.1034812927246094,,0.125,,3.1034812927246094,,2388.43310546875,,270.27301025390625,,285.8507080078125,,94.81327056884766,,1016.5283203125,,0.5156955122947693,,0.55078125,,1794.8624267578125,,1794.8624267578125,,0.44921875,,256.0,,0.21484375,,0.20357158780097961,,0.0,,,,,,,,,,,,,,
8,102999,,-0.2583416700363159,,989.030517578125,,44025.3203125,,8.0,,2.8575711250305176,,0.125,,2.8575711250305176,,2324.497802734375,,216.0748748779297,,201.4520721435547,,130.84498596191406,,43036.2890625,,8.774889945983887,,0.484375,,44028.1796875,,44028.1796875,,0.515625,,256.0,,0.28515625,,0.28166401386260986,,0.01171875,,,,,,,,,,,,,,
8,103049,,-0.2510777711868286,,937.0497436523438,,30014.037109375,,8.0,,3.218683958053589,,0.0,,3.218683958053589,,1961.1416015625,,548.3171997070312,,284.497314453125,,99.98412322998047,,29076.98828125,,13.978887557983398,,0.51171875,,30017.255859375,,30017.255859375,,0.48828125,,256.0,,0.1923828125,,0.18942080438137054,,0.0078125,,,,,,,,,,,,,,
8,103099,,-0.262813538312912,,961.1837158203125,,42959.03125,,8.0,,3.0391764640808105,,0.25,,3.0391764640808105,,2145.548828125,,387.0597839355469,,261.10687255859375,,103.71661376953125,,41997.84765625,,7.408876895904541,,0.50390625,,42962.0703125,,42962.0703125,,0.49609375,,256.0,,0.21875,,0.21347002685070038,,0.0078125,,,,,,,,,,,,,,
8,103149,,-0.25667935609817505,,1174.8612060546875,,80961.046875,,8.0,,3.2153730392456055,,0.25,,3.2153730392456055,,2191.830322265625,,275.787353515625,,248.53176879882812,,107.341796875,,79786.1875,,32.01980209350586,,0.4375,,80964.265625,,80964.265625,,0.5625,,256.0,,0.1123046875,,0.11937897652387619,,0.015625,,,,,,,,,,,,,,
8,103199,,-0.2690260410308838,,794.02880859375,,2468.8798828125,,8.0,,3.085228443145752,,0.0,,3.085228443145752,,2281.53955078125,,361.6243591308594,,256.6285705566406,,99.28022003173828,,1674.8509521484375,,-4.690124988555908,,0.5078125,,2471.965087890625,,2471.965087890625,,0.4921875,,256.0,,0.23828125,,0.22673660516738892,,0.0,,,,,,,,,,,,,,
8,103249,,-0.2622665464878082,,1003.68115234375,,59777.81640625,,8.0,,3.051591396331787,,0.0,,3.051591396331787,,2235.24609375,,482.0029296875,,247.5500946044922,,128.31640625,,58774.13671875,,22.233022689819336,,0.5,,59780.8671875,,59780.8671875,,0.5,,256.0,,0.2158203125,,0.21077165007591248,,0.0078125,,,,,,,,,,,,,,
8,103299,,-0.25298720598220825,,766.2046508789062,,2112.2978515625,,8.0,,3.0494863986968994,,0.25,,3.0494863986968994,,2169.447998046875,,499.23651123046875,,316.8350524902344,,94.94342803955078,,1346.09326171875,,1.895102858543396,,0.515625,,2115.347412109375,,2115.347412109375,,0.484375,,256.0,,0.25390625,,0.2581106126308441,,0.00390625,,,,,,,,,,,,,,
8,103349,,-0.26058611273765564,,761.539794921875,,1896.5152587890625,,8.0,,2.999171733856201,,0.0,,2.999171733856201,,2350.25537109375,,389.08074951171875,,231.1010284423828,,106.4931640625,,1134.9754638671875,,0.9258571267127991,,0.53125,,1899.514404296875,,1899.514404296875,,0.46875,,256.0,,0.28515625,,0.27329325675964355,,0.0,,,,,,,,,,,,,,
8,103399,,-0.25192877650260925,,786.00927734375,,1844.2005615234375,,8.0,,3.345831871032715,,0.0,,3.345831871032715,,2165.7490234375,,206.1548309326172,,263.8127136230469,,102.39449310302734,,1058.1912841796875,,0.1297639161348343,,0.44921875,,1847.54638671875,,1847.54638671875,,0.55078125,,256.0,,0.1513671875,,0.1631363034248352,,0.00390625,,,,,,,,,,,,,,
8,103449,,-0.24407470226287842,,670.2459716796875,,1887.6339111328125,,8.0,,3.2485175132751465,,0.125,,3.2485175132751465,,2327.864990234375,,290.7362365722656,,277.62725830078125,,137.02772521972656,,1217.387939453125,,1.7083178758621216,,0.4765625,,1890.8824462890625,,1890.8824462890625,,0.5234375,,256.0,,0.11474609375,,0.12340721487998962,,0.0,,,,,,,,,,,,,,
8,103499,,-0.26316162943840027,,734.9017333984375,,2214.0341796875,,8.0,,3.195984125137329,,0.0,,3.195984125137329,,2432.9345703125,,277.71600341796875,,195.2583465576172,,105.51067352294922,,1479.1324462890625,,-5.383401870727539,,0.43359375,,2217.230224609375,,2217.230224609375,,0.56640625,,256.0,,0.279296875,,0.2684226930141449,,0.0,,,,,,,,,,,,,,
8,103549,,-0.25642842054367065,,874.7367553710938,,2468.431884765625,,8.0,,2.968524217605591,,0.125,,2.968524217605591,,2545.138427734375,,165.6925048828125,,243.12213134765625,,131.85096740722656,,1593.6951904296875,,-5.873201847076416,,0.51171875,,2471.400390625,,2471.400390625,,0.48828125,,256.0,,0.16796875,,0.17458699643611908,,0.00390625,,,,,,,,,,,,,,
8,103599,,-0.2553766965866089,,794.2332153320312,,2202.706787109375,,8.0,,3.042095899581909,,0.125,,3.042095899581909,,2490.91552734375,,345.228759765625,,233.95962524414062,,132.91502380371094,,1408.4735107421875,,-5.02274751663208,,0.453125,,2205.748779296875,,2205.748779296875,,0.546875,,256.0,,0.2255859375,,0.2240290343761444,,0.00390625,,,,,,,,,,,,,,
8,103649,,-0.25426483154296875,,1091.3828125,,33989.1015625,,8.0,,3.255704879760742,,0.0,,3.255704879760742,,2244.04248046875,,415.67852783203125,,208.97198486328125,,129.0892791748047,,32897.71875,,13.02086353302002,,0.515625,,33992.35546875,,33992.35546875,,0.484375,,256.0,,0.16015625,,0.15257994830608368,,0.01171875,,,,,,,,,,,,,,
8,103699,,-0.2606276273727417,,745.3093872070312,,2384.601318359375,,8.0,,3.1348001956939697,,0.0,,3.1348001956939697,,2371.612548828125,,341.4700622558594,,184.58981323242188,,106.52242279052734,,1639.2919921875,,-5.358763217926025,,0.5,,2387.736083984375,,2387.736083984375,,0.5,,256.0,,0.185546875,,0.19016146659851074,,0.0,,,,,,,,,,,,,,
8,103749,,-0.26033324003219604,,1140.7796630859375,,79894.734375,,8.0,,3.087432861328125,,0.25,,3.087432861328125,,2388.43603515625,,348.2560119628906,,217.51100158691406,,119.47825622558594,,78753.953125,,25.964277267456055,,0.45703125,,79897.8203125,,79897.8203125,,0.54296875,,256.0,,0.203125,,0.213753804564476,,0.015625,,,,,,,,,,,,,,
8,103799,,-0.2681744694709778,,835.0916748046875,,2339.850341796875,,8.0,,3.1110939979553223,,0.125,,3.1110939979553223,,2319.24560546875,,450.56781005859375,,273.0198974609375,,104.52375030517578,,1504.7586669921875,,0.1624336540699005,,0.51171875,,2342.96142578125,,2342.96142578125,,0.48828125,,256.0,,0.20703125,,0.2114022821187973,,0.0,,,,,,,,,,,,,,
8,103849,,-0.2647247910499573,,1037.2618408203125,,35900.890625,,8.0,,3.0331239700317383,,0.0,,3.0331239700317383,,1804.408447265625,,479.333251953125,,317.8578796386719,,77.4065170288086,,34863.62890625,,15.908575057983398,,0.5390625,,35903.921875,,35903.921875,,0.4609375,,256.0,,0.193359375,,0.1973782181739807,,0.0078125,,,,,,,,,,,,,,
8,103899,,-0.24832171201705933,,830.4901733398438,,1931.42138671875,,8.0,,3.103808879852295,,0.0,,3.103808879852295,,2502.72509765625,,287.2926330566406,,204.83642578125,,120.20565032958984,,1100.93115234375,,3.0951075553894043,,0.48046875,,1934.525146484375,,1934.525146484375,,0.51953125,,256.0,,0.1650390625,,0.12792956829071045,,0.00390625,,,,,,,,,,,,,,
8,103949,,-0.25532957911491394,,993.8739013671875,,42159.89453125,,8.0,,3.1066226959228516,,0.125,,3.1066226959228516,,2268.81494140625,,293.3271789550781,,261.9504089355469,,109.00776672363281,,41166.01953125,,7.251961708068848,,0.5078125,,42163.0,,42163.0,,0.4921875,,256.0,,0.1318359375,,0.11416220664978027,,0.00390625,,,,,,,,,,,,,,
8,103999,,-0.2639511525630951,,777.387939453125,,1824.09619140625,,8.0,,3.207094669342041,,0.0,,3.207094669342041,,1821.1015625,,773.685546875,,297.7104797363281,,112.78370666503906,,1046.708251953125,,0.4171806871891022,,0.48828125,,1827.3033447265625,,1827.3033447265625,,0.51171875,,256.0,,0.146484375,,0.13881999254226685,,0.00390625,,,,,,,,,,,,,,
8,104049,,-0.26667240262031555,,758.4291381835938,,1859.398681640625,,8.0,,3.0276429653167725,,0.25,,3.0276429653167725,,2133.219482421875,,366.019775390625,,289.30096435546875,,109.25379180908203,,1100.9696044921875,,-3.0450873374938965,,0.51171875,,1862.42626953125,,1862.42626953125,,0.48828125,,256.0,,0.19921875,,0.21254730224609375,,0.0,,,,,,,,,,,,,,
8,104099,,-0.2600882649421692,,867.9891357421875,,26429.796875,,8.0,,3.173494338989258,,0.125,,3.173494338989258,,2002.8375244140625,,624.7471923828125,,250.46917724609375,,107.20362091064453,,25561.80859375,,6.462500095367432,,0.51171875,,26432.970703125,,26432.970703125,,0.48828125,,256.0,,0.140625,,0.1545468419790268,,0.0078125,,,,,,,,,,,,,,
8,104149,,-0.26625677943229675,,772.887939453125,,1750.232177734375,,8.0,,3.2036666870117188,,0.125,,3.2036666870117188,,2000.8519287109375,,684.7544555664062,,217.48712158203125,,144.73236083984375,,977.3442993164062,,-5.598507404327393,,0.56640625,,1753.435791015625,,1753.435791015625,,0.43359375,,256.0,,0.10498046875,,0.11037980765104294,,0.0,,,,,,,,,,,,,,
8,104199,,-0.25918859243392944,,934.775634765625,,40134.37890625,,8.0,,3.279837131500244,,0.125,,3.279837131500244,,2410.0791015625,,225.20156860351562,,265.6783447265625,,119.59202575683594,,39199.6015625,,14.2093505859375,,0.5390625,,40137.66015625,,40137.66015625,,0.4609375,,256.0,,0.2080078125,,0.20120641589164734,,0.00390625,,,,,,,,,,,,,,
8,104249,,-0.2669897675514221,,819.9268798828125,,2096.552978515625,,8.0,,3.0035057067871094,,0.0,,3.0035057067871094,,2311.626953125,,385.6603698730469,,267.6748046875,,142.15283203125,,1276.6260986328125,,0.3856295049190521,,0.5078125,,2099.556396484375,,2099.556396484375,,0.4921875,,256.0,,0.26171875,,0.2594286799430847,,0.0,,,,,,,,,,,,,,
8,104299,,-0.2581384778022766,,742.2147827148438,,2425.19482421875,,8.0,,3.1449122428894043,,0.125,,3.1449122428894043,,2085.062255859375,,454.8669128417969,,296.07086181640625,,115.34880065917969,,1682.9801025390625,,-2.2844176292419434,,0.47265625,,2428.33984375,,2428.33984375,,0.52734375,,256.0,,0.2099609375,,0.1992049217224121,,0.0,,,,,,,,,,,,,,
8,104349,,-0.27870720624923706,,805.0648193359375,,2096.641845703125,,8.0,,3.1288022994995117,,0.0,,3.1288022994995117,,2328.830078125,,184.22303771972656,,269.3335876464844,,124.50396728515625,,1291.5770263671875,,-2.5922679901123047,,0.5,,2099.770751953125,,2099.770751953125,,0.5,,256.0,,0.12890625,,0.13875414431095123,,0.00390625,,,,,,,,,,,,,,
8,104399,,-0.25023671984672546,,1043.8004150390625,,61502.50390625,,8.0,,3.0721945762634277,,0.0,,3.0721945762634277,,2190.295166015625,,407.4483337402344,,313.1388854980469,,135.61221313476562,,60458.703125,,27.020631790161133,,0.4609375,,61505.57421875,,61505.57421875,,0.5390625,,256.0,,0.1533203125,,0.16640472412109375,,0.0078125,,,,,,,,,,,,,,
8,104449,,-0.2637208104133606,,972.8715209960938,,27932.1171875,,8.0,,3.172462224960327,,0.125,,3.172462224960327,,2398.50439453125,,229.27781677246094,,210.7879180908203,,112.85884857177734,,26959.24609375,,11.610743522644043,,0.52734375,,27935.2890625,,27935.2890625,,0.47265625,,256.0,,0.11865234375,,0.14926642179489136,,0.0078125,,,,,,,,,,,,,,
8,104499,,-0.2461358606815338,,794.84716796875,,1862.8585205078125,,8.0,,3.139375686645508,,0.0,,3.139375686645508,,2200.59521484375,,617.9867553710938,,280.8843994140625,,112.15364074707031,,1068.0113525390625,,-4.113460063934326,,0.453125,,1865.9979248046875,,1865.9979248046875,,0.546875,,256.0,,0.07861328125,,0.0838843509554863,,0.00390625,,,,,,,,,,,,,,
8,104549,,-0.2458307445049286,,926.5906982421875,,41659.33203125,,8.0,,3.1548945903778076,,0.0,,3.1548945903778076,,2240.77490234375,,435.03271484375,,280.7192077636719,,134.71658325195312,,40732.7421875,,13.489188194274902,,0.4765625,,41662.48828125,,41662.48828125,,0.5234375,,256.0,,0.12158203125,,0.1106746643781662,,0.00390625,,,,,,,,,,,,,,
8,104599,,-0.26087313890457153,,797.792724609375,,2016.6033935546875,,8.0,,3.168703079223633,,0.375,,3.168703079223633,,2012.847900390625,,511.776611328125,,264.2457275390625,,99.46736145019531,,1218.8106689453125,,-6.45266580581665,,0.54296875,,2019.7720947265625,,2019.7720947265625,,0.45703125,,256.0,,0.119140625,,0.12972456216812134,,0.0,,,,,,,,,,,,,,
8,104649,,-0.2486642301082611,,1079.396484375,,42524.875,,8.0,,3.024451732635498,,0.25,,3.024451732635498,,2292.739501953125,,222.58755493164062,,308.4539794921875,,130.07379150390625,,41445.48046875,,12.573854446411133,,0.515625,,42527.8984375,,42527.8984375,,0.484375,,256.0,,0.34765625,,0.3633112907409668,,0.015625,,,,,,,,,,,,,,
8,104699,,-0.2535816431045532,,971.1279296875,,30468.1640625,,8.0,,2.8921308517456055,,0.25,,2.8921308517456055,,1818.7757568359375,,573.6450805664062,,277.13421630859375,,113.37003326416016,,29497.037109375,,13.335018157958984,,0.51171875,,30471.056640625,,30471.056640625,,0.48828125,,256.0,,0.177734375,,0.16299521923065186,,0.0078125,,,,,,,,,,,,,,
8,104749,,-0.25810521841049194,,1201.6229248046875,,77059.8984375,,8.0,,3.0859084129333496,,0.125,,3.0859084129333496,,1976.129150390625,,619.650634765625,,280.7252502441406,,117.33949279785156,,75858.2734375,,34.19586944580078,,0.51171875,,77062.984375,,77062.984375,,0.48828125,,256.0,,0.162109375,,0.15454444289207458,,0.015625,,,,,,,,,,,,,,
8,104799,,-0.26390475034713745,,1085.97802734375,,84975.6875,,8.0,,2.9591920375823975,,0.25,,2.9591920375823975,,1919.6417236328125,,570.8336181640625,,298.40496826171875,,113.24620819091797,,83889.7109375,,30.941875457763672,,0.51171875,,84978.6484375,,84978.6484375,,0.48828125,,256.0,,0.205078125,,0.21704065799713135,,0.0078125,,,,,,,,,,,,,,
8,104849,,-0.27416789531707764,,821.1702270507812,,29914.1953125,,8.0,,3.082181930541992,,0.0,,3.082181930541992,,2241.716064453125,,242.16058349609375,,248.20687866210938,,122.97663116455078,,29093.025390625,,14.985459327697754,,0.515625,,29917.27734375,,29917.27734375,,0.484375,,256.0,,0.11279296875,,0.0904470682144165,,0.00390625,,,,,,,,,,,,,,
8,104899,,-0.2648468613624573,,901.516845703125,,27702.86328125,,8.0,,3.304330587387085,,0.125,,3.304330587387085,,2094.306640625,,364.1934814453125,,276.1427917480469,,103.76427459716797,,26801.345703125,,10.145498275756836,,0.4375,,27706.16796875,,27706.16796875,,0.5625,,256.0,,0.125,,0.11182460188865662,,0.00390625,,,,,,,,,,,,,,
8,104949,,-0.27014589309692383,,968.7673950195312,,31367.58984375,,8.0,,3.23443603515625,,0.125,,3.23443603515625,,2068.1982421875,,614.1705322265625,,262.9442138671875,,111.46975708007812,,30398.822265625,,16.2750186920166,,0.5234375,,31370.82421875,,31370.82421875,,0.4765625,,256.0,,0.23046875,,0.22376887500286102,,0.0078125,,,,,,,,,,,,,,
8,104999,,-0.2622888684272766,,942.1770629882812,,2618.330078125,,8.0,,3.1928727626800537,,0.0,,3.1928727626800537,,2105.2802734375,,544.683837890625,,211.01931762695312,,90.1015396118164,,1676.1529541015625,,-5.905130863189697,,0.49609375,,2621.52294921875,,2621.52294921875,,0.50390625,,256.0,,0.16796875,,0.17579244077205658,,0.0078125,,,,,,,,,,,,,,
8,105049,,-0.26969730854034424,,910.7493896484375,,32088.23046875,,8.0,,3.0838546752929688,,0.25,,3.0838546752929688,,2090.242431640625,,393.2858581542969,,273.4498291015625,,110.77767181396484,,31177.48046875,,9.02275276184082,,0.5078125,,32091.314453125,,32091.314453125,,0.4921875,,256.0,,0.1318359375,,0.12516000866889954,,0.0078125,,,,,,,,,,,,,,
8,105099,,-0.26342159509658813,,880.632568359375,,2467.251953125,,8.0,,3.3471570014953613,,0.25,,3.3471570014953613,,2406.01904296875,,389.9252014160156,,283.00048828125,,108.0198745727539,,1586.6195068359375,,-7.996653079986572,,0.41796875,,2470.59912109375,,2470.59912109375,,0.58203125,,256.0,,0.1923828125,,0.1983301341533661,,0.0078125,,,,,,,,,,,,,,
8,105149,,-0.25433549284935,,741.477783203125,,1688.780029296875,,8.0,,2.997931957244873,,0.25,,2.997931957244873,,2061.32177734375,,485.8866882324219,,300.4566650390625,,99.00787353515625,,947.3023071289062,,0.9320437908172607,,0.53515625,,1691.7779541015625,,1691.7779541015625,,0.46484375,,256.0,,0.1875,,0.18924236297607422,,0.0,,,,,,,,,,,,,,
8,105199,,-0.24767856299877167,,815.4921264648438,,2238.279541015625,,8.0,,3.22843337059021,,0.125,,3.22843337059021,,2269.0029296875,,345.28863525390625,,282.37078857421875,,117.45069885253906,,1422.787353515625,,-4.5312418937683105,,0.5390625,,2241.508056640625,,2241.508056640625,,0.4609375,,256.0,,0.201171875,,0.19491133093833923,,0.00390625,,,,,,,,,,,,,,
8,105249,,-0.24883031845092773,,904.1503295898438,,36793.4453125,,8.0,,2.9985854625701904,,0.25,,2.9985854625701904,,2497.40087890625,,229.60809326171875,,272.90093994140625,,124.74710845947266,,35889.296875,,15.627506256103516,,0.51953125,,36796.4453125,,36796.4453125,,0.48046875,,256.0,,0.23828125,,0.22177958488464355,,0.00390625,,,,,,,,,,,,,,
8,105299,,-0.2602599263191223,,891.5897827148438,,30082.48828125,,8.0,,3.3755879402160645,,0.0,,3.3755879402160645,,2012.432373046875,,571.009521484375,,259.8788146972656,,123.31681823730469,,29190.8984375,,11.184720039367676,,0.484375,,30085.86328125,,30085.86328125,,0.515625,,256.0,,0.1416015625,,0.1284656524658203,,0.0078125,,,,,,,,,,,,,,
8,105349,,-0.2546044886112213,,912.6563720703125,,42635.94921875,,8.0,,3.191622257232666,,0.0,,3.191622257232666,,2147.56884765625,,346.1058044433594,,251.14910888671875,,116.2295150756836,,41723.29296875,,17.564666748046875,,0.46875,,42639.140625,,42639.140625,,0.53125,,256.0,,0.1552734375,,0.1519688367843628,,0.0078125,,,,,,,,,,,,,,
8,105399,,-0.2706688344478607,,811.2127075195312,,2166.2666015625,,8.0,,3.1638998985290527,,0.0,,3.1638998985290527,,2405.650146484375,,225.8614044189453,,148.40371704101562,,108.73237609863281,,1355.0538330078125,,-1.5463556051254272,,0.56640625,,2169.430419921875,,2169.430419921875,,0.43359375,,256.0,,0.1796875,,0.1675967276096344,,0.00390625,,,,,,,,,,,,,,
8,105449,,-0.2555791735649109,,1111.6138916015625,,39994.9296875,,8.0,,2.991270065307617,,0.375,,2.991270065307617,,2077.896240234375,,625.3109741210938,,290.228515625,,114.16032409667969,,38883.31640625,,12.69430923461914,,0.5,,39997.921875,,39997.921875,,0.5,,256.0,,0.26171875,,0.25508469343185425,,0.01953125,,,,,,,,,,,,,,
8,105499,,-0.2580000162124634,,1016.7673950195312,,33752.41015625,,8.0,,2.9812231063842773,,0.125,,2.9812231063842773,,2280.34765625,,256.019775390625,,254.7255096435547,,128.37887573242188,,32735.64453125,,10.899402618408203,,0.4921875,,33755.390625,,33755.390625,,0.5078125,,256.0,,0.228515625,,0.2175169438123703,,0.0078125,,,,,,,,,,,,,,
8,105549,,-0.2663589417934418,,807.609619140625,,2026.969970703125,,8.0,,3.2624475955963135,,0.0,,3.2624475955963135,,2268.876708984375,,455.0487365722656,,240.59393310546875,,126.32067108154297,,1219.3603515625,,-3.252307415008545,,0.5390625,,2030.232421875,,2030.232421875,,0.4609375,,256.0,,0.16015625,,0.15843859314918518,,0.00390625,,,,,,,,,,,,,,
8,105599,,-0.271979421377182,,772.93994140625,,1778.245849609375,,8.0,,3.047100067138672,,0.0,,3.047100067138672,,1970.9803466796875,,595.158935546875,,220.3971405029297,,109.23410034179688,,1005.3059692382812,,-5.722462177276611,,0.48828125,,1781.29296875,,1781.29296875,,0.51171875,,256.0,,0.255859375,,0.25125473737716675,,0.0,,,,,,,,,,,,,,
8,105649,,-0.2582107186317444,,756.770263671875,,2143.05517578125,,8.0,,3.423161029815674,,0.0,,3.423161029815674,,1799.8115234375,,487.478515625,,287.13665771484375,,85.30083465576172,,1386.2850341796875,,0.8961171507835388,,0.48046875,,2146.478271484375,,2146.478271484375,,0.51953125,,256.0,,0.2080078125,,0.19207267463207245,,0.0,,,,,,,,,,,,,,
8,105699,,-0.2551129460334778,,983.5407104492188,,43005.0546875,,8.0,,3.112183094024658,,0.0,,3.112183094024658,,2338.27294921875,,331.8851623535156,,181.9260711669922,,118.60740661621094,,42021.515625,,18.10726547241211,,0.48828125,,43008.16796875,,43008.16796875,,0.51171875,,256.0,,0.2158203125,,0.2108408510684967,,0.0078125,,,,,,,,,,,,,,
8,105749,,-0.2536088228225708,,929.074951171875,,58873.1640625,,8.0,,3.1646313667297363,,0.0,,3.1646313667297363,,2363.05419921875,,369.3810729980469,,226.43826293945312,,106.8036880493164,,57944.08984375,,14.605342864990234,,0.4609375,,58876.328125,,58876.328125,,0.5390625,,256.0,,0.130859375,,0.13622590899467468,,0.00390625,,,,,,,,,,,,,,
8,105799,,-0.2608993649482727,,744.4065551757812,,1820.3037109375,,8.0,,3.0707473754882812,,0.0,,3.0707473754882812,,2397.322265625,,316.3285827636719,,231.8472900390625,,127.57061004638672,,1075.8970947265625,,2.300741195678711,,0.453125,,1823.37451171875,,1823.37451171875,,0.546875,,256.0,,0.177734375,,0.15505585074424744,,0.0078125,,,,,,,,,,,,,,
8,105849,,-0.2597099244594574,,943.1270751953125,,2557.984130859375,,8.0,,3.2736587524414062,,0.0,,3.2736587524414062,,2160.083984375,,500.75335693359375,,259.5229797363281,,131.45819091796875,,1614.8570556640625,,4.934014320373535,,0.51171875,,2561.2578125,,2561.2578125,,0.48828125,,256.0,,0.146484375,,0.13770760595798492,,0.00390625,,,,,,,,,,,,,,
8,105899,,-0.2534554600715637,,825.1905517578125,,2181.6513671875,,8.0,,3.208818197250366,,0.0,,3.208818197250366,,2065.30517578125,,256.0417175292969,,300.18408203125,,111.66310119628906,,1356.4609375,,-3.558579921722412,,0.515625,,2184.860107421875,,2184.860107421875,,0.484375,,256.0,,0.181640625,,0.17839333415031433,,0.0078125,,,,,,,,,,,,,,
8,105949,,-0.2539903223514557,,780.9337158203125,,2187.859619140625,,8.0,,3.3403382301330566,,0.0,,3.3403382301330566,,2260.86376953125,,528.477783203125,,247.18817138671875,,141.32229614257812,,1406.9259033203125,,-3.7306036949157715,,0.50390625,,2191.199951171875,,2191.199951171875,,0.49609375,,256.0,,0.1396484375,,0.14578306674957275,,0.0,,,,,,,,,,,,,,
8,105999,,-0.25975483655929565,,983.2119750976562,,37963.02734375,,8.0,,3.2276721000671387,,0.0,,3.2276721000671387,,2331.981689453125,,309.8578186035156,,240.53146362304688,,138.15892028808594,,36979.81640625,,13.932849884033203,,0.5390625,,37966.25390625,,37966.25390625,,0.4609375,,256.0,,0.10400390625,,0.1172427162528038,,0.0078125,,,,,,,,,,,,,,
8,106049,,-0.2584342658519745,,1119.7308349609375,,87474.953125,,8.0,,3.084242343902588,,0.125,,3.084242343902588,,2456.37353515625,,355.5746765136719,,212.59603881835938,,129.84210205078125,,86355.21875,,33.002525329589844,,0.51953125,,87478.0390625,,87478.0390625,,0.48046875,,256.0,,0.2314453125,,0.22088828682899475,,0.0078125,,,,,,,,,,,,,,
8,106099,,-0.2604075074195862,,762.0629272460938,,1752.6328125,,8.0,,3.075404167175293,,0.125,,3.075404167175293,,2101.447265625,,336.03607177734375,,301.22607421875,,96.38059997558594,,990.5699462890625,,-6.685249328613281,,0.46484375,,1755.708251953125,,1755.708251953125,,0.53515625,,256.0,,0.1318359375,,0.1277456283569336,,0.0,,,,,,,,,,,,,,
8,106149,,-0.2653108835220337,,911.6795043945312,,33941.109375,,8.0,,3.2717833518981934,,0.0,,3.2717833518981934,,2225.66162109375,,540.5410766601562,,212.19467163085938,,120.70647430419922,,33029.4296875,,12.495102882385254,,0.515625,,33944.3828125,,33944.3828125,,0.484375,,256.0,,0.1552734375,,0.16312389075756073,,0.00390625,,,,,,,,,,,,,,
8,106199,,-0.2762765884399414,,748.3851318359375,,2125.727783203125,,8.0,,3.1336100101470947,,0.375,,3.1336100101470947,,2257.951171875,,376.4237365722656,,223.8063507080078,,128.9296112060547,,1377.3426513671875,,-6.78239631652832,,0.484375,,2128.861328125,,2128.861328125,,0.515625,,256.0,,0.14453125,,0.1411105990409851,,0.00390625,,,,,,,,,,,,,,
8,106249,,-0.25650861859321594,,750.7900390625,,1501.217529296875,,8.0,,2.8812766075134277,,0.375,,2.8812766075134277,,2256.333251953125,,401.7998046875,,315.23748779296875,,115.67945861816406,,750.4274291992188,,-2.790173292160034,,0.390625,,1504.0987548828125,,1504.0987548828125,,0.609375,,256.0,,0.134765625,,0.1286136955022812,,0.0,,,,,,,,,,,,,,
8,106299,,-0.2592517137527466,,746.73876953125,,1995.61328125,,8.0,,3.3411900997161865,,0.0,,3.3411900997161865,,2083.722900390625,,604.4735107421875,,291.15185546875,,120.06839752197266,,1248.87451171875,,-4.047239780426025,,0.51171875,,1998.9544677734375,,1998.9544677734375,,0.48828125,,256.0,,0.19140625,,0.18835219740867615,,0.0,,,,,,,,,,,,,,
8,106349,,-0.25881141424179077,,1003.8446655273438,,51223.1171875,,8.0,,3.0428011417388916,,0.0,,3.0428011417388916,,2359.1875,,533.70068359375,,231.62957763671875,,129.52203369140625,,50219.2734375,,12.377472877502441,,0.4921875,,51226.16015625,,51226.16015625,,0.5078125,,256.0,,0.1640625,,0.1453646421432495,,0.00390625,,,,,,,,,,,,,,
8,106399,,-0.24689529836177826,,1101.677001953125,,71285.4921875,,8.0,,3.2416837215423584,,0.0,,3.2416837215423584,,2336.0205078125,,382.8541564941406,,291.1256103515625,,128.74554443359375,,70183.8125,,26.45058250427246,,0.453125,,71288.734375,,71288.734375,,0.546875,,256.0,,0.1953125,,0.19260674715042114,,0.01171875,,,,,,,,,,,,,,
8,106449,,-0.25843191146850586,,689.5439453125,,1920.0902099609375,,8.0,,3.131627321243286,,0.125,,3.131627321243286,,2113.461181640625,,458.41943359375,,242.05856323242188,,124.45211029052734,,1230.5462646484375,,-4.402155876159668,,0.53515625,,1923.2218017578125,,1923.2218017578125,,0.46484375,,256.0,,0.18359375,,0.16341623663902283,,0.0,,,,,,,,,,,,,,
8,106499,,-0.26580291986465454,,798.7353515625,,1866.225341796875,,8.0,,3.4311275482177734,,0.0,,3.4311275482177734,,2225.7021484375,,355.73248291015625,,296.82012939453125,,113.35197448730469,,1067.489990234375,,-6.591071605682373,,0.5234375,,1869.656494140625,,1869.656494140625,,0.4765625,,256.0,,0.19140625,,0.1854541003704071,,0.0,,,,,,,,,,,,,,
8,106549,,-0.2538711726665497,,1358.2847900390625,,134347.28125,,8.0,,3.0328335762023926,,0.25,,3.0328335762023926,,2334.479248046875,,548.1935424804688,,191.56121826171875,,100.33808898925781,,132989.0,,53.52253723144531,,0.48046875,,134350.3125,,134350.3125,,0.51953125,,256.0,,0.134765625,,0.14524532854557037,,0.01171875,,,,,,,,,,,,,,
8,106599,,-0.2541387677192688,,790.632080078125,,2301.0458984375,,8.0,,3.0379486083984375,,0.0,,3.0379486083984375,,2130.679931640625,,572.24658203125,,295.2365417480469,,113.36750030517578,,1510.4139404296875,,-1.8743870258331299,,0.453125,,2304.083740234375,,2304.083740234375,,0.546875,,256.0,,0.1259765625,,0.12149292230606079,,0.0,,,,,,,,,,,,,,
8,106649,,-0.246558278799057,,765.5035400390625,,2294.96875,,8.0,,3.1555211544036865,,0.125,,3.1555211544036865,,2291.646240234375,,356.5109558105469,,247.02133178710938,,139.73709106445312,,1529.4652099609375,,-5.065084457397461,,0.546875,,2298.124267578125,,2298.124267578125,,0.453125,,256.0,,0.2255859375,,0.2425278276205063,,0.0,,,,,,,,,,,,,,
8,106699,,-0.2562864422798157,,1145.931396484375,,85724.9375,,8.0,,3.160353660583496,,0.125,,3.160353660583496,,2430.6328125,,242.92662048339844,,277.2733459472656,,143.23524475097656,,84579.0078125,,35.51657485961914,,0.47265625,,85728.1015625,,85728.1015625,,0.52734375,,256.0,,0.08740234375,,0.0804748609662056,,0.01171875,,,,,,,,,,,,,,
8,106749,,-0.25956979393959045,,1069.11181640625,,29030.568359375,,8.0,,3.145000457763672,,0.25,,3.145000457763672,,2294.3623046875,,708.6129760742188,,212.70669555664062,,111.79130554199219,,27961.45703125,,10.443499565124512,,0.51171875,,29033.712890625,,29033.712890625,,0.48828125,,256.0,,0.2099609375,,0.19534248113632202,,0.015625,,,,,,,,,,,,,,
8,106799,,-0.2630174458026886,,856.97802734375,,2148.111083984375,,8.0,,3.318033218383789,,0.0,,3.318033218383789,,2189.85986328125,,450.3118896484375,,254.8512725830078,,141.53688049316406,,1291.133056640625,,2.446697235107422,,0.52734375,,2151.42919921875,,2151.42919921875,,0.47265625,,256.0,,0.1611328125,,0.1670772284269333,,0.00390625,,,,,,,,,,,,,,
8,106849,,-0.28029313683509827,,800.0518188476562,,1767.2178955078125,,8.0,,3.0674209594726562,,0.125,,3.0674209594726562,,2128.3046875,,567.4976196289062,,223.86093139648438,,126.04747009277344,,967.1660766601562,,-4.657360553741455,,0.421875,,1770.2852783203125,,1770.2852783203125,,0.578125,,256.0,,0.140625,,0.14072954654693604,,0.0,,,,,,,,,,,,,,
8,106899,,-0.26549166440963745,,786.5936279296875,,2004.450927734375,,8.0,,3.185290813446045,,0.125,,3.185290813446045,,2367.85888671875,,340.4864196777344,,232.0995330810547,,128.24136352539062,,1217.8572998046875,,-7.252150535583496,,0.4140625,,2007.63623046875,,2007.63623046875,,0.5859375,,256.0,,0.193359375,,0.2204655110836029,,0.00390625,,,,,,,,,,,,,,
8,106949,,-0.26073259115219116,,1015.33544921875,,33332.06640625,,8.0,,3.1083269119262695,,0.0,,3.1083269119262695,,2424.9248046875,,302.1242370605469,,235.86708068847656,,140.78590393066406,,32316.732421875,,12.656047821044922,,0.5546875,,33335.17578125,,33335.17578125,,0.4453125,,256.0,,0.2080078125,,0.19801124930381775,,0.0078125,,,,,,,,,,,,,,
8,106999,,-0.2496958076953888,,752.8358154296875,,2025.706787109375,,8.0,,3.015122890472412,,0.375,,3.015122890472412,,2352.083984375,,440.3279113769531,,256.9708251953125,,129.2325897216797,,1272.8709716796875,,-6.496898651123047,,0.44921875,,2028.721923828125,,2028.721923828125,,0.55078125,,256.0,,0.2421875,,0.22915393114089966,,0.0,,,,,,,,,,,,,,
8,107049,,-0.27566689252853394,,815.0377807617188,,1841.23291015625,,8.0,,3.141486883163452,,0.0,,3.141486883163452,,2249.34375,,362.7188415527344,,271.55548095703125,,135.43894958496094,,1026.1951904296875,,-4.325663089752197,,0.49609375,,1844.3743896484375,,1844.3743896484375,,0.50390625,,256.0,,0.18359375,,0.19145894050598145,,0.0,,,,,,,,,,,,,,
8,107099,,-0.2680451571941376,,984.286865234375,,34862.0390625,,8.0,,3.121549129486084,,0.0,,3.121549129486084,,2185.447265625,,475.02435302734375,,214.21852111816406,,112.89041900634766,,33877.75390625,,15.624794960021973,,0.48046875,,34865.16015625,,34865.16015625,,0.51953125,,256.0,,0.177734375,,0.16249817609786987,,0.00390625,,,,,,,,,,,,,,
8,107149,,-0.2615742087364197,,1085.815185546875,,80430.796875,,8.0,,3.0797133445739746,,0.125,,3.0797133445739746,,1947.90087890625,,528.5112915039062,,227.2816162109375,,129.63365173339844,,79344.984375,,27.231855392456055,,0.484375,,80433.875,,80433.875,,0.515625,,256.0,,0.1943359375,,0.17497628927230835,,0.0078125,,,,,,,,,,,,,,
8,107199,,-0.2687716484069824,,841.3129272460938,,2911.08544921875,,8.0,,3.019098997116089,,0.125,,3.019098997116089,,2489.43603515625,,232.77508544921875,,164.45127868652344,,101.63807678222656,,2069.7724609375,,-2.1894214153289795,,0.51953125,,2914.1044921875,,2914.1044921875,,0.48046875,,256.0,,0.1875,,0.17690691351890564,,0.0,,,,,,,,,,,,,,
8,107249,,-0.24928945302963257,,979.9214477539062,,2078.9462890625,,8.0,,3.405686378479004,,0.0,,3.405686378479004,,2169.1435546875,,593.136962890625,,235.27679443359375,,120.58361053466797,,1099.0247802734375,,-3.1695985794067383,,0.44921875,,2082.35205078125,,2082.35205078125,,0.55078125,,256.0,,0.1455078125,,0.15381550788879395,,0.01953125,,,,,,,,,,,,,,
8,107299,,-0.26146024465560913,,1019.3472900390625,,39157.94140625,,8.0,,3.122720718383789,,0.25,,3.122720718383789,,2339.61669921875,,294.3283386230469,,235.38108825683594,,128.90284729003906,,38138.59375,,13.895831108093262,,0.50390625,,39161.0625,,39161.0625,,0.49609375,,256.0,,0.2080078125,,0.23047757148742676,,0.01171875,,,,,,,,,,,,,,
8,107349,,-0.25535836815834045,,890.5899658203125,,2041.5740966796875,,8.0,,3.3642492294311523,,0.0,,3.3642492294311523,,2213.588623046875,,641.7360229492188,,241.480712890625,,120.68408203125,,1150.984130859375,,-3.990630626678467,,0.48046875,,2044.9383544921875,,2044.9383544921875,,0.51953125,,256.0,,0.0205078125,,0.028136519715189934,,0.00390625,,,,,,,,,,,,,,
8,107399,,-0.27067798376083374,,947.9223022460938,,38539.23046875,,8.0,,3.023921489715576,,0.0,,3.023921489715576,,2121.11474609375,,629.7843627929688,,257.58447265625,,128.5276641845703,,37591.30859375,,15.30826187133789,,0.5,,38542.25390625,,38542.25390625,,0.5,,256.0,,0.07373046875,,0.06092088669538498,,0.00390625,,,,,,,,,,,,,,
8,107449,,-0.25697803497314453,,707.2861328125,,1963.2281494140625,,8.0,,2.951198101043701,,0.125,,2.951198101043701,,2131.39990234375,,549.3494873046875,,278.7127685546875,,119.12086486816406,,1255.9420166015625,,-5.369984149932861,,0.46484375,,1966.1793212890625,,1966.1793212890625,,0.53515625,,256.0,,0.1689453125,,0.16827647387981415,,0.0,,,,,,,,,,,,,,
8,107499,,-0.2500338554382324,,831.5205688476562,,2292.363525390625,,8.0,,3.1128430366516113,,0.125,,3.1128430366516113,,2431.5029296875,,363.1261291503906,,235.9947967529297,,126.54029083251953,,1460.843017578125,,-2.9830384254455566,,0.46875,,2295.476318359375,,2295.476318359375,,0.53125,,256.0,,0.2392578125,,0.21777528524398804,,0.00390625,,,,,,,,,,,,,,
8,107549,,-0.25608330965042114,,898.7669677734375,,2385.2236328125,,8.0,,3.2004570960998535,,0.0,,3.2004570960998535,,1901.265869140625,,692.3443603515625,,294.1482849121094,,106.17740631103516,,1486.4566650390625,,-0.26220703125,,0.4765625,,2388.424072265625,,2388.424072265625,,0.5234375,,256.0,,0.10546875,,0.10799014568328857,,0.0078125,,,,,,,,,,,,,,
8,107599,,-0.26129254698753357,,883.7574462890625,,34629.875,,8.0,,3.1565916538238525,,0.0,,3.1565916538238525,,2211.6396484375,,196.65492248535156,,253.30868530273438,,119.7934341430664,,33746.1171875,,7.437321186065674,,0.53515625,,34633.03125,,34633.03125,,0.46484375,,256.0,,0.1484375,,0.14923787117004395,,0.0078125,,,,,,,,,,,,,,
8,107649,,-0.264821857213974,,873.266357421875,,2347.583984375,,8.0,,3.1771390438079834,,0.0,,3.1771390438079834,,2198.842529296875,,552.2566528320312,,201.31768798828125,,122.64627075195312,,1474.317626953125,,-8.556009292602539,,0.5,,2350.76123046875,,2350.76123046875,,0.5,,256.0,,0.26171875,,0.2739420235157013,,0.00390625,,,,,,,,,,,,,,
8,107699,,-0.26468425989151,,782.6257934570312,,2340.5634765625,,8.0,,3.1059021949768066,,0.0,,3.1059021949768066,,2247.824462890625,,401.8641052246094,,266.28497314453125,,113.9670639038086,,1557.937744140625,,-1.8019510507583618,,0.421875,,2343.66943359375,,2343.66943359375,,0.578125,,256.0,,0.10986328125,,0.1298477053642273,,0.00390625,,,,,,,,,,,,,,
8,107749,,-0.25290077924728394,,746.4832763671875,,1873.208984375,,8.0,,2.890676975250244,,0.125,,2.890676975250244,,2313.34228515625,,498.8530578613281,,245.25393676757812,,120.02399444580078,,1126.7257080078125,,-1.2681015729904175,,0.54296875,,1876.099609375,,1876.099609375,,0.45703125,,256.0,,0.2236328125,,0.21364253759384155,,0.0,,,,,,,,,,,,,,
8,107799,,-0.2573939561843872,,797.6748657226562,,2067.529296875,,8.0,,2.9674301147460938,,0.0,,2.9674301147460938,,2450.520263671875,,500.6750183105469,,213.83689880371094,,127.11264038085938,,1269.8544921875,,-3.6082704067230225,,0.5234375,,2070.496826171875,,2070.496826171875,,0.4765625,,256.0,,0.232421875,,0.2291906774044037,,0.00390625,,,,,,,,,,,,,,
8,107849,,-0.2704946994781494,,757.602294921875,,1999.13916015625,,8.0,,3.180224895477295,,0.25,,3.180224895477295,,2372.146728515625,,405.47271728515625,,223.65225219726562,,131.0464324951172,,1241.536865234375,,-2.2836599349975586,,0.453125,,2002.3193359375,,2002.3193359375,,0.546875,,256.0,,0.17578125,,0.1715797632932663,,0.0,,,,,,,,,,,,,,
8,107899,,-0.2541083097457886,,1239.66650390625,,86201.2890625,,8.0,,3.1033480167388916,,0.125,,3.1033480167388916,,2204.60693359375,,486.7988586425781,,237.38006591796875,,126.973876953125,,84961.625,,28.791419982910156,,0.5625,,86204.390625,,86204.390625,,0.4375,,256.0,,0.1044921875,,0.0955091342329979,,0.01171875,,,,,,,,,,,,,,
8,107949,,-0.24920229613780975,,764.7232666015625,,1923.26708984375,,8.0,,2.946718692779541,,0.25,,2.946718692779541,,2300.740234375,,348.4047546386719,,257.9739990234375,,146.57608032226562,,1158.5438232421875,,-6.041938304901123,,0.484375,,1926.2138671875,,1926.2138671875,,0.515625,,256.0,,0.146484375,,0.14515569806098938,,0.0,,,,,,,,,,,,,,
8,107999,,-0.2570740878582001,,756.4478149414062,,2303.760498046875,,8.0,,3.0244669914245605,,0.125,,3.0244669914245605,,2338.2890625,,188.2880859375,,226.13363647460938,,125.35081481933594,,1547.312744140625,,-5.515069484710693,,0.4453125,,2306.784912109375,,2306.784912109375,,0.5546875,,256.0,,0.171875,,0.16218237578868866,,0.0,,,,,,,,,,,,,,
8,108049,,-0.2710208296775818,,893.7294311523438,,2414.4052734375,,8.0,,3.1181674003601074,,0.0,,3.1181674003601074,,2248.432373046875,,332.6311950683594,,221.8890838623047,,140.24871826171875,,1520.6759033203125,,-6.782304763793945,,0.52734375,,2417.5234375,,2417.5234375,,0.47265625,,256.0,,0.1611328125,,0.15171748399734497,,0.00390625,,,,,,,,,,,,,,
8,108099,,-0.25893688201904297,,921.603515625,,40601.6875,,8.0,,3.07600736618042,,0.125,,3.07600736618042,,2387.78564453125,,349.93414306640625,,212.0781707763672,,108.60489654541016,,39680.0859375,,13.858098030090332,,0.5078125,,40604.76171875,,40604.76171875,,0.4921875,,256.0,,0.1435546875,,0.1409333199262619,,0.00390625,,,,,,,,,,,,,,
8,108149,,-0.2706153690814972,,895.6224975585938,,2677.4453125,,8.0,,2.943026065826416,,0.125,,2.943026065826416,,2348.116455078125,,207.1553497314453,,282.02996826171875,,138.3629608154297,,1781.8228759765625,,-5.544070243835449,,0.5,,2680.388427734375,,2680.388427734375,,0.5,,256.0,,0.171875,,0.1776282638311386,,0.0,,,,,,,,,,,,,,
8,108199,,-0.24283163249492645,,798.5885620117188,,2030.89306640625,,8.0,,3.07403564453125,,0.125,,3.07403564453125,,1868.08984375,,686.9266357421875,,262.54913330078125,,128.93197631835938,,1232.304443359375,,-3.705444812774658,,0.5,,2033.967041015625,,2033.967041015625,,0.5,,256.0,,0.212890625,,0.22094683349132538,,0.00390625,,,,,,,,,,,,,,
8,108249,,-0.2789161205291748,,784.2802734375,,1736.032470703125,,8.0,,3.194469451904297,,0.125,,3.194469451904297,,2125.508056640625,,393.5330505371094,,231.65838623046875,,101.54703521728516,,951.7521362304688,,-5.439212322235107,,0.53515625,,1739.2269287109375,,1739.2269287109375,,0.46484375,,256.0,,0.1923828125,,0.21787278354167938,,0.0,,,,,,,,,,,,,,
8,108299,,-0.2417038381099701,,717.554443359375,,1851.989501953125,,8.0,,3.196277618408203,,0.125,,3.196277618408203,,2309.349853515625,,466.3835144042969,,227.70492553710938,,97.40045166015625,,1134.43505859375,,-6.0644121170043945,,0.54296875,,1855.185791015625,,1855.185791015625,,0.45703125,,256.0,,0.130859375,,0.1452041119337082,,0.0,,,,,,,,,,,,,,
8,108349,,-0.25737905502319336,,978.936767578125,,30918.28515625,,8.0,,3.2556042671203613,,0.0,,3.2556042671203613,,1895.979248046875,,568.1011352539062,,230.15432739257812,,115.10486602783203,,29939.34765625,,12.675053596496582,,0.52734375,,30921.541015625,,30921.541015625,,0.47265625,,256.0,,0.1630859375,,0.18209323287010193,,0.0078125,,,,,,,,,,,,,,
8,108399,,-0.26138851046562195,,762.25,,2123.60205078125,,8.0,,2.980285167694092,,0.125,,2.980285167694092,,2368.05517578125,,447.96417236328125,,219.53585815429688,,139.84681701660156,,1361.3521728515625,,-1.5344771146774292,,0.5234375,,2126.582275390625,,2126.582275390625,,0.4765625,,256.0,,0.119140625,,0.12362849712371826,,0.0,,,,,,,,,,,,,,
8,108449,,-0.2727854549884796,,783.7424926757812,,2214.47412109375,,8.0,,3.3769054412841797,,0.0,,3.3769054412841797,,2250.695556640625,,625.2128295898438,,221.9427490234375,,137.34083557128906,,1430.731689453125,,-2.7216272354125977,,0.52734375,,2217.85107421875,,2217.85107421875,,0.47265625,,256.0,,0.1826171875,,0.17562471330165863,,0.0,,,,,,,,,,,,,,
8,108499,,-0.26744645833969116,,977.3496704101562,,32521.572265625,,8.0,,2.9502084255218506,,0.25,,2.9502084255218506,,2395.939453125,,320.8742370605469,,257.51226806640625,,99.6141357421875,,31544.22265625,,10.346746444702148,,0.48828125,,32524.5234375,,32524.5234375,,0.51171875,,256.0,,0.2314453125,,0.22689133882522583,,0.0078125,,,,,,,,,,,,,,
8,108549,,-0.2530428171157837,,752.8955078125,,1773.1376953125,,8.0,,3.0558743476867676,,0.0,,3.0558743476867676,,2206.849853515625,,453.88653564453125,,230.95606994628906,,131.3312530517578,,1020.2421264648438,,-3.9252007007598877,,0.55078125,,1776.193603515625,,1776.193603515625,,0.44921875,,256.0,,0.1962890625,,0.18716183304786682,,0.0,,,,,,,,,,,,,,
8,108599,,-0.25617584586143494,,765.7476806640625,,2109.7080078125,,8.0,,3.3668265342712402,,0.0,,3.3668265342712402,,1914.4818115234375,,769.6585693359375,,239.67201232910156,,142.06442260742188,,1343.96044921875,,-9.481552124023438,,0.4765625,,2113.074951171875,,2113.074951171875,,0.5234375,,256.0,,0.154296875,,0.1426735520362854,,0.00390625,,,,,,,,,,,,,,
8,108649,,-0.25984132289886475,,666.0750732421875,,1745.1510009765625,,8.0,,3.149362564086914,,0.125,,3.149362564086914,,2072.807861328125,,410.1418151855469,,266.646728515625,,105.00943756103516,,1079.075927734375,,-4.556589126586914,,0.51171875,,1748.3004150390625,,1748.3004150390625,,0.48828125,,256.0,,0.1552734375,,0.14882716536521912,,0.0,,,,,,,,,,,,,,
8,108699,,-0.2626364827156067,,988.3606567382812,,45109.921875,,8.0,,2.734098434448242,,0.25,,2.734098434448242,,2226.09619140625,,643.6154174804688,,251.87451171875,,146.25123596191406,,44121.5625,,19.048208236694336,,0.50390625,,45112.65625,,45112.65625,,0.49609375,,256.0,,0.0595703125,,0.07245872914791107,,0.0078125,,,,,,,,,,,,,,
8,108749,,-0.268400639295578,,859.8078002929688,,2161.6279296875,,8.0,,3.0800089836120605,,0.25,,3.0800089836120605,,2340.71875,,356.12042236328125,,293.9162902832031,,125.62226867675781,,1301.820068359375,,-7.417606353759766,,0.53125,,2164.7080078125,,2164.7080078125,,0.46875,,256.0,,0.2333984375,,0.21538525819778442,,0.00390625,,,,,,,,,,,,,,
8,108799,,-0.24504932761192322,,806.60009765625,,1992.1026611328125,,8.0,,3.076852560043335,,0.125,,3.076852560043335,,2442.19775390625,,184.26611328125,,228.56398010253906,,116.07527923583984,,1185.5025634765625,,2.159334897994995,,0.53125,,1995.1795654296875,,1995.1795654296875,,0.46875,,256.0,,0.1806640625,,0.183464914560318,,0.00390625,,,,,,,,,,,,,,
8,108849,,-0.26047030091285706,,781.6387939453125,,2361.587646484375,,8.0,,3.1570520401000977,,0.0,,3.1570520401000977,,2384.58251953125,,235.07723999023438,,244.4820556640625,,103.49169158935547,,1579.9488525390625,,-5.379581451416016,,0.5390625,,2364.74462890625,,2364.74462890625,,0.4609375,,256.0,,0.15625,,0.15210364758968353,,0.00390625,,,,,,,,,,,,,,
8,108899,,-0.26791852712631226,,761.8328247070312,,2307.73046875,,8.0,,3.0889058113098145,,0.125,,3.0889058113098145,,2013.806884765625,,671.6351318359375,,250.2781219482422,,116.09544372558594,,1545.8975830078125,,-7.623520851135254,,0.53125,,2310.8193359375,,2310.8193359375,,0.46875,,256.0,,0.21484375,,0.1977645754814148,,0.0,,,,,,,,,,,,,,
8,108949,,-0.25418293476104736,,1141.095703125,,85468.609375,,8.0,,3.1331028938293457,,0.0,,3.1331028938293457,,2231.896484375,,422.453125,,303.30853271484375,,105.83567810058594,,84327.515625,,30.83073616027832,,0.46484375,,85471.7421875,,85471.7421875,,0.53515625,,256.0,,0.158203125,,0.14797081053256989,,0.0078125,,,,,,,,,,,,,,
8,108999,,-0.2585432529449463,,1010.9986572265625,,31415.705078125,,8.0,,3.0728611946105957,,0.125,,3.0728611946105957,,2420.09716796875,,352.44512939453125,,257.03790283203125,,125.23702239990234,,30404.70703125,,7.536032199859619,,0.57421875,,31418.77734375,,31418.77734375,,0.42578125,,256.0,,0.181640625,,0.1831459254026413,,0.00390625,,,,,,,,,,,,,,
8,109049,,-0.2604055106639862,,843.934326171875,,1867.56591796875,,8.0,,3.0596323013305664,,0.25,,3.0596323013305664,,2327.62890625,,230.30674743652344,,275.067138671875,,119.88124084472656,,1023.6315307617188,,1.4072179794311523,,0.47265625,,1870.6256103515625,,1870.6256103515625,,0.52734375,,256.0,,0.11279296875,,0.11986436694860458,,0.00390625,,,,,,,,,,,,,,
8,109099,,-0.257530152797699,,1031.9915771484375,,63842.5,,8.0,,3.182309627532959,,0.0,,3.182309627532959,,2067.96240234375,,697.727294921875,,200.05645751953125,,121.19730377197266,,62810.5078125,,26.873628616333008,,0.546875,,63845.68359375,,63845.68359375,,0.453125,,256.0,,0.25390625,,0.23562751710414886,,0.0078125,,,,,,,,,,,,,,
8,109149,,-0.24983219802379608,,1058.0399169921875,,53416.2109375,,8.0,,3.1880712509155273,,0.125,,3.1880712509155273,,2376.02685546875,,445.0726013183594,,229.90786743164062,,127.38065338134766,,52358.171875,,17.949382781982422,,0.46875,,53419.3984375,,53419.3984375,,0.53125,,256.0,,0.228515625,,0.22937707602977753,,0.01171875,,,,,,,,,,,,,,
8,109199,,-0.2601882815361023,,785.4520874023438,,2033.114990234375,,8.0,,3.191425323486328,,0.125,,3.191425323486328,,2226.547119140625,,329.2709045410156,,234.5076446533203,,136.11228942871094,,1247.662841796875,,-8.36353588104248,,0.46484375,,2036.306396484375,,2036.306396484375,,0.53515625,,256.0,,0.1591796875,,0.1635899841785431,,0.0,,,,,,,,,,,,,,
8,109249,,-0.25040292739868164,,789.43017578125,,1846.8077392578125,,8.0,,3.0739336013793945,,0.375,,3.0739336013793945,,2186.3837890625,,346.33074951171875,,298.77618408203125,,90.8614501953125,,1057.3775634765625,,-4.075689315795898,,0.484375,,1849.8817138671875,,1849.8817138671875,,0.515625,,256.0,,0.201171875,,0.19213715195655823,,0.0,,,,,,,,,,,,,,
8,109299,,-0.24744781851768494,,729.1845703125,,1778.4100341796875,,8.0,,3.013279914855957,,0.0,,3.013279914855957,,2128.51513671875,,439.10546875,,262.8419189453125,,114.55657958984375,,1049.2254638671875,,-4.471993446350098,,0.5234375,,1781.42333984375,,1781.42333984375,,0.4765625,,256.0,,0.1982421875,,0.2069319486618042,,0.00390625,,,,,,,,,,,,,,
8,109349,,-0.2723665237426758,,890.3453369140625,,2547.684326171875,,8.0,,3.2164249420166016,,0.0,,3.2164249420166016,,2240.9091796875,,503.2548828125,,243.0291290283203,,120.433837890625,,1657.3389892578125,,-4.2484660148620605,,0.4765625,,2550.900634765625,,2550.900634765625,,0.5234375,,256.0,,0.2138671875,,0.20708684623241425,,0.00390625,,,,,,,,,,,,,,
8,109399,,-0.27894288301467896,,743.492431640625,,2220.957275390625,,8.0,,3.214933395385742,,0.0,,3.214933395385742,,2353.84521484375,,375.6783142089844,,247.94091796875,,139.38575744628906,,1477.46484375,,-4.964706897735596,,0.5078125,,2224.172119140625,,2224.172119140625,,0.4921875,,256.0,,0.2294921875,,0.22437918186187744,,0.0,,,,,,,,,,,,,,
8,109449,,-0.2621193528175354,,791.3477783203125,,2245.345458984375,,8.0,,3.157829761505127,,0.125,,3.157829761505127,,2305.4931640625,,240.9098663330078,,286.3837585449219,,119.24209594726562,,1453.9976806640625,,-1.4926915168762207,,0.48828125,,2248.503173828125,,2248.503173828125,,0.51171875,,256.0,,0.2412109375,,0.2518250346183777,,0.00390625,,,,,,,,,,,,,,
8,109499,,-0.2538455128669739,,1043.634765625,,24686.0,,8.0,,3.153231143951416,,0.25,,3.153231143951416,,2200.46484375,,282.9307861328125,,209.31504821777344,,101.37740325927734,,23642.365234375,,8.201601028442383,,0.53515625,,24689.15234375,,24689.15234375,,0.46484375,,256.0,,0.24609375,,0.23998205363750458,,0.01171875,,,,,,,,,,,,,,
8,109549,,-0.25499749183654785,,1127.8062744140625,,65345.6171875,,8.0,,3.3120346069335938,,0.0,,3.3120346069335938,,2315.763671875,,217.13906860351562,,248.79446411132812,,125.16523742675781,,64217.8125,,26.354171752929688,,0.54296875,,65348.9296875,,65348.9296875,,0.45703125,,256.0,,0.171875,,0.16049814224243164,,0.015625,,,,,,,,,,,,,,
8,109599,,-0.25758910179138184,,975.0115966796875,,40899.87109375,,8.0,,3.164059638977051,,0.0,,3.164059638977051,,2291.049560546875,,387.6298828125,,225.11431884765625,,119.63642120361328,,39924.859375,,18.684322357177734,,0.51953125,,40903.03515625,,40903.03515625,,0.48046875,,256.0,,0.283203125,,0.2837323546409607,,0.00390625,,,,,,,,,,,,,,
8,109649,,-0.26713281869888306,,796.8499755859375,,2408.0048828125,,8.0,,3.273050546646118,,0.0,,3.273050546646118,,2315.080322265625,,585.2308959960938,,249.25619506835938,,133.3787078857422,,1611.155029296875,,-2.8688154220581055,,0.51171875,,2411.27783203125,,2411.27783203125,,0.48828125,,256.0,,0.1083984375,,0.10353414714336395,,0.00390625,,,,,,,,,,,,,,
8,109699,,-0.2585127353668213,,740.92724609375,,2551.1162109375,,8.0,,3.287809371948242,,0.0,,3.287809371948242,,2184.9912109375,,375.2448425292969,,282.49737548828125,,114.86748504638672,,1810.1890869140625,,-1.090994954109192,,0.453125,,2554.404052734375,,2554.404052734375,,0.546875,,256.0,,0.21484375,,0.1998729705810547,,0.0,,,,,,,,,,,,,,
8,109749,,-0.27637919783592224,,880.5018920898438,,2094.841796875,,8.0,,3.1828346252441406,,0.0,,3.1828346252441406,,1974.5787353515625,,492.4398498535156,,260.2742614746094,,138.35714721679688,,1214.33984375,,-5.133492469787598,,0.5,,2098.024658203125,,2098.024658203125,,0.5,,256.0,,0.1806640625,,0.19052855670452118,,0.0,,,,,,,,,,,,,,
8,109799,,-0.25775036215782166,,1066.351806640625,,81143.5546875,,8.0,,3.1666369438171387,,0.25,,3.1666369438171387,,2276.510986328125,,375.13238525390625,,259.7600402832031,,152.84352111816406,,80077.203125,,30.232999801635742,,0.48046875,,81146.71875,,81146.71875,,0.51953125,,256.0,,0.1337890625,,0.1283159703016281,,0.0078125,,,,,,,,,,,,,,
8,109849,,-0.25979316234588623,,838.394287109375,,2682.042236328125,,8.0,,3.120014190673828,,0.0,,3.120014190673828,,2302.18603515625,,334.030029296875,,326.11273193359375,,110.97364807128906,,1843.64794921875,,0.045655716210603714,,0.50390625,,2685.162353515625,,2685.162353515625,,0.49609375,,256.0,,0.234375,,0.23582249879837036,,0.00390625,,,,,,,,,,,,,,
8,109899,,-0.2595122754573822,,802.6465454101562,,2121.473388671875,,8.0,,3.1657543182373047,,0.0,,3.1657543182373047,,1939.013427734375,,592.5308227539062,,260.1913146972656,,130.59254455566406,,1318.826904296875,,-7.978090286254883,,0.44140625,,2124.63916015625,,2124.63916015625,,0.55859375,,256.0,,0.11279296875,,0.11667805910110474,,0.0,,,,,,,,,,,,,,
8,109949,,-0.2557681202888489,,928.515625,,42510.15625,,8.0,,3.0564777851104736,,0.125,,3.0564777851104736,,2181.36669921875,,533.3643798828125,,232.05506896972656,,118.822998046875,,41581.640625,,15.68431282043457,,0.5,,42513.2109375,,42513.2109375,,0.5,,256.0,,0.2294921875,,0.23769930005073547,,0.0078125,,,,,,,,,,,,,,
8,109999,,-0.25734564661979675,,782.7767333984375,,2010.3311767578125,,8.0,,3.2662763595581055,,0.0,,3.2662763595581055,,2418.882568359375,,367.1829528808594,,248.39639282226562,,106.95819854736328,,1227.554443359375,,1.5466928482055664,,0.47265625,,2013.597412109375,,2013.597412109375,,0.52734375,,256.0,,0.267578125,,0.26365330815315247,,0.00390625,,,,,,,,,,,,,,
8,110049,,-0.26528996229171753,,1116.4051513671875,,73892.609375,,8.0,,3.2715611457824707,,0.25,,3.2715611457824707,,1952.536376953125,,376.9826354980469,,241.1256561279297,,99.82310485839844,,72776.203125,,24.953859329223633,,0.54296875,,73895.8828125,,73895.8828125,,0.45703125,,256.0,,0.2216796875,,0.225775808095932,,0.0078125,,,,,,,,,,,,,,
8,110099,,-0.2807345986366272,,901.8890991210938,,3031.692626953125,,8.0,,3.2321105003356934,,0.25,,3.2321105003356934,,2180.40869140625,,270.317138671875,,232.237060546875,,117.05699920654297,,2129.803466796875,,-4.163440227508545,,0.515625,,3034.9248046875,,3034.9248046875,,0.484375,,256.0,,0.103515625,,0.10101964324712753,,0.00390625,,,,,,,,,,,,,,
8,110149,,-0.2594554126262665,,1067.388427734375,,55829.74609375,,8.0,,3.0949807167053223,,0.0,,3.0949807167053223,,2418.7138671875,,339.62713623046875,,224.15560913085938,,116.51338958740234,,54762.359375,,22.86808967590332,,0.56640625,,55832.83984375,,55832.83984375,,0.43359375,,256.0,,0.1279296875,,0.124302938580513,,0.0078125,,,,,,,,,,,,,,
8,110199,,-0.26301008462905884,,920.3592529296875,,30206.25,,8.0,,3.039161205291748,,0.125,,3.039161205291748,,2477.4453125,,420.5435485839844,,221.54986572265625,,121.07231140136719,,29285.890625,,9.745041847229004,,0.53125,,30209.2890625,,30209.2890625,,0.46875,,256.0,,0.154296875,,0.1502375304698944,,0.00390625,,,,,,,,,,,,,,
8,110249,,-0.26598024368286133,,1026.576416015625,,42839.484375,,8.0,,3.075690984725952,,0.25,,3.075690984725952,,2335.48388671875,,382.8266906738281,,254.01841735839844,,153.06744384765625,,41812.90625,,17.143779754638672,,0.4921875,,42842.55859375,,42842.55859375,,0.5078125,,256.0,,0.26953125,,0.2646160125732422,,0.0078125,,,,,,,,,,,,,,
8,110299,,-0.26914331316947937,,797.879638671875,,1958.818603515625,,8.0,,3.0199995040893555,,0.25,,3.0199995040893555,,2143.116943359375,,504.1415710449219,,271.73541259765625,,119.16183471679688,,1160.93896484375,,-1.45640230178833,,0.421875,,1961.838623046875,,1961.838623046875,,0.578125,,256.0,,0.20703125,,0.21114560961723328,,0.00390625,,,,,,,,,,,,,,
8,110349,,-0.2611966133117676,,745.6131591796875,,2091.474853515625,,8.0,,3.2929370403289795,,0.0,,3.2929370403289795,,2355.343505859375,,231.91026306152344,,226.79598999023438,,102.44297790527344,,1345.8616943359375,,-0.9735898971557617,,0.47265625,,2094.767822265625,,2094.767822265625,,0.52734375,,256.0,,0.201171875,,0.20112107694149017,,0.0,,,,,,,,,,,,,,
8,110399,,-0.2754388749599457,,814.4124755859375,,1976.40380859375,,8.0,,3.2424559593200684,,0.0,,3.2424559593200684,,2010.3818359375,,588.6583862304688,,289.93731689453125,,109.74970245361328,,1161.9913330078125,,-3.36663556098938,,0.4765625,,1979.646240234375,,1979.646240234375,,0.5234375,,256.0,,0.248046875,,0.24431630969047546,,0.0078125,,,,,,,,,,,,,,
8,110449,,-0.2513890862464905,,759.2432861328125,,1861.34423828125,,8.0,,3.0949058532714844,,0.125,,3.0949058532714844,,2272.592041015625,,412.9918518066406,,371.03485107421875,,133.10678100585938,,1102.1009521484375,,-5.760851860046387,,0.546875,,1864.4390869140625,,1864.4390869140625,,0.453125,,256.0,,0.173828125,,0.16963499784469604,,0.0,,,,,,,,,,,,,,
8,110499,,-0.2584552764892578,,1161.246826171875,,88465.1484375,,8.0,,3.247509479522705,,0.125,,3.247509479522705,,1734.1080322265625,,661.9711303710938,,281.66265869140625,,118.927734375,,87303.8984375,,36.898006439208984,,0.4609375,,88468.3984375,,88468.3984375,,0.5390625,,256.0,,0.1865234375,,0.17503392696380615,,0.0078125,,,,,,,,,,,,,,
8,110549,,-0.25864744186401367,,817.0604858398438,,2149.7509765625,,8.0,,3.253509998321533,,0.125,,3.253509998321533,,2321.34228515625,,556.7503662109375,,249.68807983398438,,133.76614379882812,,1332.6905517578125,,-2.6063485145568848,,0.546875,,2153.00439453125,,2153.00439453125,,0.453125,,256.0,,0.1708984375,,0.17095807194709778,,0.00390625,,,,,,,,,,,,,,
8,110599,,-0.25189030170440674,,1099.839599609375,,33662.6796875,,8.0,,3.057079315185547,,0.25,,3.057079315185547,,2472.51220703125,,286.25390625,,193.15740966796875,,113.24028015136719,,32562.841796875,,9.890141487121582,,0.5390625,,33665.73828125,,33665.73828125,,0.4609375,,256.0,,0.2177734375,,0.21769917011260986,,0.01171875,,,,,,,,,,,,,,
8,110649,,-0.25619855523109436,,700.9471435546875,,2057.562744140625,,8.0,,3.159895658493042,,0.0,,3.159895658493042,,2481.2451171875,,347.1919250488281,,214.16075134277344,,122.0711441040039,,1356.6156005859375,,-2.746547222137451,,0.5078125,,2060.72265625,,2060.72265625,,0.4921875,,256.0,,0.1748046875,,0.16828811168670654,,0.0,,,,,,,,,,,,,,
8,110699,,-0.26132768392562866,,823.7882080078125,,2843.75244140625,,8.0,,3.080026149749756,,0.0,,3.080026149749756,,2096.88037109375,,560.12646484375,,251.10537719726562,,112.09771728515625,,2019.96435546875,,-7.451930046081543,,0.44140625,,2846.83251953125,,2846.83251953125,,0.55859375,,256.0,,0.061279296875,,0.06332308053970337,,0.0078125,,,,,,,,,,,,,,
8,110749,,-0.25285017490386963,,993.7725219726562,,44941.00390625,,8.0,,3.2385284900665283,,0.0,,3.2385284900665283,,2157.811279296875,,538.9525146484375,,265.9443359375,,117.04781341552734,,43947.23046875,,9.134214401245117,,0.50390625,,44944.2421875,,44944.2421875,,0.49609375,,256.0,,0.1669921875,,0.18253467977046967,,0.0078125,,,,,,,,,,,,,,
8,110799,,-0.28043851256370544,,854.2640380859375,,1482.66748046875,,8.0,,3.247053623199463,,0.0,,3.247053623199463,,2391.73583984375,,299.0263977050781,,181.9757080078125,,109.24934387207031,,628.4034423828125,,-0.4695114493370056,,0.484375,,1485.91455078125,,1485.91455078125,,0.515625,,256.0,,0.283203125,,0.28940412402153015,,0.00390625,,,,,,,,,,,,,,
8,110849,,-0.26935866475105286,,974.0667114257812,,40418.14453125,,8.0,,3.1403279304504395,,0.0,,3.1403279304504395,,2384.796875,,302.75079345703125,,248.9534912109375,,127.08377838134766,,39444.078125,,11.540005683898926,,0.47265625,,40421.28515625,,40421.28515625,,0.52734375,,256.0,,0.1025390625,,0.09445985406637192,,0.0078125,,,,,,,,,,,,,,
8,110899,,-0.2685028314590454,,778.0142211914062,,1927.800537109375,,8.0,,3.08211088180542,,0.125,,3.08211088180542,,2431.86181640625,,340.92193603515625,,205.34275817871094,,122.23675537109375,,1149.7862548828125,,-6.58499813079834,,0.51953125,,1930.8826904296875,,1930.8826904296875,,0.48046875,,256.0,,0.1904296875,,0.18989911675453186,,0.0,,,,,,,,,,,,,,
8,110949,,-0.2507440745830536,,804.426513671875,,3007.41064453125,,8.0,,3.0230648517608643,,0.0,,3.0230648517608643,,2357.04345703125,,208.88568115234375,,183.78506469726562,,108.4417724609375,,2202.984130859375,,-10.490025520324707,,0.4765625,,3010.43359375,,3010.43359375,,0.5234375,,256.0,,0.1435546875,,0.14891855418682098,,0.0,,,,,,,,,,,,,,
8,110999,,-0.25242558121681213,,981.092041015625,,42965.62890625,,8.0,,3.2324047088623047,,0.125,,3.2324047088623047,,2258.85546875,,329.0855712890625,,252.25233459472656,,108.56037139892578,,41984.53515625,,16.821043014526367,,0.49609375,,42968.859375,,42968.859375,,0.50390625,,256.0,,0.1337890625,,0.12135251611471176,,0.0078125,,,,,,,,,,,,,,
8,111049,,-0.25007468461990356,,919.9676513671875,,34253.078125,,8.0,,3.1745433807373047,,0.0,,3.1745433807373047,,2393.128662109375,,355.8887634277344,,190.97621154785156,,105.69660949707031,,33333.109375,,10.46235179901123,,0.55078125,,34256.25390625,,34256.25390625,,0.44921875,,256.0,,0.1708984375,,0.16046921908855438,,0.00390625,,,,,,,,,,,,,,
8,111099,,-0.23627230525016785,,1008.26025390625,,46094.4296875,,8.0,,2.9335806369781494,,0.25,,2.9335806369781494,,2171.97900390625,,576.1097412109375,,282.6012878417969,,133.0349884033203,,45086.16796875,,11.900445938110352,,0.49609375,,46097.36328125,,46097.36328125,,0.50390625,,256.0,,0.1884765625,,0.18765294551849365,,0.0078125,,,,,,,,,,,,,,
8,111149,,-0.25072985887527466,,1078.19287109375,,69467.5078125,,8.0,,3.0706448554992676,,0.0,,3.0706448554992676,,2243.644775390625,,303.5748596191406,,242.08782958984375,,113.43983459472656,,68389.3125,,30.59252166748047,,0.48046875,,69470.578125,,69470.578125,,0.51953125,,256.0,,0.14453125,,0.15590471029281616,,0.0078125,,,,,,,,,,,,,,
8,111199,,-0.2616995871067047,,791.5709228515625,,1979.134521484375,,8.0,,3.254333972930908,,0.0,,3.254333972930908,,2002.5201416015625,,417.89520263671875,,277.0685729980469,,98.35791015625,,1187.5635986328125,,1.882880687713623,,0.53125,,1982.388916015625,,1982.388916015625,,0.46875,,256.0,,0.34765625,,0.3386530578136444,,0.0,,,,,,,,,,,,,,
8,111249,,-0.26437807083129883,,766.2576904296875,,1735.2652587890625,,8.0,,3.10650634765625,,0.125,,3.10650634765625,,2381.71484375,,364.67852783203125,,217.05654907226562,,112.206787109375,,969.007568359375,,0.6701204776763916,,0.5078125,,1738.371826171875,,1738.371826171875,,0.4921875,,256.0,,0.19921875,,0.19665269553661346,,0.00390625,,,,,,,,,,,,,,
8,111299,,-0.2569277882575989,,1001.9066772460938,,49413.75390625,,8.0,,3.128910541534424,,0.25,,3.128910541534424,,2234.8017578125,,421.6742248535156,,228.38088989257812,,158.66900634765625,,48411.84765625,,15.794769287109375,,0.515625,,49416.8828125,,49416.8828125,,0.484375,,256.0,,0.1533203125,,0.15684092044830322,,0.00390625,,,,,,,,,,,,,,
8,111349,,-0.28364795446395874,,890.051513671875,,2402.27880859375,,8.0,,3.3249175548553467,,0.0,,3.3249175548553467,,2187.54931640625,,441.0185241699219,,269.4454345703125,,108.66178894042969,,1512.2274169921875,,-6.735332489013672,,0.53515625,,2405.603759765625,,2405.603759765625,,0.46484375,,256.0,,0.283203125,,0.28464198112487793,,0.0,,,,,,,,,,,,,,
8,111399,,-0.24899093806743622,,988.3433837890625,,47913.42578125,,8.0,,3.070910930633545,,0.0,,3.070910930633545,,2512.78857421875,,517.0389404296875,,263.36083984375,,129.43222045898438,,46925.08203125,,15.219721794128418,,0.4765625,,47916.49609375,,47916.49609375,,0.5234375,,256.0,,0.2890625,,0.27393290400505066,,0.0078125,,,,,,,,,,,,,,
8,111449,,-0.2604457139968872,,796.8231201171875,,1830.8543701171875,,8.0,,3.2166805267333984,,0.0,,3.2166805267333984,,2311.1142578125,,262.118896484375,,248.78501892089844,,115.03514099121094,,1034.03125,,-2.769160032272339,,0.52734375,,1834.071044921875,,1834.071044921875,,0.47265625,,256.0,,0.19921875,,0.19380222260951996,,0.0,,,,,,,,,,,,,,
8,111499,,-0.27280300855636597,,811.9752197265625,,27416.798828125,,8.0,,3.217362403869629,,0.25,,3.217362403869629,,1847.67822265625,,404.0943298339844,,312.41375732421875,,119.94499206542969,,26604.82421875,,6.657093048095703,,0.4765625,,27420.015625,,27420.015625,,0.5234375,,256.0,,0.189453125,,0.19801758229732513,,0.00390625,,,,,,,,,,,,,,
8,111549,,-0.24279507994651794,,807.3758544921875,,1824.453125,,8.0,,3.194355010986328,,0.25,,3.194355010986328,,2201.681640625,,391.60040283203125,,260.1945495605469,,132.5882110595703,,1017.0772094726562,,-3.0850205421447754,,0.46484375,,1827.6474609375,,1827.6474609375,,0.53515625,,256.0,,0.16796875,,0.15352720022201538,,0.00390625,,,,,,,,,,,,,,
8,111599,,-0.26902350783348083,,711.9578247070312,,2172.632080078125,,8.0,,3.270376443862915,,0.0,,3.270376443862915,,2102.18212890625,,638.9513549804688,,234.84841918945312,,123.07816314697266,,1460.67431640625,,-3.623034715652466,,0.53515625,,2175.90234375,,2175.90234375,,0.46484375,,256.0,,0.2041015625,,0.18761658668518066,,0.0,,,,,,,,,,,,,,
8,111649,,-0.25883013010025024,,774.4970703125,,1954.760009765625,,8.0,,3.166433572769165,,0.125,,3.166433572769165,,2046.8421630859375,,448.42864990234375,,251.26589965820312,,124.5685806274414,,1180.262939453125,,-6.667897701263428,,0.47265625,,1957.9263916015625,,1957.9263916015625,,0.52734375,,256.0,,0.1455078125,,0.14117644727230072,,0.0,,,,,,,,,,,,,,
8,111699,,-0.24948537349700928,,879.7410888671875,,1976.2969970703125,,8.0,,3.0998167991638184,,0.125,,3.0998167991638184,,2155.100341796875,,384.938720703125,,252.7022705078125,,102.14523315429688,,1096.555908203125,,-4.652239799499512,,0.59375,,1979.3968505859375,,1979.3968505859375,,0.40625,,256.0,,0.248046875,,0.2426426112651825,,0.00390625,,,,,,,,,,,,,,
8,111749,,-0.2704342305660248,,1126.3221435546875,,86999.6953125,,8.0,,3.0369455814361572,,0.0,,3.0369455814361572,,2209.8427734375,,425.4952697753906,,188.39111328125,,110.38534545898438,,85873.375,,33.52097702026367,,0.46484375,,87002.734375,,87002.734375,,0.53515625,,256.0,,0.154296875,,0.1411827802658081,,0.0078125,,,,,,,,,,,,,,
8,111799,,-0.26807212829589844,,966.5646362304688,,32765.056640625,,8.0,,2.949281930923462,,0.25,,2.949281930923462,,2080.568603515625,,526.300048828125,,237.99838256835938,,120.95675659179688,,31798.4921875,,16.662229537963867,,0.5,,32768.0078125,,32768.0078125,,0.5,,256.0,,0.208984375,,0.21019241213798523,,0.0078125,,,,,,,,,,,,,,
8,111849,,-0.25820213556289673,,852.7578735351562,,1963.704833984375,,8.0,,3.218202590942383,,0.25,,3.218202590942383,,2122.516845703125,,322.9866027832031,,273.4837646484375,,112.58283996582031,,1110.9468994140625,,-0.3715612292289734,,0.55078125,,1966.923095703125,,1966.923095703125,,0.44921875,,256.0,,0.18359375,,0.17856192588806152,,0.0078125,,,,,,,,,,,,,,
8,111899,,-0.24116061627864838,,745.4762573242188,,2111.8232421875,,8.0,,3.128194808959961,,0.25,,3.128194808959961,,1952.346435546875,,467.06573486328125,,325.147216796875,,101.76407623291016,,1366.346923828125,,-7.381628036499023,,0.54296875,,2114.951416015625,,2114.951416015625,,0.45703125,,256.0,,0.203125,,0.18845610320568085,,0.0078125,,,,,,,,,,,,,,
8,111949,,-0.26214104890823364,,894.5438232421875,,25800.619140625,,8.0,,3.2864856719970703,,0.0,,3.2864856719970703,,2517.5478515625,,122.26246643066406,,183.62196350097656,,106.28887939453125,,24906.076171875,,15.222707748413086,,0.44921875,,25803.90625,,25803.90625,,0.55078125,,256.0,,0.09521484375,,0.090992771089077,,0.00390625,,,,,,,,,,,,,,
8,111999,,-0.26742905378341675,,840.2398681640625,,2145.47607421875,,8.0,,3.2018256187438965,,0.125,,3.2018256187438965,,2157.4228515625,,537.0482177734375,,275.31536865234375,,114.1026382446289,,1305.236328125,,-3.731037139892578,,0.5625,,2148.677978515625,,2148.677978515625,,0.4375,,256.0,,0.2412109375,,0.24169626832008362,,0.00390625,,,,,,,,,,,,,,
8,112049,,-0.2484850138425827,,1121.761962890625,,85389.2265625,,8.0,,3.241515636444092,,0.0,,3.241515636444092,,2385.627685546875,,331.4929504394531,,216.4997100830078,,117.736083984375,,84267.4609375,,35.810455322265625,,0.5078125,,85392.46875,,85392.46875,,0.4921875,,256.0,,0.1943359375,,0.2082112729549408,,0.0078125,,,,,,,,,,,,,,
8,112099,,-0.25943461060523987,,1095.377685546875,,44664.4609375,,8.0,,3.1335370540618896,,0.0,,3.1335370540618896,,2488.09130859375,,257.85595703125,,191.3740234375,,119.3451919555664,,43569.08203125,,11.208757400512695,,0.53515625,,44667.59375,,44667.59375,,0.46484375,,256.0,,0.1572265625,,0.15181663632392883,,0.01171875,,,,,,,,,,,,,,
8,112149,,-0.258298397064209,,1191.527099609375,,27844.123046875,,8.0,,3.038705587387085,,0.0,,3.038705587387085,,2425.68798828125,,393.2503967285156,,231.9591064453125,,127.98035430908203,,26652.595703125,,14.9926176071167,,0.44921875,,27847.162109375,,27847.162109375,,0.55078125,,256.0,,0.2412109375,,0.2462494820356369,,0.01953125,,,,,,,,,,,,,,
8,112199,,-0.2644505500793457,,947.9656982421875,,38677.88671875,,8.0,,3.1612308025360107,,0.125,,3.1612308025360107,,2108.70068359375,,339.3751525878906,,297.33514404296875,,131.66685485839844,,37729.921875,,13.802324295043945,,0.5,,38681.046875,,38681.046875,,0.5,,256.0,,0.26953125,,0.25061893463134766,,0.00390625,,,,,,,,,,,,,,
8,112249,,-0.2578940987586975,,953.1788330078125,,58929.50390625,,8.0,,3.065040349960327,,0.0,,3.065040349960327,,2258.05908203125,,386.9551086425781,,261.10455322265625,,105.53471374511719,,57976.32421875,,16.269412994384766,,0.50390625,,58932.5703125,,58932.5703125,,0.49609375,,256.0,,0.23046875,,0.2375514954328537,,0.00390625,,,,,,,,,,,,,,
8,112299,,-0.2630947530269623,,755.3834838867188,,1996.14453125,,8.0,,2.9253005981445312,,0.375,,2.9253005981445312,,2121.23779296875,,385.2667236328125,,307.0518493652344,,100.14286041259766,,1240.7611083984375,,-4.410401821136475,,0.4765625,,1999.06982421875,,1999.06982421875,,0.5234375,,256.0,,0.248046875,,0.2509216070175171,,0.00390625,,,,,,,,,,,,,,
8,112349,,-0.2540322542190552,,1100.2720947265625,,55091.19921875,,8.0,,3.029954433441162,,0.125,,3.029954433441162,,2237.401123046875,,394.2716369628906,,246.3382568359375,,107.34449768066406,,53990.92578125,,15.614483833312988,,0.5234375,,55094.23046875,,55094.23046875,,0.4765625,,256.0,,0.0712890625,,0.07552257180213928,,0.0078125,,,,,,,,,,,,,,
8,112399,,-0.2578967809677124,,897.8038330078125,,33293.90234375,,8.0,,3.143596887588501,,0.0,,3.143596887588501,,1903.21630859375,,534.3907470703125,,224.15899658203125,,126.83795928955078,,32396.099609375,,12.117959022521973,,0.5,,33297.046875,,33297.046875,,0.5,,256.0,,0.1611328125,,0.1658691018819809,,0.00390625,,,,,,,,,,,,,,
8,112449,,-0.27672889828681946,,690.7439575195312,,1998.498046875,,8.0,,3.047062873840332,,0.0,,3.047062873840332,,2339.39599609375,,341.0962829589844,,182.66885375976562,,101.50135803222656,,1307.7540283203125,,-4.8243021965026855,,0.515625,,2001.545166015625,,2001.545166015625,,0.484375,,256.0,,0.1767578125,,0.1702258288860321,,0.0,,,,,,,,,,,,,,
8,112499,,-0.24963104724884033,,921.749267578125,,31193.83203125,,8.0,,3.1771955490112305,,0.0,,3.1771955490112305,,1827.9239501953125,,540.99267578125,,281.5048828125,,91.40520477294922,,30272.08203125,,9.89082145690918,,0.51953125,,31197.009765625,,31197.009765625,,0.48046875,,256.0,,0.1904296875,,0.16919702291488647,,0.0078125,,,,,,,,,,,,,,
8,112549,,-0.261665016412735,,752.203369140625,,1551.6956787109375,,8.0,,3.3531603813171387,,0.0,,3.3531603813171387,,2370.638671875,,322.68658447265625,,202.71160888671875,,90.90638732910156,,799.4923095703125,,-1.872215986251831,,0.484375,,1555.048828125,,1555.048828125,,0.515625,,256.0,,0.1875,,0.16869692504405975,,0.0,,,,,,,,,,,,,,
8,112599,,-0.26448512077331543,,984.6688232421875,,36693.09765625,,8.0,,3.205409288406372,,0.125,,3.205409288406372,,2468.70458984375,,346.79620361328125,,162.55502319335938,,94.2182846069336,,35708.4296875,,13.944598197937012,,0.45703125,,36696.3046875,,36696.3046875,,0.54296875,,256.0,,0.169921875,,0.1723025143146515,,0.01171875,,,,,,,,,,,,,,
8,112649,,-0.2649696171283722,,749.0158081054688,,2153.92431640625,,8.0,,3.0849244594573975,,0.125,,3.0849244594573975,,2231.7724609375,,490.2562561035156,,230.57455444335938,,125.64498138427734,,1404.908447265625,,0.9710670709609985,,0.515625,,2157.00927734375,,2157.00927734375,,0.484375,,256.0,,0.1455078125,,0.1341550201177597,,0.0,,,,,,,,,,,,,,
8,112699,,-0.2721996307373047,,1087.4976806640625,,61881.33203125,,8.0,,3.1976327896118164,,0.0,,3.1976327896118164,,2197.5556640625,,469.4398193359375,,254.2382354736328,,113.53348541259766,,60793.8359375,,26.8995304107666,,0.4609375,,61884.53125,,61884.53125,,0.5390625,,256.0,,0.1416015625,,0.13392700254917145,,0.01171875,,,,,,,,,,,,,,
8,112749,,-0.2544361352920532,,823.66357421875,,2388.419921875,,8.0,,2.990457534790039,,0.125,,2.990457534790039,,2380.59912109375,,306.96929931640625,,225.72586059570312,,112.45277404785156,,1564.7564697265625,,-2.1197941303253174,,0.5234375,,2391.410400390625,,2391.410400390625,,0.4765625,,256.0,,0.15234375,,0.1662592589855194,,0.0,,,,,,,,,,,,,,
8,112799,,-0.2658604085445404,,812.6824951171875,,1935.579345703125,,8.0,,3.462402582168579,,0.125,,3.462402582168579,,1717.779052734375,,654.4193115234375,,359.5769348144531,,56.13452911376953,,1122.8968505859375,,-0.4254940450191498,,0.50390625,,1939.041748046875,,1939.041748046875,,0.49609375,,256.0,,0.146484375,,0.14415594935417175,,0.0,,,,,,,,,,,,,,
8,112849,,-0.26002418994903564,,1180.4205322265625,,79422.9765625,,8.0,,3.1270036697387695,,0.125,,3.1270036697387695,,2002.4493408203125,,683.2325439453125,,289.99676513671875,,94.23048400878906,,78242.5546875,,32.160465240478516,,0.453125,,79426.1015625,,79426.1015625,,0.546875,,256.0,,0.1376953125,,0.1224031075835228,,0.01953125,,,,,,,,,,,,,,
8,112899,,-0.2573292851448059,,746.7385864257812,,2177.290771484375,,8.0,,3.141310214996338,,0.125,,3.141310214996338,,2031.851806640625,,549.3142700195312,,272.2795715332031,,106.70946502685547,,1430.55224609375,,-0.2378106713294983,,0.5390625,,2180.43212890625,,2180.43212890625,,0.4609375,,256.0,,0.2109375,,0.2075709104537964,,0.0,,,,,,,,,,,,,,
8,112949,,-0.26535138487815857,,716.697265625,,2312.818603515625,,8.0,,3.1141538619995117,,0.0,,3.1141538619995117,,2037.3154296875,,359.9782409667969,,274.6031494140625,,140.42971801757812,,1596.121337890625,,-7.127359390258789,,0.5390625,,2315.932861328125,,2315.932861328125,,0.4609375,,256.0,,0.2119140625,,0.20338979363441467,,0.0,,,,,,,,,,,,,,
8,112999,,-0.2703462243080139,,958.8460693359375,,47178.24609375,,8.0,,3.1222052574157715,,0.125,,3.1222052574157715,,2213.89794921875,,363.0823059082031,,276.837890625,,158.32034301757812,,46219.3984375,,19.694862365722656,,0.54296875,,47181.3671875,,47181.3671875,,0.45703125,,256.0,,0.10498046875,,0.09790073335170746,,0.0078125,,,,,,,,,,,,,,
8,113049,,-0.2693570554256439,,1037.9256591796875,,73767.265625,,8.0,,2.9864134788513184,,0.0,,2.9864134788513184,,2199.81884765625,,308.0781555175781,,288.919677734375,,126.04327392578125,,72729.34375,,34.992393493652344,,0.45703125,,73770.25,,73770.25,,0.54296875,,256.0,,0.203125,,0.20538753271102905,,0.0078125,,,,,,,,,,,,,,
8,113099,,-0.2424628734588623,,805.4996337890625,,1969.4300537109375,,8.0,,3.179617404937744,,0.0,,3.179617404937744,,2207.37939453125,,514.7780151367188,,229.7876434326172,,129.4679718017578,,1163.930419921875,,-5.148850440979004,,0.4765625,,1972.609619140625,,1972.609619140625,,0.5234375,,256.0,,0.24609375,,0.24432587623596191,,0.0,,,,,,,,,,,,,,
8,113149,,-0.2658784091472626,,930.498046875,,40277.0703125,,8.0,,3.189598560333252,,0.0,,3.189598560333252,,1826.4129638671875,,504.6612548828125,,321.631591796875,,97.16924285888672,,39346.57421875,,15.908853530883789,,0.4375,,40280.26171875,,40280.26171875,,0.5625,,256.0,,0.1455078125,,0.141462504863739,,0.00390625,,,,,,,,,,,,,,
8,113199,,-0.2730467915534973,,855.311767578125,,2092.5654296875,,8.0,,3.2953405380249023,,0.0,,3.2953405380249023,,2241.4677734375,,437.40155029296875,,264.30657958984375,,115.99727630615234,,1237.253662109375,,-1.3702728748321533,,0.49609375,,2095.86083984375,,2095.86083984375,,0.50390625,,256.0,,0.2177734375,,0.22819757461547852,,0.00390625,,,,,,,,,,,,,,
8,113249,,-0.25243374705314636,,798.2619018554688,,1847.48974609375,,8.0,,2.950248956680298,,0.125,,2.950248956680298,,2249.0888671875,,623.1268920898438,,236.1351318359375,,124.13048553466797,,1049.227783203125,,-3.808504581451416,,0.52734375,,1850.43994140625,,1850.43994140625,,0.47265625,,256.0,,0.2431640625,,0.24338482320308685,,0.00390625,,,,,,,,,,,,,,
8,113299,,-0.24660417437553406,,748.8919067382812,,1950.500244140625,,8.0,,3.172377109527588,,0.0,,3.172377109527588,,2068.2578125,,679.499267578125,,264.4713134765625,,130.1040802001953,,1201.6083984375,,-5.975562572479248,,0.46875,,1953.672607421875,,1953.672607421875,,0.53125,,256.0,,0.17578125,,0.16960136592388153,,0.0,,,,,,,,,,,,,,
8,113349,,-0.271122545003891,,774.9988403320312,,1900.63330078125,,8.0,,3.0450854301452637,,0.125,,3.0450854301452637,,2383.49169921875,,557.6729125976562,,165.88180541992188,,114.0819091796875,,1125.6343994140625,,-4.033902168273926,,0.5234375,,1903.6783447265625,,1903.6783447265625,,0.4765625,,256.0,,0.22265625,,0.21484777331352234,,0.0,,,,,,,,,,,,,,
8,113399,,-0.2647244930267334,,798.24755859375,,1686.52490234375,,8.0,,3.231840133666992,,0.0,,3.231840133666992,,2275.24267578125,,565.366943359375,,251.02560424804688,,118.35726165771484,,888.27734375,,-0.37252098321914673,,0.51953125,,1689.7567138671875,,1689.7567138671875,,0.48046875,,256.0,,0.25390625,,0.23811541497707367,,0.0,,,,,,,,,,,,,,
8,113449,,-0.25979992747306824,,711.8607788085938,,2169.47265625,,8.0,,3.1994881629943848,,0.125,,3.1994881629943848,,2139.76220703125,,537.8153076171875,,269.3733215332031,,101.96849822998047,,1457.6119384765625,,-5.2093353271484375,,0.49609375,,2172.672119140625,,2172.672119140625,,0.50390625,,256.0,,0.19921875,,0.19752542674541473,,0.0,,,,,,,,,,,,,,
8,113499,,-0.2455432265996933,,711.549072265625,,1749.921630859375,,8.0,,3.26961350440979,,0.0,,3.26961350440979,,2130.9775390625,,438.15179443359375,,258.5992431640625,,123.50328826904297,,1038.37255859375,,-3.7960093021392822,,0.53125,,1753.1912841796875,,1753.1912841796875,,0.46875,,256.0,,0.21875,,0.21187910437583923,,0.0,,,,,,,,,,,,,,
8,113549,,-0.2575620412826538,,727.7950439453125,,2649.95849609375,,8.0,,3.2059853076934814,,0.125,,3.2059853076934814,,2095.599609375,,424.7566223144531,,287.72711181640625,,109.45134735107422,,1922.16357421875,,-1.9455474615097046,,0.49609375,,2653.16455078125,,2653.16455078125,,0.50390625,,256.0,,0.18359375,,0.17793914675712585,,0.0,,,,,,,,,,,,,,
8,113599,,-0.2584356963634491,,831.6561279296875,,39418.4609375,,8.0,,2.981290340423584,,0.0,,2.981290340423584,,2404.52587890625,,194.64852905273438,,212.77224731445312,,104.1692886352539,,38586.8046875,,9.409636497497559,,0.4921875,,39421.44140625,,39421.44140625,,0.5078125,,256.0,,0.22265625,,0.2223854959011078,,0.00390625,,,,,,,,,,,,,,
8,113649,,-0.26772379875183105,,1163.6904296875,,93239.9375,,8.0,,3.115537643432617,,0.25,,3.115537643432617,,2332.42529296875,,426.33197021484375,,266.4891662597656,,108.70680236816406,,92076.25,,39.62232208251953,,0.50390625,,93243.0546875,,93243.0546875,,0.49609375,,256.0,,0.20703125,,0.18544480204582214,,0.01171875,,,,,,,,,,,,,,
8,113699,,-0.2696836590766907,,939.0718383789062,,28735.74609375,,8.0,,2.9962871074676514,,0.125,,2.9962871074676514,,2170.03271484375,,749.7939453125,,205.7098388671875,,118.38255310058594,,27796.673828125,,2.294283151626587,,0.51953125,,28738.7421875,,28738.7421875,,0.48046875,,256.0,,0.21875,,0.2175532877445221,,0.00390625,,,,,,,,,,,,,,
8,113749,,-0.25786080956459045,,931.8189697265625,,40458.83203125,,8.0,,3.286653518676758,,0.0,,3.286653518676758,,2177.6259765625,,540.52294921875,,239.85159301757812,,143.75489807128906,,39527.01171875,,20.554977416992188,,0.47265625,,40462.1171875,,40462.1171875,,0.52734375,,256.0,,0.19140625,,0.19071964919567108,,0.00390625,,,,,,,,,,,,,,
8,113799,,-0.25144773721694946,,1088.1334228515625,,33970.15234375,,8.0,,2.9865596294403076,,0.125,,2.9865596294403076,,2543.11083984375,,300.6751708984375,,216.48431396484375,,143.66497802734375,,32882.01953125,,12.35783863067627,,0.453125,,33973.140625,,33973.140625,,0.546875,,256.0,,0.099609375,,0.10226494073867798,,0.01171875,,,,,,,,,,,,,,
8,113849,,-0.260405957698822,,1176.5634765625,,92424.859375,,8.0,,2.97638201713562,,0.25,,2.97638201713562,,2212.655517578125,,403.61944580078125,,289.33197021484375,,144.6888885498047,,91248.296875,,37.45473861694336,,0.49609375,,92427.8359375,,92427.8359375,,0.50390625,,256.0,,0.2109375,,0.21230486035346985,,0.01171875,,,,,,,,,,,,,,
8,113899,,-0.26160991191864014,,1238.61962890625,,99112.2578125,,8.0,,3.2251086235046387,,0.0,,3.2251086235046387,,1957.7445068359375,,648.5065307617188,,259.546630859375,,146.0250701904297,,97873.640625,,33.693504333496094,,0.515625,,99115.484375,,99115.484375,,0.484375,,256.0,,0.197265625,,0.19102439284324646,,0.01171875,,,,,,,,,,,,,,
8,113949,,-0.27388709783554077,,782.5588989257812,,1841.385498046875,,8.0,,2.979123115539551,,0.25,,2.979123115539551,,1953.7357177734375,,532.3139038085938,,300.9185791015625,,106.32061767578125,,1058.8265380859375,,0.6502748131752014,,0.5703125,,1844.3646240234375,,1844.3646240234375,,0.4296875,,256.0,,0.2314453125,,0.22532694041728973,,0.0,,,,,,,,,,,,,,
8,113999,,-0.25968295335769653,,848.33056640625,,2304.30419921875,,8.0,,3.470311403274536,,0.125,,3.470311403274536,,1849.23046875,,546.945068359375,,314.9295654296875,,97.06890869140625,,1455.9736328125,,-1.0897550582885742,,0.46484375,,2307.7744140625,,2307.7744140625,,0.53515625,,256.0,,0.2734375,,0.2544374167919159,,0.0,,,,,,,,,,,,,,
8,114049,,-0.2605646848678589,,882.3582763671875,,2788.647705078125,,8.0,,3.220867872238159,,0.125,,3.220867872238159,,2398.4873046875,,226.67684936523438,,301.2637023925781,,118.6085205078125,,1906.2894287109375,,-6.7565412521362305,,0.5390625,,2791.86865234375,,2791.86865234375,,0.4609375,,256.0,,0.1552734375,,0.15365079045295715,,0.0078125,,,,,,,,,,,,,,
8,114099,,-0.2555353343486786,,782.8035278320312,,1987.82373046875,,8.0,,3.1729488372802734,,0.0,,3.1729488372802734,,2148.958251953125,,551.6137084960938,,257.50775146484375,,133.18777465820312,,1205.0201416015625,,-2.4762604236602783,,0.4921875,,1990.9967041015625,,1990.9967041015625,,0.5078125,,256.0,,0.1416015625,,0.1572231650352478,,0.0,,,,,,,,,,,,,,
8,114149,,-0.2600739002227783,,787.7417602539062,,1979.359130859375,,8.0,,3.0324621200561523,,0.0,,3.0324621200561523,,2158.66552734375,,304.32073974609375,,255.08644104003906,,117.35474395751953,,1191.617431640625,,-4.765778541564941,,0.50390625,,1982.3916015625,,1982.3916015625,,0.49609375,,256.0,,0.2451171875,,0.24876068532466888,,0.0,,,,,,,,,,,,,,
8,114199,,-0.2710492014884949,,945.65771484375,,42961.19921875,,8.0,,3.03348445892334,,0.125,,3.03348445892334,,2138.782470703125,,389.7037658691406,,244.84031677246094,,123.99517822265625,,42015.54296875,,11.36539077758789,,0.48828125,,42964.234375,,42964.234375,,0.51171875,,256.0,,0.2578125,,0.2644367218017578,,0.00390625,,,,,,,,,,,,,,
8,114249,,-0.26251834630966187,,784.1053466796875,,2824.396728515625,,8.0,,2.817248821258545,,0.25,,2.817248821258545,,1943.255859375,,594.9237060546875,,282.92218017578125,,103.3800048828125,,2040.2913818359375,,-2.750361919403076,,0.44921875,,2827.2138671875,,2827.2138671875,,0.55078125,,256.0,,0.21875,,0.22810964286327362,,0.0,,,,,,,,,,,,,,
8,114299,,-0.26801788806915283,,706.2861328125,,1815.5364990234375,,8.0,,3.181165933609009,,0.0,,3.181165933609009,,2138.5380859375,,580.6692504882812,,256.5244140625,,119.28514099121094,,1109.2503662109375,,-3.536194086074829,,0.45703125,,1818.7176513671875,,1818.7176513671875,,0.54296875,,256.0,,0.203125,,0.21231114864349365,,0.00390625,,,,,,,,,,,,,,
8,114349,,-0.2649717926979065,,925.6171264648438,,29673.876953125,,8.0,,3.177968978881836,,0.0,,3.177968978881836,,2586.83251953125,,280.7839660644531,,197.2997283935547,,135.47808837890625,,28748.259765625,,14.324715614318848,,0.5,,29677.0546875,,29677.0546875,,0.5,,256.0,,0.2060546875,,0.2009338140487671,,0.00390625,,,,,,,,,,,,,,
8,114399,,-0.2655017077922821,,906.965576171875,,33063.1640625,,8.0,,3.313076972961426,,0.0,,3.313076972961426,,1998.3770751953125,,411.4378967285156,,272.703369140625,,128.19345092773438,,32156.197265625,,14.938145637512207,,0.515625,,33066.4765625,,33066.4765625,,0.484375,,256.0,,0.1318359375,,0.14075812697410583,,0.00390625,,,,,,,,,,,,,,
8,114449,,-0.2594143748283386,,831.95263671875,,2122.35986328125,,8.0,,2.990455150604248,,0.125,,2.990455150604248,,2215.47412109375,,238.5791015625,,282.425537109375,,111.23286437988281,,1290.4072265625,,-2.8413760662078857,,0.51171875,,2125.350341796875,,2125.350341796875,,0.48828125,,256.0,,0.240234375,,0.22821597754955292,,0.00390625,,,,,,,,,,,,,,
8,114499,,-0.25565171241760254,,844.0404052734375,,33851.59765625,,8.0,,3.1495933532714844,,0.0,,3.1495933532714844,,1998.6270751953125,,538.6170654296875,,221.3837890625,,126.6573257446289,,33007.55859375,,10.60493278503418,,0.42578125,,33854.74609375,,33854.74609375,,0.57421875,,256.0,,0.1279296875,,0.1424921452999115,,0.00390625,,,,,,,,,,,,,,
8,114549,,-0.26655206084251404,,702.6776123046875,,1866.9617919921875,,8.0,,3.388932466506958,,0.0,,3.388932466506958,,2268.0947265625,,247.9942169189453,,254.08502197265625,,119.909423828125,,1164.2841796875,,-2.2595956325531006,,0.52734375,,1870.3507080078125,,1870.3507080078125,,0.47265625,,256.0,,0.1767578125,,0.18640993535518646,,0.00390625,,,,,,,,,,,,,,
8,114599,,-0.25129434466362,,983.7709350585938,,43553.62890625,,8.0,,3.224637031555176,,0.0,,3.224637031555176,,2427.19287109375,,255.74075317382812,,205.19032287597656,,112.6400375366211,,42569.859375,,11.164052963256836,,0.4921875,,43556.85546875,,43556.85546875,,0.5078125,,256.0,,0.1123046875,,0.11909906566143036,,0.00390625,,,,,,,,,,,,,,
8,114649,,-0.25806427001953125,,738.0092163085938,,1587.92626953125,,8.0,,3.0707733631134033,,0.0,,3.0707733631134033,,2163.193359375,,442.656494140625,,268.15472412109375,,118.69723510742188,,849.9170532226562,,-1.1909635066986084,,0.5078125,,1590.9970703125,,1590.9970703125,,0.4921875,,256.0,,0.142578125,,0.1525333970785141,,0.0,,,,,,,,,,,,,,
8,114699,,-0.2698809504508972,,965.8760375976562,,39751.125,,8.0,,3.097792625427246,,0.25,,3.097792625427246,,2039.477294921875,,526.769287109375,,215.36761474609375,,121.38475799560547,,38785.25,,15.35629653930664,,0.4921875,,39754.22265625,,39754.22265625,,0.5078125,,256.0,,0.140625,,0.15507185459136963,,0.01171875,,,,,,,,,,,,,,
8,114749,,-0.2590794563293457,,810.4755859375,,1981.837158203125,,8.0,,3.1469006538391113,,0.0,,3.1469006538391113,,2274.53173828125,,583.6264038085938,,173.48350524902344,,102.29106140136719,,1171.361572265625,,-5.82385778427124,,0.484375,,1984.9840087890625,,1984.9840087890625,,0.515625,,256.0,,0.21875,,0.22189103066921234,,0.0,,,,,,,,,,,,,,
8,114799,,-0.26643654704093933,,829.6226806640625,,2049.35009765625,,8.0,,3.046734571456909,,0.0,,3.046734571456909,,2287.5341796875,,328.45697021484375,,200.9408416748047,,112.7625503540039,,1219.7275390625,,-1.0993146896362305,,0.47265625,,2052.396728515625,,2052.396728515625,,0.52734375,,256.0,,0.123046875,,0.12651805579662323,,0.0078125,,,,,,,,,,,,,,
8,114849,,-0.2549377679824829,,1086.626220703125,,54718.015625,,8.0,,3.171677350997925,,0.0,,3.171677350997925,,2205.25830078125,,471.0947570800781,,239.6221466064453,,130.63351440429688,,53631.390625,,23.155704498291016,,0.52734375,,54721.1875,,54721.1875,,0.47265625,,256.0,,0.1728515625,,0.15884476900100708,,0.0078125,,,,,,,,,,,,,,
8,114899,,-0.25045010447502136,,939.0062255859375,,36922.16015625,,8.0,,3.2721316814422607,,0.0,,3.2721316814422607,,2182.322265625,,372.80511474609375,,334.3952331542969,,102.62290954589844,,35983.15234375,,11.598037719726562,,0.4765625,,36925.43359375,,36925.43359375,,0.5234375,,256.0,,0.189453125,,0.1828099489212036,,0.0078125,,,,,,,,,,,,,,
8,114949,,-0.25471603870391846,,993.0025634765625,,28629.8359375,,8.0,,3.043759822845459,,0.0,,3.043759822845459,,2164.603515625,,461.4341735839844,,288.5987548828125,,119.33695983886719,,27636.833984375,,7.268275260925293,,0.51171875,,28632.87890625,,28632.87890625,,0.48828125,,256.0,,0.1513671875,,0.1466844528913498,,0.0078125,,,,,,,,,,,,,,
8,114999,,-0.25797343254089355,,906.966552734375,,48375.5546875,,8.0,,3.2045750617980957,,0.0,,3.2045750617980957,,2322.110107421875,,181.0017852783203,,231.4923095703125,,114.04821014404297,,47468.58984375,,15.790998458862305,,0.4765625,,48378.7578125,,48378.7578125,,0.5234375,,256.0,,0.0966796875,,0.10825818032026291,,0.00390625,,,,,,,,,,,,,,
8,115049,,-0.26064246892929077,,850.40087890625,,2231.43017578125,,8.0,,3.043341875076294,,0.25,,3.043341875076294,,2394.8388671875,,254.56906127929688,,241.2777862548828,,133.5416717529297,,1381.0291748046875,,-5.953932762145996,,0.515625,,2234.4736328125,,2234.4736328125,,0.484375,,256.0,,0.2490234375,,0.2338702380657196,,0.00390625,,,,,,,,,,,,,,
8,115099,,-0.25918465852737427,,997.1051635742188,,40444.375,,8.0,,3.1773157119750977,,0.125,,3.1773157119750977,,2171.1806640625,,544.8533935546875,,267.15887451171875,,94.41069030761719,,39447.26953125,,14.26596450805664,,0.51171875,,40447.55078125,,40447.55078125,,0.48828125,,256.0,,0.1923828125,,0.18174342811107635,,0.0078125,,,,,,,,,,,,,,
8,115149,,-0.2627229690551758,,838.5692749023438,,1878.021728515625,,8.0,,3.069973945617676,,0.125,,3.069973945617676,,2391.7880859375,,256.4777526855469,,234.06423950195312,,142.61952209472656,,1039.452392578125,,-3.3295955657958984,,0.515625,,1881.0916748046875,,1881.0916748046875,,0.484375,,256.0,,0.240234375,,0.2165142297744751,,0.00390625,,,,,,,,,,,,,,
8,115163,,,,,,,,,,,,,,,,,,,,,,,,,,,,,,,,,,,,,,,,,,,-0.2606545090675354,812.8411865234375,6510.8154296875,0.0,5697.9775390625,-1.6240079402923584,0.4998077154159546,812.8411865234375,6510.8154296875,0.5001922845840454,255.98416137695312,0.18571564555168152,0.17390652000904083,0.0010014981962740421
8,115163,-0.2606079578399658,,900.394287109375,,25032.376953125,,8.0,,3.131603240966797,,0.09087800979614258,,3.131603240966797,,2226.617431640625,,422.8887634277344,,249.5875244140625,,118.34689331054688,,24132.01171875,,7.349246501922607,,0.5003052949905396,,25035.48828125,,25035.48828125,,0.49969473481178284,,256.0,,0.1873062551021576,,0.18486258387565613,,0.005049490369856358,,,,,,,,,,,,,,,
9,115199,,-0.2561502456665039,,787.6674194335938,,2672.02783203125,,8.0,,3.1665167808532715,,0.125,,3.1665167808532715,,2230.80029296875,,530.4833374023438,,254.78936767578125,,145.77268981933594,,1884.3603515625,,-6.701600551605225,,0.55859375,,2675.1943359375,,2675.1943359375,,0.44140625,,256.0,,0.146484375,,0.1451958864927292,,0.0,,,,,,,,,,,,,,
9,115249,,-0.26914602518081665,,1044.7718505859375,,53668.91015625,,8.0,,3.1481411457061768,,0.0,,3.1481411457061768,,2015.3433837890625,,367.4764709472656,,291.2515869140625,,91.72516632080078,,52624.13671875,,18.47283172607422,,0.50390625,,53672.05859375,,53672.05859375,,0.49609375,,256.0,,0.08935546875,,0.07782211154699326,,0.00390625,,,,,,,,,,,,,,
9,115299,,-0.2659613788127899,,1137.094970703125,,82139.046875,,8.0,,3.1347815990448,,0.125,,3.1347815990448,,2480.13818359375,,239.72438049316406,,208.41006469726562,,127.27324676513672,,81001.953125,,31.119583129882812,,0.5,,82142.1796875,,82142.1796875,,0.5,,256.0,,0.251953125,,0.23877935111522675,,0.0078125,,,,,,,,,,,,,,
9,115349,,-0.2637697458267212,,761.0310668945312,,2605.051513671875,,8.0,,3.0744478702545166,,0.125,,3.0744478702545166,,1812.0792236328125,,602.4974365234375,,257.43341064453125,,104.4735107421875,,1844.0205078125,,0.33300960063934326,,0.5390625,,2608.1259765625,,2608.1259765625,,0.4609375,,256.0,,0.193359375,,0.19560283422470093,,0.0,,,,,,,,,,,,,,
9,115399,,-0.26024577021598816,,769.7401123046875,,2262.571044921875,,8.0,,3.0326619148254395,,0.25,,3.0326619148254395,,2628.23388671875,,237.9956512451172,,221.74986267089844,,107.62097930908203,,1492.8309326171875,,-5.312662601470947,,0.4453125,,2265.603759765625,,2265.603759765625,,0.5546875,,256.0,,0.267578125,,0.29681456089019775,,0.0,,,,,,,,,,,,,,
9,115449,,-0.2507241368293762,,912.30419921875,,2343.916748046875,,8.0,,3.24752140045166,,0.125,,3.24752140045166,,2311.996826171875,,520.1944580078125,,239.19874572753906,,129.3037872314453,,1431.612548828125,,0.10343374311923981,,0.48046875,,2347.164306640625,,2347.164306640625,,0.51953125,,256.0,,0.09326171875,,0.09450783580541611,,0.00390625,,,,,,,,,,,,,,
9,115499,,-0.25906985998153687,,925.6484375,,32757.669921875,,8.0,,3.157926559448242,,0.0,,3.157926559448242,,2252.95751953125,,220.16233825683594,,280.91796875,,116.07218933105469,,31832.021484375,,17.977474212646484,,0.48046875,,32760.828125,,32760.828125,,0.51953125,,256.0,,0.1591796875,,0.16350047290325165,,0.0078125,,,,,,,,,,,,,,
9,115549,,-0.27220618724823,,764.3399658203125,,1935.775390625,,8.0,,3.2026963233947754,,0.125,,3.2026963233947754,,2244.26416015625,,501.557373046875,,219.5145263671875,,121.95724487304688,,1171.4354248046875,,-3.159376621246338,,0.48828125,,1938.97802734375,,1938.97802734375,,0.51171875,,256.0,,0.126953125,,0.13378825783729553,,0.0,,,,,,,,,,,,,,
9,115599,,-0.26226818561553955,,756.239990234375,,1955.4422607421875,,8.0,,3.198291540145874,,0.125,,3.198291540145874,,2264.79736328125,,382.4141540527344,,211.21080017089844,,146.4467010498047,,1199.2022705078125,,-7.7698259353637695,,0.51171875,,1958.6405029296875,,1958.6405029296875,,0.48828125,,256.0,,0.244140625,,0.2535293400287628,,0.0,,,,,,,,,,,,,,
9,115649,,-0.24355894327163696,,853.1280517578125,,30484.658203125,,8.0,,3.1166749000549316,,0.0,,3.1166749000549316,,2238.106201171875,,346.9493713378906,,266.60552978515625,,97.18649291992188,,29631.529296875,,9.364547729492188,,0.546875,,30487.775390625,,30487.775390625,,0.453125,,256.0,,0.2470703125,,0.23843008279800415,,0.0078125,,,,,,,,,,,,,,
9,115699,,-0.270460307598114,,737.1314697265625,,2213.084228515625,,8.0,,3.296283006668091,,0.0,,3.296283006668091,,2027.198486328125,,638.6106567382812,,245.97659301757812,,130.03326416015625,,1475.9527587890625,,-1.3949214220046997,,0.52734375,,2216.380615234375,,2216.380615234375,,0.47265625,,256.0,,0.173828125,,0.16994552314281464,,0.0,,,,,,,,,,,,,,
9,115749,,-0.2484065145254135,,737.7839965820312,,2058.890869140625,,8.0,,3.017810821533203,,0.125,,3.017810821533203,,2024.6407470703125,,496.7799377441406,,287.8216247558594,,95.29903411865234,,1321.10693359375,,-5.2709174156188965,,0.46484375,,2061.90869140625,,2061.90869140625,,0.53515625,,256.0,,0.255859375,,0.257754921913147,,0.00390625,,,,,,,,,,,,,,
9,115799,,-0.254633367061615,,1069.7166748046875,,65562.5234375,,8.0,,3.1374359130859375,,0.125,,3.1374359130859375,,2275.72509765625,,356.51824951171875,,261.9476623535156,,103.7540512084961,,64492.8046875,,25.06387710571289,,0.55078125,,65565.6640625,,65565.6640625,,0.44921875,,256.0,,0.119140625,,0.10789470374584198,,0.01171875,,,,,,,,,,,,,,
9,115849,,-0.26196402311325073,,810.5936279296875,,2307.58984375,,8.0,,3.154958724975586,,0.0,,3.154958724975586,,1995.685546875,,613.5740356445312,,241.36587524414062,,131.22023010253906,,1496.996337890625,,4.926966190338135,,0.55078125,,2310.744873046875,,2310.744873046875,,0.44921875,,256.0,,0.17578125,,0.16294269263744354,,0.0,,,,,,,,,,,,,,
9,115899,,-0.27343985438346863,,761.3207397460938,,1799.658935546875,,8.0,,3.3606719970703125,,0.125,,3.3606719970703125,,2318.168701171875,,193.8801727294922,,273.32049560546875,,124.8385009765625,,1038.3382568359375,,0.4978419244289398,,0.48046875,,1803.0196533203125,,1803.0196533203125,,0.51953125,,256.0,,0.1513671875,,0.147308811545372,,0.00390625,,,,,,,,,,,,,,
9,115949,,-0.25944554805755615,,1063.5341796875,,39085.6484375,,8.0,,3.1817593574523926,,0.125,,3.1817593574523926,,2438.718994140625,,304.2340087890625,,207.3006591796875,,146.06863403320312,,38022.11328125,,10.783801078796387,,0.515625,,39088.83203125,,39088.83203125,,0.484375,,256.0,,0.318359375,,0.3092423677444458,,0.0078125,,,,,,,,,,,,,,
9,115999,,-0.25639620423316956,,958.13427734375,,52900.6953125,,8.0,,3.386121988296509,,0.0,,3.386121988296509,,1959.888427734375,,413.23590087890625,,270.1643981933594,,94.57356262207031,,51942.5625,,21.427976608276367,,0.4921875,,52904.08203125,,52904.08203125,,0.5078125,,256.0,,0.255859375,,0.24289250373840332,,0.00390625,,,,,,,,,,,,,,
9,116049,,-0.27516746520996094,,1020.8945922851562,,40680.92578125,,8.0,,3.104658842086792,,0.0,,3.104658842086792,,1893.0294189453125,,490.8716125488281,,324.664794921875,,77.81985473632812,,39660.03125,,13.305343627929688,,0.51953125,,40684.03125,,40684.03125,,0.48046875,,256.0,,0.16796875,,0.16844484210014343,,0.0078125,,,,,,,,,,,,,,
9,116099,,-0.26479947566986084,,829.5028076171875,,2122.2236328125,,8.0,,3.421895742416382,,0.125,,3.421895742416382,,2265.7451171875,,575.66552734375,,278.7423400878906,,126.24153900146484,,1292.720703125,,-5.029384613037109,,0.5078125,,2125.6455078125,,2125.6455078125,,0.4921875,,256.0,,0.1328125,,0.14422708749771118,,0.0,,,,,,,,,,,,,,
9,116149,,-0.25853943824768066,,996.315673828125,,46462.8359375,,8.0,,3.1278371810913086,,0.125,,3.1278371810913086,,2389.5732421875,,544.8954467773438,,271.450927734375,,116.07350158691406,,45466.51953125,,13.869799613952637,,0.453125,,46465.96484375,,46465.96484375,,0.546875,,256.0,,0.189453125,,0.18873995542526245,,0.0078125,,,,,,,,,,,,,,
9,116199,,-0.2454153597354889,,924.6173706054688,,36776.4453125,,8.0,,2.9182488918304443,,0.25,,2.9182488918304443,,2180.017822265625,,526.438720703125,,277.7269287109375,,103.69824981689453,,35851.828125,,12.149085998535156,,0.48046875,,36779.36328125,,36779.36328125,,0.51953125,,256.0,,0.1826171875,,0.1966114491224289,,0.00390625,,,,,,,,,,,,,,
9,116249,,-0.2511286735534668,,719.9804077148438,,1893.56591796875,,8.0,,3.044339179992676,,0.0,,3.044339179992676,,2235.414794921875,,433.4433288574219,,239.2147216796875,,110.87771606445312,,1173.58544921875,,-2.853386640548706,,0.5390625,,1896.6102294921875,,1896.6102294921875,,0.4609375,,256.0,,0.21875,,0.2133883833885193,,0.0,,,,,,,,,,,,,,
9,116299,,-0.26445528864860535,,1152.7974853515625,,74350.0703125,,8.0,,3.1769521236419678,,0.0,,3.1769521236419678,,2053.1845703125,,685.6404418945312,,265.5013122558594,,128.72886657714844,,73197.2734375,,33.43829345703125,,0.484375,,74353.25,,74353.25,,0.515625,,256.0,,0.1962890625,,0.1987239569425583,,0.01171875,,,,,,,,,,,,,,
9,116349,,-0.25844088196754456,,887.9441528320312,,2613.7744140625,,8.0,,3.332437515258789,,0.125,,3.332437515258789,,2324.226318359375,,255.55702209472656,,202.9445343017578,,125.32044219970703,,1725.8302001953125,,-1.5238360166549683,,0.48828125,,2617.10693359375,,2617.10693359375,,0.51171875,,256.0,,0.10498046875,,0.11216273903846741,,0.00390625,,,,,,,,,,,,,,
9,116399,,-0.2625182867050171,,774.890380859375,,2117.74169921875,,8.0,,3.367985248565674,,0.0,,3.367985248565674,,2006.2291259765625,,474.27001953125,,207.06997680664062,,112.89530181884766,,1342.8514404296875,,-8.61837387084961,,0.46484375,,2121.109619140625,,2121.109619140625,,0.53515625,,256.0,,0.1396484375,,0.1380692422389984,,0.0,,,,,,,,,,,,,,
9,116449,,-0.25982439517974854,,983.43505859375,,50846.328125,,8.0,,3.165846347808838,,0.0,,3.165846347808838,,2361.130126953125,,287.0861511230469,,239.8018035888672,,104.40571594238281,,49862.89453125,,16.56830406188965,,0.48828125,,50849.4921875,,50849.4921875,,0.51171875,,256.0,,0.19140625,,0.20077747106552124,,0.0078125,,,,,,,,,,,,,,
9,116499,,-0.25848639011383057,,754.00244140625,,2147.754638671875,,8.0,,3.144587516784668,,0.125,,3.144587516784668,,2375.552490234375,,387.9414367675781,,233.96099853515625,,118.98461151123047,,1393.752197265625,,-1.7107627391815186,,0.42578125,,2150.899169921875,,2150.899169921875,,0.57421875,,256.0,,0.10595703125,,0.1134190782904625,,0.0,,,,,,,,,,,,,,
9,116549,,-0.2658850848674774,,800.5087280273438,,2096.255859375,,8.0,,3.1989922523498535,,0.0,,3.1989922523498535,,2256.73193359375,,514.1881103515625,,289.4806213378906,,111.00531005859375,,1295.7471923828125,,-0.5301461219787598,,0.5,,2099.454833984375,,2099.454833984375,,0.5,,256.0,,0.1123046875,,0.12208192050457001,,0.0,,,,,,,,,,,,,,
9,116599,,-0.2593749463558197,,898.7487182617188,,2510.984619140625,,8.0,,3.0974855422973633,,0.0,,3.0974855422973633,,2159.659912109375,,582.2012939453125,,226.09823608398438,,140.43545532226562,,1612.2359619140625,,-6.647271633148193,,0.50390625,,2514.08203125,,2514.08203125,,0.49609375,,256.0,,0.15234375,,0.1530492752790451,,0.0078125,,,,,,,,,,,,,,
9,116649,,-0.2696228325366974,,859.412353515625,,2002.450927734375,,8.0,,2.897984743118286,,0.0,,2.897984743118286,,2430.1015625,,288.34759521484375,,223.9377899169922,,142.92686462402344,,1143.03857421875,,-4.208077907562256,,0.4921875,,2005.348876953125,,2005.348876953125,,0.5078125,,256.0,,0.17578125,,0.1826198399066925,,0.0078125,,,,,,,,,,,,,,
9,116699,,-0.25638386607170105,,1050.5252685546875,,48008.50390625,,8.0,,3.0912647247314453,,0.125,,3.0912647247314453,,1863.6212158203125,,548.2839965820312,,285.91693115234375,,90.2601547241211,,46957.98046875,,17.383785247802734,,0.4609375,,48011.59375,,48011.59375,,0.5390625,,256.0,,0.107421875,,0.11413955688476562,,0.01171875,,,,,,,,,,,,,,
9,116749,,-0.25819653272628784,,775.7383422851562,,1862.259765625,,8.0,,3.050795078277588,,0.25,,3.050795078277588,,2026.122314453125,,674.9566040039062,,256.7436218261719,,131.09536743164062,,1086.5213623046875,,-4.959362983703613,,0.47265625,,1865.310546875,,1865.310546875,,0.52734375,,256.0,,0.185546875,,0.18706181645393372,,0.0078125,,,,,,,,,,,,,,
9,116799,,-0.26445281505584717,,781.41943359375,,1864.410400390625,,8.0,,3.141456127166748,,0.125,,3.141456127166748,,2192.2509765625,,544.8611450195312,,298.3446044921875,,94.30615997314453,,1082.990966796875,,-5.053211688995361,,0.48046875,,1867.5518798828125,,1867.5518798828125,,0.51953125,,256.0,,0.197265625,,0.18444004654884338,,0.0,,,,,,,,,,,,,,
9,116849,,-0.2666439116001129,,1137.4122314453125,,84696.6875,,8.0,,3.137507438659668,,0.0,,3.137507438659668,,2252.249267578125,,565.694091796875,,172.72903442382812,,110.53021240234375,,83559.2734375,,25.335533142089844,,0.51953125,,84699.828125,,84699.828125,,0.48046875,,256.0,,0.1787109375,,0.1761864721775055,,0.0078125,,,,,,,,,,,,,,
9,116899,,-0.26432815194129944,,1013.86474609375,,46249.0859375,,8.0,,3.0815491676330566,,0.125,,3.0815491676330566,,2046.876953125,,642.181396484375,,260.630859375,,112.5918197631836,,45235.22265625,,18.892391204833984,,0.51953125,,46252.16796875,,46252.16796875,,0.48046875,,256.0,,0.14453125,,0.1512436717748642,,0.00390625,,,,,,,,,,,,,,
9,116949,,-0.2661856412887573,,1017.0515747070312,,43727.62890625,,8.0,,3.0976462364196777,,0.0,,3.0976462364196777,,2129.7939453125,,420.7934875488281,,211.67221069335938,,104.70523071289062,,42710.578125,,18.04625129699707,,0.49609375,,43730.7265625,,43730.7265625,,0.50390625,,256.0,,0.10888671875,,0.10077914595603943,,0.00390625,,,,,,,,,,,,,,
9,116999,,-0.25266751646995544,,991.5160522460938,,36632.4609375,,8.0,,3.0370516777038574,,0.125,,3.0370516777038574,,1868.2679443359375,,514.9160766601562,,286.0982971191406,,107.31909942626953,,35640.9453125,,12.190370559692383,,0.51171875,,36635.49609375,,36635.49609375,,0.48828125,,256.0,,0.19921875,,0.19731102883815765,,0.015625,,,,,,,,,,,,,,
9,117049,,-0.26804083585739136,,823.218505859375,,2111.30078125,,8.0,,3.0412049293518066,,0.25,,3.0412049293518066,,2296.744384765625,,549.2950439453125,,202.74517822265625,,112.06898498535156,,1288.082275390625,,-7.038096904754639,,0.5234375,,2114.342041015625,,2114.342041015625,,0.4765625,,256.0,,0.2099609375,,0.20335209369659424,,0.00390625,,,,,,,,,,,,,,
9,117099,,-0.25859391689300537,,805.6651611328125,,1778.013916015625,,8.0,,3.010664939880371,,0.25,,3.010664939880371,,2157.876953125,,373.73382568359375,,276.37933349609375,,118.23216247558594,,972.3487548828125,,-3.4125466346740723,,0.47265625,,1781.0245361328125,,1781.0245361328125,,0.52734375,,256.0,,0.14453125,,0.1453597992658615,,0.00390625,,,,,,,,,,,,,,
9,117149,,-0.26175135374069214,,743.2806396484375,,1764.95654296875,,8.0,,3.2585530281066895,,0.0,,3.2585530281066895,,1955.9110107421875,,587.4567260742188,,273.1645202636719,,123.02198791503906,,1021.6759033203125,,-8.166949272155762,,0.55859375,,1768.215087890625,,1768.215087890625,,0.44140625,,256.0,,0.2060546875,,0.20033621788024902,,0.0,,,,,,,,,,,,,,
9,117199,,-0.26622921228408813,,861.9121704101562,,2086.652587890625,,8.0,,2.9864344596862793,,0.125,,2.9864344596862793,,2289.7177734375,,375.7968444824219,,235.54505920410156,,119.74543762207031,,1224.740478515625,,-3.3590540885925293,,0.4765625,,2089.638916015625,,2089.638916015625,,0.5234375,,256.0,,0.330078125,,0.3226209878921509,,0.0078125,,,,,,,,,,,,,,
9,117249,,-0.24739496409893036,,793.08544921875,,2165.295166015625,,8.0,,3.2651143074035645,,0.0,,3.2651143074035645,,2330.64501953125,,282.7228088378906,,278.64154052734375,,106.88360595703125,,1372.209716796875,,-4.142673492431641,,0.4453125,,2168.560302734375,,2168.560302734375,,0.5546875,,256.0,,0.2265625,,0.21664711833000183,,0.0,,,,,,,,,,,,,,
9,117299,,-0.2568518817424774,,1029.4478759765625,,36402.640625,,8.0,,3.1549205780029297,,0.25,,3.1549205780029297,,2133.545654296875,,429.0154724121094,,270.08038330078125,,112.90143585205078,,35373.19140625,,7.8912458419799805,,0.5078125,,36405.796875,,36405.796875,,0.4921875,,256.0,,0.22265625,,0.2214180827140808,,0.01171875,,,,,,,,,,,,,,
9,117349,,-0.2613362967967987,,1131.435546875,,81729.2890625,,8.0,,3.3493118286132812,,0.125,,3.3493118286132812,,2304.364990234375,,392.444091796875,,259.7256164550781,,124.64132690429688,,80597.8515625,,30.634449005126953,,0.5,,81732.640625,,81732.640625,,0.5,,256.0,,0.11328125,,0.09108102321624756,,0.0078125,,,,,,,,,,,,,,
9,117399,,-0.24826233088970184,,746.0593872070312,,1852.613037109375,,8.0,,3.151132822036743,,0.0,,3.151132822036743,,1998.7557373046875,,665.9560546875,,263.88153076171875,,125.2890625,,1106.5535888671875,,-1.3636753559112549,,0.48828125,,1855.76416015625,,1855.76416015625,,0.51171875,,256.0,,0.21484375,,0.22588321566581726,,0.0,,,,,,,,,,,,,,
9,117449,,-0.2616727352142334,,1167.2950439453125,,106749.5703125,,8.0,,3.3322110176086426,,0.0,,3.3322110176086426,,2303.072265625,,307.35748291015625,,261.244140625,,130.08116149902344,,105582.2734375,,48.83119201660156,,0.51953125,,106752.90625,,106752.90625,,0.48046875,,256.0,,0.232421875,,0.22275690734386444,,0.01171875,,,,,,,,,,,,,,
9,117499,,-0.25429144501686096,,758.5528564453125,,1964.3856201171875,,8.0,,3.020420551300049,,0.375,,3.020420551300049,,2354.5927734375,,648.4633178710938,,243.94216918945312,,143.31822204589844,,1205.832763671875,,-3.1272237300872803,,0.51171875,,1967.406005859375,,1967.406005859375,,0.48828125,,256.0,,0.1796875,,0.17770710587501526,,0.0,,,,,,,,,,,,,,
9,117549,,-0.2697451412677765,,916.1817626953125,,39515.73828125,,8.0,,3.106196403503418,,0.125,,3.106196403503418,,2158.909912109375,,458.808349609375,,213.71925354003906,,129.77880859375,,38599.5546875,,16.477094650268555,,0.484375,,39518.84375,,39518.84375,,0.515625,,256.0,,0.10546875,,0.10513120889663696,,0.00390625,,,,,,,,,,,,,,
9,117599,,-0.2596217691898346,,1000.2646484375,,44936.7890625,,8.0,,3.156310796737671,,0.0,,3.156310796737671,,2220.40576171875,,365.8332824707031,,267.23114013671875,,113.09122467041016,,43936.5234375,,14.873205184936523,,0.47265625,,44939.9453125,,44939.9453125,,0.52734375,,256.0,,0.259765625,,0.26292943954467773,,0.00390625,,,,,,,,,,,,,,
9,117649,,-0.2565433382987976,,820.4141235351562,,1833.338623046875,,8.0,,3.3523988723754883,,0.0,,3.3523988723754883,,2308.94921875,,333.42388916015625,,283.85552978515625,,123.94398498535156,,1012.9244995117188,,-4.5007853507995605,,0.5078125,,1836.6910400390625,,1836.6910400390625,,0.4921875,,256.0,,0.20703125,,0.2054855078458786,,0.00390625,,,,,,,,,,,,,,
9,117699,,-0.268124520778656,,947.6504516601562,,43644.25390625,,8.0,,3.1205928325653076,,0.25,,3.1205928325653076,,2169.568359375,,462.83197021484375,,266.9608154296875,,131.38351440429688,,42696.6015625,,17.81982421875,,0.48046875,,43647.375,,43647.375,,0.51953125,,256.0,,0.1318359375,,0.11891889572143555,,0.00390625,,,,,,,,,,,,,,
9,117749,,-0.2589329481124878,,735.8906860351562,,1977.384033203125,,8.0,,3.2565665245056152,,0.0,,3.2565665245056152,,2303.16845703125,,199.13479614257812,,282.038330078125,,133.12669372558594,,1241.4932861328125,,-4.811464786529541,,0.546875,,1980.640625,,1980.640625,,0.453125,,256.0,,0.17578125,,0.17330610752105713,,0.0078125,,,,,,,,,,,,,,
9,117799,,-0.26793187856674194,,975.85986328125,,31510.576171875,,8.0,,2.9794580936431885,,0.25,,2.9794580936431885,,2327.6318359375,,434.56561279296875,,230.29702758789062,,113.70854187011719,,30534.716796875,,20.76734161376953,,0.5078125,,31513.5546875,,31513.5546875,,0.4921875,,256.0,,0.1748046875,,0.17994076013565063,,0.0078125,,,,,,,,,,,,,,
9,117849,,-0.2513718008995056,,888.6679077148438,,37068.50390625,,8.0,,2.9507198333740234,,0.125,,2.9507198333740234,,2245.65869140625,,446.1337585449219,,210.32882690429688,,129.89695739746094,,36179.8359375,,14.96529483795166,,0.48828125,,37071.453125,,37071.453125,,0.51171875,,256.0,,0.1513671875,,0.1543472856283188,,0.00390625,,,,,,,,,,,,,,
9,117899,,-0.2519960403442383,,911.584228515625,,2270.07666015625,,8.0,,3.1002156734466553,,0.25,,3.1002156734466553,,1981.4461669921875,,571.5942993164062,,289.65386962890625,,121.08368682861328,,1358.4925537109375,,-7.978878021240234,,0.484375,,2273.1767578125,,2273.1767578125,,0.515625,,256.0,,0.201171875,,0.19435369968414307,,0.00390625,,,,,,,,,,,,,,
9,117949,,-0.25569766759872437,,817.2468872070312,,2175.266845703125,,8.0,,3.103210210800171,,0.125,,3.103210210800171,,2486.64404296875,,212.05995178222656,,212.0151824951172,,113.40050506591797,,1358.0198974609375,,-1.9281015396118164,,0.49609375,,2178.3701171875,,2178.3701171875,,0.50390625,,256.0,,0.1611328125,,0.17657940089702606,,0.0078125,,,,,,,,,,,,,,
9,117999,,-0.24340081214904785,,899.6787109375,,39600.69140625,,8.0,,3.0609307289123535,,0.125,,3.0609307289123535,,2284.51123046875,,358.31427001953125,,261.2119140625,,137.13742065429688,,38701.01171875,,14.301857948303223,,0.4765625,,39603.75390625,,39603.75390625,,0.5234375,,256.0,,0.16015625,,0.16564832627773285,,0.00390625,,,,,,,,,,,,,,
9,118049,,-0.26112157106399536,,767.034912109375,,1837.986572265625,,8.0,,2.9460060596466064,,0.0,,2.9460060596466064,,2450.3544921875,,356.73431396484375,,158.49652099609375,,126.08206176757812,,1070.95166015625,,-5.592245101928711,,0.55078125,,1840.9326171875,,1840.9326171875,,0.44921875,,256.0,,0.166015625,,0.16534505784511566,,0.0,,,,,,,,,,,,,,
9,118099,,-0.25664737820625305,,768.075927734375,,2343.40966796875,,8.0,,3.225980520248413,,0.125,,3.225980520248413,,2084.989501953125,,655.6538696289062,,297.9104309082031,,137.815185546875,,1575.3338623046875,,0.3790822923183441,,0.4375,,2346.6357421875,,2346.6357421875,,0.5625,,256.0,,0.22265625,,0.22300517559051514,,0.0,,,,,,,,,,,,,,
9,118149,,-0.25109973549842834,,741.3715209960938,,2369.789306640625,,8.0,,3.1176834106445312,,0.0,,3.1176834106445312,,1879.2967529296875,,498.7243347167969,,253.92100524902344,,101.98963165283203,,1628.4178466796875,,-3.320648193359375,,0.5078125,,2372.906982421875,,2372.906982421875,,0.4921875,,256.0,,0.12353515625,,0.11719926446676254,,0.0,,,,,,,,,,,,,,
9,118199,,-0.24885666370391846,,839.0467529296875,,2441.65478515625,,8.0,,3.048288106918335,,0.25,,3.048288106918335,,2303.69970703125,,336.8953857421875,,228.43997192382812,,110.62664031982422,,1602.60791015625,,-5.467556953430176,,0.5,,2444.703125,,2444.703125,,0.5,,256.0,,0.1767578125,,0.18424443900585175,,0.0,,,,,,,,,,,,,,
9,118249,,-0.2627052068710327,,774.1318359375,,1732.3214111328125,,8.0,,2.964277505874634,,0.125,,2.964277505874634,,2471.1083984375,,249.82015991210938,,179.77264404296875,,89.26985931396484,,958.1895751953125,,-4.078548908233643,,0.484375,,1735.28564453125,,1735.28564453125,,0.515625,,256.0,,0.19140625,,0.17961665987968445,,0.0,,,,,,,,,,,,,,
9,118299,,-0.2702619433403015,,909.7012939453125,,35434.6015625,,8.0,,3.14780330657959,,0.125,,3.14780330657959,,2413.53369140625,,219.4447784423828,,271.55194091796875,,120.70232391357422,,34524.8984375,,10.547607421875,,0.55078125,,35437.75,,35437.75,,0.44921875,,256.0,,0.2333984375,,0.22360770404338837,,0.00390625,,,,,,,,,,,,,,
9,118349,,-0.2686160206794739,,775.6748046875,,2259.22607421875,,8.0,,3.0845813751220703,,0.0,,3.0845813751220703,,1897.162353515625,,584.5707397460938,,310.05804443359375,,92.2071304321289,,1483.5513916015625,,-8.266161918640137,,0.50390625,,2262.310546875,,2262.310546875,,0.49609375,,256.0,,0.1767578125,,0.18695609271526337,,0.00390625,,,,,,,,,,,,,,
9,118399,,-0.26976636052131653,,985.623046875,,34166.71875,,8.0,,2.981558084487915,,0.125,,2.981558084487915,,2251.211181640625,,225.00282287597656,,358.0206298828125,,91.40657806396484,,33181.09765625,,14.734258651733398,,0.52734375,,34169.69921875,,34169.69921875,,0.47265625,,256.0,,0.13671875,,0.1324586570262909,,0.0078125,,,,,,,,,,,,,,
9,118449,,-0.2651026248931885,,1430.6328125,,103670.546875,,8.0,,3.070828914642334,,0.25,,3.070828914642334,,2497.196044921875,,296.77777099609375,,229.3051300048828,,123.16255187988281,,102239.9140625,,45.892093658447266,,0.55859375,,103673.6171875,,103673.6171875,,0.44140625,,256.0,,0.142578125,,0.1268479824066162,,0.02734375,,,,,,,,,,,,,,
9,118499,,-0.252368688583374,,709.461669921875,,2182.943359375,,8.0,,3.1271164417266846,,0.0,,3.1271164417266846,,2018.1981201171875,,658.9257202148438,,256.36041259765625,,135.4320831298828,,1473.4818115234375,,0.8047953844070435,,0.47265625,,2186.070556640625,,2186.070556640625,,0.52734375,,256.0,,0.1591796875,,0.14709731936454773,,0.00390625,,,,,,,,,,,,,,
9,118549,,-0.2628668248653412,,783.7218017578125,,2338.35205078125,,8.0,,3.0531563758850098,,0.0,,3.0531563758850098,,2392.82080078125,,503.04534912109375,,228.70419311523438,,136.05157470703125,,1554.6302490234375,,-7.109033107757568,,0.48046875,,2341.4052734375,,2341.4052734375,,0.51953125,,256.0,,0.1611328125,,0.16334015130996704,,0.0,,,,,,,,,,,,,,
9,118599,,-0.25999441742897034,,843.029052734375,,2179.9853515625,,8.0,,3.2800111770629883,,0.125,,3.2800111770629883,,2444.28564453125,,204.51612854003906,,231.7050323486328,,103.09259796142578,,1336.956298828125,,-8.577725410461426,,0.48046875,,2183.265380859375,,2183.265380859375,,0.51953125,,256.0,,0.216796875,,0.2131318747997284,,0.00390625,,,,,,,,,,,,,,
9,118649,,-0.24813143908977509,,1022.7266845703125,,40876.703125,,8.0,,3.0681400299072266,,0.25,,3.0681400299072266,,2321.33447265625,,404.6863708496094,,215.27786254882812,,98.1270523071289,,39853.9765625,,16.914949417114258,,0.453125,,40879.76953125,,40879.76953125,,0.546875,,256.0,,0.2578125,,0.2535783052444458,,0.0078125,,,,,,,,,,,,,,
9,118699,,-0.25348228216171265,,792.9480590820312,,2136.830078125,,8.0,,3.167236804962158,,0.125,,3.167236804962158,,2044.0968017578125,,621.9230346679688,,257.8045959472656,,127.91752624511719,,1343.8819580078125,,-9.000975608825684,,0.5078125,,2139.997314453125,,2139.997314453125,,0.4921875,,256.0,,0.12158203125,,0.12883245944976807,,0.00390625,,,,,,,,,,,,,,
9,118749,,-0.2586425542831421,,1340.067138671875,,130177.46875,,8.0,,3.0998387336730957,,0.125,,3.0998387336730957,,2168.0302734375,,400.2465515136719,,248.46217346191406,,124.13430786132812,,128837.3984375,,56.63633346557617,,0.48046875,,130180.5703125,,130180.5703125,,0.51953125,,256.0,,0.1455078125,,0.15557384490966797,,0.015625,,,,,,,,,,,,,,
9,118799,,-0.2582344114780426,,1126.25439453125,,63674.50390625,,8.0,,3.1744401454925537,,0.125,,3.1744401454925537,,2167.7978515625,,412.8649597167969,,274.86627197265625,,113.47953033447266,,62548.25,,27.086877822875977,,0.515625,,63677.6796875,,63677.6796875,,0.484375,,256.0,,0.1923828125,,0.19702844321727753,,0.01171875,,,,,,,,,,,,,,
9,118849,,-0.2628214359283447,,1107.499755859375,,73287.046875,,8.0,,3.241755485534668,,0.125,,3.241755485534668,,2338.92724609375,,333.5690612792969,,239.80560302734375,,103.1141357421875,,72179.546875,,32.329627990722656,,0.5234375,,73290.2890625,,73290.2890625,,0.4765625,,256.0,,0.158203125,,0.15165984630584717,,0.0078125,,,,,,,,,,,,,,
9,118899,,-0.2566101551055908,,803.281005859375,,2240.154541015625,,8.0,,3.3692264556884766,,0.125,,3.3692264556884766,,2426.6953125,,348.1711120605469,,231.8761749267578,,116.12379455566406,,1436.87353515625,,-10.018056869506836,,0.46875,,2243.523681640625,,2243.523681640625,,0.53125,,256.0,,0.21484375,,0.21714210510253906,,0.0,,,,,,,,,,,,,,
9,118949,,-0.2593385577201843,,821.1621704101562,,2260.77783203125,,8.0,,3.082364797592163,,0.0,,3.082364797592163,,2316.5634765625,,304.05780029296875,,213.80728149414062,,96.31865692138672,,1439.6156005859375,,-4.573224067687988,,0.5234375,,2263.860107421875,,2263.860107421875,,0.4765625,,256.0,,0.126953125,,0.13140177726745605,,0.0078125,,,,,,,,,,,,,,
9,118999,,-0.27229923009872437,,749.0827026367188,,2263.417724609375,,8.0,,3.029846429824829,,0.0,,3.029846429824829,,2252.92041015625,,451.73431396484375,,288.0883483886719,,118.37315368652344,,1514.3349609375,,-5.5334625244140625,,0.5546875,,2266.447509765625,,2266.447509765625,,0.4453125,,256.0,,0.1201171875,,0.1157883033156395,,0.0,,,,,,,,,,,,,,
9,119049,,-0.2689012289047241,,925.4058227539062,,2108.23388671875,,8.0,,3.366504669189453,,0.125,,3.366504669189453,,2347.19384765625,,230.74069213867188,,231.1698760986328,,109.94939422607422,,1182.8280029296875,,-8.137349128723145,,0.47265625,,2111.600341796875,,2111.600341796875,,0.52734375,,256.0,,0.25,,0.2545729875564575,,0.00390625,,,,,,,,,,,,,,
9,119099,,-0.26336607336997986,,905.5604858398438,,36962.515625,,8.0,,2.9619460105895996,,0.125,,2.9619460105895996,,2212.281494140625,,312.7331237792969,,293.01910400390625,,115.29557800292969,,36056.95703125,,14.741564750671387,,0.49609375,,36965.4765625,,36965.4765625,,0.50390625,,256.0,,0.208984375,,0.20418840646743774,,0.00390625,,,,,,,,,,,,,,
9,119149,,-0.275928258895874,,890.097412109375,,2237.64501953125,,8.0,,3.183598518371582,,0.125,,3.183598518371582,,2126.354248046875,,279.35504150390625,,282.01519775390625,,125.59698486328125,,1347.5474853515625,,-4.450649738311768,,0.52734375,,2240.82861328125,,2240.82861328125,,0.47265625,,256.0,,0.142578125,,0.1377866268157959,,0.0078125,,,,,,,,,,,,,,
9,119199,,-0.26831039786338806,,750.7651977539062,,2190.55224609375,,8.0,,3.0411248207092285,,0.25,,3.0411248207092285,,2294.259765625,,311.252685546875,,232.1702880859375,,129.0894012451172,,1439.787109375,,-4.914219856262207,,0.45703125,,2193.59326171875,,2193.59326171875,,0.54296875,,256.0,,0.1708984375,,0.1634916216135025,,0.0,,,,,,,,,,,,,,
9,119249,,-0.2708708941936493,,774.81689453125,,2621.976806640625,,8.0,,3.210115432739258,,0.125,,3.210115432739258,,1787.3199462890625,,797.0137329101562,,244.76669311523438,,102.61354064941406,,1847.159912109375,,-2.1978702545166016,,0.50390625,,2625.18701171875,,2625.18701171875,,0.49609375,,256.0,,0.2109375,,0.21776369214057922,,0.0,,,,,,,,,,,,,,
9,119299,,-0.254463791847229,,1060.743896484375,,70141.5078125,,8.0,,3.03686261177063,,0.25,,3.03686261177063,,1888.458251953125,,761.4240112304688,,240.02828979492188,,126.31409454345703,,69080.765625,,29.012226104736328,,0.50390625,,70144.546875,,70144.546875,,0.49609375,,256.0,,0.2197265625,,0.22737888991832733,,0.0078125,,,,,,,,,,,,,,
9,119349,,-0.25990933179855347,,986.2774658203125,,34064.234375,,8.0,,3.082165479660034,,0.25,,3.082165479660034,,2202.0830078125,,338.4144592285156,,227.61082458496094,,115.72461700439453,,33077.95703125,,14.421337127685547,,0.484375,,34067.31640625,,34067.31640625,,0.515625,,256.0,,0.150390625,,0.15756502747535706,,0.01171875,,,,,,,,,,,,,,
9,119399,,-0.26083308458328247,,777.3570556640625,,2086.119873046875,,8.0,,3.016895055770874,,0.0,,3.016895055770874,,2254.87744140625,,404.2225646972656,,239.10861206054688,,128.39515686035156,,1308.7628173828125,,-5.588586807250977,,0.54296875,,2089.13671875,,2089.13671875,,0.45703125,,256.0,,0.095703125,,0.10576027631759644,,0.0,,,,,,,,,,,,,,
9,119449,,-0.26233696937561035,,912.9996948242188,,39684.94140625,,8.0,,3.2646126747131348,,0.0,,3.2646126747131348,,2252.894775390625,,183.0041046142578,,252.02574157714844,,135.63124084472656,,38771.94140625,,11.942813873291016,,0.5078125,,39688.20703125,,39688.20703125,,0.4921875,,256.0,,0.181640625,,0.17670029401779175,,0.00390625,,,,,,,,,,,,,,
9,119499,,-0.27436110377311707,,930.541015625,,29265.953125,,8.0,,3.017918109893799,,0.25,,3.017918109893799,,2274.1240234375,,320.4693298339844,,211.545166015625,,112.28433990478516,,28335.412109375,,17.90215301513672,,0.55078125,,29268.970703125,,29268.970703125,,0.44921875,,256.0,,0.255859375,,0.24434974789619446,,0.00390625,,,,,,,,,,,,,,
9,119549,,-0.25272661447525024,,1182.0042724609375,,97154.5078125,,8.0,,3.3547022342681885,,0.0,,3.3547022342681885,,1915.099609375,,401.1464538574219,,287.13641357421875,,117.8462905883789,,95972.5,,33.73798751831055,,0.4609375,,97157.859375,,97157.859375,,0.5390625,,256.0,,0.197265625,,0.20488564670085907,,0.01171875,,,,,,,,,,,,,,
9,119599,,-0.26749056577682495,,809.212158203125,,1906.6710205078125,,8.0,,3.133635997772217,,0.125,,3.133635997772217,,2180.85107421875,,470.72088623046875,,223.8792724609375,,119.39718627929688,,1097.4588623046875,,0.17877833545207977,,0.48828125,,1909.8046875,,1909.8046875,,0.51171875,,256.0,,0.1318359375,,0.12099935859441757,,0.0,,,,,,,,,,,,,,
9,119649,,-0.2494378536939621,,838.649658203125,,2243.2216796875,,8.0,,3.2308833599090576,,0.0,,3.2308833599090576,,2300.305419921875,,253.4549560546875,,258.896240234375,,111.31124114990234,,1404.5718994140625,,-0.5269485116004944,,0.48046875,,2246.45263671875,,2246.45263671875,,0.51953125,,256.0,,0.2275390625,,0.2298387736082077,,0.0,,,,,,,,,,,,,,
9,119699,,-0.2605752944946289,,1517.0484619140625,,167316.59375,,8.0,,2.995924711227417,,0.25,,2.995924711227417,,2326.879638671875,,238.83119201660156,,197.5648956298828,,116.68925476074219,,165799.546875,,74.92289733886719,,0.52734375,,167319.59375,,167319.59375,,0.47265625,,256.0,,0.0986328125,,0.09372752904891968,,0.0234375,,,,,,,,,,,,,,
9,119749,,-0.2719484269618988,,747.6123657226562,,2489.1435546875,,8.0,,3.1366097927093506,,0.125,,3.1366097927093506,,2287.633056640625,,564.3653564453125,,244.4254150390625,,120.29139709472656,,1741.53125,,-5.345262050628662,,0.5234375,,2492.2802734375,,2492.2802734375,,0.4765625,,256.0,,0.1923828125,,0.18318217992782593,,0.00390625,,,,,,,,,,,,,,
9,119799,,-0.2634986340999603,,771.4998779296875,,1817.102783203125,,8.0,,3.1851119995117188,,0.0,,3.1851119995117188,,2184.403564453125,,523.451904296875,,301.9894714355469,,122.218505859375,,1045.6029052734375,,1.116992473602295,,0.5,,1820.287841796875,,1820.287841796875,,0.5,,256.0,,0.279296875,,0.2673928439617157,,0.0,,,,,,,,,,,,,,
9,119849,,-0.2710402011871338,,944.0484619140625,,40356.41796875,,8.0,,3.1931283473968506,,0.0,,3.1931283473968506,,2280.83349609375,,242.291748046875,,194.67608642578125,,116.46930694580078,,39412.37109375,,8.355679512023926,,0.484375,,40359.609375,,40359.609375,,0.515625,,256.0,,0.1318359375,,0.12981541454792023,,0.0078125,,,,,,,,,,,,,,
9,119899,,-0.26062315702438354,,967.8980712890625,,40462.375,,8.0,,3.2973804473876953,,0.0,,3.2973804473876953,,2351.127685546875,,134.3274688720703,,262.546142578125,,112.00823211669922,,39494.4765625,,21.203378677368164,,0.4140625,,40465.671875,,40465.671875,,0.5859375,,256.0,,0.150390625,,0.1479571908712387,,0.00390625,,,,,,,,,,,,,,
9,119949,,-0.2577909231185913,,1078.207763671875,,68086.0,,8.0,,3.2430248260498047,,0.0,,3.2430248260498047,,2475.99072265625,,388.15777587890625,,261.06390380859375,,116.09487915039062,,67007.7890625,,29.17057991027832,,0.5078125,,68089.2421875,,68089.2421875,,0.4921875,,256.0,,0.1416015625,,0.1403297483921051,,0.01171875,,,,,,,,,,,,,,
9,119999,,-0.27919089794158936,,897.4066162109375,,31760.2109375,,8.0,,3.09568452835083,,0.25,,3.09568452835083,,2186.693359375,,621.341064453125,,281.12884521484375,,151.30087280273438,,30862.8046875,,12.86750602722168,,0.48828125,,31763.306640625,,31763.306640625,,0.51171875,,256.0,,0.1787109375,,0.18244603276252747,,0.0078125,,,,,,,,,,,,,,
9,120049,,-0.2698821723461151,,952.7410888671875,,37965.08203125,,8.0,,3.2054591178894043,,0.0,,3.2054591178894043,,2150.3017578125,,444.5806579589844,,238.39410400390625,,139.23910522460938,,37012.33984375,,16.354246139526367,,0.49609375,,37968.2890625,,37968.2890625,,0.50390625,,256.0,,0.208984375,,0.20326650142669678,,0.0078125,,,,,,,,,,,,,,
9,120099,,-0.26730263233184814,,796.6957397460938,,1869.648193359375,,8.0,,3.177476644515991,,0.125,,3.177476644515991,,2343.11376953125,,318.1967468261719,,270.08233642578125,,122.40196990966797,,1072.952392578125,,-3.228091239929199,,0.47265625,,1872.82568359375,,1872.82568359375,,0.52734375,,256.0,,0.1552734375,,0.16403207182884216,,0.00390625,,,,,,,,,,,,,,
9,120149,,-0.2764194905757904,,807.428466796875,,1949.46630859375,,8.0,,3.1591293811798096,,0.0,,3.1591293811798096,,2354.633056640625,,277.22723388671875,,285.0299987792969,,111.03439331054688,,1142.037841796875,,-2.3603179454803467,,0.51171875,,1952.62548828125,,1952.62548828125,,0.48828125,,256.0,,0.1376953125,,0.1334313154220581,,0.0,,,,,,,,,,,,,,
9,120199,,-0.2653804421424866,,835.9627685546875,,2757.043701171875,,8.0,,3.307429552078247,,0.0,,3.307429552078247,,2172.724365234375,,402.334716796875,,250.9269256591797,,116.0729751586914,,1921.0809326171875,,-11.427762031555176,,0.53125,,2760.35107421875,,2760.35107421875,,0.46875,,256.0,,0.162109375,,0.1549692451953888,,0.0078125,,,,,,,,,,,,,,
9,120249,,-0.25446411967277527,,936.3729858398438,,35475.03125,,8.0,,3.036074638366699,,0.125,,3.036074638366699,,2273.775634765625,,616.4071044921875,,185.54345703125,,124.35331726074219,,34538.66015625,,13.340150833129883,,0.49609375,,35478.06640625,,35478.06640625,,0.50390625,,256.0,,0.25390625,,0.24165093898773193,,0.00390625,,,,,,,,,,,,,,
9,120299,,-0.26071417331695557,,822.7518920898438,,2324.165283203125,,8.0,,3.0955264568328857,,0.0,,3.0955264568328857,,2552.873291015625,,276.5713806152344,,195.08065795898438,,103.27069854736328,,1501.4134521484375,,-3.181696891784668,,0.4609375,,2327.2607421875,,2327.2607421875,,0.5390625,,256.0,,0.203125,,0.20442864298820496,,0.0,,,,,,,,,,,,,,
9,120349,,-0.2654106616973877,,1232.67041015625,,101931.6171875,,8.0,,3.102039098739624,,0.125,,3.102039098739624,,2339.27880859375,,189.64710998535156,,214.94668579101562,,117.64970397949219,,100698.9453125,,42.3900146484375,,0.4921875,,101934.71875,,101934.71875,,0.5078125,,256.0,,0.2119140625,,0.2144286334514618,,0.01171875,,,,,,,,,,,,,,
9,120399,,-0.2701943516731262,,865.7191162109375,,41040.078125,,8.0,,3.1109681129455566,,0.125,,3.1109681129455566,,2208.3876953125,,441.2373352050781,,258.23052978515625,,114.29025268554688,,40174.359375,,16.540176391601562,,0.453125,,41043.1875,,41043.1875,,0.546875,,256.0,,0.177734375,,0.18150697648525238,,0.00390625,,,,,,,,,,,,,,
9,120449,,-0.26555532217025757,,748.9775390625,,2085.972412109375,,8.0,,2.885807991027832,,0.25,,2.885807991027832,,2125.146728515625,,385.1729431152344,,220.4221954345703,,103.82096099853516,,1336.994873046875,,-5.815153121948242,,0.50390625,,2088.858154296875,,2088.858154296875,,0.49609375,,256.0,,0.150390625,,0.1466892808675766,,0.0,,,,,,,,,,,,,,
9,120499,,-0.25620657205581665,,951.6497802734375,,40756.8046875,,8.0,,3.3181145191192627,,0.25,,3.3181145191192627,,2022.8243408203125,,299.17584228515625,,277.00732421875,,102.44822692871094,,39805.15625,,14.628003120422363,,0.44140625,,40760.12109375,,40760.12109375,,0.55859375,,256.0,,0.212890625,,0.19501838088035583,,0.015625,,,,,,,,,,,,,,
9,120549,,-0.26765283942222595,,794.7920532226562,,1785.2364501953125,,8.0,,3.2199230194091797,,0.0,,3.2199230194091797,,2281.30078125,,525.8263549804688,,218.3396453857422,,117.21333312988281,,990.4443969726562,,0.3927910029888153,,0.46484375,,1788.4564208984375,,1788.4564208984375,,0.53515625,,256.0,,0.1328125,,0.13694250583648682,,0.00390625,,,,,,,,,,,,,,
9,120599,,-0.25765395164489746,,1038.2540283203125,,57487.25390625,,8.0,,3.0178914070129395,,0.0,,3.0178914070129395,,2400.352294921875,,430.6179504394531,,203.42117309570312,,120.4351806640625,,56449.0,,23.03099822998047,,0.453125,,57490.2734375,,57490.2734375,,0.546875,,256.0,,0.1982421875,,0.19380728900432587,,0.0078125,,,,,,,,,,,,,,
9,120649,,-0.2557533383369446,,1020.1723022460938,,51423.33203125,,8.0,,3.2448959350585938,,0.0,,3.2448959350585938,,1898.530517578125,,580.4359741210938,,297.1531066894531,,113.94449615478516,,50403.16015625,,16.922876358032227,,0.48828125,,51426.578125,,51426.578125,,0.51171875,,256.0,,0.2109375,,0.23769494891166687,,0.00390625,,,,,,,,,,,,,,
9,120699,,-0.24824295938014984,,881.6195068359375,,2584.88671875,,8.0,,3.0971386432647705,,0.0,,3.0971386432647705,,1877.9639892578125,,702.146484375,,242.85556030273438,,123.72210693359375,,1703.2672119140625,,-5.378407955169678,,0.4921875,,2587.98388671875,,2587.98388671875,,0.5078125,,256.0,,0.251953125,,0.26595085859298706,,0.0,,,,,,,,,,,,,,
9,120749,,-0.28027307987213135,,868.7882080078125,,2203.07861328125,,8.0,,3.1150360107421875,,0.125,,3.1150360107421875,,2264.7958984375,,307.6351318359375,,282.8149108886719,,131.1701202392578,,1334.2904052734375,,-1.0802704095840454,,0.49609375,,2206.193603515625,,2206.193603515625,,0.50390625,,256.0,,0.0888671875,,0.08226826041936874,,0.0078125,,,,,,,,,,,,,,
9,120799,,-0.2489437311887741,,727.5064697265625,,2052.056640625,,8.0,,3.1069283485412598,,0.0,,3.1069283485412598,,2122.180419921875,,315.7105712890625,,286.25177001953125,,110.7924575805664,,1324.5501708984375,,-1.4643826484680176,,0.48046875,,2055.16357421875,,2055.16357421875,,0.51953125,,256.0,,0.2099609375,,0.19331392645835876,,0.0,,,,,,,,,,,,,,
9,120849,,-0.28588590025901794,,796.9733276367188,,1983.107666015625,,8.0,,3.0957632064819336,,0.125,,3.0957632064819336,,2259.15771484375,,380.1030578613281,,191.94317626953125,,98.61009216308594,,1186.1343994140625,,-0.37269553542137146,,0.48046875,,1986.203369140625,,1986.203369140625,,0.51953125,,256.0,,0.1943359375,,0.20393598079681396,,0.00390625,,,,,,,,,,,,,,
9,120899,,-0.2627907395362854,,763.6492919921875,,1837.5621337890625,,8.0,,3.137485980987549,,0.0,,3.137485980987549,,2108.93408203125,,382.6480407714844,,277.91204833984375,,143.9815216064453,,1073.912841796875,,-0.009625488892197609,,0.48828125,,1840.6995849609375,,1840.6995849609375,,0.51171875,,256.0,,0.22265625,,0.22045716643333435,,0.0,,,,,,,,,,,,,,
9,120949,,-0.26545780897140503,,861.8033447265625,,30565.55078125,,8.0,,3.1110944747924805,,0.0,,3.1110944747924805,,2497.84765625,,266.32501220703125,,229.41526794433594,,135.46969604492188,,29703.748046875,,12.815070152282715,,0.49609375,,30568.662109375,,30568.662109375,,0.50390625,,256.0,,0.16796875,,0.1704792082309723,,0.00390625,,,,,,,,,,,,,,
9,120999,,-0.26468202471733093,,1032.9334716796875,,36340.66796875,,8.0,,3.3142852783203125,,0.0,,3.3142852783203125,,2370.81396484375,,184.63623046875,,226.70591735839844,,122.48685455322266,,35307.734375,,15.656278610229492,,0.5234375,,36343.98046875,,36343.98046875,,0.4765625,,256.0,,0.2373046875,,0.24082712829113007,,0.0078125,,,,,,,,,,,,,,
9,121049,,-0.26799967885017395,,830.1188354492188,,2156.70556640625,,8.0,,3.2573695182800293,,0.125,,3.2573695182800293,,2329.61279296875,,334.0850830078125,,232.71408081054688,,118.56471252441406,,1326.586669921875,,-1.4180288314819336,,0.50390625,,2159.962890625,,2159.962890625,,0.49609375,,256.0,,0.2138671875,,0.22204741835594177,,0.0,,,,,,,,,,,,,,
9,121099,,-0.26251572370529175,,761.294677734375,,2436.6201171875,,8.0,,3.2516117095947266,,0.0,,3.2516117095947266,,2193.90625,,284.69805908203125,,258.932373046875,,100.1016845703125,,1675.325439453125,,0.9458203315734863,,0.46484375,,2439.871826171875,,2439.871826171875,,0.53515625,,256.0,,0.11376953125,,0.11907444894313812,,0.0,,,,,,,,,,,,,,
9,121149,,-0.26493850350379944,,773.5579833984375,,1658.9698486328125,,8.0,,3.0760746002197266,,0.125,,3.0760746002197266,,2403.45458984375,,414.4490051269531,,224.07247924804688,,142.2335968017578,,885.411865234375,,-1.4157978296279907,,0.55078125,,1662.0458984375,,1662.0458984375,,0.44921875,,256.0,,0.298828125,,0.29030486941337585,,0.0,,,,,,,,,,,,,,
9,121199,,-0.2527044713497162,,798.2596435546875,,1560.7998046875,,8.0,,3.1493797302246094,,0.25,,3.1493797302246094,,2023.158935546875,,692.0593872070312,,235.3799285888672,,132.00234985351562,,762.5401611328125,,-4.024481296539307,,0.53515625,,1563.94921875,,1563.94921875,,0.46484375,,256.0,,0.1796875,,0.17525950074195862,,0.0,,,,,,,,,,,,,,
9,121249,,-0.26713690161705017,,875.2409057617188,,2443.878662109375,,8.0,,3.1088802814483643,,0.25,,3.1088802814483643,,2200.015625,,347.3234558105469,,239.71925354003906,,115.53221130371094,,1568.6376953125,,-3.2971816062927246,,0.51953125,,2446.987548828125,,2446.987548828125,,0.48046875,,256.0,,0.1875,,0.1974538266658783,,0.00390625,,,,,,,,,,,,,,
9,121299,,-0.25889477133750916,,856.371337890625,,1692.4700927734375,,8.0,,3.24000883102417,,0.0,,3.24000883102417,,2068.26708984375,,456.8758544921875,,271.927978515625,,126.60908508300781,,836.0987548828125,,-1.78477144241333,,0.4609375,,1695.7100830078125,,1695.7100830078125,,0.5390625,,256.0,,0.251953125,,0.2475806176662445,,0.0078125,,,,,,,,,,,,,,
9,121349,,-0.2630689740180969,,968.7052612304688,,33687.49609375,,8.0,,3.2804198265075684,,0.125,,3.2804198265075684,,2595.60205078125,,330.5964660644531,,173.64236450195312,,128.01107788085938,,32718.791015625,,11.095907211303711,,0.51953125,,33690.77734375,,33690.77734375,,0.48046875,,256.0,,0.1875,,0.17533382773399353,,0.00390625,,,,,,,,,,,,,,
9,121399,,-0.2514439523220062,,995.4805908203125,,47338.39453125,,8.0,,3.1484375,,0.0,,3.1484375,,2269.093994140625,,398.2568054199219,,207.55709838867188,,136.75967407226562,,46342.9140625,,9.515715599060059,,0.515625,,47341.54296875,,47341.54296875,,0.484375,,256.0,,0.1494140625,,0.1404581218957901,,0.00390625,,,,,,,,,,,,,,
9,121449,,-0.2702781856060028,,757.1444091796875,,1944.14794921875,,8.0,,3.0969691276550293,,0.125,,3.0969691276550293,,2327.353271484375,,269.4512634277344,,225.52371215820312,,135.7173309326172,,1187.0035400390625,,-5.83125114440918,,0.55078125,,1947.244873046875,,1947.244873046875,,0.44921875,,256.0,,0.142578125,,0.1526421308517456,,0.0,,,,,,,,,,,,,,
9,121499,,-0.2578049898147583,,726.6644897460938,,1766.756103515625,,8.0,,3.2490711212158203,,0.0,,3.2490711212158203,,1991.7581787109375,,546.9467163085938,,300.74041748046875,,105.9188003540039,,1040.0916748046875,,-9.240776062011719,,0.48046875,,1770.005126953125,,1770.005126953125,,0.51953125,,256.0,,0.046142578125,,0.05830655246973038,,0.0,,,,,,,,,,,,,,
9,121549,,-0.2641896903514862,,815.50732421875,,2102.71630859375,,8.0,,3.2390780448913574,,0.125,,3.2390780448913574,,2327.75830078125,,269.4175109863281,,239.11415100097656,,105.7876968383789,,1287.2091064453125,,-6.854308605194092,,0.48046875,,2105.955322265625,,2105.955322265625,,0.51953125,,256.0,,0.1474609375,,0.14859554171562195,,0.00390625,,,,,,,,,,,,,,
9,121599,,-0.26600784063339233,,802.3534545898438,,2598.158203125,,8.0,,3.2870748043060303,,0.0,,3.2870748043060303,,2215.6845703125,,337.6058044433594,,281.4307556152344,,100.49337005615234,,1795.8046875,,-0.6300384998321533,,0.49609375,,2601.4453125,,2601.4453125,,0.50390625,,256.0,,0.1640625,,0.15876805782318115,,0.00390625,,,,,,,,,,,,,,
9,121649,,-0.25650954246520996,,1029.8690185546875,,45272.05859375,,8.0,,3.2489686012268066,,0.125,,3.2489686012268066,,2238.66259765625,,385.8184509277344,,238.64927673339844,,131.05319213867188,,44242.19140625,,15.996373176574707,,0.4765625,,45275.30859375,,45275.30859375,,0.5234375,,256.0,,0.23046875,,0.2134304940700531,,0.0078125,,,,,,,,,,,,,,
9,121699,,-0.26095205545425415,,812.84326171875,,1751.7939453125,,8.0,,2.93971586227417,,0.0,,2.93971586227417,,2207.2548828125,,451.52191162109375,,287.6610107421875,,121.13560485839844,,938.9506225585938,,-6.670112609863281,,0.51171875,,1754.733642578125,,1754.733642578125,,0.48828125,,256.0,,0.27734375,,0.27269262075424194,,0.0,,,,,,,,,,,,,,
9,121749,,-0.24824830889701843,,937.5516967773438,,35050.23828125,,8.0,,3.116304874420166,,0.25,,3.116304874420166,,2110.78173828125,,601.00634765625,,280.49603271484375,,124.1880111694336,,34112.6875,,12.74098014831543,,0.51953125,,35053.35546875,,35053.35546875,,0.48046875,,256.0,,0.1455078125,,0.13768383860588074,,0.0078125,,,,,,,,,,,,,,
9,121799,,-0.2675730586051941,,1142.534423828125,,85644.171875,,8.0,,3.1526925563812256,,0.0,,3.1526925563812256,,1865.5035400390625,,536.2918090820312,,254.70765686035156,,124.15449523925781,,84501.640625,,32.20658493041992,,0.4453125,,85647.328125,,85647.328125,,0.5546875,,256.0,,0.1884765625,,0.17871591448783875,,0.01171875,,,,,,,,,,,,,,
9,121849,,-0.2593262493610382,,1211.68017578125,,63383.82421875,,8.0,,3.0649285316467285,,0.125,,3.0649285316467285,,2272.407958984375,,375.9553527832031,,217.78704833984375,,118.5030517578125,,62172.14453125,,27.723543167114258,,0.5078125,,63386.890625,,63386.890625,,0.4921875,,256.0,,0.2001953125,,0.2055211067199707,,0.015625,,,,,,,,,,,,,,
9,121899,,-0.2770131528377533,,873.8021240234375,,38114.1640625,,8.0,,3.1959102153778076,,0.0,,3.1959102153778076,,2228.88916015625,,460.76470947265625,,250.55059814453125,,114.39353942871094,,37240.36328125,,15.831743240356445,,0.46875,,38117.359375,,38117.359375,,0.53125,,256.0,,0.173828125,,0.16463851928710938,,0.00390625,,,,,,,,,,,,,,
9,121949,,-0.28525567054748535,,823.1129150390625,,2693.09375,,8.0,,3.271182060241699,,0.0,,3.271182060241699,,2342.30712890625,,435.82763671875,,254.90176391601562,,114.6502685546875,,1869.9808349609375,,-3.7523045539855957,,0.54296875,,2696.364990234375,,2696.364990234375,,0.45703125,,256.0,,0.21484375,,0.20772865414619446,,0.00390625,,,,,,,,,,,,,,
9,121999,,-0.25509655475616455,,886.61962890625,,49790.6640625,,8.0,,3.135653495788574,,0.125,,3.135653495788574,,2238.244873046875,,427.152587890625,,255.77691650390625,,101.38072967529297,,48904.04296875,,12.419285774230957,,0.47265625,,49793.80078125,,49793.80078125,,0.52734375,,256.0,,0.19140625,,0.20209237933158875,,0.00390625,,,,,,,,,,,,,,
9,122049,,-0.26539748907089233,,1173.55517578125,,98326.5859375,,8.0,,3.1087207794189453,,0.125,,3.1087207794189453,,2321.261962890625,,217.2445526123047,,265.1987609863281,,108.12522888183594,,97153.03125,,51.89650344848633,,0.48828125,,98329.6953125,,98329.6953125,,0.51171875,,256.0,,0.17578125,,0.17012104392051697,,0.01171875,,,,,,,,,,,,,,
9,122099,,-0.2612220048904419,,867.1193237304688,,32345.345703125,,8.0,,3.1044273376464844,,0.0,,3.1044273376464844,,2094.948486328125,,600.6388549804688,,276.51788330078125,,141.00413513183594,,31478.2265625,,13.372091293334961,,0.50390625,,32348.44921875,,32348.44921875,,0.49609375,,256.0,,0.28125,,0.2630082368850708,,0.0078125,,,,,,,,,,,,,,
9,122149,,-0.2783069908618927,,991.20849609375,,3036.96337890625,,8.0,,3.142331838607788,,0.125,,3.142331838607788,,2285.83935546875,,498.8890075683594,,212.24163818359375,,123.80915069580078,,2045.7548828125,,-6.057910442352295,,0.4921875,,3040.105712890625,,3040.105712890625,,0.5078125,,256.0,,0.099609375,,0.09447973966598511,,0.00390625,,,,,,,,,,,,,,
9,122199,,-0.24768993258476257,,944.9931640625,,2575.24267578125,,8.0,,2.9801087379455566,,0.25,,2.9801087379455566,,2090.102783203125,,649.5494384765625,,265.89459228515625,,125.89366912841797,,1630.2493896484375,,-3.7163617610931396,,0.4296875,,2578.222900390625,,2578.222900390625,,0.5703125,,256.0,,0.1708984375,,0.17086468636989594,,0.0078125,,,,,,,,,,,,,,
9,122249,,-0.2554834485054016,,841.8563232421875,,1953.62451171875,,8.0,,3.282965898513794,,0.0,,3.282965898513794,,2154.724609375,,401.2096862792969,,246.36524963378906,,113.03429412841797,,1111.7681884765625,,0.20206280052661896,,0.46484375,,1956.907470703125,,1956.907470703125,,0.53515625,,256.0,,0.197265625,,0.19083601236343384,,0.0,,,,,,,,,,,,,,
9,122299,,-0.26732784509658813,,725.0506591796875,,1954.4405517578125,,8.0,,3.1435179710388184,,0.0,,3.1435179710388184,,2272.955322265625,,312.4608459472656,,320.1322021484375,,117.67044830322266,,1229.389892578125,,-4.39703893661499,,0.5078125,,1957.5841064453125,,1957.5841064453125,,0.4921875,,256.0,,0.224609375,,0.21158897876739502,,0.0,,,,,,,,,,,,,,
9,122349,,-0.2600894570350647,,1064.3486328125,,64500.33984375,,8.0,,3.0504088401794434,,0.25,,3.0504088401794434,,2183.0458984375,,524.6781616210938,,242.8817901611328,,125.99750518798828,,63435.9921875,,26.037471771240234,,0.4921875,,64503.390625,,64503.390625,,0.5078125,,256.0,,0.234375,,0.21884185075759888,,0.01171875,,,,,,,,,,,,,,
9,122399,,-0.2684469223022461,,794.2273559570312,,1872.59228515625,,8.0,,3.102335214614868,,0.0,,3.102335214614868,,2353.540283203125,,253.3271484375,,184.54580688476562,,109.5810775756836,,1078.3648681640625,,0.41978883743286133,,0.5,,1875.694580078125,,1875.694580078125,,0.5,,256.0,,0.154296875,,0.1539587378501892,,0.0,,,,,,,,,,,,,,
9,122449,,-0.27776771783828735,,754.6297607421875,,1994.888916015625,,8.0,,3.0284337997436523,,0.0,,3.0284337997436523,,2031.46826171875,,545.0927734375,,243.77047729492188,,116.04205322265625,,1240.2591552734375,,-0.011530681513249874,,0.48046875,,1997.9173583984375,,1997.9173583984375,,0.51953125,,256.0,,0.1962890625,,0.18811878561973572,,0.0,,,,,,,,,,,,,,
9,122499,,-0.2706534266471863,,738.006103515625,,1958.9981689453125,,8.0,,2.901824474334717,,0.25,,2.901824474334717,,2520.34814453125,,372.99652099609375,,202.7619171142578,,115.61457824707031,,1220.9920654296875,,-8.661123275756836,,0.49609375,,1961.9000244140625,,1961.9000244140625,,0.50390625,,256.0,,0.291015625,,0.2861749529838562,,0.0,,,,,,,,,,,,,,
9,122549,,-0.25098466873168945,,773.6632080078125,,2919.57861328125,,8.0,,3.05787992477417,,0.0,,3.05787992477417,,2238.25830078125,,601.9222412109375,,303.395263671875,,90.14865112304688,,2145.915283203125,,-3.828542947769165,,0.5390625,,2922.636474609375,,2922.636474609375,,0.4609375,,256.0,,0.228515625,,0.24322474002838135,,0.00390625,,,,,,,,,,,,,,
9,122599,,-0.2595667541027069,,988.8580322265625,,38942.53125,,8.0,,3.1935596466064453,,0.125,,3.1935596466064453,,2182.302490234375,,577.81591796875,,234.48690795898438,,137.9403533935547,,37953.671875,,14.129085540771484,,0.5625,,38945.7265625,,38945.7265625,,0.4375,,256.0,,0.1748046875,,0.15696589648723602,,0.00390625,,,,,,,,,,,,,,
9,122649,,-0.26164793968200684,,787.1990356445312,,1844.1669921875,,8.0,,3.1788718700408936,,0.375,,3.1788718700408936,,2317.261474609375,,347.2633972167969,,231.01673889160156,,112.40535736083984,,1056.968017578125,,-2.870297908782959,,0.48828125,,1847.3458251953125,,1847.3458251953125,,0.51171875,,256.0,,0.1650390625,,0.15946440398693085,,0.0,,,,,,,,,,,,,,
9,122699,,-0.2703218460083008,,861.4051513671875,,32160.546875,,8.0,,2.944066047668457,,0.125,,2.944066047668457,,2323.25048828125,,411.6758728027344,,270.244140625,,115.322998046875,,31299.142578125,,10.629642486572266,,0.50390625,,32163.490234375,,32163.490234375,,0.49609375,,256.0,,0.20703125,,0.20948970317840576,,0.0078125,,,,,,,,,,,,,,
9,122749,,-0.2693454623222351,,987.3916015625,,31332.67578125,,8.0,,3.155282735824585,,0.125,,3.155282735824585,,2463.722412109375,,279.0118713378906,,207.69805908203125,,118.55603790283203,,30345.28515625,,6.462159633636475,,0.49609375,,31335.83203125,,31335.83203125,,0.50390625,,256.0,,0.1416015625,,0.131815105676651,,0.0078125,,,,,,,,,,,,,,
9,122799,,-0.26560160517692566,,776.1568603515625,,2311.66796875,,8.0,,3.2738475799560547,,0.125,,3.2738475799560547,,2312.78662109375,,180.12521362304688,,243.61093139648438,,133.1416778564453,,1535.510986328125,,-7.306239604949951,,0.46484375,,2314.94189453125,,2314.94189453125,,0.53515625,,256.0,,0.2060546875,,0.21194025874137878,,0.0,,,,,,,,,,,,,,
9,122849,,-0.2622765302658081,,725.3636474609375,,1935.968017578125,,8.0,,3.104456901550293,,0.0,,3.104456901550293,,1975.5791015625,,366.0394592285156,,269.6010437011719,,114.45930480957031,,1210.6043701171875,,-6.3316426277160645,,0.5078125,,1939.072509765625,,1939.072509765625,,0.4921875,,256.0,,0.1826171875,,0.1983013153076172,,0.0,,,,,,,,,,,,,,
9,122899,,-0.26481276750564575,,896.9915771484375,,48578.41015625,,8.0,,3.191772937774658,,0.125,,3.191772937774658,,2037.048095703125,,446.5448913574219,,287.23333740234375,,109.35966491699219,,47681.41796875,,17.69750213623047,,0.4765625,,48581.6015625,,48581.6015625,,0.5234375,,256.0,,0.087890625,,0.09768136590719223,,0.00390625,,,,,,,,,,,,,,
9,122949,,-0.26710087060928345,,786.4229736328125,,2111.29736328125,,8.0,,3.131223678588867,,0.125,,3.131223678588867,,2485.546142578125,,183.86338806152344,,173.38803100585938,,114.49457550048828,,1324.874267578125,,-7.734177112579346,,0.46875,,2114.428466796875,,2114.428466796875,,0.53125,,256.0,,0.2041015625,,0.19796906411647797,,0.00390625,,,,,,,,,,,,,,
9,122999,,-0.24812820553779602,,1050.3515625,,41849.15625,,8.0,,3.074389934539795,,0.0,,3.074389934539795,,2427.7001953125,,551.5279541015625,,225.020751953125,,132.06646728515625,,40798.8046875,,13.750825881958008,,0.4765625,,41852.23046875,,41852.23046875,,0.5234375,,256.0,,0.2197265625,,0.22002041339874268,,0.01171875,,,,,,,,,,,,,,
9,123049,,-0.26535141468048096,,950.89404296875,,35857.96875,,8.0,,2.9061601161956787,,0.375,,2.9061601161956787,,2207.603759765625,,503.5152282714844,,260.5126037597656,,124.7241439819336,,34907.07421875,,15.119095802307129,,0.57421875,,35860.875,,35860.875,,0.42578125,,256.0,,0.234375,,0.2323211431503296,,0.0078125,,,,,,,,,,,,,,
9,123099,,-0.2620971202850342,,804.0018310546875,,2217.02001953125,,8.0,,3.1901140213012695,,0.375,,3.1901140213012695,,1828.939208984375,,576.7107543945312,,256.6351623535156,,122.2291488647461,,1413.01806640625,,-2.914594888687134,,0.50390625,,2220.210205078125,,2220.210205078125,,0.49609375,,256.0,,0.267578125,,0.26785632967948914,,0.00390625,,,,,,,,,,,,,,
9,123149,,-0.25162243843078613,,1123.6201171875,,70451.3125,,8.0,,3.2015957832336426,,0.0,,3.2015957832336426,,2182.366455078125,,385.16143798828125,,211.04925537109375,,124.33055114746094,,69327.6953125,,30.78583526611328,,0.53125,,70454.515625,,70454.515625,,0.46875,,256.0,,0.2119140625,,0.20702803134918213,,0.01171875,,,,,,,,,,,,,,
9,123199,,-0.2607249915599823,,1023.7344970703125,,31475.51953125,,8.0,,3.048924446105957,,0.25,,3.048924446105957,,2261.0078125,,339.3309631347656,,234.89944458007812,,123.38031768798828,,30451.78515625,,12.812837600708008,,0.51171875,,31478.568359375,,31478.568359375,,0.48828125,,256.0,,0.1435546875,,0.1434461772441864,,0.0078125,,,,,,,,,,,,,,
9,123249,,-0.2630420923233032,,865.0850219726562,,1892.59375,,8.0,,3.214290142059326,,0.0,,3.214290142059326,,2326.537841796875,,290.9197692871094,,214.82327270507812,,99.20601654052734,,1027.5087890625,,-6.0500335693359375,,0.52734375,,1895.8079833984375,,1895.8079833984375,,0.47265625,,256.0,,0.10888671875,,0.09370367228984833,,0.0078125,,,,,,,,,,,,,,
9,123299,,-0.25769752264022827,,817.626220703125,,1965.6041259765625,,8.0,,2.963158130645752,,0.125,,2.963158130645752,,2202.905517578125,,378.9037780761719,,258.01226806640625,,115.6584701538086,,1147.9779052734375,,-4.676368713378906,,0.44921875,,1968.5672607421875,,1968.5672607421875,,0.55078125,,256.0,,0.1953125,,0.19013355672359467,,0.00390625,,,,,,,,,,,,,,
9,123349,,-0.2703605890274048,,1121.1123046875,,61719.66015625,,8.0,,3.148845672607422,,0.0,,3.148845672607422,,2483.144287109375,,196.30862426757812,,211.42726135253906,,107.40277099609375,,60598.546875,,23.6501522064209,,0.51953125,,61722.80859375,,61722.80859375,,0.48046875,,256.0,,0.259765625,,0.24970285594463348,,0.01171875,,,,,,,,,,,,,,
9,123399,,-0.2684558629989624,,1037.1622314453125,,35799.13671875,,8.0,,3.019822120666504,,0.0,,3.019822120666504,,2356.1025390625,,229.5171661376953,,197.33218383789062,,136.35963439941406,,34761.97265625,,7.465945243835449,,0.51953125,,35802.15625,,35802.15625,,0.48046875,,256.0,,0.189453125,,0.18007603287696838,,0.0078125,,,,,,,,,,,,,,
9,123449,,-0.26363080739974976,,1034.86572265625,,29665.150390625,,8.0,,3.2200520038604736,,0.125,,3.2200520038604736,,1805.9423828125,,654.7684326171875,,293.451416015625,,132.44671630859375,,28630.28515625,,8.932141304016113,,0.53125,,29668.37109375,,29668.37109375,,0.46875,,256.0,,0.1455078125,,0.1279817521572113,,0.0078125,,,,,,,,,,,,,,
9,123499,,-0.2649737596511841,,1206.470947265625,,77215.34375,,8.0,,3.251572608947754,,0.0,,3.251572608947754,,2085.12939453125,,394.979248046875,,243.366455078125,,119.83162689208984,,76008.875,,32.66343307495117,,0.484375,,77218.59375,,77218.59375,,0.515625,,256.0,,0.2001953125,,0.1849968433380127,,0.015625,,,,,,,,,,,,,,
9,123549,,-0.2668226361274719,,1093.278076171875,,75148.65625,,8.0,,3.15804386138916,,0.25,,3.15804386138916,,2129.110595703125,,358.7624206542969,,244.19073486328125,,130.2430877685547,,74055.375,,32.066009521484375,,0.45703125,,75151.8125,,75151.8125,,0.54296875,,256.0,,0.193359375,,0.19325658679008484,,0.0078125,,,,,,,,,,,,,,
9,123599,,-0.2575322389602661,,817.1339111328125,,2148.15380859375,,8.0,,2.9579403400421143,,0.375,,2.9579403400421143,,2123.04736328125,,572.5195922851562,,312.1510009765625,,74.70540618896484,,1331.02001953125,,-6.239945888519287,,0.51171875,,2151.11181640625,,2151.11181640625,,0.48828125,,256.0,,0.10791015625,,0.10756254196166992,,0.0078125,,,,,,,,,,,,,,
9,123649,,-0.2586290240287781,,746.0620727539062,,2128.4755859375,,8.0,,3.231832981109619,,0.0,,3.231832981109619,,2186.864990234375,,560.9833374023438,,288.6986083984375,,121.58527374267578,,1382.41357421875,,-9.621243476867676,,0.453125,,2131.70751953125,,2131.70751953125,,0.546875,,256.0,,0.232421875,,0.22077326476573944,,0.0,,,,,,,,,,,,,,
9,123699,,-0.2614597976207733,,922.959228515625,,2566.890625,,8.0,,3.0036447048187256,,0.125,,3.0036447048187256,,1980.949951171875,,550.7844848632812,,295.71197509765625,,142.46246337890625,,1643.9312744140625,,-7.83138370513916,,0.40625,,2569.894287109375,,2569.894287109375,,0.59375,,256.0,,0.12060546875,,0.12794893980026245,,0.0078125,,,,,,,,,,,,,,
9,123749,,-0.25054803490638733,,904.39892578125,,33956.046875,,8.0,,2.946478843688965,,0.375,,2.946478843688965,,2328.86328125,,399.4151916503906,,280.32916259765625,,118.42235565185547,,33051.6484375,,16.198619842529297,,0.5390625,,33958.9921875,,33958.9921875,,0.4609375,,256.0,,0.2392578125,,0.25655031204223633,,0.00390625,,,,,,,,,,,,,,
9,123799,,-0.262495219707489,,1049.4794921875,,40407.48828125,,8.0,,3.235854148864746,,0.125,,3.235854148864746,,2180.307373046875,,329.79315185546875,,342.85211181640625,,83.56324005126953,,39358.0078125,,12.26819896697998,,0.46875,,40410.72265625,,40410.72265625,,0.53125,,256.0,,0.251953125,,0.2521895170211792,,0.00390625,,,,,,,,,,,,,,
9,123849,,-0.2554621696472168,,953.75830078125,,33584.1953125,,8.0,,2.9751012325286865,,0.375,,2.9751012325286865,,2285.896728515625,,400.76751708984375,,283.438720703125,,122.3858413696289,,32630.4375,,12.662046432495117,,0.53515625,,33587.171875,,33587.171875,,0.46484375,,256.0,,0.09130859375,,0.09709261357784271,,0.00390625,,,,,,,,,,,,,,
9,123899,,-0.25982314348220825,,1085.6478271484375,,66433.859375,,8.0,,3.0902633666992188,,0.125,,3.0902633666992188,,2402.42529296875,,446.4783630371094,,235.2283477783203,,134.9161834716797,,65348.21484375,,25.406925201416016,,0.4609375,,66436.953125,,66436.953125,,0.5390625,,256.0,,0.2177734375,,0.2226088047027588,,0.0078125,,,,,,,,,,,,,,
9,123949,,-0.26857835054397583,,752.1966552734375,,1631.154541015625,,8.0,,3.130650043487549,,0.0,,3.130650043487549,,2380.200439453125,,321.09759521484375,,240.88980102539062,,124.43900299072266,,878.9578247070312,,-2.2586708068847656,,0.45703125,,1634.28515625,,1634.28515625,,0.54296875,,256.0,,0.1982421875,,0.194874569773674,,0.0,,,,,,,,,,,,,,
9,123999,,-0.2536206543445587,,820.494873046875,,2095.20556640625,,8.0,,3.1976404190063477,,0.0,,3.1976404190063477,,2302.8173828125,,458.39141845703125,,247.2083740234375,,108.1932601928711,,1274.7105712890625,,1.183509349822998,,0.55078125,,2098.4033203125,,2098.4033203125,,0.44921875,,256.0,,0.1416015625,,0.138299822807312,,0.0,,,,,,,,,,,,,,
9,124049,,-0.26172906160354614,,1020.9205322265625,,33640.1640625,,8.0,,2.8419618606567383,,0.375,,2.8419618606567383,,2391.67138671875,,303.03155517578125,,256.4630432128906,,119.71585845947266,,32619.244140625,,13.522597312927246,,0.50390625,,33643.0078125,,33643.0078125,,0.49609375,,256.0,,0.1787109375,,0.17265629768371582,,0.0078125,,,,,,,,,,,,,,
9,124099,,-0.2397838830947876,,1144.095947265625,,86160.7890625,,8.0,,3.1352081298828125,,0.0,,3.1352081298828125,,2504.156494140625,,310.9082336425781,,223.23013305664062,,118.01860809326172,,85016.6953125,,27.416637420654297,,0.48828125,,86163.921875,,86163.921875,,0.51171875,,256.0,,0.18359375,,0.1761980503797531,,0.01171875,,,,,,,,,,,,,,
9,124149,,-0.2405940294265747,,984.3569946289062,,42947.6875,,8.0,,2.982795476913452,,0.25,,2.982795476913452,,2448.639404296875,,458.6943359375,,226.25927734375,,140.71502685546875,,41963.33203125,,11.894562721252441,,0.5078125,,42950.671875,,42950.671875,,0.4921875,,256.0,,0.1259765625,,0.13233381509780884,,0.0078125,,,,,,,,,,,,,,
9,124199,,-0.2577655017375946,,738.6322021484375,,2554.62646484375,,8.0,,3.1241700649261475,,0.0,,3.1241700649261475,,2295.0625,,457.77020263671875,,242.9312286376953,,115.08961486816406,,1815.9942626953125,,-4.745291709899902,,0.49609375,,2557.750732421875,,2557.750732421875,,0.50390625,,256.0,,0.1923828125,,0.1959572732448578,,0.0,,,,,,,,,,,,,,
9,124249,,-0.25842878222465515,,834.3092651367188,,2072.25341796875,,8.0,,3.100806713104248,,0.0,,3.100806713104248,,2250.334716796875,,404.3715515136719,,229.1368865966797,,126.76634216308594,,1237.9442138671875,,-5.594573020935059,,0.54296875,,2075.354248046875,,2075.354248046875,,0.45703125,,256.0,,0.10205078125,,0.10449748486280441,,0.00390625,,,,,,,,,,,,,,
9,124299,,-0.2513873279094696,,764.97509765625,,2413.61669921875,,8.0,,2.9842817783355713,,0.0,,2.9842817783355713,,2166.64501953125,,783.989501953125,,221.20697021484375,,138.01025390625,,1648.6414794921875,,-2.2031564712524414,,0.4765625,,2416.60107421875,,2416.60107421875,,0.5234375,,256.0,,0.134765625,,0.13896042108535767,,0.0,,,,,,,,,,,,,,
9,124349,,-0.26394975185394287,,937.9781494140625,,32090.58984375,,8.0,,3.221935987472534,,0.125,,3.221935987472534,,2131.119873046875,,568.1126098632812,,308.5530090332031,,125.76705932617188,,31152.611328125,,8.949501991271973,,0.48828125,,32093.8125,,32093.8125,,0.51171875,,256.0,,0.177734375,,0.17573091387748718,,0.0078125,,,,,,,,,,,,,,
9,124399,,-0.2612438201904297,,740.5191650390625,,2142.218017578125,,8.0,,2.9456276893615723,,0.25,,2.9456276893615723,,2382.743896484375,,495.95025634765625,,226.11199951171875,,115.93733215332031,,1401.6988525390625,,-3.056609869003296,,0.4765625,,2145.16357421875,,2145.16357421875,,0.5234375,,256.0,,0.234375,,0.23421035706996918,,0.0,,,,,,,,,,,,,,
9,124449,,-0.2632785439491272,,753.831298828125,,2523.7158203125,,8.0,,3.0249505043029785,,0.125,,3.0249505043029785,,2246.9130859375,,415.010498046875,,318.8570861816406,,85.89842224121094,,1769.884521484375,,-2.098416328430176,,0.4921875,,2526.74072265625,,2526.74072265625,,0.5078125,,256.0,,0.2060546875,,0.1982918381690979,,0.0,,,,,,,,,,,,,,
9,124499,,-0.2603714168071747,,739.527587890625,,2065.54443359375,,8.0,,3.073615074157715,,0.0,,3.073615074157715,,2553.2705078125,,285.6887512207031,,180.98959350585938,,110.97920227050781,,1326.0169677734375,,0.3417404294013977,,0.46875,,2068.6181640625,,2068.6181640625,,0.53125,,256.0,,0.154296875,,0.1428898274898529,,0.00390625,,,,,,,,,,,,,,
9,124549,,-0.2460571527481079,,853.08203125,,2066.4033203125,,8.0,,3.0014848709106445,,0.25,,3.0014848709106445,,2381.34130859375,,380.70526123046875,,201.59564208984375,,135.9652557373047,,1213.3212890625,,-2.265343189239502,,0.52734375,,2069.40478515625,,2069.40478515625,,0.47265625,,256.0,,0.09326171875,,0.07774828374385834,,0.0078125,,,,,,,,,,,,,,
9,124599,,-0.24395737051963806,,859.9476318359375,,33396.84375,,8.0,,3.078993320465088,,0.125,,3.078993320465088,,2597.315673828125,,279.3795166015625,,175.1317596435547,,101.2535629272461,,32536.89453125,,9.887897491455078,,0.4921875,,33399.921875,,33399.921875,,0.5078125,,256.0,,0.173828125,,0.16148214042186737,,0.0078125,,,,,,,,,,,,,,
9,124649,,-0.2655552625656128,,848.76611328125,,1988.5972900390625,,8.0,,2.9830498695373535,,0.125,,2.9830498695373535,,1980.83642578125,,681.4197387695312,,260.902099609375,,120.96383666992188,,1139.8311767578125,,-3.788447618484497,,0.44921875,,1991.580322265625,,1991.580322265625,,0.55078125,,256.0,,0.09521484375,,0.11001308262348175,,0.00390625,,,,,,,,,,,,,,
9,124699,,-0.2640821635723114,,799.3621826171875,,2549.76416015625,,8.0,,3.0807223320007324,,0.125,,3.0807223320007324,,2436.818359375,,147.7560272216797,,287.7337646484375,,110.5870132446289,,1750.40185546875,,-1.6092795133590698,,0.484375,,2552.844970703125,,2552.844970703125,,0.515625,,256.0,,0.1630859375,,0.16657088696956635,,0.00390625,,,,,,,,,,,,,,
9,124749,,-0.2644696831703186,,772.5850830078125,,1854.1046142578125,,8.0,,3.0939993858337402,,0.125,,3.0939993858337402,,1826.77734375,,287.27044677734375,,290.99468994140625,,113.49119567871094,,1081.51953125,,-4.691415309906006,,0.52734375,,1857.1986083984375,,1857.1986083984375,,0.47265625,,256.0,,0.1904296875,,0.19198453426361084,,0.0,,,,,,,,,,,,,,
9,124799,,-0.2646059989929199,,1025.255126953125,,55113.33203125,,8.0,,3.1165521144866943,,0.25,,3.1165521144866943,,2064.4208984375,,438.366455078125,,309.9112548828125,,99.61312103271484,,54088.078125,,16.48788070678711,,0.49609375,,55116.44921875,,55116.44921875,,0.50390625,,256.0,,0.1376953125,,0.138672336935997,,0.0078125,,,,,,,,,,,,,,
9,124849,,-0.2628105580806732,,759.4373779296875,,2149.886474609375,,8.0,,3.324856758117676,,0.125,,3.324856758117676,,2265.01953125,,574.7992553710938,,258.11029052734375,,116.53633880615234,,1390.4490966796875,,-3.637799024581909,,0.515625,,2153.21142578125,,2153.21142578125,,0.484375,,256.0,,0.162109375,,0.14463916420936584,,0.0,,,,,,,,,,,,,,
9,124899,,-0.256619393825531,,1024.73681640625,,60713.80859375,,8.0,,2.9470953941345215,,0.125,,2.9470953941345215,,2519.69677734375,,353.3112487792969,,191.0296630859375,,114.86427307128906,,59689.0703125,,24.023605346679688,,0.515625,,60716.75390625,,60716.75390625,,0.484375,,256.0,,0.1181640625,,0.12312839925289154,,0.01171875,,,,,,,,,,,,,,
9,124949,,-0.2639290690422058,,855.980712890625,,2249.65673828125,,8.0,,3.0817410945892334,,0.0,,3.0817410945892334,,2084.961181640625,,515.5791625976562,,289.8475341796875,,145.70565795898438,,1393.6761474609375,,3.724200963973999,,0.4765625,,2252.738525390625,,2252.738525390625,,0.5234375,,256.0,,0.2099609375,,0.19563117623329163,,0.00390625,,,,,,,,,,,,,,
9,124999,,-0.2723492980003357,,1023.9684448242188,,48455.26953125,,8.0,,3.1289443969726562,,0.0,,3.1289443969726562,,2391.733642578125,,352.0745544433594,,183.77627563476562,,92.87471008300781,,47431.30078125,,14.58073616027832,,0.4921875,,48458.3984375,,48458.3984375,,0.5078125,,256.0,,0.248046875,,0.241281658411026,,0.0078125,,,,,,,,,,,,,,
9,125049,,-0.24963316321372986,,1340.491943359375,,141980.109375,,8.0,,3.113079786300659,,0.0,,3.113079786300659,,2253.29443359375,,457.134521484375,,266.1318359375,,120.3206558227539,,140639.625,,51.75816345214844,,0.4609375,,141983.21875,,141983.21875,,0.5390625,,256.0,,0.095703125,,0.10170571506023407,,0.01171875,,,,,,,,,,,,,,
9,125099,,-0.25899970531463623,,836.72021484375,,2437.3779296875,,8.0,,3.1207118034362793,,0.125,,3.1207118034362793,,2095.356689453125,,464.8707275390625,,229.6304168701172,,101.33295440673828,,1600.6575927734375,,-7.669210910797119,,0.54296875,,2440.49853515625,,2440.49853515625,,0.45703125,,256.0,,0.193359375,,0.17585675418376923,,0.00390625,,,,,,,,,,,,,,
9,125149,,-0.26198631525039673,,953.420654296875,,30281.046875,,8.0,,3.166642189025879,,0.125,,3.166642189025879,,2218.44140625,,484.36285400390625,,199.96641540527344,,113.0560073852539,,29327.626953125,,13.393749237060547,,0.5078125,,30284.212890625,,30284.212890625,,0.4921875,,256.0,,0.1337890625,,0.12202218174934387,,0.0078125,,,,,,,,,,,,,,
9,125199,,-0.25542151927948,,831.486083984375,,1860.2374267578125,,8.0,,3.0777668952941895,,0.0,,3.0777668952941895,,2263.2939453125,,435.1842956542969,,303.3819580078125,,104.56685638427734,,1028.7513427734375,,-3.1046247482299805,,0.54296875,,1863.315185546875,,1863.315185546875,,0.45703125,,256.0,,0.197265625,,0.20606373250484467,,0.00390625,,,,,,,,,,,,,,
9,125249,,-0.25062644481658936,,742.3482666015625,,1664.541748046875,,8.0,,3.04314923286438,,0.0,,3.04314923286438,,2244.50830078125,,242.31101989746094,,246.1156005859375,,110.12277221679688,,922.1934204101562,,-5.19143533706665,,0.5390625,,1667.5848388671875,,1667.5848388671875,,0.4609375,,256.0,,0.1474609375,,0.13828882575035095,,0.0,,,,,,,,,,,,,,
9,125299,,-0.2681601941585541,,829.733642578125,,1835.2393798828125,,8.0,,3.0146913528442383,,0.25,,3.0146913528442383,,2176.5185546875,,452.00634765625,,302.82275390625,,116.48896026611328,,1005.5057373046875,,-5.282250881195068,,0.51171875,,1838.2540283203125,,1838.2540283203125,,0.48828125,,256.0,,0.2021484375,,0.1952064484357834,,0.0,,,,,,,,,,,,,,
9,125349,,-0.26247480511665344,,809.7774047851562,,2252.56591796875,,8.0,,3.1374831199645996,,0.125,,3.1374831199645996,,2359.986328125,,312.0269775390625,,236.91680908203125,,109.81576538085938,,1442.78857421875,,0.5474317073822021,,0.515625,,2255.703369140625,,2255.703369140625,,0.484375,,256.0,,0.30859375,,0.30270594358444214,,0.00390625,,,,,,,,,,,,,,
9,125399,,-0.26790356636047363,,875.18017578125,,1984.341064453125,,8.0,,3.007326602935791,,0.125,,3.007326602935791,,2119.32177734375,,636.7424926757812,,259.0133361816406,,138.03053283691406,,1109.160888671875,,-2.419919490814209,,0.48046875,,1987.348388671875,,1987.348388671875,,0.51953125,,256.0,,0.1708984375,,0.16693952679634094,,0.01171875,,,,,,,,,,,,,,
9,125449,,-0.25816136598587036,,730.47900390625,,2148.43505859375,,8.0,,3.2360568046569824,,0.0,,3.2360568046569824,,2443.08740234375,,402.83642578125,,244.1107177734375,,126.76254272460938,,1417.9561767578125,,-2.3573756217956543,,0.48828125,,2151.671142578125,,2151.671142578125,,0.51171875,,256.0,,0.05419921875,,0.05764211341738701,,0.0,,,,,,,,,,,,,,
9,125499,,-0.26758432388305664,,933.820068359375,,30531.6875,,8.0,,3.2965927124023438,,0.0,,3.2965927124023438,,2065.721435546875,,601.1246948242188,,259.4188537597656,,98.31788635253906,,29597.8671875,,11.082643508911133,,0.453125,,30534.984375,,30534.984375,,0.546875,,256.0,,0.1728515625,,0.16895650327205658,,0.00390625,,,,,,,,,,,,,,
9,125549,,-0.25649958848953247,,1010.9765625,,40511.578125,,8.0,,3.055119037628174,,0.375,,3.055119037628174,,2426.857666015625,,198.9680633544922,,195.09410095214844,,106.24327850341797,,39500.6015625,,13.41999340057373,,0.4765625,,40514.6328125,,40514.6328125,,0.5234375,,256.0,,0.173828125,,0.1766321361064911,,0.00390625,,,,,,,,,,,,,,
9,125599,,-0.25709202885627747,,991.3284912109375,,58331.4375,,8.0,,3.111722946166992,,0.0,,3.111722946166992,,2358.09423828125,,229.9978790283203,,255.02114868164062,,119.28282928466797,,57340.109375,,26.0676212310791,,0.515625,,58334.55078125,,58334.55078125,,0.484375,,256.0,,0.2177734375,,0.21916578710079193,,0.0078125,,,,,,,,,,,,,,
9,125649,,-0.2534271478652954,,821.196533203125,,1829.0811767578125,,8.0,,3.124612808227539,,0.125,,3.124612808227539,,2295.05322265625,,359.8935546875,,269.173828125,,127.342529296875,,1007.8846435546875,,3.4833600521087646,,0.5546875,,1832.205810546875,,1832.205810546875,,0.4453125,,256.0,,0.251953125,,0.26031923294067383,,0.00390625,,,,,,,,,,,,,,
9,125699,,-0.26072266697883606,,874.7818603515625,,2508.877197265625,,8.0,,3.160522222518921,,0.0,,3.160522222518921,,2058.68115234375,,594.6900024414062,,206.27886962890625,,123.02397918701172,,1634.0953369140625,,1.298845887184143,,0.45703125,,2512.03759765625,,2512.03759765625,,0.54296875,,256.0,,0.1484375,,0.1509740948677063,,0.0078125,,,,,,,,,,,,,,
9,125749,,-0.2542467713356018,,896.3897705078125,,46941.39453125,,8.0,,3.3588528633117676,,0.0,,3.3588528633117676,,1936.222900390625,,508.1056213378906,,346.78619384765625,,84.23909759521484,,46045.00390625,,13.760721206665039,,0.4921875,,46944.75390625,,46944.75390625,,0.5078125,,256.0,,0.1826171875,,0.18344347178936005,,0.00390625,,,,,,,,,,,,,,
9,125799,,-0.2701932191848755,,979.5810546875,,2737.201171875,,8.0,,3.084057331085205,,0.25,,3.084057331085205,,2147.62353515625,,380.48431396484375,,277.055908203125,,104.1762466430664,,1757.6201171875,,-3.010169506072998,,0.48046875,,2740.28515625,,2740.28515625,,0.51953125,,256.0,,0.2041015625,,0.211040198802948,,0.0078125,,,,,,,,,,,,,,
9,125849,,-0.2589227259159088,,694.0482788085938,,1681.5927734375,,8.0,,3.022663116455078,,0.25,,3.022663116455078,,1974.9097900390625,,477.6051025390625,,318.6734619140625,,114.59796142578125,,987.54443359375,,-1.5751699209213257,,0.515625,,1684.615478515625,,1684.615478515625,,0.484375,,256.0,,0.2001953125,,0.20581695437431335,,0.0,,,,,,,,,,,,,,
9,125899,,-0.2553771734237671,,768.99755859375,,2279.73046875,,8.0,,3.087815761566162,,0.0,,3.087815761566162,,2184.43359375,,364.0841979980469,,239.55938720703125,,154.7931365966797,,1510.7327880859375,,-7.746047496795654,,0.53515625,,2282.818359375,,2282.818359375,,0.46484375,,256.0,,0.1728515625,,0.16965827345848083,,0.00390625,,,,,,,,,,,,,,
9,125949,,-0.25339847803115845,,760.7632446289062,,1723.981689453125,,8.0,,3.175607681274414,,0.0,,3.175607681274414,,2308.492919921875,,529.228271484375,,225.89854431152344,,121.9641342163086,,963.2184448242188,,-2.953784704208374,,0.47265625,,1727.1573486328125,,1727.1573486328125,,0.52734375,,256.0,,0.275390625,,0.27837657928466797,,0.0,,,,,,,,,,,,,,
9,125999,,-0.26811814308166504,,991.2532958984375,,28567.103515625,,8.0,,3.0483152866363525,,0.125,,3.0483152866363525,,2150.466552734375,,507.6112365722656,,236.97125244140625,,101.56538391113281,,27575.849609375,,14.708593368530273,,0.51171875,,28570.15234375,,28570.15234375,,0.48828125,,256.0,,0.138671875,,0.13230609893798828,,0.0078125,,,,,,,,,,,,,,
9,126049,,-0.2565946578979492,,847.0755004882812,,2257.0205078125,,8.0,,3.2398629188537598,,0.125,,3.2398629188537598,,2324.9130859375,,384.6899719238281,,196.2317352294922,,113.62364959716797,,1409.9449462890625,,-2.761761426925659,,0.5078125,,2260.26025390625,,2260.26025390625,,0.4921875,,256.0,,0.2421875,,0.24307739734649658,,0.0,,,,,,,,,,,,,,
9,126099,,-0.2556578516960144,,1100.526123046875,,62287.1171875,,8.0,,3.2882285118103027,,0.125,,3.2882285118103027,,2419.552734375,,498.10772705078125,,202.72906494140625,,113.59896850585938,,61186.58984375,,26.909765243530273,,0.52734375,,62290.40625,,62290.40625,,0.47265625,,256.0,,0.2421875,,0.24821853637695312,,0.0078125,,,,,,,,,,,,,,
9,126149,,-0.2607523202896118,,746.2828979492188,,2316.444091796875,,8.0,,2.9680426120758057,,0.25,,2.9680426120758057,,2284.53759765625,,281.720458984375,,289.6669616699219,,141.13282775878906,,1570.1612548828125,,-9.734956741333008,,0.4921875,,2319.412109375,,2319.412109375,,0.5078125,,256.0,,0.2177734375,,0.21294307708740234,,0.0,,,,,,,,,,,,,,
9,126199,,-0.26516005396842957,,774.07177734375,,2133.2509765625,,8.0,,3.137683868408203,,0.25,,3.137683868408203,,2255.24267578125,,273.3201599121094,,301.1814880371094,,86.3894271850586,,1359.17919921875,,1.912225365638733,,0.46484375,,2136.388671875,,2136.388671875,,0.53515625,,256.0,,0.0771484375,,0.07163335382938385,,0.0,,,,,,,,,,,,,,
9,126249,,-0.2599151134490967,,777.6202392578125,,1746.55908203125,,8.0,,3.2570910453796387,,0.0,,3.2570910453796387,,2121.285888671875,,658.373779296875,,281.5882263183594,,120.87158966064453,,968.9387817382812,,1.1604417562484741,,0.49609375,,1749.816162109375,,1749.816162109375,,0.50390625,,256.0,,0.23828125,,0.2504115402698517,,0.0,,,,,,,,,,,,,,
9,126299,,-0.26451796293258667,,863.4747314453125,,2183.8369140625,,8.0,,3.13417649269104,,0.125,,3.13417649269104,,2365.21875,,228.43966674804688,,241.08840942382812,,113.12203216552734,,1320.362060546875,,-2.4020802974700928,,0.46875,,2186.97119140625,,2186.97119140625,,0.53125,,256.0,,0.212890625,,0.20977959036827087,,0.00390625,,,,,,,,,,,,,,
9,126349,,-0.2505760192871094,,923.848876953125,,40964.0859375,,8.0,,3.0052809715270996,,0.125,,3.0052809715270996,,2111.795654296875,,725.3789672851562,,226.25535583496094,,125.29071044921875,,40040.23828125,,12.259381294250488,,0.48046875,,40967.08984375,,40967.08984375,,0.51953125,,256.0,,0.15625,,0.13475239276885986,,0.00390625,,,,,,,,,,,,,,
9,126399,,-0.2525100111961365,,803.5529174804688,,1990.174072265625,,8.0,,3.037296772003174,,0.25,,3.037296772003174,,2090.58203125,,534.1585693359375,,172.8005828857422,,118.003173828125,,1186.62109375,,-6.830251216888428,,0.51953125,,1993.21142578125,,1993.21142578125,,0.48046875,,256.0,,0.2080078125,,0.21018004417419434,,0.0,,,,,,,,,,,,,,
9,126449,,-0.26118004322052,,836.111572265625,,29093.337890625,,8.0,,3.143059253692627,,0.0,,3.143059253692627,,2047.64892578125,,662.5911254882812,,242.5717315673828,,124.54389190673828,,28257.2265625,,8.959245681762695,,0.5078125,,29096.48046875,,29096.48046875,,0.4921875,,256.0,,0.224609375,,0.22279691696166992,,0.00390625,,,,,,,,,,,,,,
9,126499,,-0.2605816125869751,,846.9382934570312,,2173.443359375,,8.0,,3.101325750350952,,0.125,,3.101325750350952,,2138.080078125,,414.2773742675781,,290.4726867675781,,94.90696716308594,,1326.505126953125,,-2.572101593017578,,0.5234375,,2176.544677734375,,2176.544677734375,,0.4765625,,256.0,,0.1767578125,,0.18388549983501434,,0.00390625,,,,,,,,,,,,,,
9,126549,,-0.2588272988796234,,772.1475830078125,,2159.99755859375,,8.0,,3.125645160675049,,0.0,,3.125645160675049,,2161.6796875,,365.76519775390625,,265.9886474609375,,127.1591567993164,,1387.8499755859375,,-4.024022579193115,,0.48046875,,2163.123291015625,,2163.123291015625,,0.51953125,,256.0,,0.193359375,,0.2005617618560791,,0.0,,,,,,,,,,,,,,
9,126599,,-0.2568427324295044,,917.404052734375,,33147.33203125,,8.0,,3.0691184997558594,,0.125,,3.0691184997558594,,2351.673583984375,,370.85400390625,,221.1007080078125,,117.58301544189453,,32229.9296875,,13.185547828674316,,0.53125,,33150.40234375,,33150.40234375,,0.46875,,256.0,,0.08447265625,,0.08180586248636246,,0.00390625,,,,,,,,,,,,,,
9,126649,,-0.25273215770721436,,862.407958984375,,2001.5650634765625,,8.0,,3.1247832775115967,,0.125,,3.1247832775115967,,2226.7509765625,,378.8689880371094,,302.43426513671875,,109.77886962890625,,1139.1571044921875,,-0.05851200968027115,,0.4375,,2004.6898193359375,,2004.6898193359375,,0.5625,,256.0,,0.1591796875,,0.15278786420822144,,0.01171875,,,,,,,,,,,,,,
9,126699,,-0.2603769600391388,,834.0536499023438,,35211.08203125,,8.0,,2.866112232208252,,0.375,,2.866112232208252,,2326.231201171875,,196.28811645507812,,205.47218322753906,,97.8962173461914,,34377.02734375,,14.430845260620117,,0.5078125,,35213.94921875,,35213.94921875,,0.4921875,,256.0,,0.244140625,,0.2513783574104309,,0.0078125,,,,,,,,,,,,,,
9,126749,,-0.25555509328842163,,680.5856323242188,,1686.8431396484375,,8.0,,3.301525592803955,,0.0,,3.301525592803955,,2517.21044921875,,213.58981323242188,,172.87747192382812,,107.24140930175781,,1006.2575073242188,,-2.8226218223571777,,0.515625,,1690.1446533203125,,1690.1446533203125,,0.484375,,256.0,,0.2275390625,,0.2150815725326538,,0.0,,,,,,,,,,,,,,
9,126799,,-0.24694925546646118,,949.0393676757812,,38137.80859375,,8.0,,2.889035224914551,,0.125,,2.889035224914551,,2283.33154296875,,572.1115112304688,,269.0901794433594,,148.71591186523438,,37188.76953125,,13.109708786010742,,0.4765625,,38140.69921875,,38140.69921875,,0.5234375,,256.0,,0.228515625,,0.22490248084068298,,0.0078125,,,,,,,,,,,,,,
9,126849,,-0.2605026364326477,,1137.6572265625,,39862.4296875,,8.0,,3.0291519165039062,,0.125,,3.0291519165039062,,2420.14453125,,255.11300659179688,,205.45635986328125,,122.78621673583984,,38724.7734375,,11.512750625610352,,0.5,,39865.45703125,,39865.45703125,,0.5,,256.0,,0.2392578125,,0.24400709569454193,,0.01171875,,,,,,,,,,,,,,
9,126899,,-0.24735181033611298,,1037.047607421875,,61997.1640625,,8.0,,3.2241721153259277,,0.125,,3.2241721153259277,,2193.97802734375,,304.5626220703125,,253.33731079101562,,112.27296447753906,,60960.1171875,,15.175943374633789,,0.48828125,,62000.38671875,,62000.38671875,,0.51171875,,256.0,,0.10986328125,,0.10604289174079895,,0.00390625,,,,,,,,,,,,,,
9,126949,,-0.2631608843803406,,787.78662109375,,2174.59716796875,,8.0,,3.164062261581421,,0.125,,3.164062261581421,,2272.68408203125,,488.2645263671875,,218.41592407226562,,131.35739135742188,,1386.810546875,,-5.544293403625488,,0.546875,,2177.76123046875,,2177.76123046875,,0.453125,,256.0,,0.130859375,,0.13503491878509521,,0.0,,,,,,,,,,,,,,
9,126999,,-0.2712096571922302,,777.3966674804688,,2231.641845703125,,8.0,,3.3403029441833496,,0.25,,3.3403029441833496,,2236.850341796875,,316.4343566894531,,255.35263061523438,,110.64806365966797,,1454.2451171875,,-0.6841646432876587,,0.51953125,,2234.982177734375,,2234.982177734375,,0.48046875,,256.0,,0.1826171875,,0.173002228140831,,0.0,,,,,,,,,,,,,,
9,127049,,-0.2877046763896942,,786.7285766601562,,2037.5634765625,,8.0,,3.18621826171875,,0.0,,3.18621826171875,,2269.13330078125,,402.34466552734375,,238.50238037109375,,107.78730773925781,,1250.8349609375,,-0.4459410607814789,,0.4453125,,2040.749755859375,,2040.749755859375,,0.5546875,,256.0,,0.123046875,,0.1144561916589737,,0.00390625,,,,,,,,,,,,,,
9,127099,,-0.26192039251327515,,1111.9921875,,84593.7109375,,8.0,,3.041016101837158,,0.375,,3.041016101837158,,2367.09521484375,,356.16650390625,,199.31051635742188,,123.07638549804688,,83481.71875,,32.2258186340332,,0.4921875,,84596.75,,84596.75,,0.5078125,,256.0,,0.201171875,,0.2001008242368698,,0.01171875,,,,,,,,,,,,,,
9,127149,,-0.265349417924881,,886.51123046875,,2021.1619873046875,,8.0,,3.3317365646362305,,0.0,,3.3317365646362305,,1889.234130859375,,565.2023315429688,,262.5391845703125,,95.56327819824219,,1134.6507568359375,,-0.6151889562606812,,0.47265625,,2024.4937744140625,,2024.4937744140625,,0.52734375,,256.0,,0.208984375,,0.19188474118709564,,0.00390625,,,,,,,,,,,,,,
9,127199,,-0.2586928606033325,,733.9869995117188,,2120.759033203125,,8.0,,3.198314666748047,,0.0,,3.198314666748047,,1756.8936767578125,,700.5519409179688,,220.60238647460938,,124.18927764892578,,1386.7720947265625,,-7.6244354248046875,,0.515625,,2123.957275390625,,2123.957275390625,,0.484375,,256.0,,0.203125,,0.2065039575099945,,0.0,,,,,,,,,,,,,,
9,127249,,-0.2514246702194214,,691.8190307617188,,1548.767578125,,8.0,,3.0875229835510254,,0.0,,3.0875229835510254,,2164.59228515625,,592.8153686523438,,285.9269104003906,,119.94036102294922,,856.9486083984375,,-2.3948190212249756,,0.4921875,,1551.8551025390625,,1551.8551025390625,,0.5078125,,256.0,,0.2421875,,0.24058715999126434,,0.0,,,,,,,,,,,,,,
9,127299,,-0.26161134243011475,,902.1676025390625,,38115.9296875,,8.0,,3.0859694480895996,,0.25,,3.0859694480895996,,2236.187255859375,,237.98062133789062,,266.8653259277344,,106.75421142578125,,37213.76171875,,14.928668022155762,,0.4765625,,38119.015625,,38119.015625,,0.5234375,,256.0,,0.10791015625,,0.1096833273768425,,0.00390625,,,,,,,,,,,,,,
9,127349,,-0.2601979374885559,,1049.615234375,,72669.0859375,,8.0,,3.2376608848571777,,0.125,,3.2376608848571777,,2269.8994140625,,473.6111755371094,,243.65106201171875,,120.91513061523438,,71619.46875,,27.944210052490234,,0.515625,,72672.3203125,,72672.3203125,,0.484375,,256.0,,0.150390625,,0.15502145886421204,,0.0078125,,,,,,,,,,,,,,
9,127399,,-0.2690001428127289,,1005.1376342773438,,39316.63671875,,8.0,,2.9838852882385254,,0.25,,2.9838852882385254,,2218.112548828125,,341.8052673339844,,218.83314514160156,,111.46163177490234,,38311.5,,15.68474006652832,,0.4921875,,39319.62109375,,39319.62109375,,0.5078125,,256.0,,0.1708984375,,0.1583082526922226,,0.0078125,,,,,,,,,,,,,,
9,127449,,-0.2615516483783722,,906.8696899414062,,35719.671875,,8.0,,3.1726746559143066,,0.0,,3.1726746559143066,,2216.1484375,,569.6806030273438,,231.01736450195312,,103.27650451660156,,34812.80078125,,14.301480293273926,,0.484375,,35722.84375,,35722.84375,,0.515625,,256.0,,0.193359375,,0.1913069188594818,,0.00390625,,,,,,,,,,,,,,
9,127499,,-0.2665218114852905,,942.0292358398438,,53423.54296875,,8.0,,3.2887234687805176,,0.125,,3.2887234687805176,,2286.299560546875,,466.3993835449219,,248.99700927734375,,107.55420684814453,,52481.515625,,22.401386260986328,,0.3984375,,53426.83203125,,53426.83203125,,0.6015625,,256.0,,0.05859375,,0.06138472259044647,,0.0078125,,,,,,,,,,,,,,
9,127549,,-0.2583562433719635,,759.2117919921875,,2643.718505859375,,8.0,,3.2213850021362305,,0.0,,3.2213850021362305,,2178.489013671875,,644.2136840820312,,250.73773193359375,,125.2571029663086,,1884.5067138671875,,-10.63391399383545,,0.50390625,,2646.93994140625,,2646.93994140625,,0.49609375,,256.0,,0.1767578125,,0.19762907922267914,,0.0,,,,,,,,,,,,,,
9,127599,,-0.2504847049713135,,876.822998046875,,2076.265869140625,,8.0,,2.951246738433838,,0.0,,2.951246738433838,,2336.345947265625,,289.6698913574219,,261.5679931640625,,139.77789306640625,,1199.44287109375,,-2.758953809738159,,0.4140625,,2079.217041015625,,2079.217041015625,,0.5859375,,256.0,,0.142578125,,0.1548873335123062,,0.00390625,,,,,,,,,,,,,,
9,127649,,-0.2706044316291809,,849.810302734375,,2002.5469970703125,,8.0,,3.0027029514312744,,0.125,,3.0027029514312744,,2309.2978515625,,251.32733154296875,,311.8958435058594,,89.81292724609375,,1152.7366943359375,,1.8900831937789917,,0.5390625,,2005.5496826171875,,2005.5496826171875,,0.4609375,,256.0,,0.09423828125,,0.09483866393566132,,0.00390625,,,,,,,,,,,,,,
9,127699,,-0.258832186460495,,768.4213256835938,,1803.911865234375,,8.0,,3.0593371391296387,,0.0,,3.0593371391296387,,2427.773681640625,,217.65872192382812,,226.025146484375,,129.1311492919922,,1035.490478515625,,-5.7214226722717285,,0.453125,,1806.97119140625,,1806.97119140625,,0.546875,,256.0,,0.1513671875,,0.14477428793907166,,0.00390625,,,,,,,,,,,,,,
9,127749,,-0.25958847999572754,,823.2841796875,,1734.972900390625,,8.0,,3.2370872497558594,,0.0,,3.2370872497558594,,1845.0023193359375,,625.2066040039062,,315.3081359863281,,81.50077056884766,,911.6886596679688,,-3.4102911949157715,,0.48828125,,1738.2099609375,,1738.2099609375,,0.51171875,,256.0,,0.169921875,,0.15717479586601257,,0.00390625,,,,,,,,,,,,,,
9,127799,,-0.27900367975234985,,865.9627685546875,,33228.515625,,8.0,,3.0670948028564453,,0.0,,3.0670948028564453,,2493.95068359375,,316.47198486328125,,247.35690307617188,,123.48262786865234,,32362.5546875,,8.541167259216309,,0.4921875,,33231.58203125,,33231.58203125,,0.5078125,,256.0,,0.2578125,,0.25522443652153015,,0.00390625,,,,,,,,,,,,,,
9,127849,,-0.2685311436653137,,1203.00927734375,,78360.4296875,,8.0,,3.257099151611328,,0.0,,3.257099151611328,,2285.373046875,,476.0053405761719,,284.86810302734375,,130.44378662109375,,77157.421875,,30.03703498840332,,0.46875,,78363.6875,,78363.6875,,0.53125,,256.0,,0.09375,,0.08691775053739548,,0.0078125,,,,,,,,,,,,,,
9,127899,,-0.2646157741546631,,799.6422729492188,,2007.2236328125,,8.0,,3.0987472534179688,,0.0,,3.0987472534179688,,2402.04150390625,,332.5661926269531,,235.3997802734375,,112.70420837402344,,1207.581298828125,,-2.208001136779785,,0.47265625,,2010.3223876953125,,2010.3223876953125,,0.52734375,,256.0,,0.2021484375,,0.19426004588603973,,0.0,,,,,,,,,,,,,,
9,127949,,-0.26374125480651855,,1020.9237060546875,,43715.43359375,,8.0,,3.366685390472412,,0.0,,3.366685390472412,,2306.078369140625,,414.31964111328125,,192.52867126464844,,120.5020523071289,,42694.51171875,,12.854105949401855,,0.5390625,,43718.80078125,,43718.80078125,,0.4609375,,256.0,,0.1923828125,,0.19372624158859253,,0.0078125,,,,,,,,,,,,,,
9,127959,,,,,,,,,,,,,,,,,,,,,,,,,,,,,,,,,,,,,,,,,,,-0.2606545090675354,812.7557373046875,6524.9912109375,0.0,5712.244140625,-1.440869927406311,0.4998077154159546,812.7557373046875,6524.9912109375,0.5001922845840454,255.98416137695312,0.18113967776298523,0.177191823720932,0.0010014981962740421
9,127959,-0.2608443796634674,,898.4239501953125,,25071.458984375,,8.0,,3.1317245960235596,,0.09216747432947159,,3.1317245960235596,,2225.117431640625,,422.9547119140625,,249.96029663085938,,118.18427276611328,,24173.041015625,,7.429073333740234,,0.49998870491981506,,25074.548828125,,25074.548828125,,0.5000112652778625,,256.0,,0.17966464161872864,,0.1774139702320099,,0.0050223213620483875,,,,,,,,,,,,,,,
